audio_path,transcription
audio_000749.wav,راو كاين مشكل في la connexion خلاص سڨموها علينا
audio_000791.wav,خصنا خريطة لمشاريع ولاية عين الدفلى كل واحد واش يقولنا
audio_000774.wav,شهرين و حنا في نفس مشكلة و مكاش حل نهائي مخلصين و كلش كاين و connexion ماشي مطلوقة
audio_000092.wav,راكم حفرتو و كملتو كي تجيو تركبو الخيوط و ساهلة راكم من ورا العيد الكبير و ماوصلتوش
audio_000770.wav,انا خلصت باش يخدمولي la fibre بصح لحد الان مكان والوا خلصت عندي شهرين
audio_000423.wav,internet ولات مليحة هذ اليامات
audio_000070.wav,حنا الحي تاعنا مدرولوش la fibre و احياء بحذنا درولهم كي سقسينا قلولنا نبداو على الاحياء الي ركلاماو
audio_000856.wav,و حنا في حي البناء التطوري وسط سكيكدة معندناش internet و حنا في الفية و خمسة و عشرين
audio_001428.wav,درنا العرض انتاع خمسمية dinar و مازال مستفدناش منو حتى هذي اللحظة عندي ستة شهر نستنا في modem
audio_001554.wav,رانا نخيرو في دراهمنا في باطل لا internet لا طب
audio_001161.wav,مية و تسعة و تسعين الف و تسعمسة المهم ميتين الف فيها خمسطاش mega السلام عليكم والاغلى فيها ربعمية وخمسين الف
audio_001247.wav,كون ترجعوا la page d'acceuill و تكليكيو على les appareil هنايا
audio_000569.wav,عندنا cable مقطع عندو سمانة وين راكم يارب
audio_001626.wav,عندي قريب عشرين يوم ملي عطاولي modem و fibre مكانش
audio_000123.wav,وراه fibre عندي ستة شهر انتظر مخلص و كلش وين انروح ليهم يقولولي مازال مجاوناش les modem
audio_001718.wav,كيف اعرف حرارة الهاتف من modem و ليس لدي هاتف ثابت
audio_000265.wav,عندي عامين و انا نخلص internet و ندخل للفضاء الزبون نلقا نفس التاريخ لانتهائية الصلاحية
audio_001405.wav,خاصنا modem wifi ستة غالي بزاف ديرولنا فيه عرض كيما درتوه في رمضان
audio_001019.wav,لاتوجد تغطية fibre على مستوى الحي
audio_001440.wav,خلصنا و جبنا modem و مازال مجايش المقاول باه يركب
audio_001216.wav,لازملكم العام الاول au moins deux rechargement واحد في six mois الاولين و واحد في six mois الثانيين هذ العام الاول
audio_001537.wav,كم يبلغ سعر الاشتراك للهاتف الثابث في la fibre
audio_000675.wav,مخلص ثلاثين mega fibre تلحق غير عشرة الى خمسطاش max
audio_001159.wav,في الباب و يقولولكم اذا كان مهتمين بل fibre باش يبيعولكم modem و باش نجيبهلكم من الاخر الارقام تاع fix
audio_000386.wav,واش لازم باش نقدر نبدل من adsl fibre
audio_001106.wav,في video الاولى meme بل fibre العادية في paris في serveur تاع paris des fois نلعب بخمسة و ثلاثين
audio_000763.wav,حلولنا الخط تاع fibre من بعد احكو على امتيازات نصف الجزاير modem fibre مكاش
audio_001505.wav,عندي سرعة ستين شحال يخصمو مني ايام كي نطلعها
audio_001857.wav,انا راني نعاني من انقطاع internet كرهت حياتي معها
audio_001660.wav,تحيا fibre بصح ياخاوتي لي معندوش راه مراطي
audio_000899.wav,fibre قريب عليا مسافة خمسين مترا بصح خطي غير موهل
audio_000464.wav,فضاء الزبون عبر الخاص لا يعمل لا يتم الرد
audio_000479.wav,يجب تكثيف المراقبه لا يزال اشخاص يسعون بكل جهد لتعطيل هذا النجاح اعداء النجاح
audio_000321.wav,علاه مديروش فيديوهات قصيره تشرح طريقة انشاء الحساب كيما دارت وكالة عدل الي كانت ناجحة مية هكا تستهلو على زبائنكم
audio_001744.wav,هل الحي الجديد في دبدابة من اهتماماتكم بايصال هاته الخدمة الجديدة ام لا
audio_000629.wav,واش من قصة نجاح حياتي كامل نعاني مع internet
audio_001764.wav,انا مدخلها و مركب modem عندي شحال و انا نستنا تطلقوها وقتاه تطلقوها
audio_001904.wav,internet عندي marche pas بعد mise a jour
audio_000138.wav,ركبت fibre واليوم راني نخلص في الفاتورة بالتليفون كلش ساهل
audio_001716.wav,ياخويا يرحم والديك internet راني نحتجها اني ستنيت لكرهت
audio_001114.wav,مية و عشرين bon مازال تطلع راهي دوك مية و ثلاثين و هذ الشي استغرقنا ربعة دقايق
audio_001435.wav,عندي ربعة ايام بدون internet fibre قالولي كاين مشكل في la ligne
audio_001442.wav,من فضلكم يااتصالات الجزاير اعطاوني رقم الهاتف الثابت الجديد و لا حياة لمن تنادي
audio_000913.wav,كم سعر modem كاين توصيل الى بلدية هونت ولاية سعيدة
audio_000754.wav,اكتر من شهر بدون internet اين عمال الصيانة
audio_001560.wav,سيد الرايس internet راه مقطوع عليا في خمسة شهر
audio_000069.wav,خوتي اقسم بالله غير عندنا l'installation في عام و مكاش internet مازال
audio_001707.wav,لحد الان عندنا adsl الذي يعتمد على الشبكة النحاسية
audio_000534.wav,تهلاو كوبيو connexion السمانة لجاية كيما ديرو كل عام
audio_001600.wav,لماذا يتم رفع سرعة التدفق و التسعيرة internet من طرفكم بدون طلب من الزبون مع العلم انني اسبوع و انا احاول التواصل مع خدمة الزبائن و لكن دون رد
audio_001214.wav,راح يدومونديولكم انكم ترجعولهم le modem d'accord و بلاك يرمبورسيولكم الراهم
audio_000912.wav,انقذو عين تادلس ولاية مستغانم عندنا نرى fibre و العروض فقط في المواقع
audio_000904.wav,واش l'affaire تاع internet غير محدود
audio_000429.wav,زيدو couverture fibre في المناطق البعيدة
audio_000428.wav,service client لازم يجاوب اسرع من هكذا
audio_000188.wav,عجبني بزاف systeme الجديد تاع التذاكر في الوكالة نظام هايل
audio_000855.wav,عشرين mega ماهيش توصلنني غير عشرة mega
audio_001129.wav,و النصيحة تاعي مازال نقولكم لازم تروحو عند الوكالة و ماتتكلوش على الرقمنة
audio_001215.wav,وقتاش يصرا هذا le cas تاع يدمونديو انكم ترجعولهم le modem
audio_001768.wav,مكاش فرق في ـping مقارنة بـي fibre العادية عندي عرض مية و عشرين mega
audio_001262.wav,bon قليلة هي normalment تطلع تفوت تفوت
audio_000358.wav,من فضلكم عندنا coupure internet في كامل العمارة
audio_000385.wav,نحب renseignement على raccordement fibre optique
audio_000198.wav,اطلقونا internet راه الاشتراك تاعي مخلاصش او مهيش تمشي
audio_000254.wav,عندي ربعة ايام بدون internet fibre قالولي كاين مشكل في la ligne
audio_001125.wav,و شاف بالي دارو كاينة فيها la fibre في هذاك site و يقدر يدير demande بطريقة عصرية
audio_000173.wav,وين نطير وين خمسة سنين و الحي تاعي يستنا ديروله fibre
audio_001468.wav,ياو اطلقونا internet خلصنا كلش دورك قريب عشرة ايام و حنا نستناو مكان والوا
audio_000025.wav,بدلنا رانا في شهر ودخلنا la fibre و le modem راكب mais مايمشيش مازالكم ماطلقتوهش علاه عليكم هذ الخدمة
audio_001423.wav,المشكل خلصناه و ركبوه راه في ثلاث ايام مازال مامشاش
audio_001175.wav,اذا كان خلاص ولا لالا مية الف يمدولك internet ميتين mega لمدة شهر و يمدولك modem و يديرولك installation كلش كلش
audio_001860.wav,خويا connexion عندي ضعيفة بزاف debit هابط و مانقدرش نخدم
audio_000154.wav,ارواحو زورو مناطق الظل لي في الولاية و شوفو خدمة كي دايرة
audio_000275.wav,عندي اكثر من شهرين modem راكب و internet مكاش
audio_001847.wav,عطل في ثابت في ولاية ڨالمة لمدة شهرين لم يستطيع حلوا للاسف
audio_000760.wav,عندي عام ملي سجلت و مكاش les modem
audio_001542.wav,ريڨلو connexion راهي كي ودني رانا في deux mille vingt cinq التخلف
audio_000197.wav,les modem راهم في عام مازال ما وصلوش من الصين شوفولنا بالاك البابور راه غارق في الطريق
audio_000998.wav,المسيلة راهي مقطوعة internet عندها من نصف رمضان
audio_001264.wav,اليوم راني مع العشية donc راكم تشوفو شوية ضعيفة
audio_000839.wav,ping مرتفع في العاب وعلاش هكا ريڨليوها
audio_001017.wav,عندي ثلاثين mega راي تلحقني غير سبعة mega تقولي الف
audio_001865.wav,خويا السرعة تاعي vingt mega normalement بصح راهي تجي غير deux mega
audio_001346.wav,للاسف اتصلت بالرقم طناش اكثر من عشر مرات بدون رد
audio_000846.wav,مشاريع ربط احياء مدينة المسيلة بالالياف متوقف منذ ايام باستثناء مشروع ربط المنطقة الصناعية
audio_000356.wav,cartier complet بدون internet من البارح يا خو
audio_000157.wav,كيفاش نعرفو رقم الزبون تاع fibre باه نفتحو حساب جديد في فضاء الزبون
audio_001062.wav,يعني باذن الله راح تلقى يعني ولا تلاحظ تحسن كبير في السرعة باذن الله
audio_001164.wav,و هذا صححلي قالي vdsl هي نفسها adsl mais مابين دارك و الدار تاع internet
audio_001867.wav,سلام حبيت نبدل offre تاعي من adsl الى fibre كيفاش ندير
audio_000745.wav,وقتاش تجو تركبولنا modem شرينا modem و مكاش تركيب
audio_000098.wav,مازال ملحقوش حفرو و دارو اشغال تاوعو و حطو باطة برك بصح مازال مدخلش
audio_000830.wav,وقتاش تصيبولنا حل يازح كل يوم نريكلامي مكاين والوا
audio_000239.wav,شريت modem في ستة و عشرين ماي من الخيمة قدام الدار ولحد الساعة مازال مجاوش بلاصاوه
audio_001195.wav,et oui تقدرو تستعملوا un telephone fix مع هذا le modem
audio_000134.wav,حنا في اكثر من شهر modem كاين و المشية يجيب ربي
audio_001382.wav,انا عندي شهر ملي خلصة و اعطاوني modem و لحد الساعة مجاوش لربط
audio_000548.wav,راني نخلص quinze mega و توصلني deux mega و مينداك متفوتش un mega
audio_000383.wav,bonjour est ce que ftth disponible في منطقتنا
audio_000133.wav,اي كي ندير adsl كي تلحق fibre نقدر نبدل و est ce que جيهتنا قالك ما عندهمش fibre
audio_000226.wav,لماذا لا تغيرون modem fibre للمستفيدين الاوائل بي modem wifi six
audio_001833.wav,مشكل عدم استقرار ضوء adsl و يبقى يوم و يطفى لساعات
audio_000369.wav,ماهوش يلحقلي le debit لي راني نخلص عليه
audio_001121.wav,internet في الجزاير و نتمنى كامل الناس الي عندهم l'adsl و vdsl تدخلكم la fibre
audio_000400.wav,application فيها bug وما نقدرش نخدم بيها
audio_000545.wav,حياتي نبدلها كي نبدل لبلاد قرن و حنا نستناو في la fibre optique
audio_000804.wav,راو كلش حابس عندكم لا صفحة لا خط لا والوا
audio_000124.wav,ديرولنا برك fibre و من بعد نشتاركو ماعندنا وين نروحو غير عندكم
audio_001096.wav,تتكوبالي انا و قلت تاني كي ندير gaming نجرب هذ العفسة est ce que راهي تتكوبا ولا لالا وعندي a peu pres عشرة ايام ملي درت
audio_001695.wav,حنا في اكثر من شهر modem كاين و المشية يجيب ربي
audio_001021.wav,النفخ و خلاص مكان والوا من الشي لي تهدرو فيه كفاءات محدودة جدا
audio_001810.wav,بومرداس من افشل الولايات من ناحية التحول من adsl الى fibre
audio_000475.wav,عندي internet عندها اكثر من ثمانية ساعات مكاش و راني مخلصها
audio_000043.wav,ماتسرقنيش راني مخلص شهر اشتراك internet كي تقطعلي خمسة ايام عوضني ماديا او مدد اشتراكي خمسة ايام
audio_000694.wav,حتى واحد ماراهو يستنى اصلحو مشاكل fibre الرديئة
audio_001074.wav,العرض تاع ثلاثمية mega fibre عادية على خطرش كاين تاع gaming donc عطوني ثلاثمية mega download
audio_001093.wav,تاع upload الي راح نجربوها دوك شوية كيما جربناها في video الاولى و الحاجة الثانية الي على جالها اني درت fibre gaming
audio_001711.wav,نستناو في وكالة مافية و اهمال عين مليلة تسعة شهر مركبوناش modem
audio_000709.wav,اني حاب استفيد من modem الجديد علما ان عندي modem القديم six
audio_000297.wav,تم تعبئة مبلغ اشتراك شهر و لم يتم اضافة ايام المهداة و تم التاكد عبر حسابي في منصة فضاء الزبون
audio_000214.wav,العصر الالكتروني راح يخلاص و حنا مازال ما جابولناش les modem
audio_001776.wav,في وسط مدينة الشلف لحد الساعة مكاش كامل fibre
audio_001572.wav,حياتنا اصبحت صعبة و لمدة ستة اشهر و نحن محرمون من خدمات internet ياسادة
audio_001819.wav,هذي لوكان تخلوها بنفس سعر الاشتراك الاصلي مش تنقصو عشرة ايام منو
audio_000355.wav,internet تتقطع و ترجع بزاف و مانقدرش نخدم ڨاع
audio_000858.wav,اذا connexion تاعكم تمشي ساعة و تروح يومين واش داكم لهدرة لي كبيرة عليكم
audio_000379.wav,راني نستنا في raccordement من مدة طويلة هدي
audio_000762.wav,اودي مكاش منها اني ندير فيها و مكاين والوا
audio_001172.wav,nokia ليكيب بلاكو ثم بلاكو تبلاصيو fibre بدراهمكم راهم يبلاصيوها باطل وحدهم جاو بلاصوهلنا
audio_000208.wav,عندنا شهر ملي ركبنا modem fibre مازال مطلقتوش l'internet ردو في الخاص
audio_001740.wav,شكرا و الف شكر على مجهودتكم لخدمة المواطن
audio_001422.wav,مكانش les modem fibre رانا في عام و نص نستناو والوا
audio_001342.wav,انا عندي عطب ولاية الجلفة في قطع خيط مقطوع لم يتم اصلاحه منذ اسبوع
audio_000627.wav,ابسط حاجة ماتمشيش عندي عام ماقدرتش ندخل فضاء الزبون
audio_001144.wav,قالولي لازم لازملك routeur لازملك switcheur واش اكبر حشوة في العالم ولا وشنو خوتي عندي switcheur للبيع
audio_001549.wav,عندي استفسار في مايخص رفع سرعة internet
audio_001101.wav,كل شهر زيادة donc بالك ديرو العرض gaming a part اذا كان تخدمو حاجة professionnel نتوما
audio_001341.wav,واش من فايدة تقدم طلب و من بعد modem مكانش تبقى تستنى عندنا قريب عشرين يوم ملي خلصنا و مازال مكان والوا
audio_000410.wav,paiement en ligne ما يخدمش عندي
audio_000486.wav,نفس المشكل قالولي ارواح غدوة ڨروب الرادار
audio_000183.wav,من الصباح connexion مكاش في سحاولة رانا مخلصين يهديكم ربي
audio_001008.wav,كرهتونا و كرهنا حاجة اسمها internet
audio_000478.wav,لا اعتقد انه سيكون fibre قي الحي الذي نسكن فيه الا بعد عدة سنوات
audio_000954.wav,راه كاين تذبذب في internet في بلدية سيدي لخضر ولاية عين الدفلى ماهو الخلل
audio_000657.wav,لازم الدفع الالكتروني باش تستفاد من الايام من ثلاثة الى ثمانية و ربعين
audio_001893.wav,modem تاعي restart وحدو كل شوية
audio_000011.wav,راني نستنا les modem nokia رانا قريب في عام ️
audio_001163.wav,يعطيك المعلومة كيما في video الاولى قلتلكم على vdsl قلتلكم معلبليش واش فيها بالك الخيوط مخلطين بزجاج والله معلبلى
audio_001787.wav,صحاب adsl نطلبوا منكم التفاتة ولو صغيرة من فضلكم
audio_001058.wav,هكذا باش تضمن السرعة الكاملة لهذ الاجهزة و مايكونش اضرابات
audio_000099.wav,وين راه fibre هذا رانا ساكنين ف العاصمة الولاية و مكاش تغطية ما بالك البيدالات البعيدة
audio_000739.wav,ساجدة سيرين معاناة كيفاه شهر كامل معندناش internet
audio_000752.wav,متى يتم تفعيل fibre في بلدية تيمزريت بجاية
audio_000622.wav,وين راهي وتيرة الاشغال الميدانية لتعميم خدمات الالياف البصرية فالولاية المنكوبة
audio_001080.wav,شفت التعليقات تاعكم لقيت بلي العرض تاع gaming بدلوه على خطرش كيفاش كان العرض بكري تاع gaming deja الفرق
audio_001469.wav,ريڨلونا connexion برك راها يوم مش normal ڨاع كارثة تاع صح
audio_001278.wav,يخدم modem لانو راح يمدلك شبكة مزدوجة تاع wifi عن طريق هذوك les antenne هكذا يرجع يخدم modem 4g او routeur
audio_001591.wav,internet ماراهيش stable عندي تروح و تجي كل خمسة دقايق
audio_001592.wav,ارواحو شوفو فينا راهي connexion ربعة شهر و نص مكانش شكيت مية مرة
audio_000516.wav,ربي يحفظكم اتصالات الجزاير لولاية الاغواط راكم في الصدارة
audio_000873.wav,اتصالات الجزاير هل التفعيل مجاني و غير ملزم
audio_000364.wav,connexion تقيلة بزاف وما نقدرش نخدم بها
audio_000019.wav,كاين انقطاع في حي الموز الجزاير العاصمة ومراكمش تردو في الخاص ربي يهديكم رانا نخدمو بيها
audio_000731.wav,حنا مازال cable القديم من النهار الخميس متمشيش
audio_000836.wav,كيف يمكننا الحصول على modem للعلم موسسة تربوية
audio_001072.wav,بزاف شابين الي اول مرة ندير video و يكونوا التعليقات متناسقين مية بلمية
audio_000152.wav,فضاء الزبون علاه منقدروش نسجلو فيه رانا نرسلولكم في الخاص ومتجاوبوش علاه
audio_000761.wav,خمسة شهر و modem معلق المهم الصبر و يقولولك في اقرب الاجال و رانا صابرين
audio_001246.wav,donc من البارح لليوم كونسوميت six giga من هذ
audio_001192.wav,donc le boitier هذا واش فيه donc فيه un cable rg quarante cinq هذا اذا حبيتوا تبرونشيو
audio_001169.wav,video هايل بصح كاين نقطة وحدة راك غالط فيها خويا ريديكس مش لازم تجيب switcheur ولا modem الثاني هذا هو الانسان
audio_000788.wav,ولله لا تملكون اي حل لانشغالاتنا سوى التسويف
audio_000018.wav,راكم تتقاعدو بينا ولا كيفاش في بوفاريك بعض الاحياء قريب ثمانية شهر مكاش internet
audio_000667.wav,مشاءالله المزيد من التطور التكنولوجي العالي و البحث العلمي شكرا لكم
audio_000595.wav,انا راني في شهر بلا internet و مجاوش يخدمولي المشكل
audio_001319.wav,ديرو لمة كيما هذي باش غدوا تحبسوا connexion
audio_000346.wav,دايمن نخلص جامي مدتيو يومين bonus ونخلص ببطاقة الذهبية bonus هذا مكاش
audio_000702.wav,مسائكم خير و بركة اتصالات الجزاير
audio_001732.wav,عندي فايت شهر ملي خلصت و مدولي modem و مازال مجاوش يبرونشولي
audio_001353.wav,انقطاع شبكات internet لثالث يوم و لى غاية هذه اللحظة
audio_001815.wav,شركة فاشلة تقطع internet منذ سبعة سنوات بسبب bac فاشلين
audio_001282.wav,عندك netfilx prime video و مع هذيا كاين des application من تطوير فريق فينك الجزايري كيما تشوفو دوخرا
audio_001304.wav,internet من الصباح مكاش و حنا مسلكين
audio_000350.wav,كي تمدولي رقم الزبون في الخاص ندخل ليه ردو عليا في الخاص
audio_001540.wav,قسم بالله الى رانا ناعنو معاكم connexion رهج عندكم
audio_001289.wav,راهي كاينة مشكلة في internet فالدزاير كامل و علابلكمش ريڨلولنا ياك رانا نخلصو
audio_001079.wav,على كل بهذاك العرض الي كنت داير تاع ثلاثمية mega download و ثمانين mega upload كنت نخلص ربعمية الف
audio_000988.wav,jamais خدمو خدمة صافية يليكيديو في الشعب و صايي
audio_001541.wav,les tax بزاف خالصة الكهرباء من بعد شفت الرصيد لقيت خصم ثلاثين الف
audio_000046.wav,وين وصلتوا مع les modem رانا ديما نستناو رانا فالعام بدون internet
audio_000234.wav,صحاب adsl نطلبوا منكم التفاتة و لو صغيرة من فضلكم
audio_000574.wav,رانا في عام مخلصين و نستناو في les modem مكاش برك
audio_001177.wav,لاول مرة خلصت ربعمية وشي مدولي modem انصطالوهلي باطل و كانني خلصت شهر تاع ربعمية و خمسطاش الف
audio_001244.wav,4g تاع algerie telecom و راكم عندكم un apparail الي راه مكونيكتي
audio_000877.wav,نفس المشكل الشركة هذي تحوس غير على دراهمك
audio_000875.wav,كل يوم تتوقف و كل مرة مشاكل مع الشبكة
audio_001780.wav,ربعة شهر ملي ركب modem و internet مكاش الى متى
audio_001571.wav,يعطيكم الصحة على المجهودات صراحة خدمة فالقمة meme المشاكل تتحل بسرعة ربي يقدركم
audio_000459.wav,اين هي هذ internet التي تتحدثون عنها منذ سنين
audio_000061.wav,كيفاه نبدلو و الاحياء تاعنا مازالت بالطريقة القديمة و لم تعلمولها
audio_001774.wav,خمسة شهر و modem معلق المهم الصبر و يقولولك في اقرب الاجال و رانا صابرين
audio_001369.wav,اعدلولنا تقطع internet المستمر في خروب قسنطينة كلما يروح التيار الكهربايي تروح internet و مترجعش علاه يعني المعاناة هذي
audio_001746.wav,سلام خاوتي نسكن في ريف هل modem اتصالات الجزاير تمشي يعني في ريف و شكرا
audio_001628.wav,عندي عام و انا داير طلب مكان والوا تروح لوكالة تاعكم يقولونا مكانش les modem تحير في هذي الموسسة
audio_000266.wav,انا مشكلتي عندي modem هذ العام و مازال مابرونشاوش المشكل تخص البوطة برك
audio_001603.wav,واشبيها يامات هذو internet في حالة تروح و تجي واش هو الحل
audio_000528.wav,تطبيق my idoom و فضاء الزبون في google مايمشوش
audio_000546.wav,علبيها الاب شهر ملي خلص مازال لم يستلم modem
audio_000653.wav,للاسف اتصلت بالرقم طناش اكثر من عشر مرات بدون رد
audio_000821.wav,اخرى تطبيقين في العالم my idoom و baridi mob ڤاع العام ميصلحوش و المشكل كي تسحقهم
audio_001633.wav,دوكا انا من العلمة واش لازمني في dossier الي ندفعو للاشتراك في هذا العرض
audio_001067.wav,واش ليكيب اليوم راح نهدروا على la fibre هذ الحاجة الي يتمناها كل جزايري الي عندو بصحتو
audio_000253.wav,الهاتف لا يستقبل و لا استطيع اجراء مكالمات مع انه بقيت سبعة دقايق هدية و فاتورة واحدة غير مسددة اين المشكل
audio_000654.wav,هل موقع idoom market نقدر نشري منو
audio_000200.wav,عجبني بزاف التصرف تاع عمال الاستقبال قمة في الاحترام
audio_001830.wav,اين اجد رقم الزبون و مالفرق بين رقم الزبون و رقم الاشتراك
audio_001745.wav,لخيط مكاه و تقولنا دخلو fibre عموها برك و ساهلة
audio_000087.wav,رانا سبعة شهر و حنا نستناو les modem nokia
audio_001578.wav,رجعولنا internet يهديكم ربي من صباح و internet مكاش
audio_000587.wav,من فضلكم مازالت الاشغال لتوصيل fibre في بلدية بني تامو البليدة بطيئة
audio_000529.wav,التغطية معندناش في حي السعيد بوصبع الحروش ولاية سكيكدة
audio_001077.wav,في الغرب كاملة ping هابط بزاف يلعبو بربعين ثلاثين في fifa يلعبو ثنين و عشرين ثمنطاش معلبليش
audio_001234.wav,les reseau mobile donc هذا c'est un avantage الي عندو apparail fix ماذبيه يبروفيتي من هذ les avantage
audio_000682.wav,الالياف البصرية مكاش في بلدية برج بن عزوز
audio_000416.wav,reseau ضعيف في الشركة تاعي
audio_000463.wav,رانا في ربعة شهر بلا internet رغم شكاوي متكررة والله ما حبو يخدموهلنا
audio_000367.wav,من فضلكم le debit ناقص بزاف هذ اليامات
audio_000028.wav,خوتي كامل راه عندكم مشكل تاع connexion راهي من لبارح مقطوعة ولا غير
audio_001391.wav,مشكل تاع التدفق راهو كارثي باتم المعني قدمت الف شكوي و لكن مكان حتي تغيير
audio_001027.wav,للاسف عروض ليست بالمقنعة مثلا عرض مية الف ينتهي بلمح البصر و عرض مية و خمسين الف سعره مرتفع
audio_001325.wav,اساتذة شحال يخلصو فشهر واش هوا ملف مطلوب
audio_000926.wav,اقسم بالله راني نخلص un giga راه يوصلني ربعين mega
audio_000289.wav,لي مايعرفش رقم الهاتف تاعو حبيتو يعرف الرقم التسلسلي
audio_000343.wav,سلام كيفاش نعرف رقم الزبون باش نسجل في فضاء الزبون الي في الفاتورة غالط
audio_001429.wav,عدم وجود internet رغم عدة شكاوى عبر مصالحكم
audio_001892.wav,الو حبيت نعرف quota تاعي شحال بقى
audio_000322.wav,لماذا عملية التسجيل في فضاء الزبون غير متاحة لقد حاولت التسجيل عدة مرات بدون فايدة
audio_001276.wav,تفرج mais هذا tvbox فيه حاجات جديد اول حاجة يخدم modem 4g تاع djezzy معنتها ديرلو la puce djezzy تبدا تكونيكتي 4g
audio_001597.wav,شحال نخلص في كل شهر من فضلك
audio_000006.wav,واش بيها connexion تاعكم هذي نطالبو بتعويض من صباح راني نطفي ونشعل في le modem راح يتحرق
audio_001800.wav,كيفاه هذا fibre ناس عندهم و ناس لا نفس الدايرة
audio_000927.wav,هذا عشرة ايام ملي ركبلولي modem بصح مازال مطلقولي internet
audio_001070.wav,كاين واحد في youtubeur جربها و ماخرجتليش في youtube donc سمحلنا على كل حال انا حوست و مالقيتش و قررت باش ندير
audio_001398.wav,خويا في غليزان مكانش connexion تحسب رنا عهد فرنسا مكانش ڨاع connexion شوفلنا حل
audio_001823.wav,المهم مزغيطان حي نجمة بجيجل تديرولو fibre ولا لا
audio_000652.wav,شكرا انا من وهران دائرة عين الترك بلدية العنصر والله غير رانا في عام
audio_001570.wav,من محزن مازلنا توالا في بلدان internet تنقطع و لم تخبرو الناس لماذا و كيف مزالت internet تنقطع في ليل و ترجع نص اليوم عندها ثلاث ايام ماسبب
audio_001225.wav,تروحو tarif donc هنا تلقاو كامل les offre
audio_001407.wav,دخلولنا la fibre للدار بالسبت و دورك مازال مكانش connexion
audio_001489.wav,خدمة ضعيفة و مستوى تدفق ضعيف ارجو ان تحسنو من التدفق للافضل
audio_001487.wav,يجب مراجعة الاسعار ليستمتع جميع الزماين خمسين mega بميتين و عشرين مليحة
audio_001887.wav,connexion تاعي instable بزاف خاصة في gaming
audio_001421.wav,امس عمرت البطاقة الذهبية internet و هاتف ماعطاوني والوا
audio_001323.wav,المشكل رانا في عامين ملي درت طلب و هوما يقولولنا مكانش modem
audio_000640.wav,اشتركنا و كامل و عندنا شهرين محبوش يمدولنا modem اتصالات الجزاير تاع خرطي
audio_000683.wav,عرض غول خلاص خاص بسكان قسنطينة فقط
audio_001586.wav,اطلقولنا connexion الرب العالي رانا عيينا نحلو فيكم
audio_000518.wav,ممكن راكم في تقدم ملحوظ لكن ولاية خنشلة و بلديلتها راهي في سباقات عميقة
audio_000659.wav,ممكن نعرف رقم تسلسلي وين نلقاه من فضلك
audio_001638.wav,لازم الدفع الالكتروني باش تستفيد من الايام من ثلاثة الى ثمانية و ربعين
audio_000735.wav,مشكلة انو google مكاش و كامل مواقع يمشيو
audio_001755.wav,علاه نحيتو خصم الاشتراك تاع الجيش و درتو شرط لازم تكون الدار تاعو ماشي كاري هديك الدار
audio_001550.wav,انا رحت ليهم قالولي يطلقوها مع السبعة ويحبسوها مع الطناش
audio_000523.wav,اعطيني الرقم من فضلك او موقع رفع الشكاوى
audio_001448.wav,اين انتم يااتصالات الجزاير راسلتكم في الخاص ولا جديد ابصط شيئ عدم تكلمت الشوارع بشبكة اتصلت بالرقم طناش ماترفدوش
audio_001318.wav,نفس المشكل رانا في خمسطاش نيوم نستناك في internet واش حكاية douze
audio_000938.wav,ديرولنا la fibre في قريه سلام بولاية تلمسان
audio_000990.wav,المنطقة لا تتوفر على تقنية الالياف البصرية ندير طلب modem
audio_001173.wav,مازال ماطلقوهاش حتى يكملو ڨاع الحومة c'est que بلاكو ديرو الغلطة و تخلصو دراهمكم باش تجيكم la fibre صح des fois
audio_001769.wav,كيفاش نعرف شحال راني نخلص و تاريخ الي نسدد الفاتورة مع العلم انني جديد في fibre
audio_001503.wav,wifi البارح كان normal و اليوم مكانش مافهمتش علاش
audio_000773.wav,وسط مدينة لا يوجد به fibre عيب و عار
audio_000965.wav,روح ياوليدي راني كرهت من التعليقات
audio_001401.wav,عندي يومين connexion ضعيفة بزاف تمشي بنسبة ربعين بلمية
audio_000696.wav,عادل امير un giga تكفي شعب جزايري كامل parce que مكاش connexion
audio_001212.wav,algerie telecom تقوللكم بالي هذ le modem العام الاول ماهوش تاعكم تاعهم
audio_001878.wav,سلام حبيت نلغي abonnement تاعي ماشي راضي بالخدمة
audio_001404.wav,اي راحت connexion اغبياء على الاقل كي تروح خبرونا قبل
audio_001031.wav,و صحاب adsl كيفاه نسيتوهم ڨاع
audio_001643.wav,modem غير متوفر في الوكلات عندنا مدة و حنا نسناو
audio_000113.wav,ركبولنا الخط و عطاونا modem وراه راكب و شحال هذي مدة عشرة ايام و مازال ماطلقوهاش اين الخلل
audio_001786.wav,fibre عندو عام و هو حابس في اخر بلدية قدامنا
audio_000786.wav,سلام عليكم من فضلك ابعتلي الاستمارة
audio_000637.wav,وين نجيبو رقم الزبون ماشي رقم الهاتف خصني رقم الزبون
audio_000722.wav,وقتاه تطلقو l'internet بالنسبة الي شرينا les modem بمية الف
audio_000916.wav,شكون نعطيه الرقم تاعي يسلفلي internet و نتزوج بيه
audio_000487.wav,ربعة ايام بدون internet والوكالة المحلية لا ترد على الشكوى المقدمة
audio_000401.wav,هل اليوم نقدر نخلص la facture في الوكالة
audio_000177.wav,عندنا اكثر من ربعة شهر مازال modem راهو souvenire في الحيط لم يشتعل
audio_000345.wav,لماذا لا تضعون تطبيق اشكيلي من منزل لتحسين خدمة و عصرنتها و معالجة مشاكل الشبكة سريعا
audio_001152.wav,internet والله غير نحط video هكذا ليكيب شفافية ليكيب والله شفافية ليكيب ايا نبدلو شوية الموضوع على خطرش بديت نهبل والله غير عندي
audio_000316.wav,يعطيهم الصحة على التغطية حتى في المناطق البعيدة و كاينة
audio_000987.wav,يلزم يكون عندك خط هاتف ولا مش بالضرورة
audio_001470.wav,و wifi علاه مقطوع حتى لوقت هذا ياسبحان لله
audio_000298.wav,يا خوتي صدقوني عييت من هدي الحالة كل يوم نعيطلكم و نبعتلكم على جال internet و الخط الثابت
audio_001254.wav,عندكم les information تاع le modem تاعكم هنايا information sur l'appareil
audio_000519.wav,كي ترضي زبون اولا لحد الان عندي عطب لحد ساعة ماشي مسقم
audio_000561.wav,modem عندي و المقاول مكاش لي يجي يركب modem فهموا رواحكم
audio_000672.wav,حنا رانا قراب من العاصمة و مكاش interent
audio_001446.wav,و لي عندو ثلاثين mega من الاول كيفاش
audio_000983.wav,بلدية القبة غير موهل منذ الاستقلال افتحو المنافسة
audio_000311.wav,انا مافهمتش علاش مهمش حابين يصلحونا مشكل connexion سطاش يوم بدون internet
audio_000353.wav,bonjour مكاش connexion من صباح
audio_000362.wav,le debit ضعيف بزاف surtout فالليل
audio_001782.wav,تم تسليم modem منذ جانفي الى الان لم يتم تزويدنا بي internet
audio_000538.wav,متى يتم تركيب modem الياف البصرية شارع الزعاطشة بعد الامن الحضري
audio_000291.wav,تعامل الموظف في وكالة بير مراد رايس كان بزاف هايل
audio_001120.wav,بصح صح بكري كانوا دايرين هذي على كل حال تخيل تسافر في زمن الفين و تسعطاش
audio_000359.wav,internet طاحت دربة وحدة اليوم ومن بعد ما رجعتش ڨاع ياخو
audio_001436.wav,حسنو الجودة و سرعولنا في fibre اذا حبيتو ماتقربوش غير ماتقربوش لينا
audio_000662.wav,قد ماسييت نسجل في التطبيق ماحبش يقبل
audio_001287.wav,connexion راها مقطوعة في حداش نيوم عندي
audio_000729.wav,و الشبكة مكاش احي احي تضحكو علينا ولا على رواحكم
audio_000215.wav,تعلم كيف تنتقل بسهولة الى fibre في ظرف ستة شهر
audio_001670.wav,انا درت عرض و شهر مجاوش ركبولنا و ماعطاونيش modem
audio_000718.wav,سكان ولاية بوسعادة المنتدبة يطالبون بمشروع شبكة الالياف البصرية
audio_000551.wav,لخيط مكاش و تقولنا دخلو la fibre عمروها برك و ساهل
audio_001838.wav,لقد شاركتكم كل المعلومات لكن لا جديد يذكر للاسف
audio_001296.wav,ليش internet مازالت مقطوعة عندنا نتوم لم تفتحوها
audio_001464.wav,بصح غالي على الاقل لو عملتو واحد للناس لي عندهم internet بدون مدخل sim يكون بسعر اقل
audio_001066.wav,بلا ماننساو تاني راك جيت زرتنا وديت من عندنا معلومة ماتنساش ديرلنا تبخلنا بي j'aime في video
audio_001020.wav,يودي عيطولنا كل يوم طول اليل تتقطع خسارة ميتين الف كل شهر برك
audio_001877.wav,راني ندفع abonnement كل شهر بصح service ماشي مليح
audio_000915.wav,مكاش جيهتنا دورك عندي trois ans و انا نستنا كل عام يقلك العام جاي
audio_001109.wav,خير هاو deja عاود ولا فرانكفورت هو الاول خمسة و خمسين يبقى stable مرة اخرى كيما fibre العادي
audio_001334.wav,دفعت dossier تاع fibre و مدولي المدام شهر للان مجاوش ركبولنا
audio_001291.wav,علاه هكذا لواحد دخل internet باه يخدم بيها رانا في عشر ايام مازال مطلقتوهاش والله بزاف
audio_001565.wav,خلصنا و جبنا modem بالسبت بصح حد الان مجاوش يركبوه
audio_001454.wav,شكرا لكم على سرعة الاصلاح اخر مرة لعقوبة لي fibre
audio_000909.wav,واش من fibre حنا مازال غير نسمعو بيه
audio_000994.wav,خدمة la fibre قداه فيهم من giga
audio_000575.wav,معندناش connexion في يومين دوك زعما الياف بصرية ومنعرف
audio_000137.wav,internet في الجزاير راهي تطور بزاف يعطيكم الصحة على المجهودات
audio_001661.wav,ولي خلص internet يوم امس هل يستفيد من حجم internet
audio_001090.wav,ماشي ميتين مية و ستين مية و سبعين معلبليش انا شحال ميتين مية و ثمانين راو صفا صفا نقولو
audio_001762.wav,ديرو التغطية تاع fibre لكل المناطق من بعد ديرو العروض
audio_000685.wav,مراكم فاهمين حتى حاجة في هذ الحياة
audio_000975.wav,جيبولنا غير الالياف و من بعد ساهل
audio_001511.wav,ماهو اقل سعر اشتراك فالشهر و كم فيه
audio_000403.wav,la facture جاتني غالية بزاف هذ الشهر
audio_001452.wav,بعثلكم في الخاص رقم الهاتف و اسم و لقب و طلبتم مني ندير video قصير درت و مجاوبتونيش هاطلقونا connexion
audio_000116.wav,فهمونا كيفاش نبدلو رقم الهاتف في فضاء الزبون بعد تغيير الرقم من adsl الى fibre ولا مادرتوش حسابها
audio_001308.wav,ياو connexion في حالة يومين هادو ريڨلو رواحكم و قولونا واش راه صاري
audio_001364.wav,اي ريڨلو internet بهدلتونا قدام لجناس نسلك ميتين و تسعين الف كل شهر باه تجيني internet ثقيلة على البوفكران
audio_001138.wav,الي في هذ السمانة و كي راح سقسا قالولو في البدية تاع العام الجاي والله اعلم حبيت نسالك الى كان ندخل الخيط
audio_001014.wav,ربعين يوم بدون internet و المشكل التقني هذا لا يوجد عندو حل
audio_000737.wav,قدمت طلب فتح حساب جديد لي fibre في فضاء الزبون لكن الرقم يخرج خارج
audio_000656.wav,معليش اجلو هذا الاشهار حتى السمانة الجاية
audio_001478.wav,مشترك عشرين mega تلحقنا عشرة عامين و انا نشكي مازال ماحبوش يخفضو التدفق راكم تاكلو في حق الناس
audio_001783.wav,كانت adsl لاباس بيها ركبولنا la fibre خمسة شهر مكاش connexion
audio_000658.wav,كل هذه التطبيقات تحتاج لتدفق كافي لفتحها و العمل بها
audio_000701.wav,لا خدمات و لا هم يحزنون قول الرداءة ماشي
audio_001379.wav,متزيدوش تقطعولنا connexion في 4g برك مارانا نحوسو على ولوا
audio_000109.wav,تاعش الخدمة انا خلصت وشريت modem غير باه يديرو الربط ثلاثة سوايع
audio_001527.wav,ملي ركبوها لحد الان مازال مطلقوش internet
audio_001897.wav,connexion wifi ضعيفة في الدار كامل
audio_000054.wav,راني فرحان بزاف كي دخلت la fibre لداري خدمة top
audio_000181.wav,راني مخلص حق ثلاثمية mega راها توصل غير عشرين mega
audio_000160.wav,روحت رفدت modem قالولي راك رافد modem قبل منقدروش نعطولك
audio_000308.wav,4g lte راهي منقذة في الاماكن الي مافيهاش les cable
audio_000713.wav,نحن باقي الوطن مازال les cable تاع النحاس fibre مازال ماوصلناش نرجوا الالتفاتة
audio_001634.wav,عندي خمسطاش نيوم ملي خلصت عطاوني modem وين مانروحلهم يتمسخرو بيا
audio_000960.wav,حنا فلجلفة مكاش ڨاع les cable
audio_000388.wav,علاش مكاش fibre في المنطقة تاعنا
audio_000182.wav,راني قريب نلحق لشمس اطلقونا internet راني في سبعة شهر
audio_000897.wav,درت طلب تخفيض التدفق و مكان والوا
audio_000526.wav,ما هي اسعار internet الالياف البصرية خمسين mega
audio_001316.wav,الخيط مقطوع في سيمانة رانا بلا connexion في بشار حي الف و خمسمية
audio_000806.wav,هل هناك خصم تقدمه اتصالات الجزاير لبعض الفيئات او قطاعات العمل في الاشتراك الشهري لي internet
audio_000820.wav,غليزان مفيهاش هذ الخدمة حي خمسمية مسكن وقتاش تتفكرنا رانا متاخرين
audio_001580.wav,internet يومين مكانش و حنا نخدمو بيها والله غير منكر
audio_001148.wav,ثمانية و ثلاثين اواه كيف كيف ليكيب ماشي كيف كيف خير راو نقصلي ping واحد ياك كنا ثمانية و ثلاثين تسعة و ثلاثين دوك
audio_001567.wav,هل الاشتراك محسوب من نهار لي دفعت فيه الملف في الوكالة او عند بداية تشغيل الخط
audio_001160.wav,القديمة كامل راهي عشرين mega الجدد الي داروهم جدد هذ الاعوام الخرين هما الي ممكن فيهم la fibre
audio_000492.wav,اذا كانت بلدية كاملة ليس بها تغطية الالياف البصرية
audio_001333.wav,عندنا شبكة internet معطلة من البارح فلما لم تنظروا في المشكلة
audio_000050.wav,واش رانا نستناو فيها تلحق قبل ومنبعد ساهل هذي
audio_001412.wav,تقطعت l'internet من ثلاثة تاع صباح حتى لدوك ماجاتش
audio_001182.wav,في المية انا كيما نتوما انسان دخلولو la fibre عندي قناة تاع youtube ماذبيا نبارطاجيلكم
audio_001637.wav,internet راهي ما تصلحش من يوم الاربعاء ما قدرتش نفتح العاب en ligne
audio_001710.wav,عندكم برك نهار الي توصلولنا fibre يحبسو العروض هذا اذا وصلتولنا fibre
audio_001766.wav,عندي اكثر من شهرين ملي هزيت modem fibre مازال مركبوه لا طلقوه
audio_000631.wav,كون جيت انا واحد من لي حاكمين الصفحة نحشم نحط حاجة فيها
audio_001294.wav,نتوما ربي غير حنا لي معندناش wifi ولا حتى نتوما ملبارح مكانش connexion وين المشكل
audio_001602.wav,مانعرف خو راهم يتمسخرو بينا و خلاص ناس عندهم و ناس ماعندهمش
audio_001285.wav,على la tvbox راهي تمشى quatre k بسم الله مشاءالله و كان هذا هو كل شي على la twinbox الي راهي دايرة ضجة كبيرة
audio_001735.wav,سلام عندي adsl راهي ناقصة connexion تقلية بزاف
audio_001406.wav,اين هيا هذ internet الي تتحدثون عنها منذ سنين
audio_001236.wav,و كيما راكم تشوفو تحت modem راح تلقاو les information تاع le modem
audio_001217.wav,كي يفوت العام الاول le modem يولي c'est bon تاعكم donc ماهوش تاع algerie telecom راهو تاعكم
audio_000951.wav,خفت عندكم كيما العادة احدث ما يحدث يصبح بقدرة قادر يشبه لخمسطاش خمسطاش
audio_001370.wav,رانا راسلناكم في الخاص عندي مشكل في الخط انتاعي راني في غرداية في انتظار الرد و شكرا لكم
audio_000928.wav,سلام هل توفر اتصالات الجزاير wifi sept و كم يقدر ثمنه
audio_000962.wav,هل modem مجاني فيه خاصية wifi six
audio_001481.wav,عندي اسبوع ملي خلصت عطاوني modem رانا نستناو التوصيل مازال ماجاو بيرتوتة الجزاير حي الشعايبية
audio_000415.wav,modem 4g مايخدمش مليح في الدار
audio_001290.wav,حتى تخدمو internet ثقيلة و تنقطع بزاف و ثقيلة راكم دخلو دراهم عودوا ديرو تجديد من وقت عبدالقادر مزالوا
audio_000212.wav,وقتاش تدوبليو التدفق بالنسبة لمشتركي fibre العرض بدى ولا مازال
audio_000790.wav,رانا نعيطولكم ردو علينا راه internet مقطوعة عندي
audio_001618.wav,علاه ماراكمش تردو internet راهي تتقطع هذي من مدة
audio_001652.wav,دخلت اشتراك جديد و خلصت الف dinar ولكن طلقولي فقط ثلاثين mega
audio_000895.wav,منذ تركيب fibre و مشاكل الانقطاع مستمرة اين الانجاز و التطور
audio_000370.wav,connexion ضعيفة بزاف في الدار كامل
audio_000524.wav,fibre تقول دار وراتة غي نوضو ينقص كلش لا تدفق لا upload
audio_000982.wav,سجلنا منذ شهر و مكان حتى جديد لي modem راهم يتسرباو بالمعريفة
audio_001812.wav,وقتاه يوصلنا fibre دايرة سبدو ولاية تلمسان و خلونا من لغة الخشب
audio_001029.wav,كاين الريح تدو في دراهم لحرام
audio_000743.wav,ولاية معسكر كاين بلايص في البلاد مافيهمش
audio_000360.wav,مكان حتى reseau في la ligne تاعي من صباح
audio_001032.wav,تحية لكل عمال اتصالات الجزاير على المجهودات
audio_000887.wav,ياو connexion راهي كارثة بمعنى الكلمة
audio_000221.wav,نريد حلول فعلية لا مجرد سماع الزبون خدمة ليكيدي المتصل لا تثمر
audio_001447.wav,كفاه نرفع تدفق تاعي لمية و عشرين mega برك واش المطلوب
audio_000841.wav,قالو نجيبوهم رانا ثلاثة شهر و مكاين والوا عيب
audio_000851.wav,حنا مازال connexion مكاش ربعة شهر و نتا تقول wifi sept
audio_001480.wav,ماسبب تردي الخدمة هذه الايام الهاتف الارضي مقطوع و internet متوقفة
audio_000707.wav,علاه connexion هكا تحس روحك في القرون الوسطى
audio_000805.wav,حبيت نكرييي compte في تطبيق my idoom لكن ماعنديش رقم الزبون كيفاش نلقاه
audio_000771.wav,في عوض ما نخلصو الفين dinar نولو نخلصو الف dinar
audio_000167.wav,كون خليتونا بالقديم خير عندنا مدة ملي ركبنا modem الجديد و مكان والوا la connexion مازالت مكايناش
audio_001057.wav,اما الهواتف الحواسيب smart tvs ڨاع كونيكتيهم في شبكة الخمسة giga hertz
audio_000281.wav,modem ماقدرتوش توفروه كتر من عام وتحكو على التحدياث contrat غرقتو فيها
audio_000300.wav,modem 4g وين نلقاه رقم الزبون بش نسجل في فضاء الزبون
audio_001717.wav,واش يلزم باش ندخل fibre قصدي اوراق واش نديلهم
audio_000320.wav,حنا مقطوعة عندها ثلاثة ايام لا حياة لمن تنادي
audio_000984.wav,غير متوفر في مدينة الجلفة حي ونوقي
audio_001876.wav,internet تتقطع كي نكون في reunion هذا مشكل كبير
audio_000979.wav,للاسف مازالنا بدون internet fibre و 4g ضعيفة جدا
audio_001587.wav,اطلقولنا la connexion راني خلصتكم باش تطلقوهالي مجيتش توستلكم
audio_000750.wav,حتى المشرف على ادارة صفحتكم ديوث والله ديوث
audio_001395.wav,انا فعلت weekend مية و عشرين mega post توصلني تسعين برك
audio_001837.wav,هل من اخبار حول modem nokia ثمانية شهر في الانتظار تعبنا
audio_001834.wav,اذا امكن زيدولنا زر توقيف الهاتف و الغاء الاشتراك و شكرا
audio_000228.wav,دخلتو عليها غير تطبيقات و internet يجيب ربي
audio_000365.wav,youtube ما يخدمش مليح والتحميل تقيل بزاف
audio_000252.wav,اخي عند جداتي في احمر العين ولاية تيبازة راهي مكاش connexion تروح ساعة و جي ربع ساعة
audio_000751.wav,شكون ليوم تقطعتلو connexion في modem ولات بلحمر
audio_000352.wav,راني بلا connexion من البارح في الدار كامل
audio_001263.wav,تقدر تلحق حتى cinquante mega على حساب le moment الي
audio_000597.wav,عندها خمسة ايام connexion مكاش ناس تتقدم للقدام حنا نولو للور
audio_001700.wav,internet من البارح مكانش و الاسبوع هذا كل عشية تروح
audio_001553.wav,و ماذا عن اصحاب modem fibre القديم اريد تغييره بنسخة جديدة ولا يوجد عروض تخفيض لسعره من رمضان الى حد الان
audio_000032.wav,اقتلتونا بطور عالمك مع fibre وين راه fibre ياسيدي جيبولنا fibre راني نستنا
audio_000714.wav,افضل موسسة اتصالات في افريقيا و العالم العربي
audio_001568.wav,ديرولنا la fibre يرحم والديكم غير حنا في بجاية مكانش
audio_001009.wav,كم يحتاج من الوقت لتغيير رقم الهاتف الثابت
audio_001419.wav,راني مسلك حق ثلاثمية mega راه توصل غير عشرين mega
audio_000267.wav,من الاحسن تطلعونا الاحياء لي فيها fibre خير من اكتشف اهليتك راه اغلب الشعب ماشي موهل
audio_000848.wav,و باقي الشعب عايش فالعصر الجاهلي اذا عندكم نقص فالعمال قلولنا
audio_000732.wav,عندي خمسطاش يوم ملي درت طلب مدولي modem و للدورك مازال مجاوش يركبوها
audio_000402.wav,نحب نعرف وين نقدر نخلص facture
audio_001085.wav,اوكي نزيد خمسين الف نرد روحي انا فار التجارب تاعكم و نجرب هذ fibre gaming est ce que تسوا
audio_000801.wav,ولله ياتصلات الجزاير دوختونا بالعروض تعكم الجدد
audio_000911.wav,نتوما لي دخلوها ولا حنا لعجب المعجب
audio_000114.wav,خلصنا connexion شهر لول رانا ثلاثة ايام مكاش وين راه المشكل
audio_001667.wav,عندي اربعة ايام بدون internet fibre قالولي كاين مشكل في la ligne
audio_000581.wav,فضاء الزبون علاه منقدروش نسجلو فيه رانا نرسلولكم في الخاص و متجاوبوش علاش
audio_000823.wav,وانت خو كان عندك stable من الاول ولا حتى ريكلاميت
audio_001411.wav,تم ارسالها للمرة العشرين من فضلكم ارجو ايجاد حل سريع
audio_001666.wav,هل يوجد تخفيض في تسعيرة 4g مع موسسات متعاقدة
audio_000863.wav,الرجاء مشاركتنا تفاصيل انشغالكم عبر الرسائل الخاصة للصفحة مع ارفاق كل المعلومات الضرورية
audio_001270.wav,تشوفو مدعومة رسميا من عند google المهم كامل تدعم quatre k على هذي جربتها في moniteur professionelle
audio_001420.wav,راهي هالكتنا نخلص خدمات و نتلقى خدمات اخرى عن ضعف internet تتحدث خدمة الجيل الرابع التدفق كارثة
audio_000244.wav,شكرا على الهدايا و bonus لي راكم تمدوهم في المناسبات
audio_000033.wav,علاه راكم ترفعو في التدفق تاع الناس بدون اذن و تزيدو فالاسعار هذا يعتبر مخالف للقانون
audio_000382.wav,واش la fibre وصلت للحي تاعنا ولا مازال
audio_001250.wav,اذا حبيتو ديزاكتيفيو le wifi و تكونيكتيو غير بل cable اكليكيو هنا يتديزاكتيفا
audio_000270.wav,ولي عنده سكن فردي و ما عندهمش لجنة حي كي يديرو
audio_000216.wav,ولاية باتنة احياء مازال موصلوش fibre الحكاية مطولة فوق عام
audio_001354.wav,التدفق عندي zero mega byte ارجو الرد بسرعة
audio_000802.wav,خويا في غليزان مكاش connexion تحسب رانا عهد فرانسا مكاش ڨاع connexion شوفلنا حل
audio_000885.wav,واش من الفخر انقطاع internet على حي كامل رانا في شهر و نص
audio_000596.wav,كي شكركم رديتو عليه ولي ينتقدمكم تضربو عليه النح
audio_001620.wav,تسما مراكش سامعين دزاير ڤاع راهي فهاد probleme اليوم
audio_000985.wav,عندي خمسطاش يوم ملي خلصت و ركبولي و مازال مطلقوش
audio_001223.wav,حبيت نحكيلكم على les offre تاع 4g تاع algerie telecom donc
audio_001280.wav,هكذا felicitation اكتيفينا العرض تاع quatre k على deux ecran يعني تقدر تشريها انت وصاحبك
audio_001690.wav,شكرا لكم كانت فسحة لطرح انشغالات المستهلك كل الاحترام و التقدير لكم
audio_001259.wav,هذ video بغيت نختمها بحاجة الي هي ندير une comparaison مابين
audio_000576.wav,انا لم اتمكن من تسجيل فضاء الزبون برغم من رقم الزبون صحيح
audio_000184.wav,راني قريب في شهر ملي درت تحويل الاقامة مازال مجاو
audio_001431.wav,ستة اشهر مكانش connexion كلش راكب متصلحو لوالوا
audio_000068.wav,نفس المشكل رانا في خمسطاش يوم نستناك ياخو في internet واش حكاية douze
audio_001869.wav,الو عندي facture فيها erreur حاسبينلي حاجة ماستعملتهاش
audio_001042.wav,تبعوا معنا اول حل بالطبع راح يكون حل سهل و معظم الناس
audio_001832.wav,كيفاه اسبوع واحد متبقي و الناس مازال ماوصلهاش fibre اصلا
audio_001545.wav,هناك احتكار في الاسعار و التلاعب في توزيع سرعات internet مثل الذي يدفع خمسطاش mega و ستين mega بنفس السعر
audio_000090.wav,ممكن راكم في تقدم ملحوظ لكن ولاية خنشلة و بلديلتها راهي في سبات عميق
audio_001402.wav,السلام عليكم حنا وصلو للحومة حبسو و كملو حومة الي مورانا و حنا خلاونا هاك
audio_000592.wav,متقطعوش علينا l'internet برك و مكلاه تقولي ماراناش نقطعو
audio_000277.wav,كيف استفيد من طناش mega و مخرج modem لا يتعدى واحد mega هل عندكم حل شكرا
audio_001005.wav,شحال عندنا و حنا نستناو باه يطلڨونا internet مع العلم اننا عندنا تقريبا شهر منين ركبولنا modem
audio_000075.wav,شكون عندو واحد من فضلكم يقولنا مليح و لالا
audio_000971.wav,ان شاء تديرو فيديوهات بالعربية مية بالمية
audio_001116.wav,قلتلكم مع الاول تاع video جبدت بعض الاسئلة تاعكم الي راح نجاوب عليها و ان شاءالله نكون
audio_000828.wav,عن اي modem تتحدث لدينا خمسة شهر و نحن ننتظر modem nokia
audio_001414.wav,عندي كثر من شهر درت demande la fibre و مخلص كلشي و عطاوني modem و مازال مجاوش يركبولي
audio_001576.wav,تقريبا غادي ينحو عرض تاع quinze mega يبقا ثلاثين و تطلع خاصة لي يكون عندو قبل اشتراك قديم
audio_001647.wav,لقد طرحت عليكم مشكلتي في الخاص لكن لا يوجد رد
audio_001496.wav,في ولاية معسكر جيتوا ركبتوا modem و خلصناكم في ثمانية ايام درنا شحال من طلب والوا نريكلاميو والوا
audio_000397.wav,راني نحاول نخلص online بصح مكاش
audio_000880.wav,حنا صحاب ايدوم fibre واش نقدرو نديرو
audio_000826.wav,تطبيق my idoom مايدخلش في فضاء الزبون علاش
audio_001539.wav,نقصولنا في الاسعار deux cent quarante mille في الشهر غالي بزاف
audio_001444.wav,ماهيش فارية معاكم لوكان تقطعو internet راني بدراهمي مانيش نطلب فيكم
audio_001330.wav,كيفاه حبيتو تسمعو هدرة شابة من الزبون و هو مخلص
audio_001515.wav,مزية راني محبسها افشل شريكة مكانش منافس يديروا رايهم فشعب
audio_001613.wav,السلام عليكم اتمنى منكم التكفل بالانشغالي عبر رسائل الخاصة بالصفحة و شكرا لكم
audio_001348.wav,راحت في ڨاع الولايات ريڨلو جد connexion تعكم
audio_001298.wav,رانا مخلصين fibre و نستناو باش يركبو المقاول محبش يجي ساكنة عين الملح حي راس العين و القدس
audio_001466.wav,علابالي كاين انقطاع في internet و الهاتف الثابت غير منذ قرابة ثنين و سبعين ساعة الى حد الان بجاية
audio_000700.wav,ياو ريڨلولنا connexion و ماتقوليش تواصل عبر الخاص
audio_001399.wav,اخاف ربي راه connexion 4g راها مكانش راه عندنا سمانة و حنا نعانو
audio_000129.wav,كان عندي حساب قديم في فضاء الزبون ونسيتو و كي حبيت نحل واحد جديد ماحبش
audio_001842.wav,كارثة بالمعني الحقيقي تاخير في توصيل خط internet بستة شهر
audio_000853.wav,مكاش connexion من الحداش تاع صباح مازالها مطولة واقيل
audio_001905.wav,modem مايعطيش signal internet
audio_001418.wav,اتصلت على رقم mille cinq cent و قالولي الرقم خاطئ
audio_001703.wav,اشهار خرطي اصلا الخدمة الي تحكيوا عليها مكانش
audio_001488.wav,افشل شركة في تاريخ الجزاير نخلصوكم بدراهمنا و تتكبروا علينا
audio_000579.wav,اريد معرفة رقم الزبون باش نفتح حساب في فضاء الزبون
audio_000126.wav,شحال مدى تاع wifi لي فيه و تردد cinq giga hertz كاين فيه
audio_001155.wav,تاعك تسما مكله routeur و الله اعلم هذيك الخطرة بلا routeur كانت ثمانين mega برك و دورك راك تشوف راهي زاهية ماتقدرش
audio_000768.wav,ماهو الوقت المطلوب لتشغيل خط internet
audio_000934.wav,عمبالك بلي نتوما افشل شركة فوق ظهر الارض
audio_000063.wav,راني نخلص quinze mega و توصلني deux mega و احيانا مية و عشرين kilo byte
audio_001051.wav,الاجهزة الي في المنزل تاعك الي راهي تستخدم wifi و خليتها و نسيتها يعني الي راهي داخلة في الشبكة تاعك و نسيتها انت اصلا
audio_000377.wav,technicien مبانش ڨاع ورانا نستناو فيه
audio_001708.wav,idoom 4g راه ملبارح حابس فهمونا واش بيه
audio_000372.wav,رانا نستناو installation سمانة هدي و مكان والوا
audio_000242.wav,ركبولي modem و الخط في جانفي الى يومنا هذا مازال مطلقوليش اكثر من ربعة شهر
audio_001377.wav,السلام عليكم متوقف منذ ثلاثة ايام في دوار اولاد سيدي اعمر بلدية
audio_001387.wav,يعني الكهلنة لازم كاينة لازم تتصل بالثابت الي الدول المتقدمة تخلصت منو باه يكون مجاني
audio_001349.wav,وشبيها connexion راهي ثقيلة ليامات اعطولنا تفسير
audio_001824.wav,عطولنا modem و مبانش خبرهم في شهر يجو للجيران و يروحو حنا مازال
audio_001375.wav,لو يتم تخفيض السعر ستكون المبيعات افضل
audio_000287.wav,فضاء زبون مايحبش يمشي ڨاع تعبنا و حنا نسجلو مكان والوا
audio_000793.wav,ياو اطلقو la fibre لناس عندنا شهرين و مازال ما تجي تفهم راسك دوخ
audio_000889.wav,هذا الوحيد لي يخرجك من الملة
audio_001010.wav,وقتاه جيبولنا لي modem كرهنا كلش راكب و مكان والوا
audio_000764.wav,هل نستطيع شراء شريحة فقط من دون modem
audio_000710.wav,تفكر بلي كاين اتصالات الجزاير الى حسيت روحك متحشمش
audio_001809.wav,ديرولنا la fibre يرحم والديكم غير حنا في بجاية مكاش
audio_001360.wav,بالتوفيق للمترشحين لكن ما ذنب الشعب كي تتوقف internet عل الاقل عوضونا من ثمانية مكانش حتى ستة تقريبا اسبوع لازم تعوضوها
audio_000936.wav,كي يفوت الشهر و ندخل في الشهر deuxieme كي نخلص مية الف dinar قداه تعطوني giga
audio_001115.wav,fibre العادي الحمد لله هذ تمشي ليك شوفو مشاءالله هدرنا شوية deja راهي تسعمية mega تبعت و هدشي حاجة هايلة
audio_001625.wav,internet راها مكاش اخر ثلاثة ايام ناس كل تعاني
audio_001858.wav,internet واشبيها راحت راهي في ربعة ساعات واش هذا تمسخير
audio_000910.wav,في المنطقة الي نعيش فيها لا adsl و لا 4g
audio_001307.wav,زيدولنا امكانية خفض السعر في فضاء الزبون
audio_001512.wav,متى تلحقني الالياف البصرية اريد اجابة مباشرة
audio_001231.wav,عندكم cent cinquante giga تقدرو تستعملوها pendant un mois و الى فات un mois و مستعملتوهاش ولا بقى منها شوية c'est bon
audio_000039.wav,حتى فضاء الزبون تاعكم ملي ندخل يقلك صفحة غير متوفرة تصلح مرة في الف وين راكم
audio_000047.wav,الاحياء الخضراء اولاد فايت خمسة ايام بلا fibre وين راكم
audio_001804.wav,مشكل كبير تاع internet هذو ثلاثة ايام و نتوما باين مكانش
audio_001721.wav,كيفاش نقدر نعرف انو المكان وين نسكن فيه تغطية مليحة 4g ولا والوا
audio_000854.wav,ثنين و عشرين سنة في النهب و الاحتيال هذي مكمش غالطين فيها
audio_000968.wav,اشتراك ستين mega تلحقني ستة و عشرين mega عييت مانريكلامي والوا
audio_000476.wav,بالتوفيق ان شاءالله لشباب مدينة عنابة و مجاورها
audio_001624.wav,يركبوه و مكانش connexion يقولك راهي تمشي وهي ماتمشيش
audio_000227.wav,واش بيه التطبيق my idoom لا يعمل و الدخول لفضاء الزبون عبر صفحة الويب لا يعمل
audio_001451.wav,انا اعطوني غير حقي عشرين بدون انقطاع بزاف عليا
audio_001655.wav,Un grand chantier le partenariat est tres important pour notre pays felicitation
audio_000483.wav,يقولك المشكل راهو فيك و توجه الي اقرب مركز
audio_001853.wav,دفعت dossier تاع fibre و مدولي modem شهر للان مجاوش ركبولنا
audio_001691.wav,امركم عجيب ارواحو بدلولنا cable حنا بي adsl و عروضكم بي fibre
audio_001521.wav,مظنيتش مع السخانة هذي رانا نعومو برك
audio_001681.wav,التبهدايل و خلاص افشل شركة على مستوى العالم
audio_001588.wav,انا نفس شي معنديش internet من البارح مكانش
audio_000378.wav,demande تاعي مازال ما تخدمتش هدي شحال
audio_001320.wav,عندهم مدة ملي مدولنا modem مازال مجاوش مونطاولنا علاه هكذا رانا من ديسمبر ملي خلصنا واش هذ المنكر
audio_000127.wav,حنا في سيدي سرحان ولاية البليدة راهم عام غير مع الحفير مانيش عارف وقتاس يركب هذ fibre
audio_001098.wav,معلبليش ادا كان panne generale تاع خمس ثواني في الجزاير كاملة ولا غير عندي على كل حال هذ العفسة تاع stabilite ماتروحش
audio_001165.wav,ماتجاوزش سبعمية mega راح يمدولك la vdsl ماشي l'adsl لوكان فوق سبعمية mega راح تولي adsl
audio_000980.wav,احسن حل روح جيب لي يخدمو عندهم بدراهم هوما تاع دراهم برك
audio_000405.wav,راني خلصت en ligne بصح ماجازش paiement
audio_000816.wav,شكرا لكم على الرد و قراءة الانشغال في التعليق
audio_001054.wav,و انت نسيتو مكونكتي حتى راهو desactiver راهو مكونكتي
audio_001365.wav,connexion تقيلة و راني نتصل بالرقم طناش و ماراهمش يردوا
audio_001127.wav,بزاف بزاف الي صرتلهم هكذا انا شخصيا نهدر direct الجزاير ماشي اتصالات الجزاير كاين ثمانية تاع les facture تاع الماء تخلصو عبر
audio_000981.wav,من فضلكم هل استطاعتنا تغيير modem nokia للالياف البصرية لانه لا يدعم تقنية wifi six
audio_000145.wav,حاب نستنفاد من التدفق لي راني مخلصو ستين mega تلحقني vingt six mega علاش المنكر هذا
audio_000078.wav,دخلناها بصح رانا نستناو في connexion مكاش في خمسة ايام
audio_000903.wav,تتحاسب عليه دعمك لعيباد كيما هذو
audio_000923.wav,هواوي طفي عليكم الكونتور تولو تبكو بنية تحتية حساسة كيما هذي ديرهالكم كاش بلاد مراض
audio_000902.wav,راني مشترك و مازال مطلقتوليش internet اسوء متعامل و للاسف الوحيد رغم تقديم عدة شكاوى بلا فائدة
audio_001839.wav,internet منقطعة منذ اربعة ايام تواصل معكم في الخاص بدون رد
audio_001678.wav,internet مكانش و انت تقولي تطبيق قدمنا شكي و مكان والوا
audio_000264.wav,عندي اكثر من ثلاثة شهر ملي عطاوني modem لذرك مازال مجاو ركبوه
audio_000169.wav,علاه كي نحب نسجل في فضاء الزبون تخرجي باجة كحلة algerie telecom
audio_001202.wav,donc كي تبرونشيوه apres ماتشريوه مش راح يمشي directement
audio_000514.wav,ياو جيبونا les modem nokia راني في عام و انا نستنا
audio_001636.wav,عندك ماتنسى و الرقم تاع زوج ملاين مشترك مجرد رقم لعدد المشتركين لكن الي عندو خدمة النت راه بالالاف فقط
audio_000375.wav,علاش installation تاع fibre تعطلت لهذ الوقت
audio_000896.wav,والله يالكحلوشة غير يتمسخرو بينا
audio_001820.wav,يعطيكم الصحة على المجهودات صراحة خدمة فالقمة meme المشاكل تتحل بسرعة ربي يقدركم
audio_001038.wav,سلام خاوتي نسكن في الريف هل modem اتصالات الجزاير تمشي يعني في الريف و شكرا
audio_000663.wav,دخلت نعمر الاستبيان internet ضعيفة محبش يفوت
audio_000814.wav,تم ارسالها للمره عشرين من فضلكم ارجو ايجاد حل سريع
audio_001796.wav,شوفونا مشكل fibre راه مقطوع كامل سكنات عدل اولاد صابر
audio_001097.wav,هذ العرض تاع gaming تكوباتلي خطرة بلاك واحد خمس ثواني برك و على حساب واش سمعت الله اعلم ليكيب
audio_000686.wav,عبد الكريم انا حسبت modem راح نكسرو
audio_000809.wav,احلى و اروع شركة اتصالات في العالم
audio_000374.wav,le dossier تاعي باقي en attente من مدة
audio_000755.wav,كيفاش نعرف رقم زبون باه نقدر ندخل لتطبيق
audio_000035.wav,شكون عندو فكرة كيفاه نهبط تدفق internet من عشرين الى عشرة من فضلكم
audio_001016.wav,حتي يوصل fibre و ساهل تشوف اعلانات تقول الجزاير كامل راهي بي la fibre
audio_001726.wav,خويا نتوما تاني معندكمش connexion في wifi 4g ولا غير انا
audio_001714.wav,العفرون مكاش فيها fibre نهار ديروه مدولنا هذو العروض
audio_000100.wav,الجلفة عندنا عام ملي خلصنا و مازال modem مكاش كيفاش الحل
audio_001151.wav,باش نجاوب نقولو الله اعلم ممكن نوع تاع modem تعك على خطرش كيما على بالكم بلي فالجزاير
audio_001836.wav,بتوفيق و المزيد من نجاحات و العمل ربي يعاونكم انشاءالله
audio_000195.wav,هل من الطبيعي تركيب fibre لثلاثة منازل في نفس العمارة و حنا مطالبين بتقديم مطلب في الوكالة
audio_001743.wav,يقولك المشكل راهو فيك او توجه الي اقرب مركز
audio_001758.wav,و بالتوفيق في قطع internet على اثنان و اربعون مليون انسان
audio_000236.wav,ماقدرناش ادارة بسكرة اكثر من عامين من fibre مازال مالحقناش malgre بيناتنا شارع واحد هما عندهم و حنا معندناش
audio_000294.wav,كاين لي عندو مشكل مع فضاء الزبون مارهش يمشي عندو
audio_001384.wav,انا اني نخلص باطل و عيت نشتكي لكن لا حياة لمن تنادي يهديكم ربي
audio_001279.wav,نستناو شوية حتى ياكيفي معنا هذا العرض نديرو دوكا mot de passe l'application و نتكي على suivant
audio_001462.wav,المشكلة انني تقدمت بملف طلب ربط بي internet من حوالي شهر ولا شي يذكر لحد الان
audio_000009.wav,واش بيها internet adsl تقطعت علينا دورك و مازال فيها ستة ايام و راكم قاطعينها
audio_000282.wav,عندي فايت شهر ملي خلصت و مدولي modem و مازال مجاوش برونشولي
audio_000406.wav,paiement درتو بصح service ما رجعش
audio_000023.wav,عندي adsl نقدر نغير modem fibre لا واش ولا نفس شيء
audio_001808.wav,وين راهي la fibre باش نديروها وفروها من بعد ساهل
audio_001265.wav,و هذا وين راني غلطت قلتلكم بلي site هذا راه developper par twitter هو
audio_000589.wav,تحيا الجزاير وسط البليدة بلا internet قرابة سبعة شهر
audio_001805.wav,انتظرو ستة شهر لمعرفة ان عنوان خاطئ في modem واو انجاز مذهل
audio_000738.wav,وكالة حي المصالحة باب الزوار مغلوقة اليوم مافتحتش
audio_000730.wav,انا راو خلاصلي الشهر الاول و حاب نفليكسي هل استفيد من العرض هذا
audio_000243.wav,في حي ثمنطاش الرحمانية راهي مقطوعة internet خلال عام و في حي واحد
audio_000110.wav,البارح شارجيت بطاقة التعبية مية الف بصح المشكل عدد الايام قعدوا هوما مزادوش واش هو المشكل
audio_001794.wav,خدمة الجيل الرابع معدومة في حي ذراع زمام بقورصو بومرداس
audio_001831.wav,عندي اكثر من اسبوع مين ركبت modem و internet مازال مكاش خدمات صفر
audio_000204.wav,l'internet هذ يومين راهي بزاف تقيلة ولا عدنا برك
audio_000310.wav,سوال خارج الموضوع هل استطيع تجميد الاشتراك في fibre لمدة اسبوع
audio_001245.wav,على هذ les chiffre هذو راح يديكم la page هذي الي توريلكم la consommation تاعكم تاع la 4g
audio_000886.wav,ثنين و عشرين سنة في الميزيرية و الفقر حتى الطوبة ولات تاكل cable من العفن تاعو
audio_001083.wav,بالنسبه للناس الي عندهم la fibre في الجزاير fibre عادية يعني على كل حال و العرض الجديد تاع gaming كيفاش ردوه
audio_000843.wav,شكون عندو الرقم تاع اتصالات الجزاير من فضلكم
audio_001076.wav,سبعة و ثلاثين و des fois ستين خمسة و ستين ping في serveur تاع فرانكفورت
audio_001813.wav,زيدولنا في سرعة idoom 4g علاه منقصينها بلعاني علاه عليكم
audio_000815.wav,بدلنا idoom fibre لكن لحد الان مكاش connexion عندهم اسبوع ملي ركبولنا modem
audio_001002.wav,عند الرفع من سرعة تدفق internet بالالياف لا تلزمو الزبون
audio_001676.wav,مكاش حاجة باطل تخلصها فالفاتورة من بعد بركاو ماتخرطو
audio_000560.wav,هل هو متوفر في الوكالات حاليا ام لا
audio_001226.wav,quinze giga بخمسين الف chaque quinze jour valable quinze jour كاينة تاع quarante giga بمية الف valable شهر
audio_001821.wav,من الاحسن يكون ايضا يدعم 5g صايي مابقاش على 4g
audio_000010.wav,واش كاين بعض الالعاب ماهوش يمشو كيما efootball deux mille vingt cinq راهي حابسة عندها يومين
audio_001593.wav,في سكيكدة مكانش fibre خلاص نص بلديات سكيكدة مافيهمش fibre خلاص
audio_000471.wav,حبيت جاوبوني هنا est ce que عمال fibre هم شركة privee ولا تابعين ليكم
audio_001315.wav,ردو بريفي اني مخلص و connexion مكانش
audio_001463.wav,قمت بارسال كافة معلوماتي في الخاص و لم يرد احد
audio_001224.wav,كي تروحو le site تاع algerie telecom تروحو internet من بعد تروحو
audio_001803.wav,لازم الدفع الالكتروني باش تستفيد من الايام من ثلاثة الى ثمانية و اربعون
audio_000598.wav,لماذا لا يتم اظافة خاصية توقيف الخط موقتا و اعادة تشغيله من فضاء الزبون
audio_001585.wav,انا راني نعاني من انقطاع internet كرهت حياتي معها
audio_000247.wav,في نظري كل اطارات تعمل تربص عند موسسات ooredoo و غيرها لكسب خبرات
audio_000635.wav,بالتوفيق لكم كموسسة عمومية و تحية للحركة الجمعوية المشاركة
audio_001075.wav,و upload عطوني ثمانين mega ping في الالعاب كنت نلعب خمسين
audio_000966.wav,كي ندخل فضاء زبون يبعتلي رابط تحقق email و كي ندخل مايمشيش
audio_000081.wav,فتحت حاسب فضاء الزبون و غلطة في email كيفاش ندير ماقدرتش نكمل عملية التسجيل
audio_000869.wav,حي كامل بدون internet adsl لمدة ربعطاش يوم
audio_000175.wav,ياو وفرلي les modem nokia امبعد ساهل يالفاشلين عام و نص و مازال ماجبتوهم
audio_000185.wav,كي نخلص من بريدي موب نستفيد من عشرين ولا لالا
audio_001490.wav,التدفق ضعيف جدا شارجيتها من قبل والله كيف كيف هي و تاع مية الف
audio_000917.wav,عندي عام و انا نستنا في modem مكان والوا
audio_001351.wav,انقطاع internet عندي ولا حياة لمن تنادي مع ضعف تدفق internet المصلحة التقنية اين هي اولاد لحلال
audio_000251.wav,انشاءالله يكون نقص فالتسعيرة تاع طناش بي ثلاثمية الف على الاقل
audio_001274.wav,تشوفو فيها بزاف les application حنا ندخلو direct في المفيد هذي la twinbox هي tvbox كيما راكم تشوفو هذي حاجة باينة مفروغ منها و كيما اي
audio_000442.wav,quelle sont les offre fibre المتوفرة حاليا
audio_000384.wav,علاش centre ville فيها fibre و حنا لالا
audio_001033.wav,connexion عندي ناقصة خاصة بالخط الجديد la fibre علما ان الخط القديم adsl كانت جودته افضل
audio_000301.wav,وقتاش تبلاصيو les modem fibre عندي شهر مازال نستنا
audio_000058.wav,مكاين والوا طلعنا و اصبحنا بدون internet اليوم ثمانية كرهنا شي شوفولنا حل
audio_001392.wav,شوفو الخاص بعثتلكم الشكاوي و اتصلت و مكاين والوا كل المعلومات راهي عندكم ارفعولي من سرعة الرفع للنت راهي من لزدتو تدفق و هي كارثية
audio_000048.wav,شبكة تاعكم راهي ضعيفة شريت عليكم modem هذ الاسبوع شبكة كارثة تدفق ملحقش حتى مية و عشرين kilo byte
audio_000803.wav,تعلم كيف تنتقل بسهولة الى fibre في ظرف ستة شهر
audio_000307.wav,adsl راهو مريڨل هذ ليامات مكاش ڨاع les coupure
audio_000171.wav,كون نحيتو كلمة سرعة برك و حطو واش حبيتو عدد الابراج يتحسب على اصابع اليد في اكبر المدن
audio_000455.wav,فضاء الزبون لا يعمل معي اكثر من شهر
audio_000900.wav,يا سڨمو connexion تاعكم راهي تتقطع
audio_000649.wav,انا درت عرض وشهر مجاوش بلاصولي و ماعطاونيش modem
audio_000101.wav,ريڨلونا مشكل تاع internet رانا كرهنا ثلاثة ايام fibre مكاش
audio_000445.wav,prix تاع abonnement fibre شحال من فضلكم
audio_000093.wav,عندنا fibre بصح مازال مجابولنا les modem كل منروح يقولولي مازال مدخلوش les modem
audio_000233.wav,idoom Market السعر غالي جدا و لا يشجع زيد تكاليف الاشتراك
audio_000808.wav,modem 4g وين نلقا رقم الزبون باش نسجل في فضاء الزبون
audio_001046.wav,من تم فعل في الاعدادات تاعك فعل wifi تاع cinq giga hertz
audio_000241.wav,رانا حاصلين في adsl تخلص عشرين mega توصلك quinze mega و السبب قدم التجهيزات
audio_000071.wav,راني حاب تزيدو الخدمة تاع pause في تطبيق يولي الزبون هو لي يديرها كيما يحب و شكرا
audio_000633.wav,كيف استطيع ان اسجل رقمين في هذ التطبيق
audio_000037.wav,راني في ثلاثة سنين مالي قالولي سجل و دورك ندخلو fibre و مازال
audio_001052.wav,تسما واش تدير سيي تفكر وشنو العفايس الي راك مخليهم مكونيكتين
audio_001194.wav,عطاولي معاه le cable هذا telephonique هذا اذا حبيتو تبرونشيو telephone fix directement في modem
audio_000642.wav,وشبيهم ڨاع المواقع لا تعمل فضاء الزبون و idoom و الدفع الالكتروني
audio_000325.wav,يوجد حد اشتراك ادنى من اجل الاستفادة من هذ العرض ام جميع التدفقات معنية
audio_000978.wav,اقسم بالله مافيكم الثقة و لا المصداقية
audio_001896.wav,سلام facture تاعي فيها frais اضافية
audio_000882.wav,اخي انا كذلك راني في خمسة شهر من رحت عندهم قالولي الطوبة كلات cable
audio_000337.wav,عندي ثلاثة شهر ملي رفدت modem مكاين والو زيغود يوسف قسنطينة
audio_001358.wav,راكم تتقاعدو بينا ولا كيفاش في بوفاريك بعض الاحياء قريب ثمانية شهر مكانش internet
audio_001086.wav,كاين بزاف الي قالولي رضا خبي هذ العفسة رام يبيراطيولك l'internet ما عندها حتى معنى تروديمري modem يتبدل مكان حتى
audio_001702.wav,نحن بصدد ادخال internet fibre للحي هل نستطيع شراء واحد
audio_001424.wav,عشرين mega واش واصلني منها الا عشرة mega
audio_000347.wav,والله نحير فيكم زيدو اشتراك شهري بسعر ثابت و خلونا من الرصيد المحدود
audio_001475.wav,انا خلصت باش يخدمولي fibre بصح لحد الان مكان والوا خلصت عندي شهرين
audio_001018.wav,وين راها مازالنا حاصلين في adsl
audio_001669.wav,هل تباع بطاقة sim بدون modem الرد من فضلكم
audio_001230.wav,راه فيه هذ فيه cent cinquante giga الي هي valable pour un mois
audio_001513.wav,internet ضعيفة بزاف نرجو منكم تحسين الخدمة و زيادة التدفق
audio_000420.wav,carte sim تاعي راهي endommagee
audio_000148.wav,راني في ثلاثة شهر نستنا عطاوني modem و مازال مركبوليش
audio_000016.wav,التعامل تاع les agent راهو بزاف متربي يعطيك الصحة خويا
audio_001779.wav,عيد اضحى مبارك و سعيد و كل عام و انتم بالف خير
audio_001757.wav,ريڨلو الموقع باش يطلع كل البلديات هكذا تعرفو الي معندهمش fibre
audio_000719.wav,عندنا مشكل في internet في البلدية في تبسة
audio_000451.wav,والله حنا رانا نستناو فيكم ماشي نتوما لي تستناو فينا
audio_001612.wav,راني قريب نلحق الشمس اطلقونا internet رانا في سبعة شهور
audio_000340.wav,و حنا في الشمال و في ميلة معندناش fibre ركبوه و من بعد كلش ساهل ياو لوكان بزوج ملاين
audio_000605.wav,خصتنا شريحة اتصالات الجزاير الجيل الرابع و الجيل الخامس بها تحسن
audio_001050.wav,الي عندهم زعما modem هنايا و الحاسوب هنا قراب لبعضاهم يدير cable
audio_000130.wav,غالي normalement تراعو القدرة الشرائية باش تجيبو بزاف ناس ماشي غير صحاب الدراهم
audio_000838.wav,عندي اكثر من اسبوع مين ركبت modem و internet مازال مكاش خدمة zero
audio_001573.wav,راني في يومين بلا connexion يهديكم ربي اخدموهالنا ياو
audio_001543.wav,قدمت كل المعلومات الخاصة بلحسابي في الخاص و لكن مع الاسف لم تساعدوني
audio_001864.wav,الو عندي probleme de connexion مانقدرش ندخل حتى Google
audio_000680.wav,هل هذه شركة او موسسة وطنية تبهدلو
audio_001460.wav,عندكم برك نهار الي توصلولنا la fibre يحبسو العروض هذا اذا وصلتونا fibre
audio_000391.wav,my idoom ما يفتحش نهائيا من الصباح
audio_000781.wav,عندي شهرين ملي درت demande و مكان والوا
audio_001393.wav,ياو رجعو connexion رانا نخلصو بدراهمنا اومبعد تقطعو connexion
audio_001241.wav,تكونيكتيو من micro تاعكم modem بل wifi ولا بل cable donc
audio_000045.wav,عندي la fibre modem wifi cinq كيفاه نقدر نستفاد من wifi six
audio_000421.wav,شكرا لكم على تحسين connexion في الحي
audio_001483.wav,خفضولنا الاسعار هذي الاسعار في متناول بلايلي
audio_000772.wav,للاسف الشديد من طول مدة الانتظار كرهنا internet
audio_001229.wav,تخيروا l'offre الي تساعدكم هذ le modem كي تشريوه la premier fois
audio_001045.wav,تخرج من الباند تاع ثنين فاصل ربعة giga hertz و تروح للباند تاع خمسة giga hertz اذا كان routeur و modem تاعك يدعمها
audio_001835.wav,ماسبب تردي الخدمة هذه الايام الهاتف الارضي مقطوع و internet متوقفة
audio_001604.wav,وعلاه ماتقولوش بلي لازم فوق ثلاثين mega اعلان احتيالي
audio_000330.wav,ياو اطلقونا l'internet رانا خمسطاش يوم من الي ركبنا fibre و مكان والوا
audio_001385.wav,هذا هوا بدل حياتك بي fibre facebook مراهش ڨاع يفتح ريڨلو connexion هبلتونا
audio_000387.wav,كاين couverture fibre في البلدية تاعنا
audio_001688.wav,حسنو الجودة و سرعولنا في fibre و اذا حبيتو ماتقربوش غير ماتقربوش لينا
audio_000794.wav,حنايا جازو قدامنا fibre بصح مادخلوهش لشارع تاعنا
audio_001563.wav,modem راكب و internet مكانش اني في شهرين نستنا
audio_000354.wav,connexion تاع adsl راهي طايحة من الليل
audio_000496.wav,systeme هذا تحسو بنادم حبين يحصلو فيه عدم احترافية العمال وهذا مكان
audio_000552.wav,عطيتونا modem و رانا نستناو تبعثولنا ليكيب تبلاصي cable من باطة للحانوت
audio_001901.wav,راني نحاول نخدم remote بصح connexion ماتعاونش
audio_001581.wav,عندنا مشكل انقطاع internet منذ مدة لم يتم حله و قد راسلتكم في الخاص
audio_001326.wav,هذي سمانة internet راهي كارثة عندنا fibre و راهي ثقيلة بزاف
audio_000676.wav,خلوكم من كلام الزايد و منشورات ركبو fibre و من بعد ساهل
audio_000594.wav,بعت مشكلتي على الخاص هل ممكن تجاوبني من فضلك
audio_000879.wav,سبب انقطاع internet في idoom fibre حي ثمانية ماي
audio_001417.wav,لا استطيع التسجيل يقول لي رقم الزبون خاطىء و انا متاكد انه صحيح موضح في الفاتورة
audio_001683.wav,وراه modem رانا في عام بلاش فالفيسبوك كاين و الواقع الريح
audio_001484.wav,وراه modem جاو دارو installation modem مكاتش
audio_000950.wav,ختي تقدري تعيطيلهم بي portable ولا لازم fix و وقتاش يخدمو
audio_001621.wav,راني نبعت message متردوش علبالي الضغط كبير بصح يرجى الرد
audio_000520.wav,حنا مقطوعة عندها ثلاثة ايام لا حياة لمن تنادي
audio_001015.wav,عندي يومين ملي خلصت و ماجاتنيش
audio_000425.wav,bon travail equipe technique على الخدمة
audio_000283.wav,خدمة fibre راهي مقطوعة من البارح عندنا يا Algerie Telecom
audio_000072.wav,la fibre بعيد على المسكن بي عشرين متر
audio_001518.wav,شريت واحد و من بعد رميتو ميصلحش zero zero zero
audio_001646.wav,بشحال يدخل modem fibre للدار بلخيوط تاعو بلباطة بكلش شحال
audio_000521.wav,اعيدو دراسة الاسعار فهي في غير متناول الجميع نرجوا ان تتفهمو انشغالنا
audio_001458.wav,رانا في خمسطاش نيوم خلصنا و جبنا modem و مازال مركبولناش
audio_000196.wav,ربعة شهر من كي ديت modem مازال ماركبوش الخيط كل يوم يركبو زوج خيوط للمعارف و صايي
audio_001043.wav,خمو فيه deja الي هو طفي و عاود شعل modem ولا routeur الي راو عندك في المنزل
audio_001486.wav,واش راه صاري سمانة بلا internet و طناش مكانش الي يرفد
audio_000796.wav,هل الدفع عبر تطبيق baridi mob متوفق
audio_000468.wav,الاسعار في متناول الطبقة الراقية نستعملو la puce افضل
audio_000250.wav,الله يعاونكم راني نشوف الخدمة والله كل شكر و تقدير لكم
audio_000484.wav,ريڨليولنا انقطاع internet من البارح من فضلكم رانا بشغالاتنا
audio_001073.wav,على كل حال اذا كان شفتوا la video الاولى على بالكم بالي اول مرة ندخل la fibre
audio_000426.wav,ياريت تزيدو stabilite في connexion اكثر
audio_000280.wav,وجماعة 4g معندهمش حل مناطق الظل وسكان القرى الصغيرة والتجمعات السكانية الدواور
audio_000723.wav,حنا دارو fibre للمناطق المجاورة و مازالنا نستناو
audio_001337.wav,لا اعرف لماذا لا تتركون سرعة التنزيل مثلها مثل سرعة التحميل مثل باقي الشركات المحترمة في العالم
audio_000944.wav,ربعة شهر بدون internet la fibre
audio_000734.wav,l'internet راهي في وضعية كارثية علاش ماعلابالناش
audio_001367.wav,سلام عليكم est ce que لي عندو اشتراك cent mega fibre و يجب يطلع التدفق من ثلاثين mega او فوق يستفاد من modem الجديد او لا و شكرا
audio_000158.wav,عطيتونا modem من شهرين ورانا نستناو تبعثولنا المقاول يركب cable من باطة للمحل
audio_001874.wav,debit تاعي هابط بزاف telechargement ماشي يمشي
audio_001557.wav,رسلتلكم فالخاص و قفولنا الخط حتا تديرولنا حل تعبنا من البلاغات و ارسال الرسائل بدون جدوى و كالاتكم لا تخدمنا بادنى شي
audio_001049.wav,طبعا ماشي ناس ڨاع يقدرو يديروها كاين الي راهو par example كاري
audio_001007.wav,كشما عام اخر كي ينور الملح
audio_000921.wav,ثلاثة شهر و modem ركب ولا internet
audio_000096.wav,نتمنا تشوفو الحي تاعنا علاش محبوش يخدمو fibre و بقيت الاحياء درولهم
audio_000418.wav,ligne تاعي ماراهيش تخدم من اليوم صباح
audio_001722.wav,ديمة نسلك و مستفدت حتى حاجة من internet الي تحكو عليها
audio_001631.wav,بلدية سيدي اعمر ولاية سعيدة غير موجودة في الاستمارة
audio_000565.wav,كيفاه هذ fibre ناس عندهم و ناس لالا في نفس الدائرة
audio_001629.wav,خدمات كارثية رديئة سيية جدا و مرهقة و متعبة
audio_000163.wav,اودي ريڨلو connexion و فضاء الزبون دخلت درت الشكوى من تم رجع منقدرش ندخل ڨاع
audio_001082.wav,ping هابط كنت نشم في القروسية فيها مانكدبش عليكم على خطرش لاحظت مع اصحابي و كلش فهمت بلي انسان كيما انا
audio_001211.wav,فيه un engagement تاع طناش شهر الي لازم تعرفوه واش معنتها engagement تاع طناش شهر
audio_000624.wav,كيف احصل على رقم الزبون لكي اسجل في فضاء الزبون
audio_000646.wav,هل هذي الخدمة متوفرة في ڨاع البلاد
audio_000030.wav,internet عندها يومين مكاش رانا مخلصينها علاش الخدمة السيية تاعكم هذي
audio_001534.wav,ماشفنها ماشفنا السرعة رانا في شهر و connexion مكانش
audio_000497.wav,لم اتمكن بالتصال بكم عبر الرسائل الخاصة
audio_000716.wav,تم الاشترك في الخدمة و عطاولنا modem نستناو تركبولنا برك
audio_001022.wav,الاخت ليلى حمبوك ماجوبينيش بعبارة انكم تسعون جاهدين و اولولية
audio_000295.wav,اطلقونا connexion ومبعد اهدرو راني في شهر ركبولي connexion و مكاش
audio_000135.wav,راني داير demande من جوان الفين و ربعة و عشرين و مازال مجاو مدولي modem
audio_001232.wav,وفيها mille dinar vers le reseau moblie
audio_001275.wav,tvbox راهو موجود في marcher حاليا تقدر تكونيكتيه مع wifi الي راهو في داركم يعني احكم wifi دير mot de passe ابدا تكونيكي في la tvbox
audio_001124.wav,تحية ليه هو عندو vdsl و شاف بالي الطريق تاعو فيها
audio_001012.wav,"عندي مشكل في فضاء الزبون fibre سجلت و لم تصلني رسال, التاكيد في email"
audio_000840.wav,لبارح ركبولي الخيط و عطوني modem و مجاتش internet
audio_001579.wav,في عوض ما نخلصو ميتين الف و نولو نخلصو مية الف
audio_001816.wav,نتمنى الكثير من النجاح للشركة الكبيرة اتصالات الجزاير دائما اقرب
audio_001255.wav,تقدرو تروديماريو modem تاعكم منا من la configuration تقدرو تديرو restauration
audio_000870.wav,نحتاج رقم الزبون لفتح my idoom من فضلكم
audio_001133.wav,نشعلو بيدي على كل حال انا يكفي و يوفي كيما يقولو يجيو الدار يكونيكتيو كامل انا مانحسش
audio_000371.wav,قالولي technicien يجي نهار الخميس ومازال ماجا
audio_001238.wav,و راح تلڨاو l'adresse ip تاع le modem c'est a dire باش تدخلو la configuration تاعو و راح تلڨاو le mot de passe
audio_000193.wav,idoom 4g رانا ندمنا على الاشتراك فيها لضعف الشبكة في المسيلة
audio_001176.wav,شهر deuxieme تهبطها خمسطاش mega ولا عشرين mega ولا كيما حبيت mais هدو يبقاو عروض par example انا كي دخلت l'internet
audio_001208.wav,maximum vingt quatre heure اذا فاتت vingt quatre heure ارجعوا عندهم ولا عيطولهم
audio_001698.wav,عندي اكثر من الف giga و لكن التدفق لا علاقة
audio_000556.wav,الشعب و خرجتوه من الاهلية تاعو حبيتوه يسمع اهليت الشعب
audio_000674.wav,ديرو لمة كيما هذي باش غدوا تحبسوا connexion
audio_001689.wav,ريڨلونا connexion cent vingt mega fibre مكاش connexion واش هذا
audio_000527.wav,internet تاعي قريب ربعة شهر مقطوعة بسبب خيط مقطوع
audio_000414.wav,نحتاج renseignement على remplacement de la carte
audio_000792.wav,لما اشترك في fibre هل هناك فواتير خاصة للهاتف ام الاشتراك الخاص بي internet فقط
audio_001679.wav,عندكم مشكل في internet اين نتوما من هذا الشيء
audio_000332.wav,ما اقصى مدة ينتظرها الزبون بعد طلبه تركيب خط fibre
audio_001747.wav,ستة ايام و اشارة idoom 4g متقطعة شبه منعدمة
audio_001525.wav,متقطعوش internet برك و مكلاه تقولي ماراناش نقطعو
audio_001668.wav,عندي internet عندها اكثر من ثمانية ساعات متوقفة و راني مخلصتها
audio_001885.wav,internet عندي lente بزاف كي يكون peak time
audio_000038.wav,fibre راهي تحبي شوفولنا المشكل وين راه ماشي غير في ولاية غليزان راه شحال من ولاية
audio_001903.wav,debit تاعي ناقص بزاف مقارنة بالي خلصتو
audio_001818.wav,اول التحديات عدم قطع internet فترة الامتحانات و تعويض المستهلكين امر واجب
audio_001504.wav,مشترك من deux mille neuf الى يوم هذا مازال موصلتش عندنا
audio_001535.wav,عروض و modem باطل واحنا قريب ستة شهر نستناو تمدولنا modem رغم انكم دخلتو لخيوط للديار بصح modem مكانش
audio_001357.wav,طلعت غير لينار اما connexion راهي ربعة شهر و ماطلقتوهاش
audio_001295.wav,ربي يهديكم و خلاص شهرين و حنا حابسين modem راكب ماقيمتونا ماجاء حتى واحد خدم ولا حتى هدر معانا
audio_001641.wav,عندي عشرة ايام و انا بلى connexion Algerie Telecom اتصالات الجزاير
audio_000711.wav,تطبيق اتصالات الجزاير تطبيق فاشل كي تخدمو خدمو حاجة مليحة خطرة في حياتكم
audio_000422.wav,service تحسن بزاف في الايام الاخيرة
audio_001556.wav,السلام عليكم نقصو من الاشتراكات idoom fibre الياف بصرية راهي غالية ميتين الف لشهر ليست في متناول المواطن البسيط و شكرا
audio_001522.wav,ياو جاوبونا internet في حالة و انتم في حالة
audio_000108.wav,هيه بصحتهم جماعة fibre حنا جماعة adsl نساونا كامل الفين و خمسة و عشرين داخلة و مكان والو
audio_001741.wav,نتمنى ان تعمم المبادرة على جميع الموسسات الخدماتية الوطنية للرقي لخدمات المستهلك عير الاستماع المباشر لانشغالاته
audio_000329.wav,في سيرايدي كاين مقاول يركب la fibre بلوجوه في دار سمير
audio_000342.wav,عندنا شهر مين رفدنا modem و تجي المقاولة تركب لجيران كي تهدر معاهم يقلك اسمك مكاش في القائمة
audio_000949.wav,شحال يدير twinbox و شحال نستنا باش يوجد
audio_001792.wav,رجعولنا connexion راهي من الوحدة تاع العشية مقطوعة واش هذ الجياحة
audio_001434.wav,عندي مشكل internet ماتمشيش خلاص عندي زوج سوايع فليل و بعد مكانش رحت عند اتصالات مادارولي والوا
audio_001329.wav,اخطيك روح جرب ادفع اشتراك internet trois cent dinar يخرجلك رقم الزبون فالفاتورة
audio_001003.wav,مشكلة في idoom 4g تدفق منخفض مع العلم مشترك في عرض ستمية وخمسين الف واحد tera
audio_001606.wav,عندي اكثر من الف giga و لكن التدفق لا علاقة
audio_000651.wav,شاري من عندهم routeur tenda بيه هو تلحقني خمسمية mega
audio_001140.wav,مافهمتش السوال تاعك بصح بالك راك تهدرلي على لوكان تجيب الخيط تدخلو في modem
audio_000600.wav,وين نجيب رقم الزبون و حنا ماعندنا حتى فاتورة
audio_000186.wav,كاين مسوول عيان راهو في actel تاع algerie telecom
audio_000285.wav,حنا ربعة شهر مكاش connexion fibre و نتوما تقولو خلص والله غير امر غريب
audio_000453.wav,جويني عبد الله رانا فالهوا سوا عيطتلهم قالك صيانة
audio_000668.wav,والله يا خاوتي مجرد حبر على الورق ههه
audio_000532.wav,مازالنا بالخيوط تاع بكري من حي خمسمية مسكن ماوصلناش الحضارة
audio_000945.wav,الوثائق المطلوبة لشراء modem هل يجب شرائه فالمنطقة القريبة للمنزل
audio_000180.wav,كيفاه نسلفوا من تطبيق بعد ماتخلاص internet اعطولي عقلكم
audio_000775.wav,علابالي راهي شرة برك على الخدمة السيئة ديالهم
audio_000963.wav,لي يبدل من adsl لي fibre يستفيد من العرض ولا لالا
audio_001146.wav,خطرش هو الي جربناه الاول راني ندير بل modem وحدو او ربعة و سبعين ping مهبول ping طالع بزاف ليكيب
audio_001502.wav,عندي ثلاثين mega راي تلحقني غير سبعة mega تقولي مية الف
audio_001455.wav,اتصالات الجزاير لا اتصالات و لا خدمات ومستوى zero zero zero و الشيء الوحيد البارعين فيه قطع internet
audio_001024.wav,ديرولنا fibre ولاية خنشلة حي سبعمية سكن
audio_001089.wav,تلحق ميتين و ثمانين هكذاك a peu pres صحا و upload يطلع حتى
audio_001594.wav,حتا تسڨمو reseau internet من بعد ساهل راها كارثة اتصالات الجزاير
audio_000022.wav,عدنا سبعة شهر و حنا نستناو في modem nokia fibre تعبنا من الانتظار
audio_001715.wav,لحقونا fibre من بعد كلش ساهل والله تعبنا مع adsl
audio_000590.wav,هيه في الموشر تتقدم و في ارض الواقع شيء اخر
audio_000857.wav,اين اجد الرقم السري mot de passe تاع modem la fibre من فضلكم
audio_000691.wav,تطور الخرطي يا اما راكم عايشين في الاوهام و اما راكم تصدرو في الاوهام للشعب
audio_001635.wav,ساجدة سيرين معاناة كيفاه شهر كامل معندكش internet
audio_001028.wav,connexion ضعيفة بزاف و درنا reclamation مكان والوا
audio_000027.wav,راكم غير تهدرو و خلاص وقيل modem fibre غير متوفر عندو قريب عام من جوان الفين و خمسة و عشرين
audio_000257.wav,من جوان الفين و ربعة و عشرين الى غاية جوان الفين و خمسة و عشرين و نتوما تقولونا شهر الجاي نديرولكم fibre
audio_000619.wav,حاب واحد يجاوبني وقتاش يتوفروا les modem nokia
audio_001426.wav,حتي يوصل la fibre و ساهل تشوف اعلانات تقول الجزاير كامل رهي بي fibre
audio_000753.wav,وكالة العاشور اروح ركبولنا la fibre شحال و انا نستنا
audio_000443.wav,واش كاين promo على internet هذ الايام
audio_001204.wav,ولات خضرا و كونيكتا le reseau خضرا ولا زرڨا
audio_000613.wav,تواصلت معكم في المراسلة و لا يوجد رد فعلي
audio_001759.wav,نقص فالتغطية التدفق ضعيف جدا سرعة لا تتجاوز مية kilo byte
audio_001907.wav,connexion تاعي ضعيفة بزاف و مانقدرش نخدم
audio_001761.wav,هيا مليحة مية و خمسين بمية و خمسين بصح التدفق ثقيل بزاف
audio_001793.wav,بالتوفيق ان شاء الله و اللهم سدد الخطى و ثبت الاقدام
audio_000513.wav,لازم شركة منافسة لا يستطيعون تغطية زرج كيلومتر مربع بدون تذبذبات
audio_000279.wav,في ثنين و تسعين مسكن مرسى الحاج مازال مادارو la fibre من المقرر الفين و خمسة و عشرين
audio_000413.wav,la ligne تاعي فيها probleme ونحب نبدلها
audio_001153.wav,خطرة في الدنيا الاغلبية ربعة و ثلاثين خمسة و ثلاثين ستة و ثلاثين سبعة و ثلاثين حتى لثمانية ربعين شوفو هنا ثنين و ربعين اوكي
audio_001523.wav,نقصو ربعمية dinar و خلو اصحاب ثلاثين mega و ستين mega يطلعو debit لمية و عشرين mega
audio_001795.wav,الف مبروك لابني عبد الوهاب شكرا لعايلتي المهنية فخورة بانتمايي لاتصالات الجزاير
audio_000480.wav,المشكل الشركة الطاغوتية هذي مايديرو اعلان مايفهموا الناس واش كاين
audio_001209.wav,قوللهم ياكتيفيولكم la puce و في la fature راهو كاين un numero fix تقدرو تعيطو
audio_001191.wav,donc voila عطاولي le modem و عطاولي معه هذ le boitier
audio_001845.wav,خدمة التوقيف الموقت internet من المستحسن تزيدوها فالتطبيق او فضاء الزبون
audio_001608.wav,و رقم zero vingt et un douze douze مايخدموش
audio_001390.wav,هل مكرر wifi متوفر في مصالحكم للبيع و كم السعر
audio_000767.wav,فايت الشهرين internet مقطوعة لا adsl لا fibre
audio_000610.wav,ديما نلقا متردوش زيد يخلص creadit بلا فايدة
audio_000315.wav,عندها تقريب اسبوع هي ضعيفة واش من يوم عالمي
audio_000812.wav,وقتاش يوصل لعين دفلى طولتو بزاف داروه و جازو علينا من بعد راحو
audio_000170.wav,السعر تاع vingt mega بزاف حنين par rapport الخدمة الي يقدموها
audio_000967.wav,modem عندو قريب خمسة شهر راكب مكان والوا و زيد كوباو numero لقديم
audio_001415.wav,عندي شهر و انا بلا internet اطلقوليnumero fix راهو مبلوكي
audio_001622.wav,ديما نسلك بدفع الكتروني و ماستفدنا من شىء
audio_000847.wav,يجب اعادة النظر في عرض gaming انها بعيدة كل البعد من عالم gaming خاصة serveur
audio_000273.wav,هاذاك العام هنا في خميس الخشنة بحي سيدي سرحان عندهم العام لي فات ملي حفرو بصح مبان والوا
audio_001673.wav,عرض ترويجي تركبو la ligne و modem بصح علاه متتلقوهاش لواحد يخدم بيها و يستعملها كيدير
audio_001687.wav,غرداية مية mega نقصا بزاف و تذبذب في التدفق و نرجعوها vingt mega احسن
audio_000231.wav,اسوء خدمة internet راهي داخلة في ربعة و عشرين ساعة مكاش
audio_001449.wav,بالتوفيق انشاء الله و اللهم سدد الخطى و ثبت الاقدام
audio_001531.wav,internet من صباح مكانش نشعل و نطفي هبلتونا بدراهمنا و زيد تتقلشو علينا خدامتكم zero
audio_001770.wav,في بلديتنا توقفت انشغال و لا وجود لمشاريع fibre للاسف
audio_000203.wav,عندي مشكل l'internet ماتمشيش خلاص عندها زوج سوايع فليل و بعد مكاش رحت عند اتصالات ما دارولي والوا
audio_000824.wav,هل سيتم قطع internet المنزلي fibre ايام البكلوريا
audio_001055.wav,ايضا camera de surveillance ولا جهاز المراقبة camera يعني هذ الاجهزة البسيطة تقدر تسببلك اضطرابات
audio_000604.wav,connexion zero شركة فاشلة زدت التدفق و راني نعاني
audio_000961.wav,modem راكب و internet مكاش راني في شهرين نستنا
audio_001493.wav,كيفاه هوا راهو قالك المشكل تاعو نتا تقولو الرجاء مشاركتنا انشغالكم ياخويا رد direct و خلاص
audio_001178.wav,التمبر ولا معلبش وشنو ثلاثمية mega تخلص سبعمية الف ماشي ربعمية الف هذي بكري و الحمد لله راهم ينقصوا في le prix ان شاءالله يزيدوا ينقصولنا
audio_001731.wav,شهرين ملي بداو مشروع fibre و مازال ماكملوش حتى نصفو ثقال تعيو
audio_000240.wav,انا ما قدرتش ندخل بي numero جديد تاع la fibre في هذه l'application تاع my idoom
audio_000704.wav,نتمنى لكم انقطاعا سعيدا و توفيقا في الصبر
audio_000073.wav,السومه تاع مية mega راهي بزاف معقولة و ساعدة الزوالي
audio_000465.wav,ارعاو الشركة تاعكم برك ابشع شركة من حيث الخدمات
audio_001240.wav,voila donc هنا الي تقدرو تلڨاو le mot de passe تاعكم
audio_001362.wav,مستغانم مزغران الشهر الي فات ركبتولنا بميتين و عشرين الف لا promotion لا شهر باطل
audio_000290.wav,رانا ربعة ايام بدون internet بسبب التمسخير تاع فريق التقني
audio_000724.wav,نحن نواجه انقطاع internet منذ اكثر من شهر
audio_000296.wav,كي ترضي زبون اولا لحد الان عندي عطب لحد ساعة
audio_000238.wav,هذا التطبيق لا يعمل و 4g رانا نعانو من نقص تدفق internet ومتقليش اتصل بينا
audio_000034.wav,لبارح فلكيسيت مية الف بتطبيق baridi mob modem 4g lte نحاو مية الف dinar بصح العملية لحد الان في الساعة جارية وين راه المشكل
audio_000299.wav,شوفولنا probleme في بلدية ملاكو ولاية تيارت من صباح راحت internet ڨاع البلدية
audio_001284.wav,غير بي commande vocal دير la recherche تاعك بلى ماتستعمل clavier باستخدام هذي la telecommande و فيها هذا bouton تاع hi google كيما تشوفو
audio_000609.wav,واش من الياف رانا من عام جدي و حنا بي adsl
audio_000706.wav,دخلت للفضاء الزبون ما صبتش منين ارفع التدفق
audio_001201.wav,تاع l'ordinateur و كاين هذا تاع telephone donc هذا واش عندكم telephone ordinateur chargeur
audio_001674.wav,شرحولنا وين راه المشكل الايام هذي connexion تعبانة خلاص خاصتا fibre
audio_000003.wav,السلام عليكم جاو ركبو idoom fibre في الحومة بصح غير حنا مازال ماعطاولناش meme pas le modem
audio_000956.wav,موقع باش نعرف رقم الزبون فيه خلل ارسلتلكم في الخاص جاوبوني من فضلكم
audio_000077.wav,شكون لي يعوض الضرار تاع ناس والايام تاع الاشتراك
audio_001078.wav,و اذا كان راكم في الشرق ودير test تبدا من تحت خمسين ستين تطلع بالعقل فهمتوني donc معلبليش وشنو هو المشكل
audio_001095.wav,ثانية يومين ثلاثة ايام في السمانة ماشي كل سمانة ca depend بصح تتكوبا يعني كانت
audio_001514.wav,علاه ماعلابالهمش وين راه كاين fibre و مكاش و وين محتاجين fibre و وين لالا
audio_000161.wav,modem ديما مكاش من ماي الفين و ربعة و عشرين و حنا نستناو كل يوم مافهمنا والوا
audio_000084.wav,عندي مشكل فل wifi مكاش راهو من ربعة تاع لعشية حتا دوك راهي طناش مازال مطلقتوهاش كفاه دوك معكم
audio_001327.wav,مكان والوا لواحد راه كره حياتو من connexion نتاعكم ثقيلة رهج
audio_001614.wav,ياخي عندنا reseau قريب خمسطاش نيوم مكانش شاعل لون احمر في modem رحنا شكينا محبوش يخدموه
audio_001110.wav,اوكي ليكيب دك راح نجربو سرعة البعث ولا upload كيما على بالكم من ثمانين mega طلعوهالي
audio_000641.wav,لحد الان موصلتناش الياف البصرية في الجلفة بلدية حاسي بحبح
audio_001456.wav,عشرين mega تلحقني لعشرة الخدمة من السيئ للاسوء
audio_001733.wav,في منطقتنا internet مقطوعة منذ اكثر من شهر cable نحاسي
audio_000102.wav,رانا قريب ثلاثة شهر ملي دينا modem و مكاش تركيب
audio_000758.wav,انا عندي يومين مين درت اشتراك تاع شهر اليوم خلاصتلي علاش كملت هاك نتمنى تجاوبوني
audio_000625.wav,ارجو الرد على الرسالة درت تبليغ بمشكل انقطاع حرارة الهاتف و internet و طلبت توقيف
audio_001889.wav,سلام عندي probleme reseau في quartier كامل
audio_001283.wav,الجزاير و djezzy و فيها بزاف les cour en ligne هكذا يقدر وليدك ولا بنتك يتبع les cour تاعو direct من هذي la tvbox يعني ماهيش
audio_000583.wav,وين راو modem fibre عندنا عام و حنا نستناو كل يوم تبلعطو فينا
audio_001249.wav,و اذا بدلتوهم ديرو enregistrer باش يتوريجيستراو les changement تاعكم
audio_000440.wav,service بطيء بزاف في المعالجة
audio_001064.wav,على قد ما استطيع نشرح لك وشنو هو الاختيار الافضل الي لازملك في المنزل تاعك
audio_001801.wav,نحن سكان حي ستمية مسكن عدل مسرغين بدون internet منذ ثمانية شهر
audio_000305.wav,لي جميع مشتركين idoom 4g قاطعوها خطرش راهم يطلعو مشتركين علي ظهركم
audio_001063.wav,و كانت هذه هي video تاع اليوم اذا حبيت معلومات اكثر رانا تقريبا كل يوم live
audio_000931.wav,واش من تكريم الزبون والله افقر الدول الافريقية عندهم احترافية عليكم في العمل
audio_000462.wav,رانا نستناو عندنا عامين و حنا نستناو و مكاين والوا
audio_001338.wav,انا كل منروح نسقسي يقولولي قريب توصل توالكم راني في ثلاثة سنين
audio_000536.wav,اطلقولنا connexion يا الرب العالي عيينا و حنا نحلو فيكم
audio_000795.wav,و غدوة فيها حجب لمواقع التواصل الاجتماعي ولا لالا
audio_000232.wav,adsl راهي في حاله ضعيفة بزاف واحد mega مكاش
audio_001321.wav,connexion تاعكم على العام ماتخليناش ندخلو لحتى site
audio_000810.wav,ممكن تعطونا حل على كيفية الغاء اشتراك فضاء الزبون
audio_000611.wav,bonus راو قريب يخلاص و انا راني نستنا دورك ثلاثة سمانات
audio_000621.wav,نتمنى ديرو حاجة على المواقع هذا الاجراء واجب عليكم
audio_000427.wav,لازم application تتصلح و تتحدث في اقرب وقت
audio_000783.wav,شحال من خطرة نحاول نسجل في فضاء الزبون لكن للاسف كلها بائت بالفشل
audio_001203.wav,donc بقات حمرا هكذا une demi journee من بعد مع العشية خلاص
audio_000122.wav,اخي الكريم تحياتي كي تبدل السكن من ولاية الى ولاية اخرى هل تستطيع دير تحويل للخط نتاعك معاك
audio_000255.wav,المشكل راه بالموقع طلعت تطبيق my idoom و قدرت ندخل
audio_000088.wav,عيينا وحنا نسجلو في فضاء الزبون يقولك رقم الزبون خاطيي مافهمناش كيفاه
audio_000312.wav,كي تبدلو les cable adsl في الاحياء الشعبية العريقة الى ftth تم اهدرو على العروض و الوقت الي بقى
audio_000972.wav,غير الخرطي فالصح والله ماسمعنا بيه
audio_000577.wav,اريد معرفة عن الاشتراك في خدمة internet
audio_000831.wav,رانا في عامين و هوما يقولو مكاش modem
audio_000153.wav,علاه منقدرش نسجل في فضاء الزبون للعلم انا جديد الموقع نتاعكم حابس
audio_001663.wav,مانعرف خو راهم يتمسخرو بينا و خلاص ناس عندهم و ناس ماعندهمش
audio_001883.wav,سلام facture تاعي فيها زيادة مش مفهومة
audio_001445.wav,الكوابل معلقة بدون internet مافهمت اذا عاملينها لزينة ولا واش
audio_001771.wav,بلدية بن مهيدي ولاية الطارف لا fibre و لا هم يخزنون
audio_000591.wav,كل المنشورات تاعكم تتحدث على fibre و adsl نسيتوه
audio_000076.wav,ربي يهديكم و خلاص شهرين و حنا حابسين modem راكب ماقيمتوناش ماجا حتى واحد ماخدم ولا حتى هدر معانا
audio_000504.wav,الجلفة عندنا عام ملي خلصنا و مازال modem مكاش كيفاش الحل
audio_000411.wav,من فضلكم la ligne تاعي elle est endommager
audio_000067.wav,علاه ماعلابالهمش وين راه كاين fibre و مكاش و وين محتاجين fibre و وين لالا
audio_001598.wav,كم سعر العرض الشهري لعرض ثلاثين mega
audio_001524.wav,حنا في الجلفة قالو مكانش modem و انتم تقولو كاين كيفاه نعرفو خبر رسمي
audio_001884.wav,عندي مشكلة transaction avec paiement en ligne ماتكملش
audio_001601.wav,fibre ماوصلش تبدا الاشغال و تحبس و الان الاشغال حابسة كامل كل عام اصبر العام جديد
audio_001157.wav,و تدخل رقم الهاتف في الموقع يقولك internet الي تقدر ديرها هي adsl عشرين mega الي عندو معلومات
audio_001025.wav,ياو ديرونا fibre و من بعد ساهل
audio_001840.wav,كي تشري modem جديد شحال يقعد باش يولي يمشي
audio_000989.wav,عندي خمسطاش يوم ملي خلصت عطاوني modem وين مانروحلهم يتمسخرو بيا
audio_000189.wav,زيدوا اخطونا برك من انقطاع internet رانا خاطينكم حنا
audio_000349.wav,شحال من خطرة نحاول نسجل في فضاء الزبون لكن للاسف كلها بائت بالفشل
audio_001682.wav,في سكيكدة مكاش fibre خلاص نص بلديات سكيكدة مافيهمش fibre خلاص
audio_001680.wav,رجعولنا internet يهديكم ربي من صباح و internet مكانش
audio_001228.wav,كاينة تاع trois cent giga بميتين و خمسين الف valable deux mois كاينة تاع quatre cent giga
audio_000292.wav,الموظف الي في la caisse كان خفيف وظريف يعطيه الصحة
audio_001303.wav,ريڨلولنا مشكل internet لي راهي مكوبية من الجمعة لا خبر عيينا شكينا جرينا النافع ربي
audio_001200.wav,كاين هذ l'endroit وين كاين هذ la fleche donc تنحيو هذ le truc
audio_001335.wav,طلقو connexion والله بزاف يومين ملي خلصتها و مكان والوا
audio_000106.wav,كي مكاش منافسة ذوك ديرو نتوما رايكم
audio_001235.wav,و اذا حبيتوا تشوفو كامل les offre الي كاينين تقدرو توكنسولتيو هذ la page في le site تاع algerie telecom و تشوفو كامل les offre الي عندهم
audio_001143.wav,تجربة deja و مدولي ثمانين برك اصبر نطفي routeur en cas وين راني داير خيط معلبليش نطفيه
audio_000599.wav,بجاية بالضبط سوق ثنين لا يوجد رغم الطلب الكبير عليها من طرف السكان
audio_000112.wav,ماكن والوا ni service client ni خدمة شابة
audio_001895.wav,عندي ligne telephonique مقطوعة
audio_000562.wav,دخلت اشتراك جديد و خلصت الف dinar و لكن طلقولي فقط ثلاثين mega
audio_000260.wav,حبيت جاوبوني هنا هل عمال fibre هم شركة خاصة و هل هم تابعين لاتصلاتكم
audio_000029.wav,مكاش les modem fibre رانا في عام و نستناو و مكان والوا
audio_001465.wav,العفرون مكانش فيها fibre نهار ديروه مدولنا هذو العروض
audio_001388.wav,للاسف عروض ليست بالمقنعة مثلا عرض مية الف ينتهي بلمح البصر و عرض مية و خمسين سعره مرتفع
audio_000740.wav,cable عندو شهر مقطوع مكاش لي شاف فيه
audio_000466.wav,كي تمدولي رقم زبون في الخاص ندخل ليه ردو عليا في الخاص
audio_000607.wav,دوك راو كلش بالبطاقة الذهبية واش ندير عند djezzy
audio_000398.wav,site تاعكم bloquer و مايفتحش كامل
audio_000206.wav,راهي مقطوعة عندي في بلعباس راهم يقولو مشكل تاع cent quatre vingt treize logement و شنو هذو
audio_000580.wav,شارع لي قدامنا ملي جات حاجة اسمها la fibre عندهم
audio_001433.wav,واش بيها connexion راحت تقريب نص ساعة شاعلة علامة صفراء طفيت و عاودت والوا
audio_000992.wav,كيف يمكنني الاشتراك في هذ العرض الترويجي
audio_000444.wav,نحب تفاصيل على abonnement المناسب لي
audio_001361.wav,رانا نعيطولكم ردو علينا راه internet مقطوعة عندي
audio_000380.wav,مكاش ڨاع suivi على dossier تاعي نهائيا
audio_000245.wav,خصنا خريطة للمشاريع ولاية عين الدفلى بلدية طارق بن زياد كل واحد واش راو يقولنا
audio_001778.wav,عن اي modem تتحدث لدينا خمسة شهر و نحن ننتظر modem nokia
audio_000395.wav,je veux نشوف facture بصح application bloquee
audio_001122.wav,و هذاك ping ميطلعش زعما ميتين و ربعمية من بعد يولي فهمتني هذو les pique مكاش و هذي حاجة متعة
audio_000473.wav,ارفعولي انشغال في مايخص تغيير الاشتراك لان الحالي لا يوجد بشبكتم و وكالاتكم
audio_001806.wav,دخلونا fibre للدار بالسبت و لدروك مازال مكاش connexion
audio_001644.wav,معليش دخلونا fibre برك و نسلو تاع un giga ماشي trente mega
audio_000555.wav,كيفاش نعرف الرقم الهاتف الجديد مشكل انو مابعتوليش الرقم
audio_001712.wav,ركبو modem fibre عندي خمسة و عشرون يوم و انا انتظر مازال واش السبب
audio_001199.wav,اول حاجة تجبد هذ la puce تنحيها منا تركبها في modem كيفاش تركبها donc مور modem
audio_001213.wav,راهو ملك algerie telecom و لوكان ماتريسبيكتيوش les condition تاعهم
audio_000872.wav,كيف يتم تفعيل العرض من فضاء الزبون
audio_001851.wav,idoom market لقد تم استلام الطلبية شكرا جزيلا لكم
audio_001256.wav,و bien sur تقدرو تبدلو le mot de passe تقدرو باش تبدلو mot de passe لازم تسيزيو mot de passe actuelle
audio_001137.wav,دارو الخيوط تاع la fibre و ماشي تيوات عندي meme صاحبي gld واش راك حفرولهم و دارولهم الخيوط
audio_000628.wav,نقدر ندير modem وحداخر في الطابق الاول مع العلم
audio_000499.wav,internet و الهاتف مقطوعين من البارح ردو على الخاص
audio_001184.wav,التحميل كيما انا وريتلكم من قبيل كنت نحمل خمسة و ثلاثين mega octet يعطيهم الصحة مرة اخرى الناس لي
audio_000454.wav,quinze mega بثمن الفين dinar غالية لازم الثمن يهبط الى الف dinar l'internet اصبحت من الاساسيات
audio_000603.wav,فريق الابطال ربي يوفقكم ديما شكرا جزيلا على الاحترافية العالية و الاخلاق المشهودة
audio_000191.wav,بزاف مناطق مافيهاش تغطية 4g مثلا بني قبوش بلدية الحدائق ولاية سكيكدة
audio_000036.wav,شهرين مين دينا modem تاع la fibre و التركيب مكاش
audio_000918.wav,بالنسبة idoom adsl ماذا نستفيد
audio_001006.wav,المجد و الخلود لشهداينا الابرار الاخيارو تحيا الجزاير
audio_000976.wav,كفاه نعرف اذا نقدر ندخلها ولا مازال
audio_000493.wav,من بارح على ثلاثة تاع عشية نقطعت internet حتى الوقت الحالي مازال مجاتش
audio_001439.wav,راه عندي قريب شهرين ملي جبت modem و دفعت تكاليف التركيب الى حد الان مركبوليش عن وكالة باب الوادي اتحدث
audio_001396.wav,عندي خمسطاش نيوم ملي خلصت و ركبولي و مازال ماطلقوش
audio_000495.wav,fibre لسكان الباطيمات فقط باقي الشعب ليس في الحسبان
audio_001675.wav,يا ايمان يهديك ربي راها internet مقطوعة منذ ثلاثة جوان
audio_000392.wav,application ماتخدمش و كل مرة تعطيني erreur
audio_001059.wav,سادسا و هنا رانا لحقنا لمسقي هنا تبدا تخلص papa
audio_000021.wav,مشترك عشرين mega تلحقني عشرة عامين و انا نشكي مازال ماحبوش يخفضو التدفق راكم تاكلو في حق الناس
audio_000566.wav,راني مخلص حق ثلاثمية mega راهي توصل غير خميس
audio_000573.wav,اخر رسالة بعتهالكم عندها ثلاثة سنين لحد الساعة مرديتوش عليها
audio_000698.wav,connexion راكم منقصيلها بزاف علاه راكم ترهجو فينا
audio_000530.wav,مكان حتى مصداقية شهر ملي بلاصولي modem fibre و مكاش لا تليفون لا internet
audio_000727.wav,هذا الحوايج نسمعو بيهم برك ونشوفوهم في الاشهار
audio_000435.wav,واش هذ la qualite تاع service
audio_000999.wav,حساب للعمل شركة احتقار واش يجيك منهم
audio_001171.wav,و لقيتها لالا و درت capture باش نقولك بلي راني درت تجربة و لقيتها لالا و بلاك عندك modem zte ولا هواوي ماشي كيما تاعي
audio_000666.wav,internet تطير غير في الاعلانات
audio_001268.wav,من هنا المنفذ الي تدخل فيه la puce تاع djezzy او تبرونشيه direct مع modem
audio_000059.wav,عام وانا نستنا في modem لا يوجد كرهتونا و غير ماتجوبونيش كيما لمرات لي فاتو حفظكم
audio_001185.wav,حسنة هكذا و على كل حال ليكيب والله غير كانت صدمة صدمة اكتشفناها مع بعض سمحولي اذا كان la video جات
audio_001677.wav,نهار تكون كاينة la fibre فتيقزيرت وين نسكن و من بعد ساهل
audio_001251.wav,عندكم les parametre de securiter عندكم filtre
audio_001266.wav,نلقاو telecommande bluetooth الي راكم متعودين تشوفوها و المهم كامل في هذي العلبة هو twinbox هذو كامل من عند dlink معالج
audio_000924.wav,كيفاش ندير باش نسلف ثنين و سبعين ساعة internet
audio_001363.wav,اشتراك مية و عشرين mega منذ اكثر من عام و نص و تلحقني اكثر شي خمسمية او ستمية mega و في المتوسط ثلاثمية mega
audio_000178.wav,انا حاب اتصالات الجزاير هي لماشي حابة يكون la fibre عين الترك وهران راكم سامحينا فيهم
audio_000503.wav,عنابه اكثر ولاية مهمشة الاشغال فيها تسير ببطئ شديد
audio_000661.wav,كي يولي التطبيق و فضاء الزبون يمشي قبل
audio_000550.wav,رجاء الرد في الخاص رانا بلا connexion في سمانة هذي
audio_001189.wav,تاع algerie telecom le modem 4g donc le modem هذا شريتو البارح و حبيت نبارطاجي معكم l'experience تاعي
audio_001546.wav,عندنا ستة ايام فجباحية بلا wifi و مكاش حتى تدخل من عندكم
audio_000991.wav,اصلحولنا internet لي راهي مكاش من يومين و من بعد ساهل
audio_000554.wav,من الافضل تخلوه يمشي حتى بعد انقطاع internet
audio_001069.wav,كيما انا من الاخر كيما على بالكم fibre هنا في الجزاير فيها بزاف عروض و كيما حوست في internet في youtube باش نقرا على هذ العروض
audio_001260.wav,دوك نشوفوها par rapport modem هذا دوك نروح le site هذا
audio_000892.wav,قولو لهم لازم wifi six باش توصلهم
audio_001696.wav,سلام عليكم عندي استفسار ركبنا modem fibre البارحة متي موعد اطلاق internet فيه
audio_000942.wav,مرهقة و متعبة خدمات adsl اليوم
audio_001751.wav,هل هذا يعني اننا سوف نحصل على شهر او شهرين internet مجانا
audio_000888.wav,نخاف نطلعها لستين mega تزيدو اسعار التضخم ياحميطوش
audio_000217.wav,fibre هذا رجعتوهلنا حلم الفين و خمسة و عشرين مازال ملحقناش fibre نظن احفادنا يلحقوا على fibre عييتونا بدراهمنا و مسعيناش connexion
audio_001004.wav,راني نبعت message متردوش علبالي الضغط كبير بصح يرجى الرد
audio_001873.wav,سلام internet عندي coupure totale من الصباح
audio_000026.wav,حنا في بوعينان المسكينة رانا بعاد زعما المدينة الجديدة adsl و مكاش نتا تقولي la fibre
audio_000699.wav,oui راهي تطير امنتكم حق ربي راهي تزحف
audio_001725.wav,نتمنى عودة عروض فصل الصيف كاملا على idoom 4g رغم ضعف التدفق
audio_001671.wav,عندي سنة و نصف و انا انتظر في modem لكن لاحياة لمن تنادي
audio_001811.wav,حي عدل الف و مية و تسعين مسكن اولاد فايت انقطاع internet fibre يوم كامل
audio_001174.wav,يديرو هكذك تاع باطل على خاطر عندهم ضغط باش الجزاير كامل تدير la fibre des fois تاني يديرو عروض par example العرض الي كان
audio_001092.wav,بلي كنت نلعب خمسين وليت نلعب ثنين و عشرين اني نكذب راني نكذب خوتي حتى حاجة ماتبدلت في ping
audio_000712.wav,ياو راكم بعاد عايشين في العاصمة بلا internet
audio_000085.wav,خميس الخشنة حي اولاد سالم مازال مكاش خط هاتف اصلا و نحن في الفين و خمسة و عشرين كيف سننتقل
audio_001642.wav,internet ناقصة خلاص fibre في ولاية خنشلة من ثلاثة ايام
audio_000618.wav,كيفاه نبدلو و الاحياء تاعنا مازالت بالطريقة القديمة و لم تعملوا لها الالياف غريب امركم
audio_000209.wav,شهر modem راكب للاسف الشديد لا حياة لمن تنادي pour activer l'internet
audio_001609.wav,يوجد مشكل في هذ internet تنقطع بدون سبب و مصالح اتصالات الجزاير غير موهلين لتسيير هذه المشاكل للاسف
audio_000156.wav,بشحال يدخل modem fibre لدار بلخيوط تاعو بلباطة بكلش شحال
audio_000407.wav,وين نقدر ندفع facture تاع internet
audio_000813.wav,خدمة فضاء الزبون معطلة في الموقع منذ مدة
audio_000769.wav,المشكلة انني تقدمت بملف طلب ربط بي internet من حوالي شهر و لكن لا شي يدرك
audio_001650.wav,اصبر يلحقو fibre لعندنا هذا اذا لحقوه امبعد ساهل
audio_000053.wav,فرحت بزاف كي جابولنا la fibre للحي نتاعنا خدمة فور
audio_001381.wav,انا درت تعبئة بالبطاقة الذهبية و لم اجد bonus
audio_000638.wav,ضحكتوا علينا برك درنا الي لازم و خدعتونا و مكله تقولي فالتعليق مرحبا بكم
audio_000336.wav,4g راهي تسلك في السفر نخدم بيها youtube normal
audio_001790.wav,رجعولنا connexion تاع 4g راهي مكاش كامل رانا في ربعة ايام
audio_000344.wav,حبيت نسجل في فضاء الزبون لكن يقولي الرقم خاطئ ماعرفتش اين الخلل
audio_000756.wav,انا نقولو المرقة مالحة و هو يبدلي في لمغرفة
audio_000525.wav,كم يبلغ سعر الاشتراك للهاتف الثابث في fibre
audio_001297.wav,علاه internet راهي مقطوعة مع العلم راني مخلص
audio_000447.wav,شكرا على الدعم و التدخل السريع
audio_001724.wav,في ولاية جيجل هذا شهر و مكان والوا عطولي modem
audio_001292.wav,fibre راح يوصلنا في deux mille quatre vingt حتى نموتو
audio_000259.wav,كلامك يبين مستواك ثانيا عندي ثلاثمية mega نخلص ثلاثمية الف في شهر internet قوة
audio_001654.wav,متى يتم تصليح كوابل internet بمختلف احياء دايرة الذرعان ولاية الطارف
audio_001510.wav,ياليلى يهديك ربي راني ثلاثمية mega
audio_000042.wav,وين راه modem fibre عندنا عام و حنا نستناو كل يوم تبلعطو فينا
audio_001491.wav,سلام عليكم حنا مركب كلش عندنا و لكن internet مكانش تقريب شهر حاليا
audio_001850.wav,مدولي modem تاع fibre عندو ثلاثة شهر الجيران ركبولهم وانا مركبوليش و المقاول راح
audio_000064.wav,عندي اسبوع مكاش connexion و كي تتصل بيهم يقلك ماعندنا ماراح نديرور
audio_000083.wav,شهرين و حنا في نفس مشكلة و مكاش حل نهائيا مسكن
audio_001473.wav,ريڨلولنا مشكل تاع internet رانا كرهنا ثلاث ايام fibre مكانش
audio_000460.wav,دير كيما انا درت انا و فضاء الزبون من googla و تهنيت
audio_001374.wav,شوفولنا internet متذبذبة في باتنة من الصباح الى حد الوقت هذا
audio_000107.wav,برج الكيفان اظنها من العاصمة خارج تغطيتكم احشموا بركاونا ملكذب
audio_001615.wav,في وسط مدينة الشلف لحد الساعة مكانش كامل fibre
audio_001685.wav,fibre لم يتم تفعيلها الى حد الساعة في شارع بوريدح الصديق
audio_001378.wav,وعلاه راكم تقطعولنا connexion فنهار و ترجعوها فليل ساعة مكانش خلاص ساعة modem متصل و connexion مكانش وقتاه تريڨلوها رانا نعانو منها بزاف
audio_001536.wav,دخلت اشتراك جديد و خلصت مية الف و لكن طلقولي فقط ثلاثين mega
audio_000517.wav,علاه internet راهي مقطوعة مع العلم راني مخلص برديدة
audio_000864.wav,رجعوا علينا في خاص مشكل internet لا توجد
audio_001817.wav,كفاش نشتركو و نتوما ولاية باتنة حي بارك فراج ملحقھاس fibre
audio_001168.wav,ping يهبط بزاف و درنا test علاش تفكروني علاش و ping مهبطش
audio_000692.wav,المهم ماتنساوش غدوة لازم تقطعو l'internet المليحة تاعكم
audio_000670.wav,راهم يديرو في الشيعة برك باش يبينو روحهم
audio_001551.wav,رانا في ثلاث ايام internet كارثة لا بيان لا تفسير كلي مكان ولوا
audio_001657.wav,علاش تتمسخرو كيما قالو الهدرة ساهلة mais الخدمة مكاش
audio_000671.wav,عقد الاشتراك لي فيه رقم الزبون ضاع مني كيف يمكنني الحصول على مرة اخرى
audio_001312.wav,لماذا لا تردون في الخاص لقد طرحت انشغالي و لكن لا حياة لمن تنادي للاسف
audio_000533.wav,نور محمد على حساب كل اسرة و شحال فيها
audio_001257.wav,تسيزيو mot de passe الجديد و تكونفيرميوه donc انا هكذا درت جيت هنايا كتبت هنا admin
audio_000373.wav,درت demande fibre ومازال حتى واحد ما عيط
audio_000946.wav,هل هناك اجراءات او تخفيضات بتبديل modem الجيل الرابع مع modem جديد
audio_000278.wav,منطقتي تدعم la fibre بصح لا اعلم كيف ادخلها كيفاش اقدم طلب
audio_001754.wav,مشكل في internet fibre هذا اليومين نرجو اصلاح مشكل
audio_000172.wav,كاين الخدمات في internet و فضاء الزبون خلو الخدامة تعيد و تريح واش بيكم
audio_001271.wav,كيما تشوفو تمشي على version douze تاع android tv pour هذ modele twinbox
audio_001156.wav,على كل حال سوال جديد هل اذا كانت للمنطقة لم يتم تغطيتنا بي internet fibre
audio_000807.wav,modem عندو شهر من ربعطاش مارس و مازال ماركبوش التوصيل عن اي خدمة تتكلم
audio_000056.wav,الالياف البصرية كي تحبو ديروها شوفو مقاولين ناشطين ماشي تجيبو الفاشليين يخدمو عام و نص مازال مادارولناش مضحكة هذي
audio_001799.wav,عندنا ثلاثة ايام و internet فيها مشكل كبير حاجة ماتمشي
audio_001409.wav,عندي مشكل في wifi مكانش رهو من ربعة تاع لعشية حتا دوك راهي طناش مازال مطلقتوهش كفاه دوك معكم
audio_000958.wav,كم هي مدة العرض التي تكون بعد الشهر
audio_001662.wav,اريد تفعيل فضاء الزبون معلومات بعثتهم فى خاص و شكرا
audio_000829.wav,لم اتمكن من الحصول على رقم الزبون عبر موقعكم رغم ان كل بياناتي صحيحة
audio_000689.wav,internet مقطوعة عندها نهار ردو على انشغالنا
audio_000797.wav,اودي ريڨلو connexion و فضاء الزبون دخلت درت الشكوى من تم رجع منقدرش ندخل ليه
audio_000060.wav,الناس ساكنى في جبل وصلها fibre وحنا في وسط البلاد مازال خطنا غير موهل
audio_001706.wav,رمز التحقيق تاع gmail ميلحقش في my idoom مالاشكال
audio_000893.wav,خمسة شهر cable adsl مقطوع وسط مدينة البليدة واحد ماتحرك من اتصالات الجزاير
audio_000559.wav,واشبيها connexion تاعكم من البارح و اليوم تتقطع و كاين تذبذبات
audio_001750.wav,اريد modem 4g ماذا يلزمني و ماهي عروضه و هل استطيع طلبه عن بعد
audio_001000.wav,اريد تفعيل فضاء الزبون معلومات بعثتهم فى الخاص و شكرا
audio_001632.wav,من فظلكم لديا تقطعات كثيرة على مستوى الثابت و internet قمت بارسال انشغالي على الخاص
audio_001119.wav,على كل حال نخلص ربعمية و خمسين الف في الشهر و لوكان نخلص عام complet ولا شهرين ولا شهر تسقاملي كيف كيف exacte
audio_001332.wav,نسقسيكم fibre عادي الي بلا اشتراك زيادة السرعة كم mega
audio_001506.wav,حسنو من تدفق internet و ساهل الحال
audio_000799.wav,وقتاش يوصلو la fibre لحي سيدي بوغفالة في ورقلة
audio_001701.wav,شكرا لكم على سرعة الاصلاح اخر مرة العقوبة fibre
audio_000721.wav,fibre هذا نسمعو بيه من عشر سنوات و مازال ما شفناهش رانا مازالنا في التسعينات
audio_000013.wav,و modem nokia مش راح جيبوه رانا في عام و نص و حنا نستناو في سطيف
audio_001528.wav,الله يهديكم راني من اكتوبر ماركبتوليش حتى internet العادي
audio_000780.wav,حسنو جودة internet و من بعد ساهل
audio_001180.wav,mega octet par seconde مرة اخرى خوتي يعطيكم الصحة على التعليقات في هذيك video المليحة ماشي كيما هذا هذا يهدر برك
audio_000041.wav,ارواحو شوفو فينا راهي ربعة شهر و نص مكاش connexion شكيت الف مرة
audio_001529.wav,اشتراك ستين mega تلحقني ستة و عشرين mega عييت مانريكلامي والوا
audio_000798.wav,حسنو من تدفق internet و ساهل الحال
audio_000861.wav,حنا كرهنا من adsl لا connexion تصلح لا والوا عندنا ربعة شهر و حنا نعانيو
audio_000424.wav,شكرا على التدخل السريع تاعكم
audio_000128.wav,موقع نتاعكم فضاء زبون مراهش يخدم واش هو سبب
audio_000852.wav,يجب احترام الاولوية للزبائن القدامى ليس للزبائن الجدد علاه هكا علاه
audio_000955.wav,لكن هل نمتلك سرعة internet في الجزاير تتوافق مع تقنية wifi sept
audio_001112.wav,حداش دقيقة وبعض الثواني و سرعة البعث كانت خمسة و خمسين mega راح نديرو تجربة بي fichier فيه ربعة فاصل ربعطاش giga
audio_000678.wav,لازم منافس لاتصالات الجزاير خدمة رديئة جدا
audio_000835.wav,اقسم بالله غير الشعب هارب عليكم بسنوات ضوئية
audio_000850.wav,اي فخر خمسة شهر انقطاع internet عن حي كامل في البليدة دون تدخل في الفين و خمسة و عشرين
audio_001639.wav,رانا في ثلاثة شهر ملي ركبولنا modem جديد و مازال مطلقولناش internet
audio_001616.wav,علاه راهي مقطوعة مع علم راني مخلص connexion
audio_000313.wav,وين راه الي راح يتمحن معاكم و connexion زبل
audio_000785.wav,خالد هلوب كوباوها علينا هذا كل شيء
audio_000474.wav,خلف modem الاخ راهي متصلحش الطريقة مكلاه تكسر راسك
audio_000309.wav,انا انخلص كل شهر ميتين وخمسين الف و لم استفد من خدمة fibre
audio_001749.wav,واش ندي معايا للوكالة التجارية لكي يتم تحويل adsl الى fibre و شكرا
audio_000166.wav,ريڨلولنا مشكل internet لي راهي مكوبية من الجمعة لا خبر عيينا شكينا جرينا النافع ربي
audio_001107.wav,ربعين mais الاغلبية تاع الوقت كنت نلعب مابين خمسين لستين شو شو ثمانية و ثلاثين تسعة و ثلاثين يبقى غير ثمانية و ثلاثين تسعة و ثلاثين و حاجة
audio_000655.wav,نتما غير تاع هدرة هذ الهماج كامل و مازلتو تحرشو بينا
audio_000688.wav,امواج البحر نفس المشكل معاناة مع هذ التطبيق
audio_000557.wav,تشوف الرجال وين وصلو و اتصالات المغرب عالم جديد يناديكم وين راهم تنخلع
audio_000481.wav,connexion تاعكم باله حاجة متصلح فيها وخدماتكم جد متدنية
audio_000586.wav,يا موطن توجه للقضاء و جيب حقك هذي الشركة ماينفع معها والوا
audio_000159.wav,كي تكون سرعة internet ثلاثين mega كم سعر الاشتراك في الشهر idoom fibre
audio_000901.wav,قاعدين نربحوا في العيب معاكم برك
audio_000563.wav,وجوهكم و غاسلينها ببول الحمير قالك السرعة
audio_000490.wav,يا ناس رانا نعانو من تقرت شوفو فينا شويا
audio_000993.wav,modem غير متوفر في الوكلات عندنا مدة و حنا نسناو
audio_001068.wav,و الي معندوش ان شاءالله يا ربي في اقرب وقت على كل حال normalement الجزاير راح تكون مغطية كامل بي la fibre
audio_000568.wav,مبادرة حسنة تستحق التثمين في ميزان حسناتكم جميعا
audio_000507.wav,ماقولتوش بلي ركزو مع الامتحانات لانو مكاش internet
audio_000531.wav,في حياتي ما شفت شركة تستهزا بناس كيما نتوما
audio_000922.wav,واش من جديد في عنابة رانا حاصلين بلا internet
audio_000973.wav,شكون عندو الخط هذا وراه يستخدم فيه
audio_000326.wav,ارفعولي انشغال في ما يخص تغيير الاشتراك لان الحالي لا يوجد بشبكتم و وكالاتكم
audio_000914.wav,و لي عندو ثلاثين mega من الاول كيفاش
audio_001306.wav,واش من اتصالات عندنا واحد سنة ملي جبنا modem و مكانش بوطو تاع البواطة كل مانشتكوا تقولولنا رانا جايين حداش ديسمبر
audio_000874.wav,كملتلي internet ليوم الجمعة كيف اتسلف
audio_001034.wav,كملولنا برج بوعريريج برك عمروها كل نديرو la fibre و موفقين
audio_000907.wav,ولي عندو منذ مدة ثلاثين mega
audio_000650.wav,من فضلكم ياتصالات الجزاير اعطاوني رقم الهاتف الثابت جديد و الله غير لا حياة لمن تنادي
audio_001220.wav,d'accord و اذا صرالكم هذ le cas في deuixeme mois
audio_001145.wav,فرانكفورت هبط لثمانية و ربعين لاول مرة نشوف ثمانية و ربعين فرانكفورت لثمانية و ربعين فرانكفورت paris واحد و خمسين راح ندخلو
audio_001760.wav,حتان تسڨمو reseau internet من بعد ساهل راها كارثة اتصالات الجزاير
audio_001258.wav,donc voila درتلكم un petit tour مش راح ندخل في les detail كامل
audio_000274.wav,تطبيق my idoom كي نسجل تقلي هذ الحساب موجود
audio_000935.wav,و حنا الي شرينا modem ميتين و خمسة و عشرين الف كيفاه
audio_000249.wav,راني في شهرين و خمسة ايام بلا internet خمسين reclamation النافع ربي
audio_000511.wav,بصح كيف كيف مع العادية غير upload الي طالع
audio_001142.wav,ثلاثمية mega درت تجربة و راح نديروها دوك ليكيب راح نحيو الخيط من routeur و نديروه في modem direct و نديرو test
audio_001756.wav,ريڨلو ping راهو عندكم مشكل في internet هذ اليامات adsl
audio_000952.wav,راني حايب نديرها باسم خويا عسكري شحال تخصمولهم و قداش نخلص
audio_001061.wav,differance بالك تاع ثلاثين الف ولا عشرين الف في الشهر يعني ميتين ولا ثلاثمية dinar جزايري في الشهر فقط
audio_000361.wav,راني نخلص vingt mega ويوصل غير cinq mega
audio_000449.wav,equipe professionnelle وتعامل مليح
audio_000871.wav,راني مخلص ميتين و ربعين mega توصل غير عشرين mega وين راهو المشكل
audio_000219.wav,رانا في ربعة شهر بلا internet رغم شكاوي متكررة والله ما حبو يخدموها
audio_000012.wav,وقتاش تطلقولنا internet كلش راكب و مازال ماطلقتوهاش عندنا نهارين نستناو والوا
audio_000303.wav,واش من fibre واش من خدمة التطور و التقدم zero
audio_000500.wav,الفضاء مابقاش يخرج الفواتير و العمليات و خدمة الدفع الالكتروني راهي تدي دراهم و ماتتخلصش internet
audio_001457.wav,شكون عندو فكرة كيفاه نهبط تدفق internet من عشرين الى عشرة من فضلكم
audio_001013.wav,بويحية دير اسمك تحت التعليق
audio_000787.wav,صراحة اتصالات الجزاير تحسنت بزاف السنوات الاخيرة
audio_000399.wav,compte تاعي ماراهوش يدخل نهائيا
audio_001179.wav,يولي ميتين الف خوتي ثلاثمية mega فور على كل حال بكري كانت سبعمية الف صح و دوك ولات ربعمية الف دوك راني نخلص ربعمية و خمسين الف
audio_000849.wav,احترمو عقولنا منشورات اتصلات الجزاير في مواقع التواصل و نشرة الثامنة كيف كيف
audio_000933.wav,modem wifi six ولا هاذاك القديم
audio_000150.wav,عطيتونا modem ورانا نستناو تردو علينا وتبعتولنا المقاول يركب cable من باطة لدار
audio_001252.wav,بي l'adresse mac etcetera عندكم mise a jour اذا حبيتوا ديرولو mise a jour modem تاعكم انا actuellement modem تاعي راهو a jour
audio_001664.wav,رانا حي كامل بدون internet اكثر من شهر ديرولنا حل
audio_001797.wav,حتي يوصل fibre و ساهل تشوف اعلانات تقول الجزاير كامل راهي بي fibre
audio_000095.wav,المشكل راني في عامين ملي درت طلب وهما يقولو مكاش modem
audio_001389.wav,الهاتف لا يستقبل ولا استطيع اجراء مكالمات مع انه بقيت سبعة دقائق هدية و فاتورة واحد غير مسدودة اين المشكل
audio_000302.wav,بلاد specifique la fibre غير في العاصمة و مشتقاتها الافضلية ديما تكون عندهم
audio_001697.wav,هل هذه الخدمة متوفرة في دايرة الاخضرية ولاية البويرة
audio_001640.wav,عندي شهر و modem في الدار و مازال مجاوش ركبوه
audio_000636.wav,انا انخلص كل شهر ميتين و خمسين الف ولم استفد من خدمة fibre
audio_001516.wav,ياو جاوبونا مقدرتش نخرج رقم الزبون معنديش الفاتورة و كي بعتولي رابط مقدرتش ندخل
audio_001566.wav,التدفق عندي شبه ميت هذي المرة الرابعة و هي تحصل معي هذي الحالة اتمنى الرد بسرعة
audio_000687.wav,في انتظار تفعيل خط fibre بسكرة وسط المدينة
audio_001508.wav,اتصالات الجزاير تلتزم بتحسين جودة الخدمات و تقريبها من المواطن
audio_001056.wav,داخل فيه speaker اي عفايس خفاف ما يدمونديوش سرعة internet
audio_000582.wav,شهرين modem كاين و مازال مرضاوش علينا يجو يركبولنا
audio_000174.wav,سلام عليكم كيف اغير رقم الهاتف على تطبيق idoom من فضلكم
audio_000348.wav,عندي زوج خطرات و انا نخلص بي baridi mob و ملحقني حتى bonus
audio_000970.wav,حي بارك افراج لحد الساعة ملحقلهاش la fibre
audio_001047.wav,ديرلو mot de passe الي حبيت من تم desactiver ولا وقف التفعيل تاع شبكة ثنين فاصل ربعة giga hertz
audio_001559.wav,واش قصة internet ضعيفة تقول راني في deux mille cinq
audio_000906.wav,وصلولنا fibre راو خطوة و ساهل الحال
audio_001425.wav,غرداية مية mega ناقصا بزاف و تذبذب في التدفق نرجعوها عشرين mega احسن
audio_000953.wav,كلش مركب internet يجيب ربي عييت منكم
audio_000660.wav,مافهمناش مليح العرض فيه modem ولا لالا
audio_001659.wav,مشكل راهو مرض connexion عندنا adsl تيارت mobilis افضل منها
audio_001188.wav,السلام عليكم مرحبا بكم في video جديدة في la video هذي انشاءالله راح نحكيو على le modem
audio_001791.wav,عندي fibre modem wifi cinq كيفاه نقدر نستفاد من wifi six
audio_001788.wav,صحيح و لكن مشكلنا الفضول و حب الاطلاع و هنا يتم الاصتياد بنجاح
audio_000588.wav,نقص فالتغطية التدفق ضعيف جدا سرعة لا تتجاوز مية bit
audio_000623.wav,انا واحد من الناس من الصباح نعيطلكم مركمش تجاوبو
audio_000001.wav,فكرة شابة بصح لوكان كاين طريقة تاني مليحة كون ديروها يعني تخلو المشتركين كل شهر يقررو واش من اشتراك يديرو
audio_001123.wav,جدا جدا هذا قالي في الفين و ثلاثة و راك demander في الناس باش ماتستعملش الطرق
audio_000832.wav,كلش واجد modem شاعل و مازال ماطلقو والوا
audio_000617.wav,خدمات رديئة لان لا يوجد منافس لا fibre لا internet
audio_001166.wav,عشرة mega تيليشارجي في خمسة دقايق ولا اكثر بشوية بلاك ستة دقايق و كنت نجبد بثلاثين mega par seconde و عندي هذي تاني
audio_001261.wav,الي هو اسمو fast تاع twitter خدمتو twitter
audio_000357.wav,راني نعيط على خاطر connexion ما راهيش تخدم ڨاع
audio_001868.wav,internet عندي راهي lente بزاف خاصة كي يكون streaming
audio_000862.wav,يالطيف شحال تكذبو على الناس وين راكم رايحين الى جهنم تاكلكم انشاءالله
audio_001825.wav,سوال فقط هل يتم ربط داخل المنازل ام شراء modem اولا
audio_000261.wav,modem عندي و mise en service ماطلقتوهاش ثلاثة شهر و انا نستنا بلا جدوى
audio_001459.wav,علاش تتمسخرو كيما قالو الهدرة ساهلة mais الخدمة مكانش
audio_000606.wav,بلديتنا قريب ڨاع استفادوا من الخدمة الى الحومة تاعنا الهدرة عليها و مكاش
audio_001589.wav,من فضلكم علجونا انقطعات internet راهي بكثرة الي متي نقعدو صابرين
audio_000669.wav,راني في ثلاثة سنين ملي قالولي سجل و دوك ندخلولك la fibre و مازال
audio_000837.wav,اطلقولنا la fibre في حي الويام الجلفة هذا مكان
audio_000634.wav,باش نفيبري لي راني ساكن فيها و مافيهاش fibre
audio_001039.wav,اليوم راح نحكوا على الطرق الي تخلي فيها سرعة internet تلحق لك بشكل كامل
audio_000616.wav,جاوبونا نقدرو نشر puce بلا modem ولا لالا
audio_001843.wav,اكبر مجمع سكني في حي ڨالمة حي الاخوات سعدان مافيهش la fibre
audio_001345.wav,صراحة افضل عرض لكن يجب تحديد سعر افضل من هذا
audio_001277.wav,و من غير هذي تقدر تربطو directement مع modem تعكم تاع داركم عن طريق cable
audio_001739.wav,ركبولي modem fibre عندو تسعة ايام و لحد الان internet لا توجد
audio_000144.wav,و انت خو كان عندك stable من الاول ولا كي ريكلاميت و شحال من وقت باش ولا stable
audio_000884.wav,fibre ولا حلم كل واحد والله لا عيب عليكم
audio_000746.wav,عيدكم مبارك و كل عام انتم بالف خير
audio_000404.wav,علاش facture طلعت اكثر من المعتاد
audio_001103.wav,ميتين mega يتسمى العرض gaming ماولاش gamer ولا للشركات ولا الخدمات المحترفة plus
audio_001065.wav,اذا عندك اي تساول بسيط نقدرو نجاوب عليه بسرعة تقدر بكل بساطة تحطهولنا التحت
audio_000004.wav,انا عندي يومين مين درت اشتراك تاع شهر اليوم خلاصتلي علاش كملت هاك تمتم
