audio_path,transcription
C:\Users\dell\Desktop\laststation\Audio_augmented\noise\audio_000001__aug_noise_01.wav,فكرة شابة بصح لوكان كاين طريقة تاني مليحة كون ديروها يعني تخلو المشتركين كل شهر يقررو واش من اشتراك يديرو
C:\Users\dell\Desktop\laststation\Audio_augmented\speed\audio_000001__aug_speed_01.wav,فكرة شابة بصح لوكان كاين طريقة تاني مليحة كون ديروها يعني تخلو المشتركين كل شهر يقررو واش من اشتراك يديرو
C:\Users\dell\Desktop\laststation\Audio_augmented\compression\audio_000001__aug_compression_01.wav,فكرة شابة بصح لوكان كاين طريقة تاني مليحة كون ديروها يعني تخلو المشتركين كل شهر يقررو واش من اشتراك يديرو
C:\Users\dell\Desktop\laststation\Audio_augmented\noise\audio_000002__aug_noise_01.wav,علاش ماقدرتش ندخل في الموقع فضاء الزباين حبيت نخلص ماراهوش يدخل compte ديالي
C:\Users\dell\Desktop\laststation\Audio_augmented\speed\audio_000002__aug_speed_01.wav,علاش ماقدرتش ندخل في الموقع فضاء الزباين حبيت نخلص ماراهوش يدخل compte ديالي
C:\Users\dell\Desktop\laststation\Audio_augmented\compression\audio_000002__aug_compression_01.wav,علاش ماقدرتش ندخل في الموقع فضاء الزباين حبيت نخلص ماراهوش يدخل compte ديالي
C:\Users\dell\Desktop\laststation\Audio_augmented\noise\audio_000003__aug_noise_01.wav,السلام عليكم جاو ركبو idoom fibre في الحومة بصح غير حنا مازال ماعطاولناش meme pas le modem
C:\Users\dell\Desktop\laststation\Audio_augmented\speed\audio_000003__aug_speed_01.wav,السلام عليكم جاو ركبو idoom fibre في الحومة بصح غير حنا مازال ماعطاولناش meme pas le modem
C:\Users\dell\Desktop\laststation\Audio_augmented\compression\audio_000003__aug_compression_01.wav,السلام عليكم جاو ركبو idoom fibre في الحومة بصح غير حنا مازال ماعطاولناش meme pas le modem
C:\Users\dell\Desktop\laststation\Audio_augmented\noise\audio_000004__aug_noise_01.wav,انا عندي يومين مين درت اشتراك تاع شهر اليوم خلاصتلي علاش كملت هاك تمتم
C:\Users\dell\Desktop\laststation\Audio_augmented\speed\audio_000004__aug_speed_01.wav,انا عندي يومين مين درت اشتراك تاع شهر اليوم خلاصتلي علاش كملت هاك تمتم
C:\Users\dell\Desktop\laststation\Audio_augmented\compression\audio_000004__aug_compression_01.wav,انا عندي يومين مين درت اشتراك تاع شهر اليوم خلاصتلي علاش كملت هاك تمتم
C:\Users\dell\Desktop\laststation\Audio_augmented\noise\audio_000005__aug_noise_01.wav,السلام عليكم بدلت modem و درتلو configuration في actel خط الهاتف يمشي عادي بصح internet مكاش وين راه المشكل
C:\Users\dell\Desktop\laststation\Audio_augmented\speed\audio_000005__aug_speed_01.wav,السلام عليكم بدلت modem و درتلو configuration في actel خط الهاتف يمشي عادي بصح internet مكاش وين راه المشكل
C:\Users\dell\Desktop\laststation\Audio_augmented\compression\audio_000005__aug_compression_01.wav,السلام عليكم بدلت modem و درتلو configuration في actel خط الهاتف يمشي عادي بصح internet مكاش وين راه المشكل
C:\Users\dell\Desktop\laststation\Audio_augmented\noise\audio_000006__aug_noise_01.wav,واش بيها connexion تاعكم هذي نطالبو بتعويض من صباح راني نطفي ونشعل في le modem راح يتحرق
C:\Users\dell\Desktop\laststation\Audio_augmented\speed\audio_000006__aug_speed_01.wav,واش بيها connexion تاعكم هذي نطالبو بتعويض من صباح راني نطفي ونشعل في le modem راح يتحرق
C:\Users\dell\Desktop\laststation\Audio_augmented\compression\audio_000006__aug_compression_01.wav,واش بيها connexion تاعكم هذي نطالبو بتعويض من صباح راني نطفي ونشعل في le modem راح يتحرق
C:\Users\dell\Desktop\laststation\Audio_augmented\noise\audio_000007__aug_noise_01.wav,سلام عليكم كي يجيك message تاع fibre واش لازم نديرو
C:\Users\dell\Desktop\laststation\Audio_augmented\speed\audio_000007__aug_speed_01.wav,سلام عليكم كي يجيك message تاع fibre واش لازم نديرو
C:\Users\dell\Desktop\laststation\Audio_augmented\compression\audio_000007__aug_compression_01.wav,سلام عليكم كي يجيك message تاع fibre واش لازم نديرو
C:\Users\dell\Desktop\laststation\Audio_augmented\noise\audio_000008__aug_noise_01.wav,modem راهو مدوهولنا بصح المقاول مازال مجاش باه اديرلنا cable تاعو
C:\Users\dell\Desktop\laststation\Audio_augmented\speed\audio_000008__aug_speed_01.wav,modem راهو مدوهولنا بصح المقاول مازال مجاش باه اديرلنا cable تاعو
C:\Users\dell\Desktop\laststation\Audio_augmented\compression\audio_000008__aug_compression_01.wav,modem راهو مدوهولنا بصح المقاول مازال مجاش باه اديرلنا cable تاعو
C:\Users\dell\Desktop\laststation\Audio_augmented\noise\audio_000009__aug_noise_01.wav,واش بيها internet adsl تقطعت علينا دورك و مازال فيها ستة ايام و راكم قاطعينها
C:\Users\dell\Desktop\laststation\Audio_augmented\speed\audio_000009__aug_speed_01.wav,واش بيها internet adsl تقطعت علينا دورك و مازال فيها ستة ايام و راكم قاطعينها
C:\Users\dell\Desktop\laststation\Audio_augmented\compression\audio_000009__aug_compression_01.wav,واش بيها internet adsl تقطعت علينا دورك و مازال فيها ستة ايام و راكم قاطعينها
C:\Users\dell\Desktop\laststation\Audio_augmented\noise\audio_000010__aug_noise_01.wav,واش كاين بعض الالعاب ماهوش يمشو كيما efootball deux mille vingt cinq راهي حابسة عندها يومين
C:\Users\dell\Desktop\laststation\Audio_augmented\speed\audio_000010__aug_speed_01.wav,واش كاين بعض الالعاب ماهوش يمشو كيما efootball deux mille vingt cinq راهي حابسة عندها يومين
C:\Users\dell\Desktop\laststation\Audio_augmented\compression\audio_000010__aug_compression_01.wav,واش كاين بعض الالعاب ماهوش يمشو كيما efootball deux mille vingt cinq راهي حابسة عندها يومين
C:\Users\dell\Desktop\laststation\Audio_augmented\noise\audio_000011__aug_noise_01.wav,راني نستنا les modem nokia رانا قريب في عام ️
C:\Users\dell\Desktop\laststation\Audio_augmented\speed\audio_000011__aug_speed_01.wav,راني نستنا les modem nokia رانا قريب في عام ️
C:\Users\dell\Desktop\laststation\Audio_augmented\compression\audio_000011__aug_compression_01.wav,راني نستنا les modem nokia رانا قريب في عام ️
C:\Users\dell\Desktop\laststation\Audio_augmented\noise\audio_000012__aug_noise_01.wav,وقتاش تطلقولنا internet كلش راكب و مازال ماطلقتوهاش عندنا نهارين نستناو والوا
C:\Users\dell\Desktop\laststation\Audio_augmented\speed\audio_000012__aug_speed_01.wav,وقتاش تطلقولنا internet كلش راكب و مازال ماطلقتوهاش عندنا نهارين نستناو والوا
C:\Users\dell\Desktop\laststation\Audio_augmented\compression\audio_000012__aug_compression_01.wav,وقتاش تطلقولنا internet كلش راكب و مازال ماطلقتوهاش عندنا نهارين نستناو والوا
C:\Users\dell\Desktop\laststation\Audio_augmented\noise\audio_000013__aug_noise_01.wav,و modem nokia مش راح جيبوه رانا في عام و نص و حنا نستناو في سطيف
C:\Users\dell\Desktop\laststation\Audio_augmented\speed\audio_000013__aug_speed_01.wav,و modem nokia مش راح جيبوه رانا في عام و نص و حنا نستناو في سطيف
C:\Users\dell\Desktop\laststation\Audio_augmented\compression\audio_000013__aug_compression_01.wav,و modem nokia مش راح جيبوه رانا في عام و نص و حنا نستناو في سطيف
C:\Users\dell\Desktop\laststation\Audio_augmented\noise\audio_000014__aug_noise_01.wav,راهي كاينة مشكلة في internet فالجزاير كامل و معلابلكمش ريڨلونا ياك رانا نخلصو
C:\Users\dell\Desktop\laststation\Audio_augmented\speed\audio_000014__aug_speed_01.wav,راهي كاينة مشكلة في internet فالجزاير كامل و معلابلكمش ريڨلونا ياك رانا نخلصو
C:\Users\dell\Desktop\laststation\Audio_augmented\compression\audio_000014__aug_compression_01.wav,راهي كاينة مشكلة في internet فالجزاير كامل و معلابلكمش ريڨلونا ياك رانا نخلصو
C:\Users\dell\Desktop\laststation\Audio_augmented\noise\audio_000015__aug_noise_01.wav,دوك انا عندي ميتين و عشرين mega حاب ندير عرض تاع gaming كيفاش نبدلها و est ce que سعر يتبدل ولا يبقى هو
C:\Users\dell\Desktop\laststation\Audio_augmented\speed\audio_000015__aug_speed_01.wav,دوك انا عندي ميتين و عشرين mega حاب ندير عرض تاع gaming كيفاش نبدلها و est ce que سعر يتبدل ولا يبقى هو
C:\Users\dell\Desktop\laststation\Audio_augmented\compression\audio_000015__aug_compression_01.wav,دوك انا عندي ميتين و عشرين mega حاب ندير عرض تاع gaming كيفاش نبدلها و est ce que سعر يتبدل ولا يبقى هو
C:\Users\dell\Desktop\laststation\Audio_augmented\noise\audio_000016__aug_noise_01.wav,التعامل تاع les agent راهو بزاف متربي يعطيك الصحة خويا
C:\Users\dell\Desktop\laststation\Audio_augmented\speed\audio_000016__aug_speed_01.wav,التعامل تاع les agent راهو بزاف متربي يعطيك الصحة خويا
C:\Users\dell\Desktop\laststation\Audio_augmented\compression\audio_000016__aug_compression_01.wav,التعامل تاع les agent راهو بزاف متربي يعطيك الصحة خويا
C:\Users\dell\Desktop\laststation\Audio_augmented\noise\audio_000017__aug_noise_01.wav,واش انبوستي adsl مادرتولناش la fibre في الحي كاين غير النحاس
C:\Users\dell\Desktop\laststation\Audio_augmented\speed\audio_000017__aug_speed_01.wav,واش انبوستي adsl مادرتولناش la fibre في الحي كاين غير النحاس
C:\Users\dell\Desktop\laststation\Audio_augmented\compression\audio_000017__aug_compression_01.wav,واش انبوستي adsl مادرتولناش la fibre في الحي كاين غير النحاس
C:\Users\dell\Desktop\laststation\Audio_augmented\noise\audio_000018__aug_noise_01.wav,راكم تتقاعدو بينا ولا كيفاش في بوفاريك بعض الاحياء قريب ثمانية شهر مكاش internet
C:\Users\dell\Desktop\laststation\Audio_augmented\speed\audio_000018__aug_speed_01.wav,راكم تتقاعدو بينا ولا كيفاش في بوفاريك بعض الاحياء قريب ثمانية شهر مكاش internet
C:\Users\dell\Desktop\laststation\Audio_augmented\compression\audio_000018__aug_compression_01.wav,راكم تتقاعدو بينا ولا كيفاش في بوفاريك بعض الاحياء قريب ثمانية شهر مكاش internet
C:\Users\dell\Desktop\laststation\Audio_augmented\noise\audio_000019__aug_noise_01.wav,كاين انقطاع في حي الموز الجزاير العاصمة ومراكمش تردو في الخاص ربي يهديكم رانا نخدمو بيها
C:\Users\dell\Desktop\laststation\Audio_augmented\speed\audio_000019__aug_speed_01.wav,كاين انقطاع في حي الموز الجزاير العاصمة ومراكمش تردو في الخاص ربي يهديكم رانا نخدمو بيها
C:\Users\dell\Desktop\laststation\Audio_augmented\compression\audio_000019__aug_compression_01.wav,كاين انقطاع في حي الموز الجزاير العاصمة ومراكمش تردو في الخاص ربي يهديكم رانا نخدمو بيها
C:\Users\dell\Desktop\laststation\Audio_augmented\noise\audio_000020__aug_noise_01.wav,وعلابلكم بلي عندنا عام ملي درنا طلب و الى الان مكاش modem nokia رانا قعدين نستناو
C:\Users\dell\Desktop\laststation\Audio_augmented\speed\audio_000020__aug_speed_01.wav,وعلابلكم بلي عندنا عام ملي درنا طلب و الى الان مكاش modem nokia رانا قعدين نستناو
C:\Users\dell\Desktop\laststation\Audio_augmented\compression\audio_000020__aug_compression_01.wav,وعلابلكم بلي عندنا عام ملي درنا طلب و الى الان مكاش modem nokia رانا قعدين نستناو
C:\Users\dell\Desktop\laststation\Audio_augmented\noise\audio_000021__aug_noise_01.wav,مشترك عشرين mega تلحقني عشرة عامين و انا نشكي مازال ماحبوش يخفضو التدفق راكم تاكلو في حق الناس
C:\Users\dell\Desktop\laststation\Audio_augmented\speed\audio_000021__aug_speed_01.wav,مشترك عشرين mega تلحقني عشرة عامين و انا نشكي مازال ماحبوش يخفضو التدفق راكم تاكلو في حق الناس
C:\Users\dell\Desktop\laststation\Audio_augmented\compression\audio_000021__aug_compression_01.wav,مشترك عشرين mega تلحقني عشرة عامين و انا نشكي مازال ماحبوش يخفضو التدفق راكم تاكلو في حق الناس
C:\Users\dell\Desktop\laststation\Audio_augmented\noise\audio_000022__aug_noise_01.wav,عدنا سبعة شهر و حنا نستناو في modem nokia fibre تعبنا من الانتظار
C:\Users\dell\Desktop\laststation\Audio_augmented\speed\audio_000022__aug_speed_01.wav,عدنا سبعة شهر و حنا نستناو في modem nokia fibre تعبنا من الانتظار
C:\Users\dell\Desktop\laststation\Audio_augmented\compression\audio_000022__aug_compression_01.wav,عدنا سبعة شهر و حنا نستناو في modem nokia fibre تعبنا من الانتظار
C:\Users\dell\Desktop\laststation\Audio_augmented\noise\audio_000023__aug_noise_01.wav,عندي adsl نقدر نغير modem fibre لا واش ولا نفس شيء
C:\Users\dell\Desktop\laststation\Audio_augmented\speed\audio_000023__aug_speed_01.wav,عندي adsl نقدر نغير modem fibre لا واش ولا نفس شيء
C:\Users\dell\Desktop\laststation\Audio_augmented\compression\audio_000023__aug_compression_01.wav,عندي adsl نقدر نغير modem fibre لا واش ولا نفس شيء
C:\Users\dell\Desktop\laststation\Audio_augmented\noise\audio_000024__aug_noise_01.wav,رانا نستناو عدنا عامين و حنا نستناو ومكاين والوا
C:\Users\dell\Desktop\laststation\Audio_augmented\speed\audio_000024__aug_speed_01.wav,رانا نستناو عدنا عامين و حنا نستناو ومكاين والوا
C:\Users\dell\Desktop\laststation\Audio_augmented\compression\audio_000024__aug_compression_01.wav,رانا نستناو عدنا عامين و حنا نستناو ومكاين والوا
C:\Users\dell\Desktop\laststation\Audio_augmented\noise\audio_000025__aug_noise_01.wav,بدلنا رانا في شهر ودخلنا la fibre و le modem راكب mais مايمشيش مازالكم ماطلقتوهش علاه عليكم هذ الخدمة
C:\Users\dell\Desktop\laststation\Audio_augmented\speed\audio_000025__aug_speed_01.wav,بدلنا رانا في شهر ودخلنا la fibre و le modem راكب mais مايمشيش مازالكم ماطلقتوهش علاه عليكم هذ الخدمة
C:\Users\dell\Desktop\laststation\Audio_augmented\compression\audio_000025__aug_compression_01.wav,بدلنا رانا في شهر ودخلنا la fibre و le modem راكب mais مايمشيش مازالكم ماطلقتوهش علاه عليكم هذ الخدمة
C:\Users\dell\Desktop\laststation\Audio_augmented\noise\audio_000026__aug_noise_01.wav,حنا في بوعينان المسكينة رانا بعاد زعما المدينة الجديدة adsl و مكاش نتا تقولي la fibre
C:\Users\dell\Desktop\laststation\Audio_augmented\speed\audio_000026__aug_speed_01.wav,حنا في بوعينان المسكينة رانا بعاد زعما المدينة الجديدة adsl و مكاش نتا تقولي la fibre
C:\Users\dell\Desktop\laststation\Audio_augmented\compression\audio_000026__aug_compression_01.wav,حنا في بوعينان المسكينة رانا بعاد زعما المدينة الجديدة adsl و مكاش نتا تقولي la fibre
C:\Users\dell\Desktop\laststation\Audio_augmented\noise\audio_000027__aug_noise_01.wav,راكم غير تهدرو و خلاص وقيل modem fibre غير متوفر عندو قريب عام من جوان الفين و خمسة و عشرين
C:\Users\dell\Desktop\laststation\Audio_augmented\speed\audio_000027__aug_speed_01.wav,راكم غير تهدرو و خلاص وقيل modem fibre غير متوفر عندو قريب عام من جوان الفين و خمسة و عشرين
C:\Users\dell\Desktop\laststation\Audio_augmented\compression\audio_000027__aug_compression_01.wav,راكم غير تهدرو و خلاص وقيل modem fibre غير متوفر عندو قريب عام من جوان الفين و خمسة و عشرين
C:\Users\dell\Desktop\laststation\Audio_augmented\noise\audio_000028__aug_noise_01.wav,خوتي كامل راه عندكم مشكل تاع connexion راهي من لبارح مقطوعة ولا غير
C:\Users\dell\Desktop\laststation\Audio_augmented\speed\audio_000028__aug_speed_01.wav,خوتي كامل راه عندكم مشكل تاع connexion راهي من لبارح مقطوعة ولا غير
C:\Users\dell\Desktop\laststation\Audio_augmented\compression\audio_000028__aug_compression_01.wav,خوتي كامل راه عندكم مشكل تاع connexion راهي من لبارح مقطوعة ولا غير
C:\Users\dell\Desktop\laststation\Audio_augmented\noise\audio_000029__aug_noise_01.wav,مكاش les modem fibre رانا في عام و نستناو و مكان والوا
C:\Users\dell\Desktop\laststation\Audio_augmented\speed\audio_000029__aug_speed_01.wav,مكاش les modem fibre رانا في عام و نستناو و مكان والوا
C:\Users\dell\Desktop\laststation\Audio_augmented\compression\audio_000029__aug_compression_01.wav,مكاش les modem fibre رانا في عام و نستناو و مكان والوا
C:\Users\dell\Desktop\laststation\Audio_augmented\noise\audio_000030__aug_noise_01.wav,internet عندها يومين مكاش رانا مخلصينها علاش الخدمة السيية تاعكم هذي
C:\Users\dell\Desktop\laststation\Audio_augmented\speed\audio_000030__aug_speed_01.wav,internet عندها يومين مكاش رانا مخلصينها علاش الخدمة السيية تاعكم هذي
C:\Users\dell\Desktop\laststation\Audio_augmented\compression\audio_000030__aug_compression_01.wav,internet عندها يومين مكاش رانا مخلصينها علاش الخدمة السيية تاعكم هذي
C:\Users\dell\Desktop\laststation\Audio_augmented\noise\audio_000031__aug_noise_01.wav,ماشفت حتى ربح من عندكم راني في كتر من عامين نخلص عبر internet غير يخلاص الشهر تكمل دقيقة ماتزيدوهاش
C:\Users\dell\Desktop\laststation\Audio_augmented\speed\audio_000031__aug_speed_01.wav,ماشفت حتى ربح من عندكم راني في كتر من عامين نخلص عبر internet غير يخلاص الشهر تكمل دقيقة ماتزيدوهاش
C:\Users\dell\Desktop\laststation\Audio_augmented\compression\audio_000031__aug_compression_01.wav,ماشفت حتى ربح من عندكم راني في كتر من عامين نخلص عبر internet غير يخلاص الشهر تكمل دقيقة ماتزيدوهاش
C:\Users\dell\Desktop\laststation\Audio_augmented\noise\audio_000032__aug_noise_01.wav,اقتلتونا بطور عالمك مع fibre وين راه fibre ياسيدي جيبولنا fibre راني نستنا
C:\Users\dell\Desktop\laststation\Audio_augmented\speed\audio_000032__aug_speed_01.wav,اقتلتونا بطور عالمك مع fibre وين راه fibre ياسيدي جيبولنا fibre راني نستنا
C:\Users\dell\Desktop\laststation\Audio_augmented\compression\audio_000032__aug_compression_01.wav,اقتلتونا بطور عالمك مع fibre وين راه fibre ياسيدي جيبولنا fibre راني نستنا
C:\Users\dell\Desktop\laststation\Audio_augmented\noise\audio_000033__aug_noise_01.wav,علاه راكم ترفعو في التدفق تاع الناس بدون اذن و تزيدو فالاسعار هذا يعتبر مخالف للقانون
C:\Users\dell\Desktop\laststation\Audio_augmented\speed\audio_000033__aug_speed_01.wav,علاه راكم ترفعو في التدفق تاع الناس بدون اذن و تزيدو فالاسعار هذا يعتبر مخالف للقانون
C:\Users\dell\Desktop\laststation\Audio_augmented\compression\audio_000033__aug_compression_01.wav,علاه راكم ترفعو في التدفق تاع الناس بدون اذن و تزيدو فالاسعار هذا يعتبر مخالف للقانون
C:\Users\dell\Desktop\laststation\Audio_augmented\noise\audio_000034__aug_noise_01.wav,لبارح فلكيسيت مية الف بتطبيق baridi mob modem 4g lte نحاو مية الف dinar بصح العملية لحد الان في الساعة جارية وين راه المشكل
C:\Users\dell\Desktop\laststation\Audio_augmented\speed\audio_000034__aug_speed_01.wav,لبارح فلكيسيت مية الف بتطبيق baridi mob modem 4g lte نحاو مية الف dinar بصح العملية لحد الان في الساعة جارية وين راه المشكل
C:\Users\dell\Desktop\laststation\Audio_augmented\compression\audio_000034__aug_compression_01.wav,لبارح فلكيسيت مية الف بتطبيق baridi mob modem 4g lte نحاو مية الف dinar بصح العملية لحد الان في الساعة جارية وين راه المشكل
C:\Users\dell\Desktop\laststation\Audio_augmented\noise\audio_000035__aug_noise_01.wav,شكون عندو فكرة كيفاه نهبط تدفق internet من عشرين الى عشرة من فضلكم
C:\Users\dell\Desktop\laststation\Audio_augmented\speed\audio_000035__aug_speed_01.wav,شكون عندو فكرة كيفاه نهبط تدفق internet من عشرين الى عشرة من فضلكم
C:\Users\dell\Desktop\laststation\Audio_augmented\compression\audio_000035__aug_compression_01.wav,شكون عندو فكرة كيفاه نهبط تدفق internet من عشرين الى عشرة من فضلكم
C:\Users\dell\Desktop\laststation\Audio_augmented\noise\audio_000036__aug_noise_01.wav,شهرين مين دينا modem تاع la fibre و التركيب مكاش
C:\Users\dell\Desktop\laststation\Audio_augmented\speed\audio_000036__aug_speed_01.wav,شهرين مين دينا modem تاع la fibre و التركيب مكاش
C:\Users\dell\Desktop\laststation\Audio_augmented\compression\audio_000036__aug_compression_01.wav,شهرين مين دينا modem تاع la fibre و التركيب مكاش
C:\Users\dell\Desktop\laststation\Audio_augmented\noise\audio_000037__aug_noise_01.wav,راني في ثلاثة سنين مالي قالولي سجل و دورك ندخلو fibre و مازال
C:\Users\dell\Desktop\laststation\Audio_augmented\speed\audio_000037__aug_speed_01.wav,راني في ثلاثة سنين مالي قالولي سجل و دورك ندخلو fibre و مازال
C:\Users\dell\Desktop\laststation\Audio_augmented\compression\audio_000037__aug_compression_01.wav,راني في ثلاثة سنين مالي قالولي سجل و دورك ندخلو fibre و مازال
C:\Users\dell\Desktop\laststation\Audio_augmented\noise\audio_000038__aug_noise_01.wav,fibre راهي تحبي شوفولنا المشكل وين راه ماشي غير في ولاية غليزان راه شحال من ولاية
C:\Users\dell\Desktop\laststation\Audio_augmented\speed\audio_000038__aug_speed_01.wav,fibre راهي تحبي شوفولنا المشكل وين راه ماشي غير في ولاية غليزان راه شحال من ولاية
C:\Users\dell\Desktop\laststation\Audio_augmented\compression\audio_000038__aug_compression_01.wav,fibre راهي تحبي شوفولنا المشكل وين راه ماشي غير في ولاية غليزان راه شحال من ولاية
C:\Users\dell\Desktop\laststation\Audio_augmented\noise\audio_000039__aug_noise_01.wav,حتى فضاء الزبون تاعكم ملي ندخل يقلك صفحة غير متوفرة تصلح مرة في الف وين راكم
C:\Users\dell\Desktop\laststation\Audio_augmented\speed\audio_000039__aug_speed_01.wav,حتى فضاء الزبون تاعكم ملي ندخل يقلك صفحة غير متوفرة تصلح مرة في الف وين راكم
C:\Users\dell\Desktop\laststation\Audio_augmented\compression\audio_000039__aug_compression_01.wav,حتى فضاء الزبون تاعكم ملي ندخل يقلك صفحة غير متوفرة تصلح مرة في الف وين راكم
C:\Users\dell\Desktop\laststation\Audio_augmented\noise\audio_000040__aug_noise_01.wav,شوفونا مع internet راهي في يومين مكاش في modem idoom 4g في ولاية عين الدفلى دائرة برج الامير خالد
C:\Users\dell\Desktop\laststation\Audio_augmented\speed\audio_000040__aug_speed_01.wav,شوفونا مع internet راهي في يومين مكاش في modem idoom 4g في ولاية عين الدفلى دائرة برج الامير خالد
C:\Users\dell\Desktop\laststation\Audio_augmented\compression\audio_000040__aug_compression_01.wav,شوفونا مع internet راهي في يومين مكاش في modem idoom 4g في ولاية عين الدفلى دائرة برج الامير خالد
C:\Users\dell\Desktop\laststation\Audio_augmented\noise\audio_000041__aug_noise_01.wav,ارواحو شوفو فينا راهي ربعة شهر و نص مكاش connexion شكيت الف مرة
C:\Users\dell\Desktop\laststation\Audio_augmented\speed\audio_000041__aug_speed_01.wav,ارواحو شوفو فينا راهي ربعة شهر و نص مكاش connexion شكيت الف مرة
C:\Users\dell\Desktop\laststation\Audio_augmented\compression\audio_000041__aug_compression_01.wav,ارواحو شوفو فينا راهي ربعة شهر و نص مكاش connexion شكيت الف مرة
C:\Users\dell\Desktop\laststation\Audio_augmented\noise\audio_000042__aug_noise_01.wav,وين راه modem fibre عندنا عام و حنا نستناو كل يوم تبلعطو فينا
C:\Users\dell\Desktop\laststation\Audio_augmented\speed\audio_000042__aug_speed_01.wav,وين راه modem fibre عندنا عام و حنا نستناو كل يوم تبلعطو فينا
C:\Users\dell\Desktop\laststation\Audio_augmented\compression\audio_000042__aug_compression_01.wav,وين راه modem fibre عندنا عام و حنا نستناو كل يوم تبلعطو فينا
C:\Users\dell\Desktop\laststation\Audio_augmented\noise\audio_000043__aug_noise_01.wav,ماتسرقنيش راني مخلص شهر اشتراك internet كي تقطعلي خمسة ايام عوضني ماديا او مدد اشتراكي خمسة ايام
C:\Users\dell\Desktop\laststation\Audio_augmented\speed\audio_000043__aug_speed_01.wav,ماتسرقنيش راني مخلص شهر اشتراك internet كي تقطعلي خمسة ايام عوضني ماديا او مدد اشتراكي خمسة ايام
C:\Users\dell\Desktop\laststation\Audio_augmented\compression\audio_000043__aug_compression_01.wav,ماتسرقنيش راني مخلص شهر اشتراك internet كي تقطعلي خمسة ايام عوضني ماديا او مدد اشتراكي خمسة ايام
C:\Users\dell\Desktop\laststation\Audio_augmented\noise\audio_000044__aug_noise_01.wav,راني نستنا mise en service جاية على رجليها من دزاير لبسكرة شهرين مالحقتش يحسن عونها قولولها تسامحنا تعبناها
C:\Users\dell\Desktop\laststation\Audio_augmented\speed\audio_000044__aug_speed_01.wav,راني نستنا mise en service جاية على رجليها من دزاير لبسكرة شهرين مالحقتش يحسن عونها قولولها تسامحنا تعبناها
C:\Users\dell\Desktop\laststation\Audio_augmented\compression\audio_000044__aug_compression_01.wav,راني نستنا mise en service جاية على رجليها من دزاير لبسكرة شهرين مالحقتش يحسن عونها قولولها تسامحنا تعبناها
C:\Users\dell\Desktop\laststation\Audio_augmented\noise\audio_000045__aug_noise_01.wav,عندي la fibre modem wifi cinq كيفاه نقدر نستفاد من wifi six
C:\Users\dell\Desktop\laststation\Audio_augmented\speed\audio_000045__aug_speed_01.wav,عندي la fibre modem wifi cinq كيفاه نقدر نستفاد من wifi six
C:\Users\dell\Desktop\laststation\Audio_augmented\compression\audio_000045__aug_compression_01.wav,عندي la fibre modem wifi cinq كيفاه نقدر نستفاد من wifi six
C:\Users\dell\Desktop\laststation\Audio_augmented\noise\audio_000046__aug_noise_01.wav,وين وصلتوا مع les modem رانا ديما نستناو رانا فالعام بدون internet
C:\Users\dell\Desktop\laststation\Audio_augmented\speed\audio_000046__aug_speed_01.wav,وين وصلتوا مع les modem رانا ديما نستناو رانا فالعام بدون internet
C:\Users\dell\Desktop\laststation\Audio_augmented\compression\audio_000046__aug_compression_01.wav,وين وصلتوا مع les modem رانا ديما نستناو رانا فالعام بدون internet
C:\Users\dell\Desktop\laststation\Audio_augmented\noise\audio_000047__aug_noise_01.wav,الاحياء الخضراء اولاد فايت خمسة ايام بلا fibre وين راكم
C:\Users\dell\Desktop\laststation\Audio_augmented\speed\audio_000047__aug_speed_01.wav,الاحياء الخضراء اولاد فايت خمسة ايام بلا fibre وين راكم
C:\Users\dell\Desktop\laststation\Audio_augmented\compression\audio_000047__aug_compression_01.wav,الاحياء الخضراء اولاد فايت خمسة ايام بلا fibre وين راكم
C:\Users\dell\Desktop\laststation\Audio_augmented\noise\audio_000048__aug_noise_01.wav,شبكة تاعكم راهي ضعيفة شريت عليكم modem هذ الاسبوع شبكة كارثة تدفق ملحقش حتى مية و عشرين kilo byte
C:\Users\dell\Desktop\laststation\Audio_augmented\speed\audio_000048__aug_speed_01.wav,شبكة تاعكم راهي ضعيفة شريت عليكم modem هذ الاسبوع شبكة كارثة تدفق ملحقش حتى مية و عشرين kilo byte
C:\Users\dell\Desktop\laststation\Audio_augmented\compression\audio_000048__aug_compression_01.wav,شبكة تاعكم راهي ضعيفة شريت عليكم modem هذ الاسبوع شبكة كارثة تدفق ملحقش حتى مية و عشرين kilo byte
C:\Users\dell\Desktop\laststation\Audio_augmented\noise\audio_000049__aug_noise_01.wav,سلام حبسولي خط لتراكم فواتير هواتف نخلصهم online يرجع ولا لازم نروح للوكالة
C:\Users\dell\Desktop\laststation\Audio_augmented\speed\audio_000049__aug_speed_01.wav,سلام حبسولي خط لتراكم فواتير هواتف نخلصهم online يرجع ولا لازم نروح للوكالة
C:\Users\dell\Desktop\laststation\Audio_augmented\compression\audio_000049__aug_compression_01.wav,سلام حبسولي خط لتراكم فواتير هواتف نخلصهم online يرجع ولا لازم نروح للوكالة
C:\Users\dell\Desktop\laststation\Audio_augmented\noise\audio_000050__aug_noise_01.wav,واش رانا نستناو فيها تلحق قبل ومنبعد ساهل هذي
C:\Users\dell\Desktop\laststation\Audio_augmented\speed\audio_000050__aug_speed_01.wav,واش رانا نستناو فيها تلحق قبل ومنبعد ساهل هذي
C:\Users\dell\Desktop\laststation\Audio_augmented\compression\audio_000050__aug_compression_01.wav,واش رانا نستناو فيها تلحق قبل ومنبعد ساهل هذي
C:\Users\dell\Desktop\laststation\Audio_augmented\noise\audio_000051__aug_noise_01.wav,كي حبيت نسجل في تطبيق my idoom كاين بلاصة مكتوب فيها رقم زبون واش مفروض نحط فيها
C:\Users\dell\Desktop\laststation\Audio_augmented\speed\audio_000051__aug_speed_01.wav,كي حبيت نسجل في تطبيق my idoom كاين بلاصة مكتوب فيها رقم زبون واش مفروض نحط فيها
C:\Users\dell\Desktop\laststation\Audio_augmented\compression\audio_000051__aug_compression_01.wav,كي حبيت نسجل في تطبيق my idoom كاين بلاصة مكتوب فيها رقم زبون واش مفروض نحط فيها
C:\Users\dell\Desktop\laststation\Audio_augmented\noise\audio_000052__aug_noise_01.wav,ياو جيبونا les modem nokia راني في عام و انا نستنا
C:\Users\dell\Desktop\laststation\Audio_augmented\speed\audio_000052__aug_speed_01.wav,ياو جيبونا les modem nokia راني في عام و انا نستنا
C:\Users\dell\Desktop\laststation\Audio_augmented\compression\audio_000052__aug_compression_01.wav,ياو جيبونا les modem nokia راني في عام و انا نستنا
C:\Users\dell\Desktop\laststation\Audio_augmented\noise\audio_000053__aug_noise_01.wav,فرحت بزاف كي جابولنا la fibre للحي نتاعنا خدمة فور
C:\Users\dell\Desktop\laststation\Audio_augmented\speed\audio_000053__aug_speed_01.wav,فرحت بزاف كي جابولنا la fibre للحي نتاعنا خدمة فور
C:\Users\dell\Desktop\laststation\Audio_augmented\compression\audio_000053__aug_compression_01.wav,فرحت بزاف كي جابولنا la fibre للحي نتاعنا خدمة فور
C:\Users\dell\Desktop\laststation\Audio_augmented\noise\audio_000054__aug_noise_01.wav,راني فرحان بزاف كي دخلت la fibre لداري خدمة top
C:\Users\dell\Desktop\laststation\Audio_augmented\speed\audio_000054__aug_speed_01.wav,راني فرحان بزاف كي دخلت la fibre لداري خدمة top
C:\Users\dell\Desktop\laststation\Audio_augmented\compression\audio_000054__aug_compression_01.wav,راني فرحان بزاف كي دخلت la fibre لداري خدمة top
C:\Users\dell\Desktop\laststation\Audio_augmented\noise\audio_000055__aug_noise_01.wav,جيتو ركبتو كلش حفرتو الطرق غلقتو الطرق درتو الكاينة و المكاش و هاكذاك مازال ماطلقتوش التسجيلات
C:\Users\dell\Desktop\laststation\Audio_augmented\speed\audio_000055__aug_speed_01.wav,جيتو ركبتو كلش حفرتو الطرق غلقتو الطرق درتو الكاينة و المكاش و هاكذاك مازال ماطلقتوش التسجيلات
C:\Users\dell\Desktop\laststation\Audio_augmented\compression\audio_000055__aug_compression_01.wav,جيتو ركبتو كلش حفرتو الطرق غلقتو الطرق درتو الكاينة و المكاش و هاكذاك مازال ماطلقتوش التسجيلات
C:\Users\dell\Desktop\laststation\Audio_augmented\noise\audio_000056__aug_noise_01.wav,الالياف البصرية كي تحبو ديروها شوفو مقاولين ناشطين ماشي تجيبو الفاشليين يخدمو عام و نص مازال مادارولناش مضحكة هذي
C:\Users\dell\Desktop\laststation\Audio_augmented\speed\audio_000056__aug_speed_01.wav,الالياف البصرية كي تحبو ديروها شوفو مقاولين ناشطين ماشي تجيبو الفاشليين يخدمو عام و نص مازال مادارولناش مضحكة هذي
C:\Users\dell\Desktop\laststation\Audio_augmented\compression\audio_000056__aug_compression_01.wav,الالياف البصرية كي تحبو ديروها شوفو مقاولين ناشطين ماشي تجيبو الفاشليين يخدمو عام و نص مازال مادارولناش مضحكة هذي
C:\Users\dell\Desktop\laststation\Audio_augmented\noise\audio_000057__aug_noise_01.wav,connexion مكانتش هكدا جابلي ربي نقصة ولينا منقدرش نلعبو
C:\Users\dell\Desktop\laststation\Audio_augmented\speed\audio_000057__aug_speed_01.wav,connexion مكانتش هكدا جابلي ربي نقصة ولينا منقدرش نلعبو
C:\Users\dell\Desktop\laststation\Audio_augmented\compression\audio_000057__aug_compression_01.wav,connexion مكانتش هكدا جابلي ربي نقصة ولينا منقدرش نلعبو
C:\Users\dell\Desktop\laststation\Audio_augmented\noise\audio_000058__aug_noise_01.wav,مكاين والوا طلعنا و اصبحنا بدون internet اليوم ثمانية كرهنا شي شوفولنا حل
C:\Users\dell\Desktop\laststation\Audio_augmented\speed\audio_000058__aug_speed_01.wav,مكاين والوا طلعنا و اصبحنا بدون internet اليوم ثمانية كرهنا شي شوفولنا حل
C:\Users\dell\Desktop\laststation\Audio_augmented\compression\audio_000058__aug_compression_01.wav,مكاين والوا طلعنا و اصبحنا بدون internet اليوم ثمانية كرهنا شي شوفولنا حل
C:\Users\dell\Desktop\laststation\Audio_augmented\noise\audio_000059__aug_noise_01.wav,عام وانا نستنا في modem لا يوجد كرهتونا و غير ماتجوبونيش كيما لمرات لي فاتو حفظكم
C:\Users\dell\Desktop\laststation\Audio_augmented\speed\audio_000059__aug_speed_01.wav,عام وانا نستنا في modem لا يوجد كرهتونا و غير ماتجوبونيش كيما لمرات لي فاتو حفظكم
C:\Users\dell\Desktop\laststation\Audio_augmented\compression\audio_000059__aug_compression_01.wav,عام وانا نستنا في modem لا يوجد كرهتونا و غير ماتجوبونيش كيما لمرات لي فاتو حفظكم
C:\Users\dell\Desktop\laststation\Audio_augmented\noise\audio_000060__aug_noise_01.wav,الناس ساكنى في جبل وصلها fibre وحنا في وسط البلاد مازال خطنا غير موهل
C:\Users\dell\Desktop\laststation\Audio_augmented\speed\audio_000060__aug_speed_01.wav,الناس ساكنى في جبل وصلها fibre وحنا في وسط البلاد مازال خطنا غير موهل
C:\Users\dell\Desktop\laststation\Audio_augmented\compression\audio_000060__aug_compression_01.wav,الناس ساكنى في جبل وصلها fibre وحنا في وسط البلاد مازال خطنا غير موهل
C:\Users\dell\Desktop\laststation\Audio_augmented\noise\audio_000061__aug_noise_01.wav,كيفاه نبدلو و الاحياء تاعنا مازالت بالطريقة القديمة و لم تعلمولها
C:\Users\dell\Desktop\laststation\Audio_augmented\speed\audio_000061__aug_speed_01.wav,كيفاه نبدلو و الاحياء تاعنا مازالت بالطريقة القديمة و لم تعلمولها
C:\Users\dell\Desktop\laststation\Audio_augmented\compression\audio_000061__aug_compression_01.wav,كيفاه نبدلو و الاحياء تاعنا مازالت بالطريقة القديمة و لم تعلمولها
C:\Users\dell\Desktop\laststation\Audio_augmented\noise\audio_000062__aug_noise_01.wav,تمنراست حي تافسيت الاشغال راهي متوقفة كاين cable بصح مكاش الباطة
C:\Users\dell\Desktop\laststation\Audio_augmented\speed\audio_000062__aug_speed_01.wav,تمنراست حي تافسيت الاشغال راهي متوقفة كاين cable بصح مكاش الباطة
C:\Users\dell\Desktop\laststation\Audio_augmented\compression\audio_000062__aug_compression_01.wav,تمنراست حي تافسيت الاشغال راهي متوقفة كاين cable بصح مكاش الباطة
C:\Users\dell\Desktop\laststation\Audio_augmented\noise\audio_000063__aug_noise_01.wav,راني نخلص quinze mega و توصلني deux mega و احيانا مية و عشرين kilo byte
C:\Users\dell\Desktop\laststation\Audio_augmented\speed\audio_000063__aug_speed_01.wav,راني نخلص quinze mega و توصلني deux mega و احيانا مية و عشرين kilo byte
C:\Users\dell\Desktop\laststation\Audio_augmented\compression\audio_000063__aug_compression_01.wav,راني نخلص quinze mega و توصلني deux mega و احيانا مية و عشرين kilo byte
C:\Users\dell\Desktop\laststation\Audio_augmented\noise\audio_000064__aug_noise_01.wav,عندي اسبوع مكاش connexion و كي تتصل بيهم يقلك ماعندنا ماراح نديرور
C:\Users\dell\Desktop\laststation\Audio_augmented\speed\audio_000064__aug_speed_01.wav,عندي اسبوع مكاش connexion و كي تتصل بيهم يقلك ماعندنا ماراح نديرور
C:\Users\dell\Desktop\laststation\Audio_augmented\compression\audio_000064__aug_compression_01.wav,عندي اسبوع مكاش connexion و كي تتصل بيهم يقلك ماعندنا ماراح نديرور
C:\Users\dell\Desktop\laststation\Audio_augmented\noise\audio_000065__aug_noise_01.wav,نخلص عشرين mega درتولي تسقيف في عشرة mega و كل خمسة دقايق تروح كي نشكي مايديرولي والو
C:\Users\dell\Desktop\laststation\Audio_augmented\speed\audio_000065__aug_speed_01.wav,نخلص عشرين mega درتولي تسقيف في عشرة mega و كل خمسة دقايق تروح كي نشكي مايديرولي والو
C:\Users\dell\Desktop\laststation\Audio_augmented\compression\audio_000065__aug_compression_01.wav,نخلص عشرين mega درتولي تسقيف في عشرة mega و كل خمسة دقايق تروح كي نشكي مايديرولي والو
C:\Users\dell\Desktop\laststation\Audio_augmented\noise\audio_000066__aug_noise_01.wav,la fibre راهي في الحي لي قدامنا والحي لي مورانا و حنا مشفتوناش وقيل
C:\Users\dell\Desktop\laststation\Audio_augmented\speed\audio_000066__aug_speed_01.wav,la fibre راهي في الحي لي قدامنا والحي لي مورانا و حنا مشفتوناش وقيل
C:\Users\dell\Desktop\laststation\Audio_augmented\compression\audio_000066__aug_compression_01.wav,la fibre راهي في الحي لي قدامنا والحي لي مورانا و حنا مشفتوناش وقيل
C:\Users\dell\Desktop\laststation\Audio_augmented\noise\audio_000067__aug_noise_01.wav,علاه ماعلابالهمش وين راه كاين fibre و مكاش و وين محتاجين fibre و وين لالا
C:\Users\dell\Desktop\laststation\Audio_augmented\speed\audio_000067__aug_speed_01.wav,علاه ماعلابالهمش وين راه كاين fibre و مكاش و وين محتاجين fibre و وين لالا
C:\Users\dell\Desktop\laststation\Audio_augmented\compression\audio_000067__aug_compression_01.wav,علاه ماعلابالهمش وين راه كاين fibre و مكاش و وين محتاجين fibre و وين لالا
C:\Users\dell\Desktop\laststation\Audio_augmented\noise\audio_000068__aug_noise_01.wav,نفس المشكل رانا في خمسطاش يوم نستناك ياخو في internet واش حكاية douze
C:\Users\dell\Desktop\laststation\Audio_augmented\speed\audio_000068__aug_speed_01.wav,نفس المشكل رانا في خمسطاش يوم نستناك ياخو في internet واش حكاية douze
C:\Users\dell\Desktop\laststation\Audio_augmented\compression\audio_000068__aug_compression_01.wav,نفس المشكل رانا في خمسطاش يوم نستناك ياخو في internet واش حكاية douze
C:\Users\dell\Desktop\laststation\Audio_augmented\noise\audio_000069__aug_noise_01.wav,خوتي اقسم بالله غير عندنا l'installation في عام و مكاش internet مازال
C:\Users\dell\Desktop\laststation\Audio_augmented\speed\audio_000069__aug_speed_01.wav,خوتي اقسم بالله غير عندنا l'installation في عام و مكاش internet مازال
C:\Users\dell\Desktop\laststation\Audio_augmented\compression\audio_000069__aug_compression_01.wav,خوتي اقسم بالله غير عندنا l'installation في عام و مكاش internet مازال
C:\Users\dell\Desktop\laststation\Audio_augmented\noise\audio_000070__aug_noise_01.wav,حنا الحي تاعنا مدرولوش la fibre و احياء بحذنا درولهم كي سقسينا قلولنا نبداو على الاحياء الي ركلاماو
C:\Users\dell\Desktop\laststation\Audio_augmented\speed\audio_000070__aug_speed_01.wav,حنا الحي تاعنا مدرولوش la fibre و احياء بحذنا درولهم كي سقسينا قلولنا نبداو على الاحياء الي ركلاماو
C:\Users\dell\Desktop\laststation\Audio_augmented\compression\audio_000070__aug_compression_01.wav,حنا الحي تاعنا مدرولوش la fibre و احياء بحذنا درولهم كي سقسينا قلولنا نبداو على الاحياء الي ركلاماو
C:\Users\dell\Desktop\laststation\Audio_augmented\noise\audio_000071__aug_noise_01.wav,راني حاب تزيدو الخدمة تاع pause في تطبيق يولي الزبون هو لي يديرها كيما يحب و شكرا
C:\Users\dell\Desktop\laststation\Audio_augmented\speed\audio_000071__aug_speed_01.wav,راني حاب تزيدو الخدمة تاع pause في تطبيق يولي الزبون هو لي يديرها كيما يحب و شكرا
C:\Users\dell\Desktop\laststation\Audio_augmented\compression\audio_000071__aug_compression_01.wav,راني حاب تزيدو الخدمة تاع pause في تطبيق يولي الزبون هو لي يديرها كيما يحب و شكرا
C:\Users\dell\Desktop\laststation\Audio_augmented\noise\audio_000072__aug_noise_01.wav,la fibre بعيد على المسكن بي عشرين متر
C:\Users\dell\Desktop\laststation\Audio_augmented\speed\audio_000072__aug_speed_01.wav,la fibre بعيد على المسكن بي عشرين متر
C:\Users\dell\Desktop\laststation\Audio_augmented\compression\audio_000072__aug_compression_01.wav,la fibre بعيد على المسكن بي عشرين متر
C:\Users\dell\Desktop\laststation\Audio_augmented\noise\audio_000073__aug_noise_01.wav,السومه تاع مية mega راهي بزاف معقولة و ساعدة الزوالي
C:\Users\dell\Desktop\laststation\Audio_augmented\speed\audio_000073__aug_speed_01.wav,السومه تاع مية mega راهي بزاف معقولة و ساعدة الزوالي
C:\Users\dell\Desktop\laststation\Audio_augmented\compression\audio_000073__aug_compression_01.wav,السومه تاع مية mega راهي بزاف معقولة و ساعدة الزوالي
C:\Users\dell\Desktop\laststation\Audio_augmented\noise\audio_000074__aug_noise_01.wav,اقسم بالله العلي العظيم غير كرهت و انا نعاني من la connexion تاعكم راني في مدة عام تقريبا
C:\Users\dell\Desktop\laststation\Audio_augmented\speed\audio_000074__aug_speed_01.wav,اقسم بالله العلي العظيم غير كرهت و انا نعاني من la connexion تاعكم راني في مدة عام تقريبا
C:\Users\dell\Desktop\laststation\Audio_augmented\compression\audio_000074__aug_compression_01.wav,اقسم بالله العلي العظيم غير كرهت و انا نعاني من la connexion تاعكم راني في مدة عام تقريبا
C:\Users\dell\Desktop\laststation\Audio_augmented\noise\audio_000075__aug_noise_01.wav,شكون عندو واحد من فضلكم يقولنا مليح و لالا
C:\Users\dell\Desktop\laststation\Audio_augmented\speed\audio_000075__aug_speed_01.wav,شكون عندو واحد من فضلكم يقولنا مليح و لالا
C:\Users\dell\Desktop\laststation\Audio_augmented\compression\audio_000075__aug_compression_01.wav,شكون عندو واحد من فضلكم يقولنا مليح و لالا
C:\Users\dell\Desktop\laststation\Audio_augmented\noise\audio_000076__aug_noise_01.wav,ربي يهديكم و خلاص شهرين و حنا حابسين modem راكب ماقيمتوناش ماجا حتى واحد ماخدم ولا حتى هدر معانا
C:\Users\dell\Desktop\laststation\Audio_augmented\speed\audio_000076__aug_speed_01.wav,ربي يهديكم و خلاص شهرين و حنا حابسين modem راكب ماقيمتوناش ماجا حتى واحد ماخدم ولا حتى هدر معانا
C:\Users\dell\Desktop\laststation\Audio_augmented\compression\audio_000076__aug_compression_01.wav,ربي يهديكم و خلاص شهرين و حنا حابسين modem راكب ماقيمتوناش ماجا حتى واحد ماخدم ولا حتى هدر معانا
C:\Users\dell\Desktop\laststation\Audio_augmented\noise\audio_000077__aug_noise_01.wav,شكون لي يعوض الضرار تاع ناس والايام تاع الاشتراك
C:\Users\dell\Desktop\laststation\Audio_augmented\speed\audio_000077__aug_speed_01.wav,شكون لي يعوض الضرار تاع ناس والايام تاع الاشتراك
C:\Users\dell\Desktop\laststation\Audio_augmented\compression\audio_000077__aug_compression_01.wav,شكون لي يعوض الضرار تاع ناس والايام تاع الاشتراك
C:\Users\dell\Desktop\laststation\Audio_augmented\noise\audio_000078__aug_noise_01.wav,دخلناها بصح رانا نستناو في connexion مكاش في خمسة ايام
C:\Users\dell\Desktop\laststation\Audio_augmented\speed\audio_000078__aug_speed_01.wav,دخلناها بصح رانا نستناو في connexion مكاش في خمسة ايام
C:\Users\dell\Desktop\laststation\Audio_augmented\compression\audio_000078__aug_compression_01.wav,دخلناها بصح رانا نستناو في connexion مكاش في خمسة ايام
C:\Users\dell\Desktop\laststation\Audio_augmented\noise\audio_000079__aug_noise_01.wav,راكم شركة وطنيه لازم مايفوتش السعر نتاعو خمسمية الف
C:\Users\dell\Desktop\laststation\Audio_augmented\speed\audio_000079__aug_speed_01.wav,راكم شركة وطنيه لازم مايفوتش السعر نتاعو خمسمية الف
C:\Users\dell\Desktop\laststation\Audio_augmented\compression\audio_000079__aug_compression_01.wav,راكم شركة وطنيه لازم مايفوتش السعر نتاعو خمسمية الف
C:\Users\dell\Desktop\laststation\Audio_augmented\noise\audio_000080__aug_noise_01.wav,و لي عندو wifi quatre قديمة لا تدعم علاش تقولو باش تشري modem wifi six لازم مية و خمسة و ربعين الف بزاف شوفو حل نقصو السومة
C:\Users\dell\Desktop\laststation\Audio_augmented\speed\audio_000080__aug_speed_01.wav,و لي عندو wifi quatre قديمة لا تدعم علاش تقولو باش تشري modem wifi six لازم مية و خمسة و ربعين الف بزاف شوفو حل نقصو السومة
C:\Users\dell\Desktop\laststation\Audio_augmented\compression\audio_000080__aug_compression_01.wav,و لي عندو wifi quatre قديمة لا تدعم علاش تقولو باش تشري modem wifi six لازم مية و خمسة و ربعين الف بزاف شوفو حل نقصو السومة
C:\Users\dell\Desktop\laststation\Audio_augmented\noise\audio_000081__aug_noise_01.wav,فتحت حاسب فضاء الزبون و غلطة في email كيفاش ندير ماقدرتش نكمل عملية التسجيل
C:\Users\dell\Desktop\laststation\Audio_augmented\speed\audio_000081__aug_speed_01.wav,فتحت حاسب فضاء الزبون و غلطة في email كيفاش ندير ماقدرتش نكمل عملية التسجيل
C:\Users\dell\Desktop\laststation\Audio_augmented\compression\audio_000081__aug_compression_01.wav,فتحت حاسب فضاء الزبون و غلطة في email كيفاش ندير ماقدرتش نكمل عملية التسجيل
C:\Users\dell\Desktop\laststation\Audio_augmented\noise\audio_000082__aug_noise_01.wav,عندي مشكل رسالة التاكيد في gmail مراهيش توصلني مقدرتش نفتح فضاء الزبون هل يوجد حل
C:\Users\dell\Desktop\laststation\Audio_augmented\speed\audio_000082__aug_speed_01.wav,عندي مشكل رسالة التاكيد في gmail مراهيش توصلني مقدرتش نفتح فضاء الزبون هل يوجد حل
C:\Users\dell\Desktop\laststation\Audio_augmented\compression\audio_000082__aug_compression_01.wav,عندي مشكل رسالة التاكيد في gmail مراهيش توصلني مقدرتش نفتح فضاء الزبون هل يوجد حل
C:\Users\dell\Desktop\laststation\Audio_augmented\noise\audio_000083__aug_noise_01.wav,شهرين و حنا في نفس مشكلة و مكاش حل نهائيا مسكن
C:\Users\dell\Desktop\laststation\Audio_augmented\speed\audio_000083__aug_speed_01.wav,شهرين و حنا في نفس مشكلة و مكاش حل نهائيا مسكن
C:\Users\dell\Desktop\laststation\Audio_augmented\compression\audio_000083__aug_compression_01.wav,شهرين و حنا في نفس مشكلة و مكاش حل نهائيا مسكن
C:\Users\dell\Desktop\laststation\Audio_augmented\noise\audio_000084__aug_noise_01.wav,عندي مشكل فل wifi مكاش راهو من ربعة تاع لعشية حتا دوك راهي طناش مازال مطلقتوهاش كفاه دوك معكم
C:\Users\dell\Desktop\laststation\Audio_augmented\speed\audio_000084__aug_speed_01.wav,عندي مشكل فل wifi مكاش راهو من ربعة تاع لعشية حتا دوك راهي طناش مازال مطلقتوهاش كفاه دوك معكم
C:\Users\dell\Desktop\laststation\Audio_augmented\compression\audio_000084__aug_compression_01.wav,عندي مشكل فل wifi مكاش راهو من ربعة تاع لعشية حتا دوك راهي طناش مازال مطلقتوهاش كفاه دوك معكم
C:\Users\dell\Desktop\laststation\Audio_augmented\noise\audio_000085__aug_noise_01.wav,خميس الخشنة حي اولاد سالم مازال مكاش خط هاتف اصلا و نحن في الفين و خمسة و عشرين كيف سننتقل
C:\Users\dell\Desktop\laststation\Audio_augmented\speed\audio_000085__aug_speed_01.wav,خميس الخشنة حي اولاد سالم مازال مكاش خط هاتف اصلا و نحن في الفين و خمسة و عشرين كيف سننتقل
C:\Users\dell\Desktop\laststation\Audio_augmented\compression\audio_000085__aug_compression_01.wav,خميس الخشنة حي اولاد سالم مازال مكاش خط هاتف اصلا و نحن في الفين و خمسة و عشرين كيف سننتقل
C:\Users\dell\Desktop\laststation\Audio_augmented\noise\audio_000086__aug_noise_01.wav,عام ونص وانا نستنا فالمودام كي ركبولي modem مكاش internet
C:\Users\dell\Desktop\laststation\Audio_augmented\speed\audio_000086__aug_speed_01.wav,عام ونص وانا نستنا فالمودام كي ركبولي modem مكاش internet
C:\Users\dell\Desktop\laststation\Audio_augmented\compression\audio_000086__aug_compression_01.wav,عام ونص وانا نستنا فالمودام كي ركبولي modem مكاش internet
C:\Users\dell\Desktop\laststation\Audio_augmented\noise\audio_000087__aug_noise_01.wav,رانا سبعة شهر و حنا نستناو les modem nokia
C:\Users\dell\Desktop\laststation\Audio_augmented\speed\audio_000087__aug_speed_01.wav,رانا سبعة شهر و حنا نستناو les modem nokia
C:\Users\dell\Desktop\laststation\Audio_augmented\compression\audio_000087__aug_compression_01.wav,رانا سبعة شهر و حنا نستناو les modem nokia
C:\Users\dell\Desktop\laststation\Audio_augmented\noise\audio_000088__aug_noise_01.wav,عيينا وحنا نسجلو في فضاء الزبون يقولك رقم الزبون خاطيي مافهمناش كيفاه
C:\Users\dell\Desktop\laststation\Audio_augmented\speed\audio_000088__aug_speed_01.wav,عيينا وحنا نسجلو في فضاء الزبون يقولك رقم الزبون خاطيي مافهمناش كيفاه
C:\Users\dell\Desktop\laststation\Audio_augmented\compression\audio_000088__aug_compression_01.wav,عيينا وحنا نسجلو في فضاء الزبون يقولك رقم الزبون خاطيي مافهمناش كيفاه
C:\Users\dell\Desktop\laststation\Audio_augmented\noise\audio_000089__aug_noise_01.wav,حنا عندنا عام مدولنا modem وعندها شهر جاو دارو le poteau بصح ماشفنا والو
C:\Users\dell\Desktop\laststation\Audio_augmented\speed\audio_000089__aug_speed_01.wav,حنا عندنا عام مدولنا modem وعندها شهر جاو دارو le poteau بصح ماشفنا والو
C:\Users\dell\Desktop\laststation\Audio_augmented\compression\audio_000089__aug_compression_01.wav,حنا عندنا عام مدولنا modem وعندها شهر جاو دارو le poteau بصح ماشفنا والو
C:\Users\dell\Desktop\laststation\Audio_augmented\noise\audio_000090__aug_noise_01.wav,ممكن راكم في تقدم ملحوظ لكن ولاية خنشلة و بلديلتها راهي في سبات عميق
C:\Users\dell\Desktop\laststation\Audio_augmented\speed\audio_000090__aug_speed_01.wav,ممكن راكم في تقدم ملحوظ لكن ولاية خنشلة و بلديلتها راهي في سبات عميق
C:\Users\dell\Desktop\laststation\Audio_augmented\compression\audio_000090__aug_compression_01.wav,ممكن راكم في تقدم ملحوظ لكن ولاية خنشلة و بلديلتها راهي في سبات عميق
C:\Users\dell\Desktop\laststation\Audio_augmented\noise\audio_000091__aug_noise_01.wav,كي دخلها و تكمل تاع شهر مجاني شحال تولي كل شهر تخلص
C:\Users\dell\Desktop\laststation\Audio_augmented\speed\audio_000091__aug_speed_01.wav,كي دخلها و تكمل تاع شهر مجاني شحال تولي كل شهر تخلص
C:\Users\dell\Desktop\laststation\Audio_augmented\compression\audio_000091__aug_compression_01.wav,كي دخلها و تكمل تاع شهر مجاني شحال تولي كل شهر تخلص
C:\Users\dell\Desktop\laststation\Audio_augmented\noise\audio_000092__aug_noise_01.wav,راكم حفرتو و كملتو كي تجيو تركبو الخيوط و ساهلة راكم من ورا العيد الكبير و ماوصلتوش
C:\Users\dell\Desktop\laststation\Audio_augmented\speed\audio_000092__aug_speed_01.wav,راكم حفرتو و كملتو كي تجيو تركبو الخيوط و ساهلة راكم من ورا العيد الكبير و ماوصلتوش
C:\Users\dell\Desktop\laststation\Audio_augmented\compression\audio_000092__aug_compression_01.wav,راكم حفرتو و كملتو كي تجيو تركبو الخيوط و ساهلة راكم من ورا العيد الكبير و ماوصلتوش
C:\Users\dell\Desktop\laststation\Audio_augmented\noise\audio_000093__aug_noise_01.wav,عندنا fibre بصح مازال مجابولنا les modem كل منروح يقولولي مازال مدخلوش les modem
C:\Users\dell\Desktop\laststation\Audio_augmented\speed\audio_000093__aug_speed_01.wav,عندنا fibre بصح مازال مجابولنا les modem كل منروح يقولولي مازال مدخلوش les modem
C:\Users\dell\Desktop\laststation\Audio_augmented\compression\audio_000093__aug_compression_01.wav,عندنا fibre بصح مازال مجابولنا les modem كل منروح يقولولي مازال مدخلوش les modem
C:\Users\dell\Desktop\laststation\Audio_augmented\noise\audio_000094__aug_noise_01.wav,راكم غالطين في الشعار كان من الاحسن تحطو تحلزن بي l'internet اي الحلزون واسرع من قوة تدفق internet تاعكم
C:\Users\dell\Desktop\laststation\Audio_augmented\speed\audio_000094__aug_speed_01.wav,راكم غالطين في الشعار كان من الاحسن تحطو تحلزن بي l'internet اي الحلزون واسرع من قوة تدفق internet تاعكم
C:\Users\dell\Desktop\laststation\Audio_augmented\compression\audio_000094__aug_compression_01.wav,راكم غالطين في الشعار كان من الاحسن تحطو تحلزن بي l'internet اي الحلزون واسرع من قوة تدفق internet تاعكم
C:\Users\dell\Desktop\laststation\Audio_augmented\noise\audio_000095__aug_noise_01.wav,المشكل راني في عامين ملي درت طلب وهما يقولو مكاش modem
C:\Users\dell\Desktop\laststation\Audio_augmented\speed\audio_000095__aug_speed_01.wav,المشكل راني في عامين ملي درت طلب وهما يقولو مكاش modem
C:\Users\dell\Desktop\laststation\Audio_augmented\compression\audio_000095__aug_compression_01.wav,المشكل راني في عامين ملي درت طلب وهما يقولو مكاش modem
C:\Users\dell\Desktop\laststation\Audio_augmented\noise\audio_000096__aug_noise_01.wav,نتمنا تشوفو الحي تاعنا علاش محبوش يخدمو fibre و بقيت الاحياء درولهم
C:\Users\dell\Desktop\laststation\Audio_augmented\speed\audio_000096__aug_speed_01.wav,نتمنا تشوفو الحي تاعنا علاش محبوش يخدمو fibre و بقيت الاحياء درولهم
C:\Users\dell\Desktop\laststation\Audio_augmented\compression\audio_000096__aug_compression_01.wav,نتمنا تشوفو الحي تاعنا علاش محبوش يخدمو fibre و بقيت الاحياء درولهم
C:\Users\dell\Desktop\laststation\Audio_augmented\noise\audio_000097__aug_noise_01.wav,حبيت نعرف شحال يخلصو كي يدخلوا internet اول خطرة
C:\Users\dell\Desktop\laststation\Audio_augmented\speed\audio_000097__aug_speed_01.wav,حبيت نعرف شحال يخلصو كي يدخلوا internet اول خطرة
C:\Users\dell\Desktop\laststation\Audio_augmented\compression\audio_000097__aug_compression_01.wav,حبيت نعرف شحال يخلصو كي يدخلوا internet اول خطرة
C:\Users\dell\Desktop\laststation\Audio_augmented\noise\audio_000098__aug_noise_01.wav,مازال ملحقوش حفرو و دارو اشغال تاوعو و حطو باطة برك بصح مازال مدخلش
C:\Users\dell\Desktop\laststation\Audio_augmented\speed\audio_000098__aug_speed_01.wav,مازال ملحقوش حفرو و دارو اشغال تاوعو و حطو باطة برك بصح مازال مدخلش
C:\Users\dell\Desktop\laststation\Audio_augmented\compression\audio_000098__aug_compression_01.wav,مازال ملحقوش حفرو و دارو اشغال تاوعو و حطو باطة برك بصح مازال مدخلش
C:\Users\dell\Desktop\laststation\Audio_augmented\noise\audio_000099__aug_noise_01.wav,وين راه fibre هذا رانا ساكنين ف العاصمة الولاية و مكاش تغطية ما بالك البيدالات البعيدة
C:\Users\dell\Desktop\laststation\Audio_augmented\speed\audio_000099__aug_speed_01.wav,وين راه fibre هذا رانا ساكنين ف العاصمة الولاية و مكاش تغطية ما بالك البيدالات البعيدة
C:\Users\dell\Desktop\laststation\Audio_augmented\compression\audio_000099__aug_compression_01.wav,وين راه fibre هذا رانا ساكنين ف العاصمة الولاية و مكاش تغطية ما بالك البيدالات البعيدة
C:\Users\dell\Desktop\laststation\Audio_augmented\noise\audio_000100__aug_noise_01.wav,الجلفة عندنا عام ملي خلصنا و مازال modem مكاش كيفاش الحل
C:\Users\dell\Desktop\laststation\Audio_augmented\speed\audio_000100__aug_speed_01.wav,الجلفة عندنا عام ملي خلصنا و مازال modem مكاش كيفاش الحل
C:\Users\dell\Desktop\laststation\Audio_augmented\compression\audio_000100__aug_compression_01.wav,الجلفة عندنا عام ملي خلصنا و مازال modem مكاش كيفاش الحل
C:\Users\dell\Desktop\laststation\Audio_augmented\noise\audio_000101__aug_noise_01.wav,ريڨلونا مشكل تاع internet رانا كرهنا ثلاثة ايام fibre مكاش
C:\Users\dell\Desktop\laststation\Audio_augmented\speed\audio_000101__aug_speed_01.wav,ريڨلونا مشكل تاع internet رانا كرهنا ثلاثة ايام fibre مكاش
C:\Users\dell\Desktop\laststation\Audio_augmented\compression\audio_000101__aug_compression_01.wav,ريڨلونا مشكل تاع internet رانا كرهنا ثلاثة ايام fibre مكاش
C:\Users\dell\Desktop\laststation\Audio_augmented\noise\audio_000102__aug_noise_01.wav,رانا قريب ثلاثة شهر ملي دينا modem و مكاش تركيب
C:\Users\dell\Desktop\laststation\Audio_augmented\speed\audio_000102__aug_speed_01.wav,رانا قريب ثلاثة شهر ملي دينا modem و مكاش تركيب
C:\Users\dell\Desktop\laststation\Audio_augmented\compression\audio_000102__aug_compression_01.wav,رانا قريب ثلاثة شهر ملي دينا modem و مكاش تركيب
C:\Users\dell\Desktop\laststation\Audio_augmented\noise\audio_000103__aug_noise_01.wav,modem هذا راهو كارثة connexion ڨاع مكاش راهي متلحقش un mega
C:\Users\dell\Desktop\laststation\Audio_augmented\speed\audio_000103__aug_speed_01.wav,modem هذا راهو كارثة connexion ڨاع مكاش راهي متلحقش un mega
C:\Users\dell\Desktop\laststation\Audio_augmented\compression\audio_000103__aug_compression_01.wav,modem هذا راهو كارثة connexion ڨاع مكاش راهي متلحقش un mega
C:\Users\dell\Desktop\laststation\Audio_augmented\noise\audio_000104__aug_noise_01.wav,modem نتاعكم في reseau ميصلحش ناقص بزاف بزاف عيان راه متعبني
C:\Users\dell\Desktop\laststation\Audio_augmented\speed\audio_000104__aug_speed_01.wav,modem نتاعكم في reseau ميصلحش ناقص بزاف بزاف عيان راه متعبني
C:\Users\dell\Desktop\laststation\Audio_augmented\compression\audio_000104__aug_compression_01.wav,modem نتاعكم في reseau ميصلحش ناقص بزاف بزاف عيان راه متعبني
C:\Users\dell\Desktop\laststation\Audio_augmented\noise\audio_000105__aug_noise_01.wav,وقتاش تريڨلولنا هذي متصلة ولا يتوفر internet عيب رانا في الفين و خمسة و عشرين
C:\Users\dell\Desktop\laststation\Audio_augmented\speed\audio_000105__aug_speed_01.wav,وقتاش تريڨلولنا هذي متصلة ولا يتوفر internet عيب رانا في الفين و خمسة و عشرين
C:\Users\dell\Desktop\laststation\Audio_augmented\compression\audio_000105__aug_compression_01.wav,وقتاش تريڨلولنا هذي متصلة ولا يتوفر internet عيب رانا في الفين و خمسة و عشرين
C:\Users\dell\Desktop\laststation\Audio_augmented\noise\audio_000106__aug_noise_01.wav,كي مكاش منافسة ذوك ديرو نتوما رايكم
C:\Users\dell\Desktop\laststation\Audio_augmented\speed\audio_000106__aug_speed_01.wav,كي مكاش منافسة ذوك ديرو نتوما رايكم
C:\Users\dell\Desktop\laststation\Audio_augmented\compression\audio_000106__aug_compression_01.wav,كي مكاش منافسة ذوك ديرو نتوما رايكم
C:\Users\dell\Desktop\laststation\Audio_augmented\noise\audio_000107__aug_noise_01.wav,برج الكيفان اظنها من العاصمة خارج تغطيتكم احشموا بركاونا ملكذب
C:\Users\dell\Desktop\laststation\Audio_augmented\speed\audio_000107__aug_speed_01.wav,برج الكيفان اظنها من العاصمة خارج تغطيتكم احشموا بركاونا ملكذب
C:\Users\dell\Desktop\laststation\Audio_augmented\compression\audio_000107__aug_compression_01.wav,برج الكيفان اظنها من العاصمة خارج تغطيتكم احشموا بركاونا ملكذب
C:\Users\dell\Desktop\laststation\Audio_augmented\noise\audio_000108__aug_noise_01.wav,هيه بصحتهم جماعة fibre حنا جماعة adsl نساونا كامل الفين و خمسة و عشرين داخلة و مكان والو
C:\Users\dell\Desktop\laststation\Audio_augmented\speed\audio_000108__aug_speed_01.wav,هيه بصحتهم جماعة fibre حنا جماعة adsl نساونا كامل الفين و خمسة و عشرين داخلة و مكان والو
C:\Users\dell\Desktop\laststation\Audio_augmented\compression\audio_000108__aug_compression_01.wav,هيه بصحتهم جماعة fibre حنا جماعة adsl نساونا كامل الفين و خمسة و عشرين داخلة و مكان والو
C:\Users\dell\Desktop\laststation\Audio_augmented\noise\audio_000109__aug_noise_01.wav,تاعش الخدمة انا خلصت وشريت modem غير باه يديرو الربط ثلاثة سوايع
C:\Users\dell\Desktop\laststation\Audio_augmented\speed\audio_000109__aug_speed_01.wav,تاعش الخدمة انا خلصت وشريت modem غير باه يديرو الربط ثلاثة سوايع
C:\Users\dell\Desktop\laststation\Audio_augmented\compression\audio_000109__aug_compression_01.wav,تاعش الخدمة انا خلصت وشريت modem غير باه يديرو الربط ثلاثة سوايع
C:\Users\dell\Desktop\laststation\Audio_augmented\noise\audio_000110__aug_noise_01.wav,البارح شارجيت بطاقة التعبية مية الف بصح المشكل عدد الايام قعدوا هوما مزادوش واش هو المشكل
C:\Users\dell\Desktop\laststation\Audio_augmented\speed\audio_000110__aug_speed_01.wav,البارح شارجيت بطاقة التعبية مية الف بصح المشكل عدد الايام قعدوا هوما مزادوش واش هو المشكل
C:\Users\dell\Desktop\laststation\Audio_augmented\compression\audio_000110__aug_compression_01.wav,البارح شارجيت بطاقة التعبية مية الف بصح المشكل عدد الايام قعدوا هوما مزادوش واش هو المشكل
C:\Users\dell\Desktop\laststation\Audio_augmented\noise\audio_000111__aug_noise_01.wav,سيدي عيسى مسيلة رانا نستناو في les modem اكتر من ثمانية شهر و لا جديد
C:\Users\dell\Desktop\laststation\Audio_augmented\speed\audio_000111__aug_speed_01.wav,سيدي عيسى مسيلة رانا نستناو في les modem اكتر من ثمانية شهر و لا جديد
C:\Users\dell\Desktop\laststation\Audio_augmented\compression\audio_000111__aug_compression_01.wav,سيدي عيسى مسيلة رانا نستناو في les modem اكتر من ثمانية شهر و لا جديد
C:\Users\dell\Desktop\laststation\Audio_augmented\noise\audio_000112__aug_noise_01.wav,ماكن والوا ni service client ni خدمة شابة
C:\Users\dell\Desktop\laststation\Audio_augmented\speed\audio_000112__aug_speed_01.wav,ماكن والوا ni service client ni خدمة شابة
C:\Users\dell\Desktop\laststation\Audio_augmented\compression\audio_000112__aug_compression_01.wav,ماكن والوا ni service client ni خدمة شابة
C:\Users\dell\Desktop\laststation\Audio_augmented\noise\audio_000113__aug_noise_01.wav,ركبولنا الخط و عطاونا modem وراه راكب و شحال هذي مدة عشرة ايام و مازال ماطلقوهاش اين الخلل
C:\Users\dell\Desktop\laststation\Audio_augmented\speed\audio_000113__aug_speed_01.wav,ركبولنا الخط و عطاونا modem وراه راكب و شحال هذي مدة عشرة ايام و مازال ماطلقوهاش اين الخلل
C:\Users\dell\Desktop\laststation\Audio_augmented\compression\audio_000113__aug_compression_01.wav,ركبولنا الخط و عطاونا modem وراه راكب و شحال هذي مدة عشرة ايام و مازال ماطلقوهاش اين الخلل
C:\Users\dell\Desktop\laststation\Audio_augmented\noise\audio_000114__aug_noise_01.wav,خلصنا connexion شهر لول رانا ثلاثة ايام مكاش وين راه المشكل
C:\Users\dell\Desktop\laststation\Audio_augmented\speed\audio_000114__aug_speed_01.wav,خلصنا connexion شهر لول رانا ثلاثة ايام مكاش وين راه المشكل
C:\Users\dell\Desktop\laststation\Audio_augmented\compression\audio_000114__aug_compression_01.wav,خلصنا connexion شهر لول رانا ثلاثة ايام مكاش وين راه المشكل
C:\Users\dell\Desktop\laststation\Audio_augmented\noise\audio_000115__aug_noise_01.wav,وين بلاصة في عنابة خويا حتى انا سرقولنا cable تاع internet
C:\Users\dell\Desktop\laststation\Audio_augmented\speed\audio_000115__aug_speed_01.wav,وين بلاصة في عنابة خويا حتى انا سرقولنا cable تاع internet
C:\Users\dell\Desktop\laststation\Audio_augmented\compression\audio_000115__aug_compression_01.wav,وين بلاصة في عنابة خويا حتى انا سرقولنا cable تاع internet
C:\Users\dell\Desktop\laststation\Audio_augmented\noise\audio_000116__aug_noise_01.wav,فهمونا كيفاش نبدلو رقم الهاتف في فضاء الزبون بعد تغيير الرقم من adsl الى fibre ولا مادرتوش حسابها
C:\Users\dell\Desktop\laststation\Audio_augmented\speed\audio_000116__aug_speed_01.wav,فهمونا كيفاش نبدلو رقم الهاتف في فضاء الزبون بعد تغيير الرقم من adsl الى fibre ولا مادرتوش حسابها
C:\Users\dell\Desktop\laststation\Audio_augmented\compression\audio_000116__aug_compression_01.wav,فهمونا كيفاش نبدلو رقم الهاتف في فضاء الزبون بعد تغيير الرقم من adsl الى fibre ولا مادرتوش حسابها
C:\Users\dell\Desktop\laststation\Audio_augmented\noise\audio_000117__aug_noise_01.wav,واش بيها internet adsl تقطعت علينا دورك و مازال فيها خمسة ايام على وقتها كاش حل
C:\Users\dell\Desktop\laststation\Audio_augmented\speed\audio_000117__aug_speed_01.wav,واش بيها internet adsl تقطعت علينا دورك و مازال فيها خمسة ايام على وقتها كاش حل
C:\Users\dell\Desktop\laststation\Audio_augmented\compression\audio_000117__aug_compression_01.wav,واش بيها internet adsl تقطعت علينا دورك و مازال فيها خمسة ايام على وقتها كاش حل
C:\Users\dell\Desktop\laststation\Audio_augmented\noise\audio_000118__aug_noise_01.wav,عندي اكثر من شهر درت demande de fibre و مخلص كلشي و عطاوني modem و مازال مجاوش يركبولي
C:\Users\dell\Desktop\laststation\Audio_augmented\speed\audio_000118__aug_speed_01.wav,عندي اكثر من شهر درت demande de fibre و مخلص كلشي و عطاوني modem و مازال مجاوش يركبولي
C:\Users\dell\Desktop\laststation\Audio_augmented\compression\audio_000118__aug_compression_01.wav,عندي اكثر من شهر درت demande de fibre و مخلص كلشي و عطاوني modem و مازال مجاوش يركبولي
C:\Users\dell\Desktop\laststation\Audio_augmented\noise\audio_000119__aug_noise_01.wav,حنا حتى adsl معندناش رانا بي 4g رانا نعانيوا دفعنا trois demande والوا
C:\Users\dell\Desktop\laststation\Audio_augmented\speed\audio_000119__aug_speed_01.wav,حنا حتى adsl معندناش رانا بي 4g رانا نعانيوا دفعنا trois demande والوا
C:\Users\dell\Desktop\laststation\Audio_augmented\compression\audio_000119__aug_compression_01.wav,حنا حتى adsl معندناش رانا بي 4g رانا نعانيوا دفعنا trois demande والوا
C:\Users\dell\Desktop\laststation\Audio_augmented\noise\audio_000120__aug_noise_01.wav,خويا عندي شهر منين درت demande تاع modem تاع دار للدورك مركبوهش
C:\Users\dell\Desktop\laststation\Audio_augmented\speed\audio_000120__aug_speed_01.wav,خويا عندي شهر منين درت demande تاع modem تاع دار للدورك مركبوهش
C:\Users\dell\Desktop\laststation\Audio_augmented\compression\audio_000120__aug_compression_01.wav,خويا عندي شهر منين درت demande تاع modem تاع دار للدورك مركبوهش
C:\Users\dell\Desktop\laststation\Audio_augmented\noise\audio_000121__aug_noise_01.wav,عرض هايل مشكورين مع fibre connexion روعة عجبني بزاف عرض تاع weekend
C:\Users\dell\Desktop\laststation\Audio_augmented\speed\audio_000121__aug_speed_01.wav,عرض هايل مشكورين مع fibre connexion روعة عجبني بزاف عرض تاع weekend
C:\Users\dell\Desktop\laststation\Audio_augmented\compression\audio_000121__aug_compression_01.wav,عرض هايل مشكورين مع fibre connexion روعة عجبني بزاف عرض تاع weekend
C:\Users\dell\Desktop\laststation\Audio_augmented\noise\audio_000122__aug_noise_01.wav,اخي الكريم تحياتي كي تبدل السكن من ولاية الى ولاية اخرى هل تستطيع دير تحويل للخط نتاعك معاك
C:\Users\dell\Desktop\laststation\Audio_augmented\speed\audio_000122__aug_speed_01.wav,اخي الكريم تحياتي كي تبدل السكن من ولاية الى ولاية اخرى هل تستطيع دير تحويل للخط نتاعك معاك
C:\Users\dell\Desktop\laststation\Audio_augmented\compression\audio_000122__aug_compression_01.wav,اخي الكريم تحياتي كي تبدل السكن من ولاية الى ولاية اخرى هل تستطيع دير تحويل للخط نتاعك معاك
C:\Users\dell\Desktop\laststation\Audio_augmented\noise\audio_000123__aug_noise_01.wav,وراه fibre عندي ستة شهر انتظر مخلص و كلش وين انروح ليهم يقولولي مازال مجاوناش les modem
C:\Users\dell\Desktop\laststation\Audio_augmented\speed\audio_000123__aug_speed_01.wav,وراه fibre عندي ستة شهر انتظر مخلص و كلش وين انروح ليهم يقولولي مازال مجاوناش les modem
C:\Users\dell\Desktop\laststation\Audio_augmented\compression\audio_000123__aug_compression_01.wav,وراه fibre عندي ستة شهر انتظر مخلص و كلش وين انروح ليهم يقولولي مازال مجاوناش les modem
C:\Users\dell\Desktop\laststation\Audio_augmented\noise\audio_000124__aug_noise_01.wav,ديرولنا برك fibre و من بعد نشتاركو ماعندنا وين نروحو غير عندكم
C:\Users\dell\Desktop\laststation\Audio_augmented\speed\audio_000124__aug_speed_01.wav,ديرولنا برك fibre و من بعد نشتاركو ماعندنا وين نروحو غير عندكم
C:\Users\dell\Desktop\laststation\Audio_augmented\compression\audio_000124__aug_compression_01.wav,ديرولنا برك fibre و من بعد نشتاركو ماعندنا وين نروحو غير عندكم
C:\Users\dell\Desktop\laststation\Audio_augmented\noise\audio_000125__aug_noise_01.wav,راه عندي modem راني نستنا وقتاش تجو تركبوه درارية الجزاير العاصمة
C:\Users\dell\Desktop\laststation\Audio_augmented\speed\audio_000125__aug_speed_01.wav,راه عندي modem راني نستنا وقتاش تجو تركبوه درارية الجزاير العاصمة
C:\Users\dell\Desktop\laststation\Audio_augmented\compression\audio_000125__aug_compression_01.wav,راه عندي modem راني نستنا وقتاش تجو تركبوه درارية الجزاير العاصمة
C:\Users\dell\Desktop\laststation\Audio_augmented\noise\audio_000126__aug_noise_01.wav,شحال مدى تاع wifi لي فيه و تردد cinq giga hertz كاين فيه
C:\Users\dell\Desktop\laststation\Audio_augmented\speed\audio_000126__aug_speed_01.wav,شحال مدى تاع wifi لي فيه و تردد cinq giga hertz كاين فيه
C:\Users\dell\Desktop\laststation\Audio_augmented\compression\audio_000126__aug_compression_01.wav,شحال مدى تاع wifi لي فيه و تردد cinq giga hertz كاين فيه
C:\Users\dell\Desktop\laststation\Audio_augmented\noise\audio_000127__aug_noise_01.wav,حنا في سيدي سرحان ولاية البليدة راهم عام غير مع الحفير مانيش عارف وقتاس يركب هذ fibre
C:\Users\dell\Desktop\laststation\Audio_augmented\speed\audio_000127__aug_speed_01.wav,حنا في سيدي سرحان ولاية البليدة راهم عام غير مع الحفير مانيش عارف وقتاس يركب هذ fibre
C:\Users\dell\Desktop\laststation\Audio_augmented\compression\audio_000127__aug_compression_01.wav,حنا في سيدي سرحان ولاية البليدة راهم عام غير مع الحفير مانيش عارف وقتاس يركب هذ fibre
C:\Users\dell\Desktop\laststation\Audio_augmented\noise\audio_000128__aug_noise_01.wav,موقع نتاعكم فضاء زبون مراهش يخدم واش هو سبب
C:\Users\dell\Desktop\laststation\Audio_augmented\speed\audio_000128__aug_speed_01.wav,موقع نتاعكم فضاء زبون مراهش يخدم واش هو سبب
C:\Users\dell\Desktop\laststation\Audio_augmented\compression\audio_000128__aug_compression_01.wav,موقع نتاعكم فضاء زبون مراهش يخدم واش هو سبب
C:\Users\dell\Desktop\laststation\Audio_augmented\noise\audio_000129__aug_noise_01.wav,كان عندي حساب قديم في فضاء الزبون ونسيتو و كي حبيت نحل واحد جديد ماحبش
C:\Users\dell\Desktop\laststation\Audio_augmented\speed\audio_000129__aug_speed_01.wav,كان عندي حساب قديم في فضاء الزبون ونسيتو و كي حبيت نحل واحد جديد ماحبش
C:\Users\dell\Desktop\laststation\Audio_augmented\compression\audio_000129__aug_compression_01.wav,كان عندي حساب قديم في فضاء الزبون ونسيتو و كي حبيت نحل واحد جديد ماحبش
C:\Users\dell\Desktop\laststation\Audio_augmented\noise\audio_000130__aug_noise_01.wav,غالي normalement تراعو القدرة الشرائية باش تجيبو بزاف ناس ماشي غير صحاب الدراهم
C:\Users\dell\Desktop\laststation\Audio_augmented\speed\audio_000130__aug_speed_01.wav,غالي normalement تراعو القدرة الشرائية باش تجيبو بزاف ناس ماشي غير صحاب الدراهم
C:\Users\dell\Desktop\laststation\Audio_augmented\compression\audio_000130__aug_compression_01.wav,غالي normalement تراعو القدرة الشرائية باش تجيبو بزاف ناس ماشي غير صحاب الدراهم
C:\Users\dell\Desktop\laststation\Audio_augmented\noise\audio_000131__aug_noise_01.wav,سلام عليكم كاين مشكل في تطبيق my idoom مانقدرش ندخل لفضاء الزبون
C:\Users\dell\Desktop\laststation\Audio_augmented\speed\audio_000131__aug_speed_01.wav,سلام عليكم كاين مشكل في تطبيق my idoom مانقدرش ندخل لفضاء الزبون
C:\Users\dell\Desktop\laststation\Audio_augmented\compression\audio_000131__aug_compression_01.wav,سلام عليكم كاين مشكل في تطبيق my idoom مانقدرش ندخل لفضاء الزبون
C:\Users\dell\Desktop\laststation\Audio_augmented\noise\audio_000132__aug_noise_01.wav,modem fibre وين راه رانا قريب عام ملي درنا les demande
C:\Users\dell\Desktop\laststation\Audio_augmented\speed\audio_000132__aug_speed_01.wav,modem fibre وين راه رانا قريب عام ملي درنا les demande
C:\Users\dell\Desktop\laststation\Audio_augmented\compression\audio_000132__aug_compression_01.wav,modem fibre وين راه رانا قريب عام ملي درنا les demande
C:\Users\dell\Desktop\laststation\Audio_augmented\noise\audio_000133__aug_noise_01.wav,اي كي ندير adsl كي تلحق fibre نقدر نبدل و est ce que جيهتنا قالك ما عندهمش fibre
C:\Users\dell\Desktop\laststation\Audio_augmented\speed\audio_000133__aug_speed_01.wav,اي كي ندير adsl كي تلحق fibre نقدر نبدل و est ce que جيهتنا قالك ما عندهمش fibre
C:\Users\dell\Desktop\laststation\Audio_augmented\compression\audio_000133__aug_compression_01.wav,اي كي ندير adsl كي تلحق fibre نقدر نبدل و est ce que جيهتنا قالك ما عندهمش fibre
C:\Users\dell\Desktop\laststation\Audio_augmented\noise\audio_000134__aug_noise_01.wav,حنا في اكثر من شهر modem كاين و المشية يجيب ربي
C:\Users\dell\Desktop\laststation\Audio_augmented\speed\audio_000134__aug_speed_01.wav,حنا في اكثر من شهر modem كاين و المشية يجيب ربي
C:\Users\dell\Desktop\laststation\Audio_augmented\compression\audio_000134__aug_compression_01.wav,حنا في اكثر من شهر modem كاين و المشية يجيب ربي
C:\Users\dell\Desktop\laststation\Audio_augmented\noise\audio_000135__aug_noise_01.wav,راني داير demande من جوان الفين و ربعة و عشرين و مازال مجاو مدولي modem
C:\Users\dell\Desktop\laststation\Audio_augmented\speed\audio_000135__aug_speed_01.wav,راني داير demande من جوان الفين و ربعة و عشرين و مازال مجاو مدولي modem
C:\Users\dell\Desktop\laststation\Audio_augmented\compression\audio_000135__aug_compression_01.wav,راني داير demande من جوان الفين و ربعة و عشرين و مازال مجاو مدولي modem
C:\Users\dell\Desktop\laststation\Audio_augmented\noise\audio_000136__aug_noise_01.wav,ياو ريڨلولنا connexion برك راهي ثقيلة على td تاع ثمانية
C:\Users\dell\Desktop\laststation\Audio_augmented\speed\audio_000136__aug_speed_01.wav,ياو ريڨلولنا connexion برك راهي ثقيلة على td تاع ثمانية
C:\Users\dell\Desktop\laststation\Audio_augmented\compression\audio_000136__aug_compression_01.wav,ياو ريڨلولنا connexion برك راهي ثقيلة على td تاع ثمانية
C:\Users\dell\Desktop\laststation\Audio_augmented\noise\audio_000137__aug_noise_01.wav,internet في الجزاير راهي تطور بزاف يعطيكم الصحة على المجهودات
C:\Users\dell\Desktop\laststation\Audio_augmented\speed\audio_000137__aug_speed_01.wav,internet في الجزاير راهي تطور بزاف يعطيكم الصحة على المجهودات
C:\Users\dell\Desktop\laststation\Audio_augmented\compression\audio_000137__aug_compression_01.wav,internet في الجزاير راهي تطور بزاف يعطيكم الصحة على المجهودات
C:\Users\dell\Desktop\laststation\Audio_augmented\noise\audio_000138__aug_noise_01.wav,ركبت fibre واليوم راني نخلص في الفاتورة بالتليفون كلش ساهل
C:\Users\dell\Desktop\laststation\Audio_augmented\speed\audio_000138__aug_speed_01.wav,ركبت fibre واليوم راني نخلص في الفاتورة بالتليفون كلش ساهل
C:\Users\dell\Desktop\laststation\Audio_augmented\compression\audio_000138__aug_compression_01.wav,ركبت fibre واليوم راني نخلص في الفاتورة بالتليفون كلش ساهل
C:\Users\dell\Desktop\laststation\Audio_augmented\noise\audio_000139__aug_noise_01.wav,ديرولنا عروض ترويجية تاع وينتا دخلو fibre للاحياء حفرتو الحفرة ماعرفناه fibre ماعرفناه tuyeau تاع الماء
C:\Users\dell\Desktop\laststation\Audio_augmented\speed\audio_000139__aug_speed_01.wav,ديرولنا عروض ترويجية تاع وينتا دخلو fibre للاحياء حفرتو الحفرة ماعرفناه fibre ماعرفناه tuyeau تاع الماء
C:\Users\dell\Desktop\laststation\Audio_augmented\compression\audio_000139__aug_compression_01.wav,ديرولنا عروض ترويجية تاع وينتا دخلو fibre للاحياء حفرتو الحفرة ماعرفناه fibre ماعرفناه tuyeau تاع الماء
C:\Users\dell\Desktop\laststation\Audio_augmented\noise\audio_000140__aug_noise_01.wav,عندنا ربعة شهر من درتولننا modem الى يومنا مامشاش zero خدمة zero اتقان شكينا مية مرة لا حياة
C:\Users\dell\Desktop\laststation\Audio_augmented\speed\audio_000140__aug_speed_01.wav,عندنا ربعة شهر من درتولننا modem الى يومنا مامشاش zero خدمة zero اتقان شكينا مية مرة لا حياة
C:\Users\dell\Desktop\laststation\Audio_augmented\compression\audio_000140__aug_compression_01.wav,عندنا ربعة شهر من درتولننا modem الى يومنا مامشاش zero خدمة zero اتقان شكينا مية مرة لا حياة
C:\Users\dell\Desktop\laststation\Audio_augmented\noise\audio_000141__aug_noise_01.wav,شبكة ضعيفة جدا لازم تزيدو هوائيات جدد مش غير تبيع modem و برج واحد في منطقة فيها الاف المشتركين
C:\Users\dell\Desktop\laststation\Audio_augmented\speed\audio_000141__aug_speed_01.wav,شبكة ضعيفة جدا لازم تزيدو هوائيات جدد مش غير تبيع modem و برج واحد في منطقة فيها الاف المشتركين
C:\Users\dell\Desktop\laststation\Audio_augmented\compression\audio_000141__aug_compression_01.wav,شبكة ضعيفة جدا لازم تزيدو هوائيات جدد مش غير تبيع modem و برج واحد في منطقة فيها الاف المشتركين
C:\Users\dell\Desktop\laststation\Audio_augmented\noise\audio_000142__aug_noise_01.wav,ما تنساوش مينذاك ديرو تحديثات للتطبيقات ديالكم لي ماراهيش تمشي ولا تحوسو غير تبيعو
C:\Users\dell\Desktop\laststation\Audio_augmented\speed\audio_000142__aug_speed_01.wav,ما تنساوش مينذاك ديرو تحديثات للتطبيقات ديالكم لي ماراهيش تمشي ولا تحوسو غير تبيعو
C:\Users\dell\Desktop\laststation\Audio_augmented\compression\audio_000142__aug_compression_01.wav,ما تنساوش مينذاك ديرو تحديثات للتطبيقات ديالكم لي ماراهيش تمشي ولا تحوسو غير تبيعو
C:\Users\dell\Desktop\laststation\Audio_augmented\noise\audio_000143__aug_noise_01.wav,والله عيب تقلعو من ايام الاشتراك هذي الخدمة normalement تكون مجانية للزبائن المشتركين في التدفقات العالية
C:\Users\dell\Desktop\laststation\Audio_augmented\speed\audio_000143__aug_speed_01.wav,والله عيب تقلعو من ايام الاشتراك هذي الخدمة normalement تكون مجانية للزبائن المشتركين في التدفقات العالية
C:\Users\dell\Desktop\laststation\Audio_augmented\compression\audio_000143__aug_compression_01.wav,والله عيب تقلعو من ايام الاشتراك هذي الخدمة normalement تكون مجانية للزبائن المشتركين في التدفقات العالية
C:\Users\dell\Desktop\laststation\Audio_augmented\noise\audio_000144__aug_noise_01.wav,و انت خو كان عندك stable من الاول ولا كي ريكلاميت و شحال من وقت باش ولا stable
C:\Users\dell\Desktop\laststation\Audio_augmented\speed\audio_000144__aug_speed_01.wav,و انت خو كان عندك stable من الاول ولا كي ريكلاميت و شحال من وقت باش ولا stable
C:\Users\dell\Desktop\laststation\Audio_augmented\compression\audio_000144__aug_compression_01.wav,و انت خو كان عندك stable من الاول ولا كي ريكلاميت و شحال من وقت باش ولا stable
C:\Users\dell\Desktop\laststation\Audio_augmented\noise\audio_000145__aug_noise_01.wav,حاب نستنفاد من التدفق لي راني مخلصو ستين mega تلحقني vingt six mega علاش المنكر هذا
C:\Users\dell\Desktop\laststation\Audio_augmented\speed\audio_000145__aug_speed_01.wav,حاب نستنفاد من التدفق لي راني مخلصو ستين mega تلحقني vingt six mega علاش المنكر هذا
C:\Users\dell\Desktop\laststation\Audio_augmented\compression\audio_000145__aug_compression_01.wav,حاب نستنفاد من التدفق لي راني مخلصو ستين mega تلحقني vingt six mega علاش المنكر هذا
C:\Users\dell\Desktop\laststation\Audio_augmented\noise\audio_000146__aug_noise_01.wav,modem fibre وين راه رانا قريب عام ملي درنا les demande
C:\Users\dell\Desktop\laststation\Audio_augmented\speed\audio_000146__aug_speed_01.wav,modem fibre وين راه رانا قريب عام ملي درنا les demande
C:\Users\dell\Desktop\laststation\Audio_augmented\compression\audio_000146__aug_compression_01.wav,modem fibre وين راه رانا قريب عام ملي درنا les demande
C:\Users\dell\Desktop\laststation\Audio_augmented\noise\audio_000147__aug_noise_01.wav,ما تقدروش تحولولي ما تبقى من اشتراكي في idoom adsl حوالى خمسطاش يوم الى idoom fibre الجديد
C:\Users\dell\Desktop\laststation\Audio_augmented\speed\audio_000147__aug_speed_01.wav,ما تقدروش تحولولي ما تبقى من اشتراكي في idoom adsl حوالى خمسطاش يوم الى idoom fibre الجديد
C:\Users\dell\Desktop\laststation\Audio_augmented\compression\audio_000147__aug_compression_01.wav,ما تقدروش تحولولي ما تبقى من اشتراكي في idoom adsl حوالى خمسطاش يوم الى idoom fibre الجديد
C:\Users\dell\Desktop\laststation\Audio_augmented\noise\audio_000148__aug_noise_01.wav,راني في ثلاثة شهر نستنا عطاوني modem و مازال مركبوليش
C:\Users\dell\Desktop\laststation\Audio_augmented\speed\audio_000148__aug_speed_01.wav,راني في ثلاثة شهر نستنا عطاوني modem و مازال مركبوليش
C:\Users\dell\Desktop\laststation\Audio_augmented\compression\audio_000148__aug_compression_01.wav,راني في ثلاثة شهر نستنا عطاوني modem و مازال مركبوليش
C:\Users\dell\Desktop\laststation\Audio_augmented\noise\audio_000149__aug_noise_01.wav,fibre هذا نسمعو بيه من عشر سنوات و مازال ماشفناهش رانا مازالنا في التسعينات
C:\Users\dell\Desktop\laststation\Audio_augmented\speed\audio_000149__aug_speed_01.wav,fibre هذا نسمعو بيه من عشر سنوات و مازال ماشفناهش رانا مازالنا في التسعينات
C:\Users\dell\Desktop\laststation\Audio_augmented\compression\audio_000149__aug_compression_01.wav,fibre هذا نسمعو بيه من عشر سنوات و مازال ماشفناهش رانا مازالنا في التسعينات
C:\Users\dell\Desktop\laststation\Audio_augmented\noise\audio_000150__aug_noise_01.wav,عطيتونا modem ورانا نستناو تردو علينا وتبعتولنا المقاول يركب cable من باطة لدار
C:\Users\dell\Desktop\laststation\Audio_augmented\speed\audio_000150__aug_speed_01.wav,عطيتونا modem ورانا نستناو تردو علينا وتبعتولنا المقاول يركب cable من باطة لدار
C:\Users\dell\Desktop\laststation\Audio_augmented\compression\audio_000150__aug_compression_01.wav,عطيتونا modem ورانا نستناو تردو علينا وتبعتولنا المقاول يركب cable من باطة لدار
C:\Users\dell\Desktop\laststation\Audio_augmented\noise\audio_000151__aug_noise_01.wav,نقدر ندير modem وحداخر في الطابق الاول مع العلم الارضي مش باسمي باسم الوالد
C:\Users\dell\Desktop\laststation\Audio_augmented\speed\audio_000151__aug_speed_01.wav,نقدر ندير modem وحداخر في الطابق الاول مع العلم الارضي مش باسمي باسم الوالد
C:\Users\dell\Desktop\laststation\Audio_augmented\compression\audio_000151__aug_compression_01.wav,نقدر ندير modem وحداخر في الطابق الاول مع العلم الارضي مش باسمي باسم الوالد
C:\Users\dell\Desktop\laststation\Audio_augmented\noise\audio_000152__aug_noise_01.wav,فضاء الزبون علاه منقدروش نسجلو فيه رانا نرسلولكم في الخاص ومتجاوبوش علاه
C:\Users\dell\Desktop\laststation\Audio_augmented\speed\audio_000152__aug_speed_01.wav,فضاء الزبون علاه منقدروش نسجلو فيه رانا نرسلولكم في الخاص ومتجاوبوش علاه
C:\Users\dell\Desktop\laststation\Audio_augmented\compression\audio_000152__aug_compression_01.wav,فضاء الزبون علاه منقدروش نسجلو فيه رانا نرسلولكم في الخاص ومتجاوبوش علاه
C:\Users\dell\Desktop\laststation\Audio_augmented\noise\audio_000153__aug_noise_01.wav,علاه منقدرش نسجل في فضاء الزبون للعلم انا جديد الموقع نتاعكم حابس
C:\Users\dell\Desktop\laststation\Audio_augmented\speed\audio_000153__aug_speed_01.wav,علاه منقدرش نسجل في فضاء الزبون للعلم انا جديد الموقع نتاعكم حابس
C:\Users\dell\Desktop\laststation\Audio_augmented\compression\audio_000153__aug_compression_01.wav,علاه منقدرش نسجل في فضاء الزبون للعلم انا جديد الموقع نتاعكم حابس
C:\Users\dell\Desktop\laststation\Audio_augmented\noise\audio_000154__aug_noise_01.wav,ارواحو زورو مناطق الظل لي في الولاية و شوفو خدمة كي دايرة
C:\Users\dell\Desktop\laststation\Audio_augmented\speed\audio_000154__aug_speed_01.wav,ارواحو زورو مناطق الظل لي في الولاية و شوفو خدمة كي دايرة
C:\Users\dell\Desktop\laststation\Audio_augmented\compression\audio_000154__aug_compression_01.wav,ارواحو زورو مناطق الظل لي في الولاية و شوفو خدمة كي دايرة
C:\Users\dell\Desktop\laststation\Audio_augmented\noise\audio_000155__aug_noise_01.wav,درت تعبئة من متعامل خارجي تاع مية الف شحال فيها من نهار
C:\Users\dell\Desktop\laststation\Audio_augmented\speed\audio_000155__aug_speed_01.wav,درت تعبئة من متعامل خارجي تاع مية الف شحال فيها من نهار
C:\Users\dell\Desktop\laststation\Audio_augmented\compression\audio_000155__aug_compression_01.wav,درت تعبئة من متعامل خارجي تاع مية الف شحال فيها من نهار
C:\Users\dell\Desktop\laststation\Audio_augmented\noise\audio_000156__aug_noise_01.wav,بشحال يدخل modem fibre لدار بلخيوط تاعو بلباطة بكلش شحال
C:\Users\dell\Desktop\laststation\Audio_augmented\speed\audio_000156__aug_speed_01.wav,بشحال يدخل modem fibre لدار بلخيوط تاعو بلباطة بكلش شحال
C:\Users\dell\Desktop\laststation\Audio_augmented\compression\audio_000156__aug_compression_01.wav,بشحال يدخل modem fibre لدار بلخيوط تاعو بلباطة بكلش شحال
C:\Users\dell\Desktop\laststation\Audio_augmented\noise\audio_000157__aug_noise_01.wav,كيفاش نعرفو رقم الزبون تاع fibre باه نفتحو حساب جديد في فضاء الزبون
C:\Users\dell\Desktop\laststation\Audio_augmented\speed\audio_000157__aug_speed_01.wav,كيفاش نعرفو رقم الزبون تاع fibre باه نفتحو حساب جديد في فضاء الزبون
C:\Users\dell\Desktop\laststation\Audio_augmented\compression\audio_000157__aug_compression_01.wav,كيفاش نعرفو رقم الزبون تاع fibre باه نفتحو حساب جديد في فضاء الزبون
C:\Users\dell\Desktop\laststation\Audio_augmented\noise\audio_000158__aug_noise_01.wav,عطيتونا modem من شهرين ورانا نستناو تبعثولنا المقاول يركب cable من باطة للمحل
C:\Users\dell\Desktop\laststation\Audio_augmented\speed\audio_000158__aug_speed_01.wav,عطيتونا modem من شهرين ورانا نستناو تبعثولنا المقاول يركب cable من باطة للمحل
C:\Users\dell\Desktop\laststation\Audio_augmented\compression\audio_000158__aug_compression_01.wav,عطيتونا modem من شهرين ورانا نستناو تبعثولنا المقاول يركب cable من باطة للمحل
C:\Users\dell\Desktop\laststation\Audio_augmented\noise\audio_000159__aug_noise_01.wav,كي تكون سرعة internet ثلاثين mega كم سعر الاشتراك في الشهر idoom fibre
C:\Users\dell\Desktop\laststation\Audio_augmented\speed\audio_000159__aug_speed_01.wav,كي تكون سرعة internet ثلاثين mega كم سعر الاشتراك في الشهر idoom fibre
C:\Users\dell\Desktop\laststation\Audio_augmented\compression\audio_000159__aug_compression_01.wav,كي تكون سرعة internet ثلاثين mega كم سعر الاشتراك في الشهر idoom fibre
C:\Users\dell\Desktop\laststation\Audio_augmented\noise\audio_000160__aug_noise_01.wav,روحت رفدت modem قالولي راك رافد modem قبل منقدروش نعطولك
C:\Users\dell\Desktop\laststation\Audio_augmented\speed\audio_000160__aug_speed_01.wav,روحت رفدت modem قالولي راك رافد modem قبل منقدروش نعطولك
C:\Users\dell\Desktop\laststation\Audio_augmented\compression\audio_000160__aug_compression_01.wav,روحت رفدت modem قالولي راك رافد modem قبل منقدروش نعطولك
C:\Users\dell\Desktop\laststation\Audio_augmented\noise\audio_000161__aug_noise_01.wav,modem ديما مكاش من ماي الفين و ربعة و عشرين و حنا نستناو كل يوم مافهمنا والوا
C:\Users\dell\Desktop\laststation\Audio_augmented\speed\audio_000161__aug_speed_01.wav,modem ديما مكاش من ماي الفين و ربعة و عشرين و حنا نستناو كل يوم مافهمنا والوا
C:\Users\dell\Desktop\laststation\Audio_augmented\compression\audio_000161__aug_compression_01.wav,modem ديما مكاش من ماي الفين و ربعة و عشرين و حنا نستناو كل يوم مافهمنا والوا
C:\Users\dell\Desktop\laststation\Audio_augmented\noise\audio_000162__aug_noise_01.wav,لو زدتو شوية في اسعار internet و هنيتونا من المشكل كبير تاع اشتراك fix
C:\Users\dell\Desktop\laststation\Audio_augmented\speed\audio_000162__aug_speed_01.wav,لو زدتو شوية في اسعار internet و هنيتونا من المشكل كبير تاع اشتراك fix
C:\Users\dell\Desktop\laststation\Audio_augmented\compression\audio_000162__aug_compression_01.wav,لو زدتو شوية في اسعار internet و هنيتونا من المشكل كبير تاع اشتراك fix
C:\Users\dell\Desktop\laststation\Audio_augmented\noise\audio_000163__aug_noise_01.wav,اودي ريڨلو connexion و فضاء الزبون دخلت درت الشكوى من تم رجع منقدرش ندخل ڨاع
C:\Users\dell\Desktop\laststation\Audio_augmented\speed\audio_000163__aug_speed_01.wav,اودي ريڨلو connexion و فضاء الزبون دخلت درت الشكوى من تم رجع منقدرش ندخل ڨاع
C:\Users\dell\Desktop\laststation\Audio_augmented\compression\audio_000163__aug_compression_01.wav,اودي ريڨلو connexion و فضاء الزبون دخلت درت الشكوى من تم رجع منقدرش ندخل ڨاع
C:\Users\dell\Desktop\laststation\Audio_augmented\noise\audio_000164__aug_noise_01.wav,تهضرو على fibre تقول مركبينو في كل توراب الوطن منعرفوش كيفاه حتى جاي fibre هدى
C:\Users\dell\Desktop\laststation\Audio_augmented\speed\audio_000164__aug_speed_01.wav,تهضرو على fibre تقول مركبينو في كل توراب الوطن منعرفوش كيفاه حتى جاي fibre هدى
C:\Users\dell\Desktop\laststation\Audio_augmented\compression\audio_000164__aug_compression_01.wav,تهضرو على fibre تقول مركبينو في كل توراب الوطن منعرفوش كيفاه حتى جاي fibre هدى
C:\Users\dell\Desktop\laststation\Audio_augmented\noise\audio_000165__aug_noise_01.wav,ريڨلولنا la fibre يودي مراهيش تمشي راهي كل شوي و تتنقطع مرانا قادرين نخدمو و مرانا قادرين نلعبو
C:\Users\dell\Desktop\laststation\Audio_augmented\speed\audio_000165__aug_speed_01.wav,ريڨلولنا la fibre يودي مراهيش تمشي راهي كل شوي و تتنقطع مرانا قادرين نخدمو و مرانا قادرين نلعبو
C:\Users\dell\Desktop\laststation\Audio_augmented\compression\audio_000165__aug_compression_01.wav,ريڨلولنا la fibre يودي مراهيش تمشي راهي كل شوي و تتنقطع مرانا قادرين نخدمو و مرانا قادرين نلعبو
C:\Users\dell\Desktop\laststation\Audio_augmented\noise\audio_000166__aug_noise_01.wav,ريڨلولنا مشكل internet لي راهي مكوبية من الجمعة لا خبر عيينا شكينا جرينا النافع ربي
C:\Users\dell\Desktop\laststation\Audio_augmented\speed\audio_000166__aug_speed_01.wav,ريڨلولنا مشكل internet لي راهي مكوبية من الجمعة لا خبر عيينا شكينا جرينا النافع ربي
C:\Users\dell\Desktop\laststation\Audio_augmented\compression\audio_000166__aug_compression_01.wav,ريڨلولنا مشكل internet لي راهي مكوبية من الجمعة لا خبر عيينا شكينا جرينا النافع ربي
C:\Users\dell\Desktop\laststation\Audio_augmented\noise\audio_000167__aug_noise_01.wav,كون خليتونا بالقديم خير عندنا مدة ملي ركبنا modem الجديد و مكان والوا la connexion مازالت مكايناش
C:\Users\dell\Desktop\laststation\Audio_augmented\speed\audio_000167__aug_speed_01.wav,كون خليتونا بالقديم خير عندنا مدة ملي ركبنا modem الجديد و مكان والوا la connexion مازالت مكايناش
C:\Users\dell\Desktop\laststation\Audio_augmented\compression\audio_000167__aug_compression_01.wav,كون خليتونا بالقديم خير عندنا مدة ملي ركبنا modem الجديد و مكان والوا la connexion مازالت مكايناش
C:\Users\dell\Desktop\laststation\Audio_augmented\noise\audio_000168__aug_noise_01.wav,بصح modem تعاكم غير متوفر في الوكالات عندي خمسة شهر ملي سجلت ماعيطوليش
C:\Users\dell\Desktop\laststation\Audio_augmented\speed\audio_000168__aug_speed_01.wav,بصح modem تعاكم غير متوفر في الوكالات عندي خمسة شهر ملي سجلت ماعيطوليش
C:\Users\dell\Desktop\laststation\Audio_augmented\compression\audio_000168__aug_compression_01.wav,بصح modem تعاكم غير متوفر في الوكالات عندي خمسة شهر ملي سجلت ماعيطوليش
C:\Users\dell\Desktop\laststation\Audio_augmented\noise\audio_000169__aug_noise_01.wav,علاه كي نحب نسجل في فضاء الزبون تخرجي باجة كحلة algerie telecom
C:\Users\dell\Desktop\laststation\Audio_augmented\speed\audio_000169__aug_speed_01.wav,علاه كي نحب نسجل في فضاء الزبون تخرجي باجة كحلة algerie telecom
C:\Users\dell\Desktop\laststation\Audio_augmented\compression\audio_000169__aug_compression_01.wav,علاه كي نحب نسجل في فضاء الزبون تخرجي باجة كحلة algerie telecom
C:\Users\dell\Desktop\laststation\Audio_augmented\noise\audio_000170__aug_noise_01.wav,السعر تاع vingt mega بزاف حنين par rapport الخدمة الي يقدموها
C:\Users\dell\Desktop\laststation\Audio_augmented\speed\audio_000170__aug_speed_01.wav,السعر تاع vingt mega بزاف حنين par rapport الخدمة الي يقدموها
C:\Users\dell\Desktop\laststation\Audio_augmented\compression\audio_000170__aug_compression_01.wav,السعر تاع vingt mega بزاف حنين par rapport الخدمة الي يقدموها
C:\Users\dell\Desktop\laststation\Audio_augmented\noise\audio_000171__aug_noise_01.wav,كون نحيتو كلمة سرعة برك و حطو واش حبيتو عدد الابراج يتحسب على اصابع اليد في اكبر المدن
C:\Users\dell\Desktop\laststation\Audio_augmented\speed\audio_000171__aug_speed_01.wav,كون نحيتو كلمة سرعة برك و حطو واش حبيتو عدد الابراج يتحسب على اصابع اليد في اكبر المدن
C:\Users\dell\Desktop\laststation\Audio_augmented\compression\audio_000171__aug_compression_01.wav,كون نحيتو كلمة سرعة برك و حطو واش حبيتو عدد الابراج يتحسب على اصابع اليد في اكبر المدن
C:\Users\dell\Desktop\laststation\Audio_augmented\noise\audio_000172__aug_noise_01.wav,كاين الخدمات في internet و فضاء الزبون خلو الخدامة تعيد و تريح واش بيكم
C:\Users\dell\Desktop\laststation\Audio_augmented\speed\audio_000172__aug_speed_01.wav,كاين الخدمات في internet و فضاء الزبون خلو الخدامة تعيد و تريح واش بيكم
C:\Users\dell\Desktop\laststation\Audio_augmented\compression\audio_000172__aug_compression_01.wav,كاين الخدمات في internet و فضاء الزبون خلو الخدامة تعيد و تريح واش بيكم
C:\Users\dell\Desktop\laststation\Audio_augmented\noise\audio_000173__aug_noise_01.wav,وين نطير وين خمسة سنين و الحي تاعي يستنا ديروله fibre
C:\Users\dell\Desktop\laststation\Audio_augmented\speed\audio_000173__aug_speed_01.wav,وين نطير وين خمسة سنين و الحي تاعي يستنا ديروله fibre
C:\Users\dell\Desktop\laststation\Audio_augmented\compression\audio_000173__aug_compression_01.wav,وين نطير وين خمسة سنين و الحي تاعي يستنا ديروله fibre
C:\Users\dell\Desktop\laststation\Audio_augmented\noise\audio_000174__aug_noise_01.wav,سلام عليكم كيف اغير رقم الهاتف على تطبيق idoom من فضلكم
C:\Users\dell\Desktop\laststation\Audio_augmented\speed\audio_000174__aug_speed_01.wav,سلام عليكم كيف اغير رقم الهاتف على تطبيق idoom من فضلكم
C:\Users\dell\Desktop\laststation\Audio_augmented\compression\audio_000174__aug_compression_01.wav,سلام عليكم كيف اغير رقم الهاتف على تطبيق idoom من فضلكم
C:\Users\dell\Desktop\laststation\Audio_augmented\noise\audio_000175__aug_noise_01.wav,ياو وفرلي les modem nokia امبعد ساهل يالفاشلين عام و نص و مازال ماجبتوهم
C:\Users\dell\Desktop\laststation\Audio_augmented\speed\audio_000175__aug_speed_01.wav,ياو وفرلي les modem nokia امبعد ساهل يالفاشلين عام و نص و مازال ماجبتوهم
C:\Users\dell\Desktop\laststation\Audio_augmented\compression\audio_000175__aug_compression_01.wav,ياو وفرلي les modem nokia امبعد ساهل يالفاشلين عام و نص و مازال ماجبتوهم
C:\Users\dell\Desktop\laststation\Audio_augmented\noise\audio_000176__aug_noise_01.wav,خلصنا internet لبارح مشات و ليوم مكاش عندها ساعتين محبتش تجي
C:\Users\dell\Desktop\laststation\Audio_augmented\speed\audio_000176__aug_speed_01.wav,خلصنا internet لبارح مشات و ليوم مكاش عندها ساعتين محبتش تجي
C:\Users\dell\Desktop\laststation\Audio_augmented\compression\audio_000176__aug_compression_01.wav,خلصنا internet لبارح مشات و ليوم مكاش عندها ساعتين محبتش تجي
C:\Users\dell\Desktop\laststation\Audio_augmented\noise\audio_000177__aug_noise_01.wav,عندنا اكثر من ربعة شهر مازال modem راهو souvenire في الحيط لم يشتعل
C:\Users\dell\Desktop\laststation\Audio_augmented\speed\audio_000177__aug_speed_01.wav,عندنا اكثر من ربعة شهر مازال modem راهو souvenire في الحيط لم يشتعل
C:\Users\dell\Desktop\laststation\Audio_augmented\compression\audio_000177__aug_compression_01.wav,عندنا اكثر من ربعة شهر مازال modem راهو souvenire في الحيط لم يشتعل
C:\Users\dell\Desktop\laststation\Audio_augmented\noise\audio_000178__aug_noise_01.wav,انا حاب اتصالات الجزاير هي لماشي حابة يكون la fibre عين الترك وهران راكم سامحينا فيهم
C:\Users\dell\Desktop\laststation\Audio_augmented\speed\audio_000178__aug_speed_01.wav,انا حاب اتصالات الجزاير هي لماشي حابة يكون la fibre عين الترك وهران راكم سامحينا فيهم
C:\Users\dell\Desktop\laststation\Audio_augmented\compression\audio_000178__aug_compression_01.wav,انا حاب اتصالات الجزاير هي لماشي حابة يكون la fibre عين الترك وهران راكم سامحينا فيهم
C:\Users\dell\Desktop\laststation\Audio_augmented\noise\audio_000179__aug_noise_01.wav,شحال تخلص كي دخل خط اول مرة و هل modem من عند الشركة و لا نشروه
C:\Users\dell\Desktop\laststation\Audio_augmented\speed\audio_000179__aug_speed_01.wav,شحال تخلص كي دخل خط اول مرة و هل modem من عند الشركة و لا نشروه
C:\Users\dell\Desktop\laststation\Audio_augmented\compression\audio_000179__aug_compression_01.wav,شحال تخلص كي دخل خط اول مرة و هل modem من عند الشركة و لا نشروه
C:\Users\dell\Desktop\laststation\Audio_augmented\noise\audio_000180__aug_noise_01.wav,كيفاه نسلفوا من تطبيق بعد ماتخلاص internet اعطولي عقلكم
C:\Users\dell\Desktop\laststation\Audio_augmented\speed\audio_000180__aug_speed_01.wav,كيفاه نسلفوا من تطبيق بعد ماتخلاص internet اعطولي عقلكم
C:\Users\dell\Desktop\laststation\Audio_augmented\compression\audio_000180__aug_compression_01.wav,كيفاه نسلفوا من تطبيق بعد ماتخلاص internet اعطولي عقلكم
C:\Users\dell\Desktop\laststation\Audio_augmented\noise\audio_000181__aug_noise_01.wav,راني مخلص حق ثلاثمية mega راها توصل غير عشرين mega
C:\Users\dell\Desktop\laststation\Audio_augmented\speed\audio_000181__aug_speed_01.wav,راني مخلص حق ثلاثمية mega راها توصل غير عشرين mega
C:\Users\dell\Desktop\laststation\Audio_augmented\compression\audio_000181__aug_compression_01.wav,راني مخلص حق ثلاثمية mega راها توصل غير عشرين mega
C:\Users\dell\Desktop\laststation\Audio_augmented\noise\audio_000182__aug_noise_01.wav,راني قريب نلحق لشمس اطلقونا internet راني في سبعة شهر
C:\Users\dell\Desktop\laststation\Audio_augmented\speed\audio_000182__aug_speed_01.wav,راني قريب نلحق لشمس اطلقونا internet راني في سبعة شهر
C:\Users\dell\Desktop\laststation\Audio_augmented\compression\audio_000182__aug_compression_01.wav,راني قريب نلحق لشمس اطلقونا internet راني في سبعة شهر
C:\Users\dell\Desktop\laststation\Audio_augmented\noise\audio_000183__aug_noise_01.wav,من الصباح connexion مكاش في سحاولة رانا مخلصين يهديكم ربي
C:\Users\dell\Desktop\laststation\Audio_augmented\speed\audio_000183__aug_speed_01.wav,من الصباح connexion مكاش في سحاولة رانا مخلصين يهديكم ربي
C:\Users\dell\Desktop\laststation\Audio_augmented\compression\audio_000183__aug_compression_01.wav,من الصباح connexion مكاش في سحاولة رانا مخلصين يهديكم ربي
C:\Users\dell\Desktop\laststation\Audio_augmented\noise\audio_000184__aug_noise_01.wav,راني قريب في شهر ملي درت تحويل الاقامة مازال مجاو
C:\Users\dell\Desktop\laststation\Audio_augmented\speed\audio_000184__aug_speed_01.wav,راني قريب في شهر ملي درت تحويل الاقامة مازال مجاو
C:\Users\dell\Desktop\laststation\Audio_augmented\compression\audio_000184__aug_compression_01.wav,راني قريب في شهر ملي درت تحويل الاقامة مازال مجاو
C:\Users\dell\Desktop\laststation\Audio_augmented\noise\audio_000185__aug_noise_01.wav,كي نخلص من بريدي موب نستفيد من عشرين ولا لالا
C:\Users\dell\Desktop\laststation\Audio_augmented\speed\audio_000185__aug_speed_01.wav,كي نخلص من بريدي موب نستفيد من عشرين ولا لالا
C:\Users\dell\Desktop\laststation\Audio_augmented\compression\audio_000185__aug_compression_01.wav,كي نخلص من بريدي موب نستفيد من عشرين ولا لالا
C:\Users\dell\Desktop\laststation\Audio_augmented\noise\audio_000186__aug_noise_01.wav,كاين مسوول عيان راهو في actel تاع algerie telecom
C:\Users\dell\Desktop\laststation\Audio_augmented\speed\audio_000186__aug_speed_01.wav,كاين مسوول عيان راهو في actel تاع algerie telecom
C:\Users\dell\Desktop\laststation\Audio_augmented\compression\audio_000186__aug_compression_01.wav,كاين مسوول عيان راهو في actel تاع algerie telecom
C:\Users\dell\Desktop\laststation\Audio_augmented\noise\audio_000187__aug_noise_01.wav,فرحت كي شفت التغطية وصلت للدوار تاعنا بارك الله فيكم
C:\Users\dell\Desktop\laststation\Audio_augmented\speed\audio_000187__aug_speed_01.wav,فرحت كي شفت التغطية وصلت للدوار تاعنا بارك الله فيكم
C:\Users\dell\Desktop\laststation\Audio_augmented\compression\audio_000187__aug_compression_01.wav,فرحت كي شفت التغطية وصلت للدوار تاعنا بارك الله فيكم
C:\Users\dell\Desktop\laststation\Audio_augmented\noise\audio_000188__aug_noise_01.wav,عجبني بزاف systeme الجديد تاع التذاكر في الوكالة نظام هايل
C:\Users\dell\Desktop\laststation\Audio_augmented\speed\audio_000188__aug_speed_01.wav,عجبني بزاف systeme الجديد تاع التذاكر في الوكالة نظام هايل
C:\Users\dell\Desktop\laststation\Audio_augmented\compression\audio_000188__aug_compression_01.wav,عجبني بزاف systeme الجديد تاع التذاكر في الوكالة نظام هايل
C:\Users\dell\Desktop\laststation\Audio_augmented\noise\audio_000189__aug_noise_01.wav,زيدوا اخطونا برك من انقطاع internet رانا خاطينكم حنا
C:\Users\dell\Desktop\laststation\Audio_augmented\speed\audio_000189__aug_speed_01.wav,زيدوا اخطونا برك من انقطاع internet رانا خاطينكم حنا
C:\Users\dell\Desktop\laststation\Audio_augmented\compression\audio_000189__aug_compression_01.wav,زيدوا اخطونا برك من انقطاع internet رانا خاطينكم حنا
C:\Users\dell\Desktop\laststation\Audio_augmented\noise\audio_000190__aug_noise_01.wav,هذي فكرة مليحة بصح كون تديروها فكل الاوقات مثلا شهر هذا بسرعة و شهر الجاي ترجع السرعة القديمة
C:\Users\dell\Desktop\laststation\Audio_augmented\speed\audio_000190__aug_speed_01.wav,هذي فكرة مليحة بصح كون تديروها فكل الاوقات مثلا شهر هذا بسرعة و شهر الجاي ترجع السرعة القديمة
C:\Users\dell\Desktop\laststation\Audio_augmented\compression\audio_000190__aug_compression_01.wav,هذي فكرة مليحة بصح كون تديروها فكل الاوقات مثلا شهر هذا بسرعة و شهر الجاي ترجع السرعة القديمة
C:\Users\dell\Desktop\laststation\Audio_augmented\noise\audio_000191__aug_noise_01.wav,بزاف مناطق مافيهاش تغطية 4g مثلا بني قبوش بلدية الحدائق ولاية سكيكدة
C:\Users\dell\Desktop\laststation\Audio_augmented\speed\audio_000191__aug_speed_01.wav,بزاف مناطق مافيهاش تغطية 4g مثلا بني قبوش بلدية الحدائق ولاية سكيكدة
C:\Users\dell\Desktop\laststation\Audio_augmented\compression\audio_000191__aug_compression_01.wav,بزاف مناطق مافيهاش تغطية 4g مثلا بني قبوش بلدية الحدائق ولاية سكيكدة
C:\Users\dell\Desktop\laststation\Audio_augmented\noise\audio_000192__aug_noise_01.wav,ها modem هل يعقل عام كامل مراكمش قادرين تجبوا modem
C:\Users\dell\Desktop\laststation\Audio_augmented\speed\audio_000192__aug_speed_01.wav,ها modem هل يعقل عام كامل مراكمش قادرين تجبوا modem
C:\Users\dell\Desktop\laststation\Audio_augmented\compression\audio_000192__aug_compression_01.wav,ها modem هل يعقل عام كامل مراكمش قادرين تجبوا modem
C:\Users\dell\Desktop\laststation\Audio_augmented\noise\audio_000193__aug_noise_01.wav,idoom 4g رانا ندمنا على الاشتراك فيها لضعف الشبكة في المسيلة
C:\Users\dell\Desktop\laststation\Audio_augmented\speed\audio_000193__aug_speed_01.wav,idoom 4g رانا ندمنا على الاشتراك فيها لضعف الشبكة في المسيلة
C:\Users\dell\Desktop\laststation\Audio_augmented\compression\audio_000193__aug_compression_01.wav,idoom 4g رانا ندمنا على الاشتراك فيها لضعف الشبكة في المسيلة
C:\Users\dell\Desktop\laststation\Audio_augmented\noise\audio_000194__aug_noise_01.wav,reseau راه غير ثابت مرة ناقص مرة يروح اين الخلل تاع 4g
C:\Users\dell\Desktop\laststation\Audio_augmented\speed\audio_000194__aug_speed_01.wav,reseau راه غير ثابت مرة ناقص مرة يروح اين الخلل تاع 4g
C:\Users\dell\Desktop\laststation\Audio_augmented\compression\audio_000194__aug_compression_01.wav,reseau راه غير ثابت مرة ناقص مرة يروح اين الخلل تاع 4g
C:\Users\dell\Desktop\laststation\Audio_augmented\noise\audio_000195__aug_noise_01.wav,هل من الطبيعي تركيب fibre لثلاثة منازل في نفس العمارة و حنا مطالبين بتقديم مطلب في الوكالة
C:\Users\dell\Desktop\laststation\Audio_augmented\speed\audio_000195__aug_speed_01.wav,هل من الطبيعي تركيب fibre لثلاثة منازل في نفس العمارة و حنا مطالبين بتقديم مطلب في الوكالة
C:\Users\dell\Desktop\laststation\Audio_augmented\compression\audio_000195__aug_compression_01.wav,هل من الطبيعي تركيب fibre لثلاثة منازل في نفس العمارة و حنا مطالبين بتقديم مطلب في الوكالة
C:\Users\dell\Desktop\laststation\Audio_augmented\noise\audio_000196__aug_noise_01.wav,ربعة شهر من كي ديت modem مازال ماركبوش الخيط كل يوم يركبو زوج خيوط للمعارف و صايي
C:\Users\dell\Desktop\laststation\Audio_augmented\speed\audio_000196__aug_speed_01.wav,ربعة شهر من كي ديت modem مازال ماركبوش الخيط كل يوم يركبو زوج خيوط للمعارف و صايي
C:\Users\dell\Desktop\laststation\Audio_augmented\compression\audio_000196__aug_compression_01.wav,ربعة شهر من كي ديت modem مازال ماركبوش الخيط كل يوم يركبو زوج خيوط للمعارف و صايي
C:\Users\dell\Desktop\laststation\Audio_augmented\noise\audio_000197__aug_noise_01.wav,les modem راهم في عام مازال ما وصلوش من الصين شوفولنا بالاك البابور راه غارق في الطريق
C:\Users\dell\Desktop\laststation\Audio_augmented\speed\audio_000197__aug_speed_01.wav,les modem راهم في عام مازال ما وصلوش من الصين شوفولنا بالاك البابور راه غارق في الطريق
C:\Users\dell\Desktop\laststation\Audio_augmented\compression\audio_000197__aug_compression_01.wav,les modem راهم في عام مازال ما وصلوش من الصين شوفولنا بالاك البابور راه غارق في الطريق
C:\Users\dell\Desktop\laststation\Audio_augmented\noise\audio_000198__aug_noise_01.wav,اطلقونا internet راه الاشتراك تاعي مخلاصش او مهيش تمشي
C:\Users\dell\Desktop\laststation\Audio_augmented\speed\audio_000198__aug_speed_01.wav,اطلقونا internet راه الاشتراك تاعي مخلاصش او مهيش تمشي
C:\Users\dell\Desktop\laststation\Audio_augmented\compression\audio_000198__aug_compression_01.wav,اطلقونا internet راه الاشتراك تاعي مخلاصش او مهيش تمشي
C:\Users\dell\Desktop\laststation\Audio_augmented\noise\audio_000199__aug_noise_01.wav,ربي يحفظكم اتصالات الجزاير لولاية الاغواط راكم في الصدارة
C:\Users\dell\Desktop\laststation\Audio_augmented\speed\audio_000199__aug_speed_01.wav,ربي يحفظكم اتصالات الجزاير لولاية الاغواط راكم في الصدارة
C:\Users\dell\Desktop\laststation\Audio_augmented\compression\audio_000199__aug_compression_01.wav,ربي يحفظكم اتصالات الجزاير لولاية الاغواط راكم في الصدارة
C:\Users\dell\Desktop\laststation\Audio_augmented\noise\audio_000200__aug_noise_01.wav,عجبني بزاف التصرف تاع عمال الاستقبال قمة في الاحترام
C:\Users\dell\Desktop\laststation\Audio_augmented\speed\audio_000200__aug_speed_01.wav,عجبني بزاف التصرف تاع عمال الاستقبال قمة في الاحترام
C:\Users\dell\Desktop\laststation\Audio_augmented\compression\audio_000200__aug_compression_01.wav,عجبني بزاف التصرف تاع عمال الاستقبال قمة في الاحترام
C:\Users\dell\Desktop\laststation\Audio_augmented\noise\audio_000201__aug_noise_01.wav,راني نسنا فيكم تجو تكملو خدمتكم وتربطونا بي fibre القطب الحضري الجديد الحراش
C:\Users\dell\Desktop\laststation\Audio_augmented\speed\audio_000201__aug_speed_01.wav,راني نسنا فيكم تجو تكملو خدمتكم وتربطونا بي fibre القطب الحضري الجديد الحراش
C:\Users\dell\Desktop\laststation\Audio_augmented\compression\audio_000201__aug_compression_01.wav,راني نسنا فيكم تجو تكملو خدمتكم وتربطونا بي fibre القطب الحضري الجديد الحراش
C:\Users\dell\Desktop\laststation\Audio_augmented\noise\audio_000202__aug_noise_01.wav,كي تكملو الولايات الداخلية و خاصة الولاية المنتدبة قصر الشلالة كارثة بمعنى الكلمة العصر الحجري في internet
C:\Users\dell\Desktop\laststation\Audio_augmented\speed\audio_000202__aug_speed_01.wav,كي تكملو الولايات الداخلية و خاصة الولاية المنتدبة قصر الشلالة كارثة بمعنى الكلمة العصر الحجري في internet
C:\Users\dell\Desktop\laststation\Audio_augmented\compression\audio_000202__aug_compression_01.wav,كي تكملو الولايات الداخلية و خاصة الولاية المنتدبة قصر الشلالة كارثة بمعنى الكلمة العصر الحجري في internet
C:\Users\dell\Desktop\laststation\Audio_augmented\noise\audio_000203__aug_noise_01.wav,عندي مشكل l'internet ماتمشيش خلاص عندها زوج سوايع فليل و بعد مكاش رحت عند اتصالات ما دارولي والوا
C:\Users\dell\Desktop\laststation\Audio_augmented\speed\audio_000203__aug_speed_01.wav,عندي مشكل l'internet ماتمشيش خلاص عندها زوج سوايع فليل و بعد مكاش رحت عند اتصالات ما دارولي والوا
C:\Users\dell\Desktop\laststation\Audio_augmented\compression\audio_000203__aug_compression_01.wav,عندي مشكل l'internet ماتمشيش خلاص عندها زوج سوايع فليل و بعد مكاش رحت عند اتصالات ما دارولي والوا
C:\Users\dell\Desktop\laststation\Audio_augmented\noise\audio_000204__aug_noise_01.wav,l'internet هذ يومين راهي بزاف تقيلة ولا عدنا برك
C:\Users\dell\Desktop\laststation\Audio_augmented\speed\audio_000204__aug_speed_01.wav,l'internet هذ يومين راهي بزاف تقيلة ولا عدنا برك
C:\Users\dell\Desktop\laststation\Audio_augmented\compression\audio_000204__aug_compression_01.wav,l'internet هذ يومين راهي بزاف تقيلة ولا عدنا برك
C:\Users\dell\Desktop\laststation\Audio_augmented\noise\audio_000205__aug_noise_01.wav,يعطيكم الصحة والله غير تطور كبير وليت نشكركم السمحولي علي كنت نعاير اتصالات الجزاير المزيد من النجاحات انشاءالله
C:\Users\dell\Desktop\laststation\Audio_augmented\speed\audio_000205__aug_speed_01.wav,يعطيكم الصحة والله غير تطور كبير وليت نشكركم السمحولي علي كنت نعاير اتصالات الجزاير المزيد من النجاحات انشاءالله
C:\Users\dell\Desktop\laststation\Audio_augmented\compression\audio_000205__aug_compression_01.wav,يعطيكم الصحة والله غير تطور كبير وليت نشكركم السمحولي علي كنت نعاير اتصالات الجزاير المزيد من النجاحات انشاءالله
C:\Users\dell\Desktop\laststation\Audio_augmented\noise\audio_000206__aug_noise_01.wav,راهي مقطوعة عندي في بلعباس راهم يقولو مشكل تاع cent quatre vingt treize logement و شنو هذو
C:\Users\dell\Desktop\laststation\Audio_augmented\speed\audio_000206__aug_speed_01.wav,راهي مقطوعة عندي في بلعباس راهم يقولو مشكل تاع cent quatre vingt treize logement و شنو هذو
C:\Users\dell\Desktop\laststation\Audio_augmented\compression\audio_000206__aug_compression_01.wav,راهي مقطوعة عندي في بلعباس راهم يقولو مشكل تاع cent quatre vingt treize logement و شنو هذو
C:\Users\dell\Desktop\laststation\Audio_augmented\noise\audio_000207__aug_noise_01.wav,اني في سبعة شهر مكاين والوا اين الخلل كلش صحيح لا internet لا telephone
C:\Users\dell\Desktop\laststation\Audio_augmented\speed\audio_000207__aug_speed_01.wav,اني في سبعة شهر مكاين والوا اين الخلل كلش صحيح لا internet لا telephone
C:\Users\dell\Desktop\laststation\Audio_augmented\compression\audio_000207__aug_compression_01.wav,اني في سبعة شهر مكاين والوا اين الخلل كلش صحيح لا internet لا telephone
C:\Users\dell\Desktop\laststation\Audio_augmented\noise\audio_000208__aug_noise_01.wav,عندنا شهر ملي ركبنا modem fibre مازال مطلقتوش l'internet ردو في الخاص
C:\Users\dell\Desktop\laststation\Audio_augmented\speed\audio_000208__aug_speed_01.wav,عندنا شهر ملي ركبنا modem fibre مازال مطلقتوش l'internet ردو في الخاص
C:\Users\dell\Desktop\laststation\Audio_augmented\compression\audio_000208__aug_compression_01.wav,عندنا شهر ملي ركبنا modem fibre مازال مطلقتوش l'internet ردو في الخاص
C:\Users\dell\Desktop\laststation\Audio_augmented\noise\audio_000209__aug_noise_01.wav,شهر modem راكب للاسف الشديد لا حياة لمن تنادي pour activer l'internet
C:\Users\dell\Desktop\laststation\Audio_augmented\speed\audio_000209__aug_speed_01.wav,شهر modem راكب للاسف الشديد لا حياة لمن تنادي pour activer l'internet
C:\Users\dell\Desktop\laststation\Audio_augmented\compression\audio_000209__aug_compression_01.wav,شهر modem راكب للاسف الشديد لا حياة لمن تنادي pour activer l'internet
C:\Users\dell\Desktop\laststation\Audio_augmented\noise\audio_000210__aug_noise_01.wav,فضاء الزبون ماولاش يحطلي الفاتورة كي بدلت fibre يخرجلي zero
C:\Users\dell\Desktop\laststation\Audio_augmented\speed\audio_000210__aug_speed_01.wav,فضاء الزبون ماولاش يحطلي الفاتورة كي بدلت fibre يخرجلي zero
C:\Users\dell\Desktop\laststation\Audio_augmented\compression\audio_000210__aug_compression_01.wav,فضاء الزبون ماولاش يحطلي الفاتورة كي بدلت fibre يخرجلي zero
C:\Users\dell\Desktop\laststation\Audio_augmented\noise\audio_000211__aug_noise_01.wav,ديرولنا موقع اتصالات الجزاير والتطبيق يخدم حتى تروح l'internet
C:\Users\dell\Desktop\laststation\Audio_augmented\speed\audio_000211__aug_speed_01.wav,ديرولنا موقع اتصالات الجزاير والتطبيق يخدم حتى تروح l'internet
C:\Users\dell\Desktop\laststation\Audio_augmented\compression\audio_000211__aug_compression_01.wav,ديرولنا موقع اتصالات الجزاير والتطبيق يخدم حتى تروح l'internet
C:\Users\dell\Desktop\laststation\Audio_augmented\noise\audio_000212__aug_noise_01.wav,وقتاش تدوبليو التدفق بالنسبة لمشتركي fibre العرض بدى ولا مازال
C:\Users\dell\Desktop\laststation\Audio_augmented\speed\audio_000212__aug_speed_01.wav,وقتاش تدوبليو التدفق بالنسبة لمشتركي fibre العرض بدى ولا مازال
C:\Users\dell\Desktop\laststation\Audio_augmented\compression\audio_000212__aug_compression_01.wav,وقتاش تدوبليو التدفق بالنسبة لمشتركي fibre العرض بدى ولا مازال
C:\Users\dell\Desktop\laststation\Audio_augmented\noise\audio_000213__aug_noise_01.wav,راني في ربعة ايام و connexion لا تشتغل los red
C:\Users\dell\Desktop\laststation\Audio_augmented\speed\audio_000213__aug_speed_01.wav,راني في ربعة ايام و connexion لا تشتغل los red
C:\Users\dell\Desktop\laststation\Audio_augmented\compression\audio_000213__aug_compression_01.wav,راني في ربعة ايام و connexion لا تشتغل los red
C:\Users\dell\Desktop\laststation\Audio_augmented\noise\audio_000214__aug_noise_01.wav,العصر الالكتروني راح يخلاص و حنا مازال ما جابولناش les modem
C:\Users\dell\Desktop\laststation\Audio_augmented\speed\audio_000214__aug_speed_01.wav,العصر الالكتروني راح يخلاص و حنا مازال ما جابولناش les modem
C:\Users\dell\Desktop\laststation\Audio_augmented\compression\audio_000214__aug_compression_01.wav,العصر الالكتروني راح يخلاص و حنا مازال ما جابولناش les modem
C:\Users\dell\Desktop\laststation\Audio_augmented\noise\audio_000215__aug_noise_01.wav,تعلم كيف تنتقل بسهولة الى fibre في ظرف ستة شهر
C:\Users\dell\Desktop\laststation\Audio_augmented\speed\audio_000215__aug_speed_01.wav,تعلم كيف تنتقل بسهولة الى fibre في ظرف ستة شهر
C:\Users\dell\Desktop\laststation\Audio_augmented\compression\audio_000215__aug_compression_01.wav,تعلم كيف تنتقل بسهولة الى fibre في ظرف ستة شهر
C:\Users\dell\Desktop\laststation\Audio_augmented\noise\audio_000216__aug_noise_01.wav,ولاية باتنة احياء مازال موصلوش fibre الحكاية مطولة فوق عام
C:\Users\dell\Desktop\laststation\Audio_augmented\speed\audio_000216__aug_speed_01.wav,ولاية باتنة احياء مازال موصلوش fibre الحكاية مطولة فوق عام
C:\Users\dell\Desktop\laststation\Audio_augmented\compression\audio_000216__aug_compression_01.wav,ولاية باتنة احياء مازال موصلوش fibre الحكاية مطولة فوق عام
C:\Users\dell\Desktop\laststation\Audio_augmented\noise\audio_000217__aug_noise_01.wav,fibre هذا رجعتوهلنا حلم الفين و خمسة و عشرين مازال ملحقناش fibre نظن احفادنا يلحقوا على fibre عييتونا بدراهمنا و مسعيناش connexion
C:\Users\dell\Desktop\laststation\Audio_augmented\speed\audio_000217__aug_speed_01.wav,fibre هذا رجعتوهلنا حلم الفين و خمسة و عشرين مازال ملحقناش fibre نظن احفادنا يلحقوا على fibre عييتونا بدراهمنا و مسعيناش connexion
C:\Users\dell\Desktop\laststation\Audio_augmented\compression\audio_000217__aug_compression_01.wav,fibre هذا رجعتوهلنا حلم الفين و خمسة و عشرين مازال ملحقناش fibre نظن احفادنا يلحقوا على fibre عييتونا بدراهمنا و مسعيناش connexion
C:\Users\dell\Desktop\laststation\Audio_augmented\noise\audio_000218__aug_noise_01.wav,تطبيق اتصالات الجزاير تطبيق فاشل كي تخدمو خدمو حاجة مليحة خطرة في حياتكم
C:\Users\dell\Desktop\laststation\Audio_augmented\speed\audio_000218__aug_speed_01.wav,تطبيق اتصالات الجزاير تطبيق فاشل كي تخدمو خدمو حاجة مليحة خطرة في حياتكم
C:\Users\dell\Desktop\laststation\Audio_augmented\compression\audio_000218__aug_compression_01.wav,تطبيق اتصالات الجزاير تطبيق فاشل كي تخدمو خدمو حاجة مليحة خطرة في حياتكم
C:\Users\dell\Desktop\laststation\Audio_augmented\noise\audio_000219__aug_noise_01.wav,رانا في ربعة شهر بلا internet رغم شكاوي متكررة والله ما حبو يخدموها
C:\Users\dell\Desktop\laststation\Audio_augmented\speed\audio_000219__aug_speed_01.wav,رانا في ربعة شهر بلا internet رغم شكاوي متكررة والله ما حبو يخدموها
C:\Users\dell\Desktop\laststation\Audio_augmented\compression\audio_000219__aug_compression_01.wav,رانا في ربعة شهر بلا internet رغم شكاوي متكررة والله ما حبو يخدموها
C:\Users\dell\Desktop\laststation\Audio_augmented\noise\audio_000220__aug_noise_01.wav,مشكل راه ضعيف بزاف في عين مليلة ولاية ام البواقي خاصة في حي ربعمية وخمسين مسكن بوزابيل
C:\Users\dell\Desktop\laststation\Audio_augmented\speed\audio_000220__aug_speed_01.wav,مشكل راه ضعيف بزاف في عين مليلة ولاية ام البواقي خاصة في حي ربعمية وخمسين مسكن بوزابيل
C:\Users\dell\Desktop\laststation\Audio_augmented\compression\audio_000220__aug_compression_01.wav,مشكل راه ضعيف بزاف في عين مليلة ولاية ام البواقي خاصة في حي ربعمية وخمسين مسكن بوزابيل
C:\Users\dell\Desktop\laststation\Audio_augmented\noise\audio_000221__aug_noise_01.wav,نريد حلول فعلية لا مجرد سماع الزبون خدمة ليكيدي المتصل لا تثمر
C:\Users\dell\Desktop\laststation\Audio_augmented\speed\audio_000221__aug_speed_01.wav,نريد حلول فعلية لا مجرد سماع الزبون خدمة ليكيدي المتصل لا تثمر
C:\Users\dell\Desktop\laststation\Audio_augmented\compression\audio_000221__aug_compression_01.wav,نريد حلول فعلية لا مجرد سماع الزبون خدمة ليكيدي المتصل لا تثمر
C:\Users\dell\Desktop\laststation\Audio_augmented\noise\audio_000222__aug_noise_01.wav,غير طلقولنا لقديم برك لي عندنا ثلاثة شهر مركبينو وماطلقتولناش service ومن بعد نطيرو معليش
C:\Users\dell\Desktop\laststation\Audio_augmented\speed\audio_000222__aug_speed_01.wav,غير طلقولنا لقديم برك لي عندنا ثلاثة شهر مركبينو وماطلقتولناش service ومن بعد نطيرو معليش
C:\Users\dell\Desktop\laststation\Audio_augmented\compression\audio_000222__aug_compression_01.wav,غير طلقولنا لقديم برك لي عندنا ثلاثة شهر مركبينو وماطلقتولناش service ومن بعد نطيرو معليش
C:\Users\dell\Desktop\laststation\Audio_augmented\noise\audio_000223__aug_noise_01.wav,من فضلكم استلمنا modem قبل اسبوع تقريبا متى ياتي العمل للتركيب ولايه عنابة واد القبة
C:\Users\dell\Desktop\laststation\Audio_augmented\speed\audio_000223__aug_speed_01.wav,من فضلكم استلمنا modem قبل اسبوع تقريبا متى ياتي العمل للتركيب ولايه عنابة واد القبة
C:\Users\dell\Desktop\laststation\Audio_augmented\compression\audio_000223__aug_compression_01.wav,من فضلكم استلمنا modem قبل اسبوع تقريبا متى ياتي العمل للتركيب ولايه عنابة واد القبة
C:\Users\dell\Desktop\laststation\Audio_augmented\noise\audio_000224__aug_noise_01.wav,عندي شهر ملي جبت modem ولليوم مازال مطلقوليش l'internet بيروقراطية رقمية
C:\Users\dell\Desktop\laststation\Audio_augmented\speed\audio_000224__aug_speed_01.wav,عندي شهر ملي جبت modem ولليوم مازال مطلقوليش l'internet بيروقراطية رقمية
C:\Users\dell\Desktop\laststation\Audio_augmented\compression\audio_000224__aug_compression_01.wav,عندي شهر ملي جبت modem ولليوم مازال مطلقوليش l'internet بيروقراطية رقمية
C:\Users\dell\Desktop\laststation\Audio_augmented\noise\audio_000225__aug_noise_01.wav,عندي اكثر من شهر و انا نشكي ضعف internet بدون جدوى
C:\Users\dell\Desktop\laststation\Audio_augmented\speed\audio_000225__aug_speed_01.wav,عندي اكثر من شهر و انا نشكي ضعف internet بدون جدوى
C:\Users\dell\Desktop\laststation\Audio_augmented\compression\audio_000225__aug_compression_01.wav,عندي اكثر من شهر و انا نشكي ضعف internet بدون جدوى
C:\Users\dell\Desktop\laststation\Audio_augmented\noise\audio_000226__aug_noise_01.wav,لماذا لا تغيرون modem fibre للمستفيدين الاوائل بي modem wifi six
C:\Users\dell\Desktop\laststation\Audio_augmented\speed\audio_000226__aug_speed_01.wav,لماذا لا تغيرون modem fibre للمستفيدين الاوائل بي modem wifi six
C:\Users\dell\Desktop\laststation\Audio_augmented\compression\audio_000226__aug_compression_01.wav,لماذا لا تغيرون modem fibre للمستفيدين الاوائل بي modem wifi six
C:\Users\dell\Desktop\laststation\Audio_augmented\noise\audio_000227__aug_noise_01.wav,واش بيه التطبيق my idoom لا يعمل و الدخول لفضاء الزبون عبر صفحة الويب لا يعمل
C:\Users\dell\Desktop\laststation\Audio_augmented\speed\audio_000227__aug_speed_01.wav,واش بيه التطبيق my idoom لا يعمل و الدخول لفضاء الزبون عبر صفحة الويب لا يعمل
C:\Users\dell\Desktop\laststation\Audio_augmented\compression\audio_000227__aug_compression_01.wav,واش بيه التطبيق my idoom لا يعمل و الدخول لفضاء الزبون عبر صفحة الويب لا يعمل
C:\Users\dell\Desktop\laststation\Audio_augmented\noise\audio_000228__aug_noise_01.wav,دخلتو عليها غير تطبيقات و internet يجيب ربي
C:\Users\dell\Desktop\laststation\Audio_augmented\speed\audio_000228__aug_speed_01.wav,دخلتو عليها غير تطبيقات و internet يجيب ربي
C:\Users\dell\Desktop\laststation\Audio_augmented\compression\audio_000228__aug_compression_01.wav,دخلتو عليها غير تطبيقات و internet يجيب ربي
C:\Users\dell\Desktop\laststation\Audio_augmented\noise\audio_000229__aug_noise_01.wav,جيبو fibre و من بعد دخلونا بالاعلانات هاتمسخرو بصحتكم
C:\Users\dell\Desktop\laststation\Audio_augmented\speed\audio_000229__aug_speed_01.wav,جيبو fibre و من بعد دخلونا بالاعلانات هاتمسخرو بصحتكم
C:\Users\dell\Desktop\laststation\Audio_augmented\compression\audio_000229__aug_compression_01.wav,جيبو fibre و من بعد دخلونا بالاعلانات هاتمسخرو بصحتكم
C:\Users\dell\Desktop\laststation\Audio_augmented\noise\audio_000230__aug_noise_01.wav,متقطعوش l'internet برك و مكلاه تقولي ماراناش نقطعو
C:\Users\dell\Desktop\laststation\Audio_augmented\speed\audio_000230__aug_speed_01.wav,متقطعوش l'internet برك و مكلاه تقولي ماراناش نقطعو
C:\Users\dell\Desktop\laststation\Audio_augmented\compression\audio_000230__aug_compression_01.wav,متقطعوش l'internet برك و مكلاه تقولي ماراناش نقطعو
C:\Users\dell\Desktop\laststation\Audio_augmented\noise\audio_000231__aug_noise_01.wav,اسوء خدمة internet راهي داخلة في ربعة و عشرين ساعة مكاش
C:\Users\dell\Desktop\laststation\Audio_augmented\speed\audio_000231__aug_speed_01.wav,اسوء خدمة internet راهي داخلة في ربعة و عشرين ساعة مكاش
C:\Users\dell\Desktop\laststation\Audio_augmented\compression\audio_000231__aug_compression_01.wav,اسوء خدمة internet راهي داخلة في ربعة و عشرين ساعة مكاش
C:\Users\dell\Desktop\laststation\Audio_augmented\noise\audio_000232__aug_noise_01.wav,adsl راهي في حاله ضعيفة بزاف واحد mega مكاش
C:\Users\dell\Desktop\laststation\Audio_augmented\speed\audio_000232__aug_speed_01.wav,adsl راهي في حاله ضعيفة بزاف واحد mega مكاش
C:\Users\dell\Desktop\laststation\Audio_augmented\compression\audio_000232__aug_compression_01.wav,adsl راهي في حاله ضعيفة بزاف واحد mega مكاش
C:\Users\dell\Desktop\laststation\Audio_augmented\noise\audio_000233__aug_noise_01.wav,idoom Market السعر غالي جدا و لا يشجع زيد تكاليف الاشتراك
C:\Users\dell\Desktop\laststation\Audio_augmented\speed\audio_000233__aug_speed_01.wav,idoom Market السعر غالي جدا و لا يشجع زيد تكاليف الاشتراك
C:\Users\dell\Desktop\laststation\Audio_augmented\compression\audio_000233__aug_compression_01.wav,idoom Market السعر غالي جدا و لا يشجع زيد تكاليف الاشتراك
C:\Users\dell\Desktop\laststation\Audio_augmented\noise\audio_000234__aug_noise_01.wav,صحاب adsl نطلبوا منكم التفاتة و لو صغيرة من فضلكم
C:\Users\dell\Desktop\laststation\Audio_augmented\speed\audio_000234__aug_speed_01.wav,صحاب adsl نطلبوا منكم التفاتة و لو صغيرة من فضلكم
C:\Users\dell\Desktop\laststation\Audio_augmented\compression\audio_000234__aug_compression_01.wav,صحاب adsl نطلبوا منكم التفاتة و لو صغيرة من فضلكم
C:\Users\dell\Desktop\laststation\Audio_augmented\noise\audio_000235__aug_noise_01.wav,سرعة internet في الفين و خمسة و عشرين واحد mega و deux mega هذي حڨرة ناس راهي في cent mega و deux cent mega
C:\Users\dell\Desktop\laststation\Audio_augmented\speed\audio_000235__aug_speed_01.wav,سرعة internet في الفين و خمسة و عشرين واحد mega و deux mega هذي حڨرة ناس راهي في cent mega و deux cent mega
C:\Users\dell\Desktop\laststation\Audio_augmented\compression\audio_000235__aug_compression_01.wav,سرعة internet في الفين و خمسة و عشرين واحد mega و deux mega هذي حڨرة ناس راهي في cent mega و deux cent mega
C:\Users\dell\Desktop\laststation\Audio_augmented\noise\audio_000236__aug_noise_01.wav,ماقدرناش ادارة بسكرة اكثر من عامين من fibre مازال مالحقناش malgre بيناتنا شارع واحد هما عندهم و حنا معندناش
C:\Users\dell\Desktop\laststation\Audio_augmented\speed\audio_000236__aug_speed_01.wav,ماقدرناش ادارة بسكرة اكثر من عامين من fibre مازال مالحقناش malgre بيناتنا شارع واحد هما عندهم و حنا معندناش
C:\Users\dell\Desktop\laststation\Audio_augmented\compression\audio_000236__aug_compression_01.wav,ماقدرناش ادارة بسكرة اكثر من عامين من fibre مازال مالحقناش malgre بيناتنا شارع واحد هما عندهم و حنا معندناش
C:\Users\dell\Desktop\laststation\Audio_augmented\noise\audio_000237__aug_noise_01.wav,كي دير رفع تدفق internet عبر فضاء الزبون فضاء الزبون يقولك تم رفع التدفق
C:\Users\dell\Desktop\laststation\Audio_augmented\speed\audio_000237__aug_speed_01.wav,كي دير رفع تدفق internet عبر فضاء الزبون فضاء الزبون يقولك تم رفع التدفق
C:\Users\dell\Desktop\laststation\Audio_augmented\compression\audio_000237__aug_compression_01.wav,كي دير رفع تدفق internet عبر فضاء الزبون فضاء الزبون يقولك تم رفع التدفق
C:\Users\dell\Desktop\laststation\Audio_augmented\noise\audio_000238__aug_noise_01.wav,هذا التطبيق لا يعمل و 4g رانا نعانو من نقص تدفق internet ومتقليش اتصل بينا
C:\Users\dell\Desktop\laststation\Audio_augmented\speed\audio_000238__aug_speed_01.wav,هذا التطبيق لا يعمل و 4g رانا نعانو من نقص تدفق internet ومتقليش اتصل بينا
C:\Users\dell\Desktop\laststation\Audio_augmented\compression\audio_000238__aug_compression_01.wav,هذا التطبيق لا يعمل و 4g رانا نعانو من نقص تدفق internet ومتقليش اتصل بينا
C:\Users\dell\Desktop\laststation\Audio_augmented\noise\audio_000239__aug_noise_01.wav,شريت modem في ستة و عشرين ماي من الخيمة قدام الدار ولحد الساعة مازال مجاوش بلاصاوه
C:\Users\dell\Desktop\laststation\Audio_augmented\speed\audio_000239__aug_speed_01.wav,شريت modem في ستة و عشرين ماي من الخيمة قدام الدار ولحد الساعة مازال مجاوش بلاصاوه
C:\Users\dell\Desktop\laststation\Audio_augmented\compression\audio_000239__aug_compression_01.wav,شريت modem في ستة و عشرين ماي من الخيمة قدام الدار ولحد الساعة مازال مجاوش بلاصاوه
C:\Users\dell\Desktop\laststation\Audio_augmented\noise\audio_000240__aug_noise_01.wav,انا ما قدرتش ندخل بي numero جديد تاع la fibre في هذه l'application تاع my idoom
C:\Users\dell\Desktop\laststation\Audio_augmented\speed\audio_000240__aug_speed_01.wav,انا ما قدرتش ندخل بي numero جديد تاع la fibre في هذه l'application تاع my idoom
C:\Users\dell\Desktop\laststation\Audio_augmented\compression\audio_000240__aug_compression_01.wav,انا ما قدرتش ندخل بي numero جديد تاع la fibre في هذه l'application تاع my idoom
C:\Users\dell\Desktop\laststation\Audio_augmented\noise\audio_000241__aug_noise_01.wav,رانا حاصلين في adsl تخلص عشرين mega توصلك quinze mega و السبب قدم التجهيزات
C:\Users\dell\Desktop\laststation\Audio_augmented\speed\audio_000241__aug_speed_01.wav,رانا حاصلين في adsl تخلص عشرين mega توصلك quinze mega و السبب قدم التجهيزات
C:\Users\dell\Desktop\laststation\Audio_augmented\compression\audio_000241__aug_compression_01.wav,رانا حاصلين في adsl تخلص عشرين mega توصلك quinze mega و السبب قدم التجهيزات
C:\Users\dell\Desktop\laststation\Audio_augmented\noise\audio_000242__aug_noise_01.wav,ركبولي modem و الخط في جانفي الى يومنا هذا مازال مطلقوليش اكثر من ربعة شهر
C:\Users\dell\Desktop\laststation\Audio_augmented\speed\audio_000242__aug_speed_01.wav,ركبولي modem و الخط في جانفي الى يومنا هذا مازال مطلقوليش اكثر من ربعة شهر
C:\Users\dell\Desktop\laststation\Audio_augmented\compression\audio_000242__aug_compression_01.wav,ركبولي modem و الخط في جانفي الى يومنا هذا مازال مطلقوليش اكثر من ربعة شهر
C:\Users\dell\Desktop\laststation\Audio_augmented\noise\audio_000243__aug_noise_01.wav,في حي ثمنطاش الرحمانية راهي مقطوعة internet خلال عام و في حي واحد
C:\Users\dell\Desktop\laststation\Audio_augmented\speed\audio_000243__aug_speed_01.wav,في حي ثمنطاش الرحمانية راهي مقطوعة internet خلال عام و في حي واحد
C:\Users\dell\Desktop\laststation\Audio_augmented\compression\audio_000243__aug_compression_01.wav,في حي ثمنطاش الرحمانية راهي مقطوعة internet خلال عام و في حي واحد
C:\Users\dell\Desktop\laststation\Audio_augmented\noise\audio_000244__aug_noise_01.wav,شكرا على الهدايا و bonus لي راكم تمدوهم في المناسبات
C:\Users\dell\Desktop\laststation\Audio_augmented\speed\audio_000244__aug_speed_01.wav,شكرا على الهدايا و bonus لي راكم تمدوهم في المناسبات
C:\Users\dell\Desktop\laststation\Audio_augmented\compression\audio_000244__aug_compression_01.wav,شكرا على الهدايا و bonus لي راكم تمدوهم في المناسبات
C:\Users\dell\Desktop\laststation\Audio_augmented\noise\audio_000245__aug_noise_01.wav,خصنا خريطة للمشاريع ولاية عين الدفلى بلدية طارق بن زياد كل واحد واش راو يقولنا
C:\Users\dell\Desktop\laststation\Audio_augmented\speed\audio_000245__aug_speed_01.wav,خصنا خريطة للمشاريع ولاية عين الدفلى بلدية طارق بن زياد كل واحد واش راو يقولنا
C:\Users\dell\Desktop\laststation\Audio_augmented\compression\audio_000245__aug_compression_01.wav,خصنا خريطة للمشاريع ولاية عين الدفلى بلدية طارق بن زياد كل واحد واش راو يقولنا
C:\Users\dell\Desktop\laststation\Audio_augmented\noise\audio_000246__aug_noise_01.wav,ماراهيش توصل الفاتورة لا عن طريق email و لا عن طريق فضاء الزبون
C:\Users\dell\Desktop\laststation\Audio_augmented\speed\audio_000246__aug_speed_01.wav,ماراهيش توصل الفاتورة لا عن طريق email و لا عن طريق فضاء الزبون
C:\Users\dell\Desktop\laststation\Audio_augmented\compression\audio_000246__aug_compression_01.wav,ماراهيش توصل الفاتورة لا عن طريق email و لا عن طريق فضاء الزبون
C:\Users\dell\Desktop\laststation\Audio_augmented\noise\audio_000247__aug_noise_01.wav,في نظري كل اطارات تعمل تربص عند موسسات ooredoo و غيرها لكسب خبرات
C:\Users\dell\Desktop\laststation\Audio_augmented\speed\audio_000247__aug_speed_01.wav,في نظري كل اطارات تعمل تربص عند موسسات ooredoo و غيرها لكسب خبرات
C:\Users\dell\Desktop\laststation\Audio_augmented\compression\audio_000247__aug_compression_01.wav,في نظري كل اطارات تعمل تربص عند موسسات ooredoo و غيرها لكسب خبرات
C:\Users\dell\Desktop\laststation\Audio_augmented\noise\audio_000248__aug_noise_01.wav,شحال يخلص لي عندو اتفاقية معاكم و مع الشرطة internet
C:\Users\dell\Desktop\laststation\Audio_augmented\speed\audio_000248__aug_speed_01.wav,شحال يخلص لي عندو اتفاقية معاكم و مع الشرطة internet
C:\Users\dell\Desktop\laststation\Audio_augmented\compression\audio_000248__aug_compression_01.wav,شحال يخلص لي عندو اتفاقية معاكم و مع الشرطة internet
C:\Users\dell\Desktop\laststation\Audio_augmented\noise\audio_000249__aug_noise_01.wav,راني في شهرين و خمسة ايام بلا internet خمسين reclamation النافع ربي
C:\Users\dell\Desktop\laststation\Audio_augmented\speed\audio_000249__aug_speed_01.wav,راني في شهرين و خمسة ايام بلا internet خمسين reclamation النافع ربي
C:\Users\dell\Desktop\laststation\Audio_augmented\compression\audio_000249__aug_compression_01.wav,راني في شهرين و خمسة ايام بلا internet خمسين reclamation النافع ربي
C:\Users\dell\Desktop\laststation\Audio_augmented\noise\audio_000250__aug_noise_01.wav,الله يعاونكم راني نشوف الخدمة والله كل شكر و تقدير لكم
C:\Users\dell\Desktop\laststation\Audio_augmented\speed\audio_000250__aug_speed_01.wav,الله يعاونكم راني نشوف الخدمة والله كل شكر و تقدير لكم
C:\Users\dell\Desktop\laststation\Audio_augmented\compression\audio_000250__aug_compression_01.wav,الله يعاونكم راني نشوف الخدمة والله كل شكر و تقدير لكم
C:\Users\dell\Desktop\laststation\Audio_augmented\noise\audio_000251__aug_noise_01.wav,انشاءالله يكون نقص فالتسعيرة تاع طناش بي ثلاثمية الف على الاقل
C:\Users\dell\Desktop\laststation\Audio_augmented\speed\audio_000251__aug_speed_01.wav,انشاءالله يكون نقص فالتسعيرة تاع طناش بي ثلاثمية الف على الاقل
C:\Users\dell\Desktop\laststation\Audio_augmented\compression\audio_000251__aug_compression_01.wav,انشاءالله يكون نقص فالتسعيرة تاع طناش بي ثلاثمية الف على الاقل
C:\Users\dell\Desktop\laststation\Audio_augmented\noise\audio_000252__aug_noise_01.wav,اخي عند جداتي في احمر العين ولاية تيبازة راهي مكاش connexion تروح ساعة و جي ربع ساعة
C:\Users\dell\Desktop\laststation\Audio_augmented\speed\audio_000252__aug_speed_01.wav,اخي عند جداتي في احمر العين ولاية تيبازة راهي مكاش connexion تروح ساعة و جي ربع ساعة
C:\Users\dell\Desktop\laststation\Audio_augmented\compression\audio_000252__aug_compression_01.wav,اخي عند جداتي في احمر العين ولاية تيبازة راهي مكاش connexion تروح ساعة و جي ربع ساعة
C:\Users\dell\Desktop\laststation\Audio_augmented\noise\audio_000253__aug_noise_01.wav,الهاتف لا يستقبل و لا استطيع اجراء مكالمات مع انه بقيت سبعة دقايق هدية و فاتورة واحدة غير مسددة اين المشكل
C:\Users\dell\Desktop\laststation\Audio_augmented\speed\audio_000253__aug_speed_01.wav,الهاتف لا يستقبل و لا استطيع اجراء مكالمات مع انه بقيت سبعة دقايق هدية و فاتورة واحدة غير مسددة اين المشكل
C:\Users\dell\Desktop\laststation\Audio_augmented\compression\audio_000253__aug_compression_01.wav,الهاتف لا يستقبل و لا استطيع اجراء مكالمات مع انه بقيت سبعة دقايق هدية و فاتورة واحدة غير مسددة اين المشكل
C:\Users\dell\Desktop\laststation\Audio_augmented\noise\audio_000254__aug_noise_01.wav,عندي ربعة ايام بدون internet fibre قالولي كاين مشكل في la ligne
C:\Users\dell\Desktop\laststation\Audio_augmented\speed\audio_000254__aug_speed_01.wav,عندي ربعة ايام بدون internet fibre قالولي كاين مشكل في la ligne
C:\Users\dell\Desktop\laststation\Audio_augmented\compression\audio_000254__aug_compression_01.wav,عندي ربعة ايام بدون internet fibre قالولي كاين مشكل في la ligne
C:\Users\dell\Desktop\laststation\Audio_augmented\noise\audio_000255__aug_noise_01.wav,المشكل راه بالموقع طلعت تطبيق my idoom و قدرت ندخل
C:\Users\dell\Desktop\laststation\Audio_augmented\speed\audio_000255__aug_speed_01.wav,المشكل راه بالموقع طلعت تطبيق my idoom و قدرت ندخل
C:\Users\dell\Desktop\laststation\Audio_augmented\compression\audio_000255__aug_compression_01.wav,المشكل راه بالموقع طلعت تطبيق my idoom و قدرت ندخل
C:\Users\dell\Desktop\laststation\Audio_augmented\noise\audio_000256__aug_noise_01.wav,الفضاء مابقاش يخرج الفواتير و العمليات و خدمة الدفع الالكتروني راهي تدي دراهم وماتتخلصش internet
C:\Users\dell\Desktop\laststation\Audio_augmented\speed\audio_000256__aug_speed_01.wav,الفضاء مابقاش يخرج الفواتير و العمليات و خدمة الدفع الالكتروني راهي تدي دراهم وماتتخلصش internet
C:\Users\dell\Desktop\laststation\Audio_augmented\compression\audio_000256__aug_compression_01.wav,الفضاء مابقاش يخرج الفواتير و العمليات و خدمة الدفع الالكتروني راهي تدي دراهم وماتتخلصش internet
C:\Users\dell\Desktop\laststation\Audio_augmented\noise\audio_000257__aug_noise_01.wav,من جوان الفين و ربعة و عشرين الى غاية جوان الفين و خمسة و عشرين و نتوما تقولونا شهر الجاي نديرولكم fibre
C:\Users\dell\Desktop\laststation\Audio_augmented\speed\audio_000257__aug_speed_01.wav,من جوان الفين و ربعة و عشرين الى غاية جوان الفين و خمسة و عشرين و نتوما تقولونا شهر الجاي نديرولكم fibre
C:\Users\dell\Desktop\laststation\Audio_augmented\compression\audio_000257__aug_compression_01.wav,من جوان الفين و ربعة و عشرين الى غاية جوان الفين و خمسة و عشرين و نتوما تقولونا شهر الجاي نديرولكم fibre
C:\Users\dell\Desktop\laststation\Audio_augmented\noise\audio_000258__aug_noise_01.wav,اشتركنا و كامل و عندنا شهرين محبوش يمدولنا modem اتصالات الجزاير تاع بودواو
C:\Users\dell\Desktop\laststation\Audio_augmented\speed\audio_000258__aug_speed_01.wav,اشتركنا و كامل و عندنا شهرين محبوش يمدولنا modem اتصالات الجزاير تاع بودواو
C:\Users\dell\Desktop\laststation\Audio_augmented\compression\audio_000258__aug_compression_01.wav,اشتركنا و كامل و عندنا شهرين محبوش يمدولنا modem اتصالات الجزاير تاع بودواو
C:\Users\dell\Desktop\laststation\Audio_augmented\noise\audio_000259__aug_noise_01.wav,كلامك يبين مستواك ثانيا عندي ثلاثمية mega نخلص ثلاثمية الف في شهر internet قوة
C:\Users\dell\Desktop\laststation\Audio_augmented\speed\audio_000259__aug_speed_01.wav,كلامك يبين مستواك ثانيا عندي ثلاثمية mega نخلص ثلاثمية الف في شهر internet قوة
C:\Users\dell\Desktop\laststation\Audio_augmented\compression\audio_000259__aug_compression_01.wav,كلامك يبين مستواك ثانيا عندي ثلاثمية mega نخلص ثلاثمية الف في شهر internet قوة
C:\Users\dell\Desktop\laststation\Audio_augmented\noise\audio_000260__aug_noise_01.wav,حبيت جاوبوني هنا هل عمال fibre هم شركة خاصة و هل هم تابعين لاتصلاتكم
C:\Users\dell\Desktop\laststation\Audio_augmented\speed\audio_000260__aug_speed_01.wav,حبيت جاوبوني هنا هل عمال fibre هم شركة خاصة و هل هم تابعين لاتصلاتكم
C:\Users\dell\Desktop\laststation\Audio_augmented\compression\audio_000260__aug_compression_01.wav,حبيت جاوبوني هنا هل عمال fibre هم شركة خاصة و هل هم تابعين لاتصلاتكم
C:\Users\dell\Desktop\laststation\Audio_augmented\noise\audio_000261__aug_noise_01.wav,modem عندي و mise en service ماطلقتوهاش ثلاثة شهر و انا نستنا بلا جدوى
C:\Users\dell\Desktop\laststation\Audio_augmented\speed\audio_000261__aug_speed_01.wav,modem عندي و mise en service ماطلقتوهاش ثلاثة شهر و انا نستنا بلا جدوى
C:\Users\dell\Desktop\laststation\Audio_augmented\compression\audio_000261__aug_compression_01.wav,modem عندي و mise en service ماطلقتوهاش ثلاثة شهر و انا نستنا بلا جدوى
C:\Users\dell\Desktop\laststation\Audio_augmented\noise\audio_000262__aug_noise_01.wav,حنا رام فوق ستة شهر ملي ركبونا modem فقسنطينة ومنين نروحو يتمسخرو بينا
C:\Users\dell\Desktop\laststation\Audio_augmented\speed\audio_000262__aug_speed_01.wav,حنا رام فوق ستة شهر ملي ركبونا modem فقسنطينة ومنين نروحو يتمسخرو بينا
C:\Users\dell\Desktop\laststation\Audio_augmented\compression\audio_000262__aug_compression_01.wav,حنا رام فوق ستة شهر ملي ركبونا modem فقسنطينة ومنين نروحو يتمسخرو بينا
C:\Users\dell\Desktop\laststation\Audio_augmented\noise\audio_000263__aug_noise_01.wav,كيف احصل على تحديث modem 4g lte نوع b ثلاثمية و عشرة هل يوجد رابط لتحميل التحديث
C:\Users\dell\Desktop\laststation\Audio_augmented\speed\audio_000263__aug_speed_01.wav,كيف احصل على تحديث modem 4g lte نوع b ثلاثمية و عشرة هل يوجد رابط لتحميل التحديث
C:\Users\dell\Desktop\laststation\Audio_augmented\compression\audio_000263__aug_compression_01.wav,كيف احصل على تحديث modem 4g lte نوع b ثلاثمية و عشرة هل يوجد رابط لتحميل التحديث
C:\Users\dell\Desktop\laststation\Audio_augmented\noise\audio_000264__aug_noise_01.wav,عندي اكثر من ثلاثة شهر ملي عطاوني modem لذرك مازال مجاو ركبوه
C:\Users\dell\Desktop\laststation\Audio_augmented\speed\audio_000264__aug_speed_01.wav,عندي اكثر من ثلاثة شهر ملي عطاوني modem لذرك مازال مجاو ركبوه
C:\Users\dell\Desktop\laststation\Audio_augmented\compression\audio_000264__aug_compression_01.wav,عندي اكثر من ثلاثة شهر ملي عطاوني modem لذرك مازال مجاو ركبوه
C:\Users\dell\Desktop\laststation\Audio_augmented\noise\audio_000265__aug_noise_01.wav,عندي عامين و انا نخلص internet و ندخل للفضاء الزبون نلقا نفس التاريخ لانتهائية الصلاحية
C:\Users\dell\Desktop\laststation\Audio_augmented\speed\audio_000265__aug_speed_01.wav,عندي عامين و انا نخلص internet و ندخل للفضاء الزبون نلقا نفس التاريخ لانتهائية الصلاحية
C:\Users\dell\Desktop\laststation\Audio_augmented\compression\audio_000265__aug_compression_01.wav,عندي عامين و انا نخلص internet و ندخل للفضاء الزبون نلقا نفس التاريخ لانتهائية الصلاحية
C:\Users\dell\Desktop\laststation\Audio_augmented\noise\audio_000266__aug_noise_01.wav,انا مشكلتي عندي modem هذ العام و مازال مابرونشاوش المشكل تخص البوطة برك
C:\Users\dell\Desktop\laststation\Audio_augmented\speed\audio_000266__aug_speed_01.wav,انا مشكلتي عندي modem هذ العام و مازال مابرونشاوش المشكل تخص البوطة برك
C:\Users\dell\Desktop\laststation\Audio_augmented\compression\audio_000266__aug_compression_01.wav,انا مشكلتي عندي modem هذ العام و مازال مابرونشاوش المشكل تخص البوطة برك
C:\Users\dell\Desktop\laststation\Audio_augmented\noise\audio_000267__aug_noise_01.wav,من الاحسن تطلعونا الاحياء لي فيها fibre خير من اكتشف اهليتك راه اغلب الشعب ماشي موهل
C:\Users\dell\Desktop\laststation\Audio_augmented\speed\audio_000267__aug_speed_01.wav,من الاحسن تطلعونا الاحياء لي فيها fibre خير من اكتشف اهليتك راه اغلب الشعب ماشي موهل
C:\Users\dell\Desktop\laststation\Audio_augmented\compression\audio_000267__aug_compression_01.wav,من الاحسن تطلعونا الاحياء لي فيها fibre خير من اكتشف اهليتك راه اغلب الشعب ماشي موهل
C:\Users\dell\Desktop\laststation\Audio_augmented\noise\audio_000268__aug_noise_01.wav,رانا نستناو ربط باقي احياء بلدية المزدور بهذ الخدمة و لا تقتصر على حي سكني واحد
C:\Users\dell\Desktop\laststation\Audio_augmented\speed\audio_000268__aug_speed_01.wav,رانا نستناو ربط باقي احياء بلدية المزدور بهذ الخدمة و لا تقتصر على حي سكني واحد
C:\Users\dell\Desktop\laststation\Audio_augmented\compression\audio_000268__aug_compression_01.wav,رانا نستناو ربط باقي احياء بلدية المزدور بهذ الخدمة و لا تقتصر على حي سكني واحد
C:\Users\dell\Desktop\laststation\Audio_augmented\noise\audio_000269__aug_noise_01.wav,راني نستنا فيكم توصلو الالياف الى حي النصر بريكة و من بعد ساهل
C:\Users\dell\Desktop\laststation\Audio_augmented\speed\audio_000269__aug_speed_01.wav,راني نستنا فيكم توصلو الالياف الى حي النصر بريكة و من بعد ساهل
C:\Users\dell\Desktop\laststation\Audio_augmented\compression\audio_000269__aug_compression_01.wav,راني نستنا فيكم توصلو الالياف الى حي النصر بريكة و من بعد ساهل
C:\Users\dell\Desktop\laststation\Audio_augmented\noise\audio_000270__aug_noise_01.wav,ولي عنده سكن فردي و ما عندهمش لجنة حي كي يديرو
C:\Users\dell\Desktop\laststation\Audio_augmented\speed\audio_000270__aug_speed_01.wav,ولي عنده سكن فردي و ما عندهمش لجنة حي كي يديرو
C:\Users\dell\Desktop\laststation\Audio_augmented\compression\audio_000270__aug_compression_01.wav,ولي عنده سكن فردي و ما عندهمش لجنة حي كي يديرو
C:\Users\dell\Desktop\laststation\Audio_augmented\noise\audio_000271__aug_noise_01.wav,غليزان مفيهاش هذه الخدمة حي خمسمية مسكن برمادية متى تتفكرونا
C:\Users\dell\Desktop\laststation\Audio_augmented\speed\audio_000271__aug_speed_01.wav,غليزان مفيهاش هذه الخدمة حي خمسمية مسكن برمادية متى تتفكرونا
C:\Users\dell\Desktop\laststation\Audio_augmented\compression\audio_000271__aug_compression_01.wav,غليزان مفيهاش هذه الخدمة حي خمسمية مسكن برمادية متى تتفكرونا
C:\Users\dell\Desktop\laststation\Audio_augmented\noise\audio_000272__aug_noise_01.wav,لم يعطوني لا عقد اشتراك و لا فاتورة فقط وصل الدفع و فقط
C:\Users\dell\Desktop\laststation\Audio_augmented\speed\audio_000272__aug_speed_01.wav,لم يعطوني لا عقد اشتراك و لا فاتورة فقط وصل الدفع و فقط
C:\Users\dell\Desktop\laststation\Audio_augmented\compression\audio_000272__aug_compression_01.wav,لم يعطوني لا عقد اشتراك و لا فاتورة فقط وصل الدفع و فقط
C:\Users\dell\Desktop\laststation\Audio_augmented\noise\audio_000273__aug_noise_01.wav,هاذاك العام هنا في خميس الخشنة بحي سيدي سرحان عندهم العام لي فات ملي حفرو بصح مبان والوا
C:\Users\dell\Desktop\laststation\Audio_augmented\speed\audio_000273__aug_speed_01.wav,هاذاك العام هنا في خميس الخشنة بحي سيدي سرحان عندهم العام لي فات ملي حفرو بصح مبان والوا
C:\Users\dell\Desktop\laststation\Audio_augmented\compression\audio_000273__aug_compression_01.wav,هاذاك العام هنا في خميس الخشنة بحي سيدي سرحان عندهم العام لي فات ملي حفرو بصح مبان والوا
C:\Users\dell\Desktop\laststation\Audio_augmented\noise\audio_000274__aug_noise_01.wav,تطبيق my idoom كي نسجل تقلي هذ الحساب موجود
C:\Users\dell\Desktop\laststation\Audio_augmented\speed\audio_000274__aug_speed_01.wav,تطبيق my idoom كي نسجل تقلي هذ الحساب موجود
C:\Users\dell\Desktop\laststation\Audio_augmented\compression\audio_000274__aug_compression_01.wav,تطبيق my idoom كي نسجل تقلي هذ الحساب موجود
C:\Users\dell\Desktop\laststation\Audio_augmented\noise\audio_000275__aug_noise_01.wav,عندي اكثر من شهرين modem راكب و internet مكاش
C:\Users\dell\Desktop\laststation\Audio_augmented\speed\audio_000275__aug_speed_01.wav,عندي اكثر من شهرين modem راكب و internet مكاش
C:\Users\dell\Desktop\laststation\Audio_augmented\compression\audio_000275__aug_compression_01.wav,عندي اكثر من شهرين modem راكب و internet مكاش
C:\Users\dell\Desktop\laststation\Audio_augmented\noise\audio_000276__aug_noise_01.wav,كم المدة التي لازم انتظرها حتى يطلقو la ligne بعد تركيب modem و هل لازم نتصل بكم
C:\Users\dell\Desktop\laststation\Audio_augmented\speed\audio_000276__aug_speed_01.wav,كم المدة التي لازم انتظرها حتى يطلقو la ligne بعد تركيب modem و هل لازم نتصل بكم
C:\Users\dell\Desktop\laststation\Audio_augmented\compression\audio_000276__aug_compression_01.wav,كم المدة التي لازم انتظرها حتى يطلقو la ligne بعد تركيب modem و هل لازم نتصل بكم
C:\Users\dell\Desktop\laststation\Audio_augmented\noise\audio_000277__aug_noise_01.wav,كيف استفيد من طناش mega و مخرج modem لا يتعدى واحد mega هل عندكم حل شكرا
C:\Users\dell\Desktop\laststation\Audio_augmented\speed\audio_000277__aug_speed_01.wav,كيف استفيد من طناش mega و مخرج modem لا يتعدى واحد mega هل عندكم حل شكرا
C:\Users\dell\Desktop\laststation\Audio_augmented\compression\audio_000277__aug_compression_01.wav,كيف استفيد من طناش mega و مخرج modem لا يتعدى واحد mega هل عندكم حل شكرا
C:\Users\dell\Desktop\laststation\Audio_augmented\noise\audio_000278__aug_noise_01.wav,منطقتي تدعم la fibre بصح لا اعلم كيف ادخلها كيفاش اقدم طلب
C:\Users\dell\Desktop\laststation\Audio_augmented\speed\audio_000278__aug_speed_01.wav,منطقتي تدعم la fibre بصح لا اعلم كيف ادخلها كيفاش اقدم طلب
C:\Users\dell\Desktop\laststation\Audio_augmented\compression\audio_000278__aug_compression_01.wav,منطقتي تدعم la fibre بصح لا اعلم كيف ادخلها كيفاش اقدم طلب
C:\Users\dell\Desktop\laststation\Audio_augmented\noise\audio_000279__aug_noise_01.wav,في ثنين و تسعين مسكن مرسى الحاج مازال مادارو la fibre من المقرر الفين و خمسة و عشرين
C:\Users\dell\Desktop\laststation\Audio_augmented\speed\audio_000279__aug_speed_01.wav,في ثنين و تسعين مسكن مرسى الحاج مازال مادارو la fibre من المقرر الفين و خمسة و عشرين
C:\Users\dell\Desktop\laststation\Audio_augmented\compression\audio_000279__aug_compression_01.wav,في ثنين و تسعين مسكن مرسى الحاج مازال مادارو la fibre من المقرر الفين و خمسة و عشرين
C:\Users\dell\Desktop\laststation\Audio_augmented\noise\audio_000280__aug_noise_01.wav,وجماعة 4g معندهمش حل مناطق الظل وسكان القرى الصغيرة والتجمعات السكانية الدواور
C:\Users\dell\Desktop\laststation\Audio_augmented\speed\audio_000280__aug_speed_01.wav,وجماعة 4g معندهمش حل مناطق الظل وسكان القرى الصغيرة والتجمعات السكانية الدواور
C:\Users\dell\Desktop\laststation\Audio_augmented\compression\audio_000280__aug_compression_01.wav,وجماعة 4g معندهمش حل مناطق الظل وسكان القرى الصغيرة والتجمعات السكانية الدواور
C:\Users\dell\Desktop\laststation\Audio_augmented\noise\audio_000281__aug_noise_01.wav,modem ماقدرتوش توفروه كتر من عام وتحكو على التحدياث contrat غرقتو فيها
C:\Users\dell\Desktop\laststation\Audio_augmented\speed\audio_000281__aug_speed_01.wav,modem ماقدرتوش توفروه كتر من عام وتحكو على التحدياث contrat غرقتو فيها
C:\Users\dell\Desktop\laststation\Audio_augmented\compression\audio_000281__aug_compression_01.wav,modem ماقدرتوش توفروه كتر من عام وتحكو على التحدياث contrat غرقتو فيها
C:\Users\dell\Desktop\laststation\Audio_augmented\noise\audio_000282__aug_noise_01.wav,عندي فايت شهر ملي خلصت و مدولي modem و مازال مجاوش برونشولي
C:\Users\dell\Desktop\laststation\Audio_augmented\speed\audio_000282__aug_speed_01.wav,عندي فايت شهر ملي خلصت و مدولي modem و مازال مجاوش برونشولي
C:\Users\dell\Desktop\laststation\Audio_augmented\compression\audio_000282__aug_compression_01.wav,عندي فايت شهر ملي خلصت و مدولي modem و مازال مجاوش برونشولي
C:\Users\dell\Desktop\laststation\Audio_augmented\noise\audio_000283__aug_noise_01.wav,خدمة fibre راهي مقطوعة من البارح عندنا يا Algerie Telecom
C:\Users\dell\Desktop\laststation\Audio_augmented\speed\audio_000283__aug_speed_01.wav,خدمة fibre راهي مقطوعة من البارح عندنا يا Algerie Telecom
C:\Users\dell\Desktop\laststation\Audio_augmented\compression\audio_000283__aug_compression_01.wav,خدمة fibre راهي مقطوعة من البارح عندنا يا Algerie Telecom
C:\Users\dell\Desktop\laststation\Audio_augmented\noise\audio_000284__aug_noise_01.wav,و ليوم نضت لقيت internet راحت و meme امبولة تاع adsl راحت مجاتش علاه
C:\Users\dell\Desktop\laststation\Audio_augmented\speed\audio_000284__aug_speed_01.wav,و ليوم نضت لقيت internet راحت و meme امبولة تاع adsl راحت مجاتش علاه
C:\Users\dell\Desktop\laststation\Audio_augmented\compression\audio_000284__aug_compression_01.wav,و ليوم نضت لقيت internet راحت و meme امبولة تاع adsl راحت مجاتش علاه
C:\Users\dell\Desktop\laststation\Audio_augmented\noise\audio_000285__aug_noise_01.wav,حنا ربعة شهر مكاش connexion fibre و نتوما تقولو خلص والله غير امر غريب
C:\Users\dell\Desktop\laststation\Audio_augmented\speed\audio_000285__aug_speed_01.wav,حنا ربعة شهر مكاش connexion fibre و نتوما تقولو خلص والله غير امر غريب
C:\Users\dell\Desktop\laststation\Audio_augmented\compression\audio_000285__aug_compression_01.wav,حنا ربعة شهر مكاش connexion fibre و نتوما تقولو خلص والله غير امر غريب
C:\Users\dell\Desktop\laststation\Audio_augmented\noise\audio_000286__aug_noise_01.wav,حنا في وسط المدينة بجاية سيدي اعلي البحر الي
C:\Users\dell\Desktop\laststation\Audio_augmented\speed\audio_000286__aug_speed_01.wav,حنا في وسط المدينة بجاية سيدي اعلي البحر الي
C:\Users\dell\Desktop\laststation\Audio_augmented\compression\audio_000286__aug_compression_01.wav,حنا في وسط المدينة بجاية سيدي اعلي البحر الي
C:\Users\dell\Desktop\laststation\Audio_augmented\noise\audio_000287__aug_noise_01.wav,فضاء زبون مايحبش يمشي ڨاع تعبنا و حنا نسجلو مكان والوا
C:\Users\dell\Desktop\laststation\Audio_augmented\speed\audio_000287__aug_speed_01.wav,فضاء زبون مايحبش يمشي ڨاع تعبنا و حنا نسجلو مكان والوا
C:\Users\dell\Desktop\laststation\Audio_augmented\compression\audio_000287__aug_compression_01.wav,فضاء زبون مايحبش يمشي ڨاع تعبنا و حنا نسجلو مكان والوا
C:\Users\dell\Desktop\laststation\Audio_augmented\noise\audio_000288__aug_noise_01.wav,connexion مقطوعة من البارح في اولاد فايت شوفولنا حل
C:\Users\dell\Desktop\laststation\Audio_augmented\speed\audio_000288__aug_speed_01.wav,connexion مقطوعة من البارح في اولاد فايت شوفولنا حل
C:\Users\dell\Desktop\laststation\Audio_augmented\compression\audio_000288__aug_compression_01.wav,connexion مقطوعة من البارح في اولاد فايت شوفولنا حل
C:\Users\dell\Desktop\laststation\Audio_augmented\noise\audio_000289__aug_noise_01.wav,لي مايعرفش رقم الهاتف تاعو حبيتو يعرف الرقم التسلسلي
C:\Users\dell\Desktop\laststation\Audio_augmented\speed\audio_000289__aug_speed_01.wav,لي مايعرفش رقم الهاتف تاعو حبيتو يعرف الرقم التسلسلي
C:\Users\dell\Desktop\laststation\Audio_augmented\compression\audio_000289__aug_compression_01.wav,لي مايعرفش رقم الهاتف تاعو حبيتو يعرف الرقم التسلسلي
C:\Users\dell\Desktop\laststation\Audio_augmented\noise\audio_000290__aug_noise_01.wav,رانا ربعة ايام بدون internet بسبب التمسخير تاع فريق التقني
C:\Users\dell\Desktop\laststation\Audio_augmented\speed\audio_000290__aug_speed_01.wav,رانا ربعة ايام بدون internet بسبب التمسخير تاع فريق التقني
C:\Users\dell\Desktop\laststation\Audio_augmented\compression\audio_000290__aug_compression_01.wav,رانا ربعة ايام بدون internet بسبب التمسخير تاع فريق التقني
C:\Users\dell\Desktop\laststation\Audio_augmented\noise\audio_000291__aug_noise_01.wav,تعامل الموظف في وكالة بير مراد رايس كان بزاف هايل
C:\Users\dell\Desktop\laststation\Audio_augmented\speed\audio_000291__aug_speed_01.wav,تعامل الموظف في وكالة بير مراد رايس كان بزاف هايل
C:\Users\dell\Desktop\laststation\Audio_augmented\compression\audio_000291__aug_compression_01.wav,تعامل الموظف في وكالة بير مراد رايس كان بزاف هايل
C:\Users\dell\Desktop\laststation\Audio_augmented\noise\audio_000292__aug_noise_01.wav,الموظف الي في la caisse كان خفيف وظريف يعطيه الصحة
C:\Users\dell\Desktop\laststation\Audio_augmented\speed\audio_000292__aug_speed_01.wav,الموظف الي في la caisse كان خفيف وظريف يعطيه الصحة
C:\Users\dell\Desktop\laststation\Audio_augmented\compression\audio_000292__aug_compression_01.wav,الموظف الي في la caisse كان خفيف وظريف يعطيه الصحة
C:\Users\dell\Desktop\laststation\Audio_augmented\noise\audio_000293__aug_noise_01.wav,ختي العام انشاءالله ينقصلنا في السعر برك راهي شوية شوية
C:\Users\dell\Desktop\laststation\Audio_augmented\speed\audio_000293__aug_speed_01.wav,ختي العام انشاءالله ينقصلنا في السعر برك راهي شوية شوية
C:\Users\dell\Desktop\laststation\Audio_augmented\compression\audio_000293__aug_compression_01.wav,ختي العام انشاءالله ينقصلنا في السعر برك راهي شوية شوية
C:\Users\dell\Desktop\laststation\Audio_augmented\noise\audio_000294__aug_noise_01.wav,كاين لي عندو مشكل مع فضاء الزبون مارهش يمشي عندو
C:\Users\dell\Desktop\laststation\Audio_augmented\speed\audio_000294__aug_speed_01.wav,كاين لي عندو مشكل مع فضاء الزبون مارهش يمشي عندو
C:\Users\dell\Desktop\laststation\Audio_augmented\compression\audio_000294__aug_compression_01.wav,كاين لي عندو مشكل مع فضاء الزبون مارهش يمشي عندو
C:\Users\dell\Desktop\laststation\Audio_augmented\noise\audio_000295__aug_noise_01.wav,اطلقونا connexion ومبعد اهدرو راني في شهر ركبولي connexion و مكاش
C:\Users\dell\Desktop\laststation\Audio_augmented\speed\audio_000295__aug_speed_01.wav,اطلقونا connexion ومبعد اهدرو راني في شهر ركبولي connexion و مكاش
C:\Users\dell\Desktop\laststation\Audio_augmented\compression\audio_000295__aug_compression_01.wav,اطلقونا connexion ومبعد اهدرو راني في شهر ركبولي connexion و مكاش
C:\Users\dell\Desktop\laststation\Audio_augmented\noise\audio_000296__aug_noise_01.wav,كي ترضي زبون اولا لحد الان عندي عطب لحد ساعة
C:\Users\dell\Desktop\laststation\Audio_augmented\speed\audio_000296__aug_speed_01.wav,كي ترضي زبون اولا لحد الان عندي عطب لحد ساعة
C:\Users\dell\Desktop\laststation\Audio_augmented\compression\audio_000296__aug_compression_01.wav,كي ترضي زبون اولا لحد الان عندي عطب لحد ساعة
C:\Users\dell\Desktop\laststation\Audio_augmented\noise\audio_000297__aug_noise_01.wav,تم تعبئة مبلغ اشتراك شهر و لم يتم اضافة ايام المهداة و تم التاكد عبر حسابي في منصة فضاء الزبون
C:\Users\dell\Desktop\laststation\Audio_augmented\speed\audio_000297__aug_speed_01.wav,تم تعبئة مبلغ اشتراك شهر و لم يتم اضافة ايام المهداة و تم التاكد عبر حسابي في منصة فضاء الزبون
C:\Users\dell\Desktop\laststation\Audio_augmented\compression\audio_000297__aug_compression_01.wav,تم تعبئة مبلغ اشتراك شهر و لم يتم اضافة ايام المهداة و تم التاكد عبر حسابي في منصة فضاء الزبون
C:\Users\dell\Desktop\laststation\Audio_augmented\noise\audio_000298__aug_noise_01.wav,يا خوتي صدقوني عييت من هدي الحالة كل يوم نعيطلكم و نبعتلكم على جال internet و الخط الثابت
C:\Users\dell\Desktop\laststation\Audio_augmented\speed\audio_000298__aug_speed_01.wav,يا خوتي صدقوني عييت من هدي الحالة كل يوم نعيطلكم و نبعتلكم على جال internet و الخط الثابت
C:\Users\dell\Desktop\laststation\Audio_augmented\compression\audio_000298__aug_compression_01.wav,يا خوتي صدقوني عييت من هدي الحالة كل يوم نعيطلكم و نبعتلكم على جال internet و الخط الثابت
C:\Users\dell\Desktop\laststation\Audio_augmented\noise\audio_000299__aug_noise_01.wav,شوفولنا probleme في بلدية ملاكو ولاية تيارت من صباح راحت internet ڨاع البلدية
C:\Users\dell\Desktop\laststation\Audio_augmented\speed\audio_000299__aug_speed_01.wav,شوفولنا probleme في بلدية ملاكو ولاية تيارت من صباح راحت internet ڨاع البلدية
C:\Users\dell\Desktop\laststation\Audio_augmented\compression\audio_000299__aug_compression_01.wav,شوفولنا probleme في بلدية ملاكو ولاية تيارت من صباح راحت internet ڨاع البلدية
C:\Users\dell\Desktop\laststation\Audio_augmented\noise\audio_000300__aug_noise_01.wav,modem 4g وين نلقاه رقم الزبون بش نسجل في فضاء الزبون
C:\Users\dell\Desktop\laststation\Audio_augmented\speed\audio_000300__aug_speed_01.wav,modem 4g وين نلقاه رقم الزبون بش نسجل في فضاء الزبون
C:\Users\dell\Desktop\laststation\Audio_augmented\compression\audio_000300__aug_compression_01.wav,modem 4g وين نلقاه رقم الزبون بش نسجل في فضاء الزبون
C:\Users\dell\Desktop\laststation\Audio_augmented\noise\audio_000301__aug_noise_01.wav,وقتاش تبلاصيو les modem fibre عندي شهر مازال نستنا
C:\Users\dell\Desktop\laststation\Audio_augmented\speed\audio_000301__aug_speed_01.wav,وقتاش تبلاصيو les modem fibre عندي شهر مازال نستنا
C:\Users\dell\Desktop\laststation\Audio_augmented\compression\audio_000301__aug_compression_01.wav,وقتاش تبلاصيو les modem fibre عندي شهر مازال نستنا
C:\Users\dell\Desktop\laststation\Audio_augmented\noise\audio_000302__aug_noise_01.wav,بلاد specifique la fibre غير في العاصمة و مشتقاتها الافضلية ديما تكون عندهم
C:\Users\dell\Desktop\laststation\Audio_augmented\speed\audio_000302__aug_speed_01.wav,بلاد specifique la fibre غير في العاصمة و مشتقاتها الافضلية ديما تكون عندهم
C:\Users\dell\Desktop\laststation\Audio_augmented\compression\audio_000302__aug_compression_01.wav,بلاد specifique la fibre غير في العاصمة و مشتقاتها الافضلية ديما تكون عندهم
C:\Users\dell\Desktop\laststation\Audio_augmented\noise\audio_000303__aug_noise_01.wav,واش من fibre واش من خدمة التطور و التقدم zero
C:\Users\dell\Desktop\laststation\Audio_augmented\speed\audio_000303__aug_speed_01.wav,واش من fibre واش من خدمة التطور و التقدم zero
C:\Users\dell\Desktop\laststation\Audio_augmented\compression\audio_000303__aug_compression_01.wav,واش من fibre واش من خدمة التطور و التقدم zero
C:\Users\dell\Desktop\laststation\Audio_augmented\noise\audio_000304__aug_noise_01.wav,غير وفرولنا les modem و من بعد ساهل
C:\Users\dell\Desktop\laststation\Audio_augmented\speed\audio_000304__aug_speed_01.wav,غير وفرولنا les modem و من بعد ساهل
C:\Users\dell\Desktop\laststation\Audio_augmented\compression\audio_000304__aug_compression_01.wav,غير وفرولنا les modem و من بعد ساهل
C:\Users\dell\Desktop\laststation\Audio_augmented\noise\audio_000305__aug_noise_01.wav,لي جميع مشتركين idoom 4g قاطعوها خطرش راهم يطلعو مشتركين علي ظهركم
C:\Users\dell\Desktop\laststation\Audio_augmented\speed\audio_000305__aug_speed_01.wav,لي جميع مشتركين idoom 4g قاطعوها خطرش راهم يطلعو مشتركين علي ظهركم
C:\Users\dell\Desktop\laststation\Audio_augmented\compression\audio_000305__aug_compression_01.wav,لي جميع مشتركين idoom 4g قاطعوها خطرش راهم يطلعو مشتركين علي ظهركم
C:\Users\dell\Desktop\laststation\Audio_augmented\noise\audio_000306__aug_noise_01.wav,خمسة شهر و modem معلق المهم الصبر و يقولولك في اقرب الاجال و رانا صابرين
C:\Users\dell\Desktop\laststation\Audio_augmented\speed\audio_000306__aug_speed_01.wav,خمسة شهر و modem معلق المهم الصبر و يقولولك في اقرب الاجال و رانا صابرين
C:\Users\dell\Desktop\laststation\Audio_augmented\compression\audio_000306__aug_compression_01.wav,خمسة شهر و modem معلق المهم الصبر و يقولولك في اقرب الاجال و رانا صابرين
C:\Users\dell\Desktop\laststation\Audio_augmented\noise\audio_000307__aug_noise_01.wav,adsl راهو مريڨل هذ ليامات مكاش ڨاع les coupure
C:\Users\dell\Desktop\laststation\Audio_augmented\speed\audio_000307__aug_speed_01.wav,adsl راهو مريڨل هذ ليامات مكاش ڨاع les coupure
C:\Users\dell\Desktop\laststation\Audio_augmented\compression\audio_000307__aug_compression_01.wav,adsl راهو مريڨل هذ ليامات مكاش ڨاع les coupure
C:\Users\dell\Desktop\laststation\Audio_augmented\noise\audio_000308__aug_noise_01.wav,4g lte راهي منقذة في الاماكن الي مافيهاش les cable
C:\Users\dell\Desktop\laststation\Audio_augmented\speed\audio_000308__aug_speed_01.wav,4g lte راهي منقذة في الاماكن الي مافيهاش les cable
C:\Users\dell\Desktop\laststation\Audio_augmented\compression\audio_000308__aug_compression_01.wav,4g lte راهي منقذة في الاماكن الي مافيهاش les cable
C:\Users\dell\Desktop\laststation\Audio_augmented\noise\audio_000309__aug_noise_01.wav,انا انخلص كل شهر ميتين وخمسين الف و لم استفد من خدمة fibre
C:\Users\dell\Desktop\laststation\Audio_augmented\speed\audio_000309__aug_speed_01.wav,انا انخلص كل شهر ميتين وخمسين الف و لم استفد من خدمة fibre
C:\Users\dell\Desktop\laststation\Audio_augmented\compression\audio_000309__aug_compression_01.wav,انا انخلص كل شهر ميتين وخمسين الف و لم استفد من خدمة fibre
C:\Users\dell\Desktop\laststation\Audio_augmented\noise\audio_000310__aug_noise_01.wav,سوال خارج الموضوع هل استطيع تجميد الاشتراك في fibre لمدة اسبوع
C:\Users\dell\Desktop\laststation\Audio_augmented\speed\audio_000310__aug_speed_01.wav,سوال خارج الموضوع هل استطيع تجميد الاشتراك في fibre لمدة اسبوع
C:\Users\dell\Desktop\laststation\Audio_augmented\compression\audio_000310__aug_compression_01.wav,سوال خارج الموضوع هل استطيع تجميد الاشتراك في fibre لمدة اسبوع
C:\Users\dell\Desktop\laststation\Audio_augmented\noise\audio_000311__aug_noise_01.wav,انا مافهمتش علاش مهمش حابين يصلحونا مشكل connexion سطاش يوم بدون internet
C:\Users\dell\Desktop\laststation\Audio_augmented\speed\audio_000311__aug_speed_01.wav,انا مافهمتش علاش مهمش حابين يصلحونا مشكل connexion سطاش يوم بدون internet
C:\Users\dell\Desktop\laststation\Audio_augmented\compression\audio_000311__aug_compression_01.wav,انا مافهمتش علاش مهمش حابين يصلحونا مشكل connexion سطاش يوم بدون internet
C:\Users\dell\Desktop\laststation\Audio_augmented\noise\audio_000312__aug_noise_01.wav,كي تبدلو les cable adsl في الاحياء الشعبية العريقة الى ftth تم اهدرو على العروض و الوقت الي بقى
C:\Users\dell\Desktop\laststation\Audio_augmented\speed\audio_000312__aug_speed_01.wav,كي تبدلو les cable adsl في الاحياء الشعبية العريقة الى ftth تم اهدرو على العروض و الوقت الي بقى
C:\Users\dell\Desktop\laststation\Audio_augmented\compression\audio_000312__aug_compression_01.wav,كي تبدلو les cable adsl في الاحياء الشعبية العريقة الى ftth تم اهدرو على العروض و الوقت الي بقى
C:\Users\dell\Desktop\laststation\Audio_augmented\noise\audio_000313__aug_noise_01.wav,وين راه الي راح يتمحن معاكم و connexion زبل
C:\Users\dell\Desktop\laststation\Audio_augmented\speed\audio_000313__aug_speed_01.wav,وين راه الي راح يتمحن معاكم و connexion زبل
C:\Users\dell\Desktop\laststation\Audio_augmented\compression\audio_000313__aug_compression_01.wav,وين راه الي راح يتمحن معاكم و connexion زبل
C:\Users\dell\Desktop\laststation\Audio_augmented\noise\audio_000314__aug_noise_01.wav,راحت l'internet من ثلاثة تاع صباح حتى لدوك ماجتش
C:\Users\dell\Desktop\laststation\Audio_augmented\speed\audio_000314__aug_speed_01.wav,راحت l'internet من ثلاثة تاع صباح حتى لدوك ماجتش
C:\Users\dell\Desktop\laststation\Audio_augmented\compression\audio_000314__aug_compression_01.wav,راحت l'internet من ثلاثة تاع صباح حتى لدوك ماجتش
C:\Users\dell\Desktop\laststation\Audio_augmented\noise\audio_000315__aug_noise_01.wav,عندها تقريب اسبوع هي ضعيفة واش من يوم عالمي
C:\Users\dell\Desktop\laststation\Audio_augmented\speed\audio_000315__aug_speed_01.wav,عندها تقريب اسبوع هي ضعيفة واش من يوم عالمي
C:\Users\dell\Desktop\laststation\Audio_augmented\compression\audio_000315__aug_compression_01.wav,عندها تقريب اسبوع هي ضعيفة واش من يوم عالمي
C:\Users\dell\Desktop\laststation\Audio_augmented\noise\audio_000316__aug_noise_01.wav,يعطيهم الصحة على التغطية حتى في المناطق البعيدة و كاينة
C:\Users\dell\Desktop\laststation\Audio_augmented\speed\audio_000316__aug_speed_01.wav,يعطيهم الصحة على التغطية حتى في المناطق البعيدة و كاينة
C:\Users\dell\Desktop\laststation\Audio_augmented\compression\audio_000316__aug_compression_01.wav,يعطيهم الصحة على التغطية حتى في المناطق البعيدة و كاينة
C:\Users\dell\Desktop\laststation\Audio_augmented\noise\audio_000317__aug_noise_01.wav,connexion راحتلي صباح مشكل غير عندي ولا مشكل عام
C:\Users\dell\Desktop\laststation\Audio_augmented\speed\audio_000317__aug_speed_01.wav,connexion راحتلي صباح مشكل غير عندي ولا مشكل عام
C:\Users\dell\Desktop\laststation\Audio_augmented\compression\audio_000317__aug_compression_01.wav,connexion راحتلي صباح مشكل غير عندي ولا مشكل عام
C:\Users\dell\Desktop\laststation\Audio_augmented\noise\audio_000318__aug_noise_01.wav,connexion zero شركة فاشلة زدت التدفق و راني نعاني
C:\Users\dell\Desktop\laststation\Audio_augmented\speed\audio_000318__aug_speed_01.wav,connexion zero شركة فاشلة زدت التدفق و راني نعاني
C:\Users\dell\Desktop\laststation\Audio_augmented\compression\audio_000318__aug_compression_01.wav,connexion zero شركة فاشلة زدت التدفق و راني نعاني
C:\Users\dell\Desktop\laststation\Audio_augmented\noise\audio_000319__aug_noise_01.wav,التغطية معندناش في حي السعيد بوصبع الحروش ولاية سكيكدة
C:\Users\dell\Desktop\laststation\Audio_augmented\speed\audio_000319__aug_speed_01.wav,التغطية معندناش في حي السعيد بوصبع الحروش ولاية سكيكدة
C:\Users\dell\Desktop\laststation\Audio_augmented\compression\audio_000319__aug_compression_01.wav,التغطية معندناش في حي السعيد بوصبع الحروش ولاية سكيكدة
C:\Users\dell\Desktop\laststation\Audio_augmented\noise\audio_000320__aug_noise_01.wav,حنا مقطوعة عندها ثلاثة ايام لا حياة لمن تنادي
C:\Users\dell\Desktop\laststation\Audio_augmented\speed\audio_000320__aug_speed_01.wav,حنا مقطوعة عندها ثلاثة ايام لا حياة لمن تنادي
C:\Users\dell\Desktop\laststation\Audio_augmented\compression\audio_000320__aug_compression_01.wav,حنا مقطوعة عندها ثلاثة ايام لا حياة لمن تنادي
C:\Users\dell\Desktop\laststation\Audio_augmented\noise\audio_000321__aug_noise_01.wav,علاه مديروش فيديوهات قصيره تشرح طريقة انشاء الحساب كيما دارت وكالة عدل الي كانت ناجحة مية هكا تستهلو على زبائنكم
C:\Users\dell\Desktop\laststation\Audio_augmented\speed\audio_000321__aug_speed_01.wav,علاه مديروش فيديوهات قصيره تشرح طريقة انشاء الحساب كيما دارت وكالة عدل الي كانت ناجحة مية هكا تستهلو على زبائنكم
C:\Users\dell\Desktop\laststation\Audio_augmented\compression\audio_000321__aug_compression_01.wav,علاه مديروش فيديوهات قصيره تشرح طريقة انشاء الحساب كيما دارت وكالة عدل الي كانت ناجحة مية هكا تستهلو على زبائنكم
C:\Users\dell\Desktop\laststation\Audio_augmented\noise\audio_000322__aug_noise_01.wav,لماذا عملية التسجيل في فضاء الزبون غير متاحة لقد حاولت التسجيل عدة مرات بدون فايدة
C:\Users\dell\Desktop\laststation\Audio_augmented\speed\audio_000322__aug_speed_01.wav,لماذا عملية التسجيل في فضاء الزبون غير متاحة لقد حاولت التسجيل عدة مرات بدون فايدة
C:\Users\dell\Desktop\laststation\Audio_augmented\compression\audio_000322__aug_compression_01.wav,لماذا عملية التسجيل في فضاء الزبون غير متاحة لقد حاولت التسجيل عدة مرات بدون فايدة
C:\Users\dell\Desktop\laststation\Audio_augmented\noise\audio_000323__aug_noise_01.wav,الفواتير لا تصل الى البريد الالكتروني وغير ممكن تحميلها عبر التطبيق او فضاء الزبون
C:\Users\dell\Desktop\laststation\Audio_augmented\speed\audio_000323__aug_speed_01.wav,الفواتير لا تصل الى البريد الالكتروني وغير ممكن تحميلها عبر التطبيق او فضاء الزبون
C:\Users\dell\Desktop\laststation\Audio_augmented\compression\audio_000323__aug_compression_01.wav,الفواتير لا تصل الى البريد الالكتروني وغير ممكن تحميلها عبر التطبيق او فضاء الزبون
C:\Users\dell\Desktop\laststation\Audio_augmented\noise\audio_000324__aug_noise_01.wav,اخرى تطبيقين في العالم my idoom و baridi mob ڤاع العام ميصلحوش والمشكل كي تسحقهم
C:\Users\dell\Desktop\laststation\Audio_augmented\speed\audio_000324__aug_speed_01.wav,اخرى تطبيقين في العالم my idoom و baridi mob ڤاع العام ميصلحوش والمشكل كي تسحقهم
C:\Users\dell\Desktop\laststation\Audio_augmented\compression\audio_000324__aug_compression_01.wav,اخرى تطبيقين في العالم my idoom و baridi mob ڤاع العام ميصلحوش والمشكل كي تسحقهم
C:\Users\dell\Desktop\laststation\Audio_augmented\noise\audio_000325__aug_noise_01.wav,يوجد حد اشتراك ادنى من اجل الاستفادة من هذ العرض ام جميع التدفقات معنية
C:\Users\dell\Desktop\laststation\Audio_augmented\speed\audio_000325__aug_speed_01.wav,يوجد حد اشتراك ادنى من اجل الاستفادة من هذ العرض ام جميع التدفقات معنية
C:\Users\dell\Desktop\laststation\Audio_augmented\compression\audio_000325__aug_compression_01.wav,يوجد حد اشتراك ادنى من اجل الاستفادة من هذ العرض ام جميع التدفقات معنية
C:\Users\dell\Desktop\laststation\Audio_augmented\noise\audio_000326__aug_noise_01.wav,ارفعولي انشغال في ما يخص تغيير الاشتراك لان الحالي لا يوجد بشبكتم و وكالاتكم
C:\Users\dell\Desktop\laststation\Audio_augmented\speed\audio_000326__aug_speed_01.wav,ارفعولي انشغال في ما يخص تغيير الاشتراك لان الحالي لا يوجد بشبكتم و وكالاتكم
C:\Users\dell\Desktop\laststation\Audio_augmented\compression\audio_000326__aug_compression_01.wav,ارفعولي انشغال في ما يخص تغيير الاشتراك لان الحالي لا يوجد بشبكتم و وكالاتكم
C:\Users\dell\Desktop\laststation\Audio_augmented\noise\audio_000327__aug_noise_01.wav,بعد التجارب لي درتوها السرعة صارت بطيية مشترك ثلاثين mega تطلع عندي سبعة mega
C:\Users\dell\Desktop\laststation\Audio_augmented\speed\audio_000327__aug_speed_01.wav,بعد التجارب لي درتوها السرعة صارت بطيية مشترك ثلاثين mega تطلع عندي سبعة mega
C:\Users\dell\Desktop\laststation\Audio_augmented\compression\audio_000327__aug_compression_01.wav,بعد التجارب لي درتوها السرعة صارت بطيية مشترك ثلاثين mega تطلع عندي سبعة mega
C:\Users\dell\Desktop\laststation\Audio_augmented\noise\audio_000328__aug_noise_01.wav,ياودي ديرولنا في la fibre نظل نجي ليكم تقولونا مازال مازال
C:\Users\dell\Desktop\laststation\Audio_augmented\speed\audio_000328__aug_speed_01.wav,ياودي ديرولنا في la fibre نظل نجي ليكم تقولونا مازال مازال
C:\Users\dell\Desktop\laststation\Audio_augmented\compression\audio_000328__aug_compression_01.wav,ياودي ديرولنا في la fibre نظل نجي ليكم تقولونا مازال مازال
C:\Users\dell\Desktop\laststation\Audio_augmented\noise\audio_000329__aug_noise_01.wav,في سيرايدي كاين مقاول يركب la fibre بلوجوه في دار سمير
C:\Users\dell\Desktop\laststation\Audio_augmented\speed\audio_000329__aug_speed_01.wav,في سيرايدي كاين مقاول يركب la fibre بلوجوه في دار سمير
C:\Users\dell\Desktop\laststation\Audio_augmented\compression\audio_000329__aug_compression_01.wav,في سيرايدي كاين مقاول يركب la fibre بلوجوه في دار سمير
C:\Users\dell\Desktop\laststation\Audio_augmented\noise\audio_000330__aug_noise_01.wav,ياو اطلقونا l'internet رانا خمسطاش يوم من الي ركبنا fibre و مكان والوا
C:\Users\dell\Desktop\laststation\Audio_augmented\speed\audio_000330__aug_speed_01.wav,ياو اطلقونا l'internet رانا خمسطاش يوم من الي ركبنا fibre و مكان والوا
C:\Users\dell\Desktop\laststation\Audio_augmented\compression\audio_000330__aug_compression_01.wav,ياو اطلقونا l'internet رانا خمسطاش يوم من الي ركبنا fibre و مكان والوا
C:\Users\dell\Desktop\laststation\Audio_augmented\noise\audio_000331__aug_noise_01.wav,واش بيه fibre ملي صب المطر و هو في تذبذب
C:\Users\dell\Desktop\laststation\Audio_augmented\speed\audio_000331__aug_speed_01.wav,واش بيه fibre ملي صب المطر و هو في تذبذب
C:\Users\dell\Desktop\laststation\Audio_augmented\compression\audio_000331__aug_compression_01.wav,واش بيه fibre ملي صب المطر و هو في تذبذب
C:\Users\dell\Desktop\laststation\Audio_augmented\noise\audio_000332__aug_noise_01.wav,ما اقصى مدة ينتظرها الزبون بعد طلبه تركيب خط fibre
C:\Users\dell\Desktop\laststation\Audio_augmented\speed\audio_000332__aug_speed_01.wav,ما اقصى مدة ينتظرها الزبون بعد طلبه تركيب خط fibre
C:\Users\dell\Desktop\laststation\Audio_augmented\compression\audio_000332__aug_compression_01.wav,ما اقصى مدة ينتظرها الزبون بعد طلبه تركيب خط fibre
C:\Users\dell\Desktop\laststation\Audio_augmented\noise\audio_000333__aug_noise_01.wav,دفعت dossier تاع la fibre ومدولي modem شهر للان مجاوش ركبوه
C:\Users\dell\Desktop\laststation\Audio_augmented\speed\audio_000333__aug_speed_01.wav,دفعت dossier تاع la fibre ومدولي modem شهر للان مجاوش ركبوه
C:\Users\dell\Desktop\laststation\Audio_augmented\compression\audio_000333__aug_compression_01.wav,دفعت dossier تاع la fibre ومدولي modem شهر للان مجاوش ركبوه
C:\Users\dell\Desktop\laststation\Audio_augmented\noise\audio_000334__aug_noise_01.wav,بلاصاو modem الاحد لي فاتت و مازال ما طلقوهاش
C:\Users\dell\Desktop\laststation\Audio_augmented\speed\audio_000334__aug_speed_01.wav,بلاصاو modem الاحد لي فاتت و مازال ما طلقوهاش
C:\Users\dell\Desktop\laststation\Audio_augmented\compression\audio_000334__aug_compression_01.wav,بلاصاو modem الاحد لي فاتت و مازال ما طلقوهاش
C:\Users\dell\Desktop\laststation\Audio_augmented\noise\audio_000335__aug_noise_01.wav,هل يمكن تغيير modem القديم nokia بي modem جديد wifi six
C:\Users\dell\Desktop\laststation\Audio_augmented\speed\audio_000335__aug_speed_01.wav,هل يمكن تغيير modem القديم nokia بي modem جديد wifi six
C:\Users\dell\Desktop\laststation\Audio_augmented\compression\audio_000335__aug_compression_01.wav,هل يمكن تغيير modem القديم nokia بي modem جديد wifi six
C:\Users\dell\Desktop\laststation\Audio_augmented\noise\audio_000336__aug_noise_01.wav,4g راهي تسلك في السفر نخدم بيها youtube normal
C:\Users\dell\Desktop\laststation\Audio_augmented\speed\audio_000336__aug_speed_01.wav,4g راهي تسلك في السفر نخدم بيها youtube normal
C:\Users\dell\Desktop\laststation\Audio_augmented\compression\audio_000336__aug_compression_01.wav,4g راهي تسلك في السفر نخدم بيها youtube normal
C:\Users\dell\Desktop\laststation\Audio_augmented\noise\audio_000337__aug_noise_01.wav,عندي ثلاثة شهر ملي رفدت modem مكاين والو زيغود يوسف قسنطينة
C:\Users\dell\Desktop\laststation\Audio_augmented\speed\audio_000337__aug_speed_01.wav,عندي ثلاثة شهر ملي رفدت modem مكاين والو زيغود يوسف قسنطينة
C:\Users\dell\Desktop\laststation\Audio_augmented\compression\audio_000337__aug_compression_01.wav,عندي ثلاثة شهر ملي رفدت modem مكاين والو زيغود يوسف قسنطينة
C:\Users\dell\Desktop\laststation\Audio_augmented\noise\audio_000338__aug_noise_01.wav,حنا في رمضان جمال هذا هو اليوم الثالث بدون internet
C:\Users\dell\Desktop\laststation\Audio_augmented\speed\audio_000338__aug_speed_01.wav,حنا في رمضان جمال هذا هو اليوم الثالث بدون internet
C:\Users\dell\Desktop\laststation\Audio_augmented\compression\audio_000338__aug_compression_01.wav,حنا في رمضان جمال هذا هو اليوم الثالث بدون internet
C:\Users\dell\Desktop\laststation\Audio_augmented\noise\audio_000339__aug_noise_01.wav,مشروع fibre وين نسكن راه عنده عام من لي حفرو و دارو التيوات و cable مازال
C:\Users\dell\Desktop\laststation\Audio_augmented\speed\audio_000339__aug_speed_01.wav,مشروع fibre وين نسكن راه عنده عام من لي حفرو و دارو التيوات و cable مازال
C:\Users\dell\Desktop\laststation\Audio_augmented\compression\audio_000339__aug_compression_01.wav,مشروع fibre وين نسكن راه عنده عام من لي حفرو و دارو التيوات و cable مازال
C:\Users\dell\Desktop\laststation\Audio_augmented\noise\audio_000340__aug_noise_01.wav,و حنا في الشمال و في ميلة معندناش fibre ركبوه و من بعد كلش ساهل ياو لوكان بزوج ملاين
C:\Users\dell\Desktop\laststation\Audio_augmented\speed\audio_000340__aug_speed_01.wav,و حنا في الشمال و في ميلة معندناش fibre ركبوه و من بعد كلش ساهل ياو لوكان بزوج ملاين
C:\Users\dell\Desktop\laststation\Audio_augmented\compression\audio_000340__aug_compression_01.wav,و حنا في الشمال و في ميلة معندناش fibre ركبوه و من بعد كلش ساهل ياو لوكان بزوج ملاين
C:\Users\dell\Desktop\laststation\Audio_augmented\noise\audio_000341__aug_noise_01.wav,انشاءالله مايكونش قطع لخدمات internet التي ندفع اشتراكها شهريا ويتم قطعها بدم بارد ايام البكالوريا
C:\Users\dell\Desktop\laststation\Audio_augmented\speed\audio_000341__aug_speed_01.wav,انشاءالله مايكونش قطع لخدمات internet التي ندفع اشتراكها شهريا ويتم قطعها بدم بارد ايام البكالوريا
C:\Users\dell\Desktop\laststation\Audio_augmented\compression\audio_000341__aug_compression_01.wav,انشاءالله مايكونش قطع لخدمات internet التي ندفع اشتراكها شهريا ويتم قطعها بدم بارد ايام البكالوريا
C:\Users\dell\Desktop\laststation\Audio_augmented\noise\audio_000342__aug_noise_01.wav,عندنا شهر مين رفدنا modem و تجي المقاولة تركب لجيران كي تهدر معاهم يقلك اسمك مكاش في القائمة
C:\Users\dell\Desktop\laststation\Audio_augmented\speed\audio_000342__aug_speed_01.wav,عندنا شهر مين رفدنا modem و تجي المقاولة تركب لجيران كي تهدر معاهم يقلك اسمك مكاش في القائمة
C:\Users\dell\Desktop\laststation\Audio_augmented\compression\audio_000342__aug_compression_01.wav,عندنا شهر مين رفدنا modem و تجي المقاولة تركب لجيران كي تهدر معاهم يقلك اسمك مكاش في القائمة
C:\Users\dell\Desktop\laststation\Audio_augmented\noise\audio_000343__aug_noise_01.wav,سلام كيفاش نعرف رقم الزبون باش نسجل في فضاء الزبون الي في الفاتورة غالط
C:\Users\dell\Desktop\laststation\Audio_augmented\speed\audio_000343__aug_speed_01.wav,سلام كيفاش نعرف رقم الزبون باش نسجل في فضاء الزبون الي في الفاتورة غالط
C:\Users\dell\Desktop\laststation\Audio_augmented\compression\audio_000343__aug_compression_01.wav,سلام كيفاش نعرف رقم الزبون باش نسجل في فضاء الزبون الي في الفاتورة غالط
C:\Users\dell\Desktop\laststation\Audio_augmented\noise\audio_000344__aug_noise_01.wav,حبيت نسجل في فضاء الزبون لكن يقولي الرقم خاطئ ماعرفتش اين الخلل
C:\Users\dell\Desktop\laststation\Audio_augmented\speed\audio_000344__aug_speed_01.wav,حبيت نسجل في فضاء الزبون لكن يقولي الرقم خاطئ ماعرفتش اين الخلل
C:\Users\dell\Desktop\laststation\Audio_augmented\compression\audio_000344__aug_compression_01.wav,حبيت نسجل في فضاء الزبون لكن يقولي الرقم خاطئ ماعرفتش اين الخلل
C:\Users\dell\Desktop\laststation\Audio_augmented\noise\audio_000345__aug_noise_01.wav,لماذا لا تضعون تطبيق اشكيلي من منزل لتحسين خدمة و عصرنتها و معالجة مشاكل الشبكة سريعا
C:\Users\dell\Desktop\laststation\Audio_augmented\speed\audio_000345__aug_speed_01.wav,لماذا لا تضعون تطبيق اشكيلي من منزل لتحسين خدمة و عصرنتها و معالجة مشاكل الشبكة سريعا
C:\Users\dell\Desktop\laststation\Audio_augmented\compression\audio_000345__aug_compression_01.wav,لماذا لا تضعون تطبيق اشكيلي من منزل لتحسين خدمة و عصرنتها و معالجة مشاكل الشبكة سريعا
C:\Users\dell\Desktop\laststation\Audio_augmented\noise\audio_000346__aug_noise_01.wav,دايمن نخلص جامي مدتيو يومين bonus ونخلص ببطاقة الذهبية bonus هذا مكاش
C:\Users\dell\Desktop\laststation\Audio_augmented\speed\audio_000346__aug_speed_01.wav,دايمن نخلص جامي مدتيو يومين bonus ونخلص ببطاقة الذهبية bonus هذا مكاش
C:\Users\dell\Desktop\laststation\Audio_augmented\compression\audio_000346__aug_compression_01.wav,دايمن نخلص جامي مدتيو يومين bonus ونخلص ببطاقة الذهبية bonus هذا مكاش
C:\Users\dell\Desktop\laststation\Audio_augmented\noise\audio_000347__aug_noise_01.wav,والله نحير فيكم زيدو اشتراك شهري بسعر ثابت و خلونا من الرصيد المحدود
C:\Users\dell\Desktop\laststation\Audio_augmented\speed\audio_000347__aug_speed_01.wav,والله نحير فيكم زيدو اشتراك شهري بسعر ثابت و خلونا من الرصيد المحدود
C:\Users\dell\Desktop\laststation\Audio_augmented\compression\audio_000347__aug_compression_01.wav,والله نحير فيكم زيدو اشتراك شهري بسعر ثابت و خلونا من الرصيد المحدود
C:\Users\dell\Desktop\laststation\Audio_augmented\noise\audio_000348__aug_noise_01.wav,عندي زوج خطرات و انا نخلص بي baridi mob و ملحقني حتى bonus
C:\Users\dell\Desktop\laststation\Audio_augmented\speed\audio_000348__aug_speed_01.wav,عندي زوج خطرات و انا نخلص بي baridi mob و ملحقني حتى bonus
C:\Users\dell\Desktop\laststation\Audio_augmented\compression\audio_000348__aug_compression_01.wav,عندي زوج خطرات و انا نخلص بي baridi mob و ملحقني حتى bonus
C:\Users\dell\Desktop\laststation\Audio_augmented\noise\audio_000349__aug_noise_01.wav,شحال من خطرة نحاول نسجل في فضاء الزبون لكن للاسف كلها بائت بالفشل
C:\Users\dell\Desktop\laststation\Audio_augmented\speed\audio_000349__aug_speed_01.wav,شحال من خطرة نحاول نسجل في فضاء الزبون لكن للاسف كلها بائت بالفشل
C:\Users\dell\Desktop\laststation\Audio_augmented\compression\audio_000349__aug_compression_01.wav,شحال من خطرة نحاول نسجل في فضاء الزبون لكن للاسف كلها بائت بالفشل
C:\Users\dell\Desktop\laststation\Audio_augmented\noise\audio_000350__aug_noise_01.wav,كي تمدولي رقم الزبون في الخاص ندخل ليه ردو عليا في الخاص
C:\Users\dell\Desktop\laststation\Audio_augmented\speed\audio_000350__aug_speed_01.wav,كي تمدولي رقم الزبون في الخاص ندخل ليه ردو عليا في الخاص
C:\Users\dell\Desktop\laststation\Audio_augmented\compression\audio_000350__aug_compression_01.wav,كي تمدولي رقم الزبون في الخاص ندخل ليه ردو عليا في الخاص
C:\Users\dell\Desktop\laststation\Audio_augmented\noise\audio_000351__aug_noise_01.wav,سلام internet مقطوعة من البارح و مرجعتش حتى الان
C:\Users\dell\Desktop\laststation\Audio_augmented\speed\audio_000351__aug_speed_01.wav,سلام internet مقطوعة من البارح و مرجعتش حتى الان
C:\Users\dell\Desktop\laststation\Audio_augmented\compression\audio_000351__aug_compression_01.wav,سلام internet مقطوعة من البارح و مرجعتش حتى الان
C:\Users\dell\Desktop\laststation\Audio_augmented\noise\audio_000352__aug_noise_01.wav,راني بلا connexion من البارح في الدار كامل
C:\Users\dell\Desktop\laststation\Audio_augmented\speed\audio_000352__aug_speed_01.wav,راني بلا connexion من البارح في الدار كامل
C:\Users\dell\Desktop\laststation\Audio_augmented\compression\audio_000352__aug_compression_01.wav,راني بلا connexion من البارح في الدار كامل
C:\Users\dell\Desktop\laststation\Audio_augmented\noise\audio_000353__aug_noise_01.wav,bonjour مكاش connexion من صباح
C:\Users\dell\Desktop\laststation\Audio_augmented\speed\audio_000353__aug_speed_01.wav,bonjour مكاش connexion من صباح
C:\Users\dell\Desktop\laststation\Audio_augmented\compression\audio_000353__aug_compression_01.wav,bonjour مكاش connexion من صباح
C:\Users\dell\Desktop\laststation\Audio_augmented\noise\audio_000354__aug_noise_01.wav,connexion تاع adsl راهي طايحة من الليل
C:\Users\dell\Desktop\laststation\Audio_augmented\speed\audio_000354__aug_speed_01.wav,connexion تاع adsl راهي طايحة من الليل
C:\Users\dell\Desktop\laststation\Audio_augmented\compression\audio_000354__aug_compression_01.wav,connexion تاع adsl راهي طايحة من الليل
C:\Users\dell\Desktop\laststation\Audio_augmented\noise\audio_000355__aug_noise_01.wav,internet تتقطع و ترجع بزاف و مانقدرش نخدم ڨاع
C:\Users\dell\Desktop\laststation\Audio_augmented\speed\audio_000355__aug_speed_01.wav,internet تتقطع و ترجع بزاف و مانقدرش نخدم ڨاع
C:\Users\dell\Desktop\laststation\Audio_augmented\compression\audio_000355__aug_compression_01.wav,internet تتقطع و ترجع بزاف و مانقدرش نخدم ڨاع
C:\Users\dell\Desktop\laststation\Audio_augmented\noise\audio_000356__aug_noise_01.wav,cartier complet بدون internet من البارح يا خو
C:\Users\dell\Desktop\laststation\Audio_augmented\speed\audio_000356__aug_speed_01.wav,cartier complet بدون internet من البارح يا خو
C:\Users\dell\Desktop\laststation\Audio_augmented\compression\audio_000356__aug_compression_01.wav,cartier complet بدون internet من البارح يا خو
C:\Users\dell\Desktop\laststation\Audio_augmented\noise\audio_000357__aug_noise_01.wav,راني نعيط على خاطر connexion ما راهيش تخدم ڨاع
C:\Users\dell\Desktop\laststation\Audio_augmented\speed\audio_000357__aug_speed_01.wav,راني نعيط على خاطر connexion ما راهيش تخدم ڨاع
C:\Users\dell\Desktop\laststation\Audio_augmented\compression\audio_000357__aug_compression_01.wav,راني نعيط على خاطر connexion ما راهيش تخدم ڨاع
C:\Users\dell\Desktop\laststation\Audio_augmented\noise\audio_000358__aug_noise_01.wav,من فضلكم عندنا coupure internet في كامل العمارة
C:\Users\dell\Desktop\laststation\Audio_augmented\speed\audio_000358__aug_speed_01.wav,من فضلكم عندنا coupure internet في كامل العمارة
C:\Users\dell\Desktop\laststation\Audio_augmented\compression\audio_000358__aug_compression_01.wav,من فضلكم عندنا coupure internet في كامل العمارة
C:\Users\dell\Desktop\laststation\Audio_augmented\noise\audio_000359__aug_noise_01.wav,internet طاحت دربة وحدة اليوم ومن بعد ما رجعتش ڨاع ياخو
C:\Users\dell\Desktop\laststation\Audio_augmented\speed\audio_000359__aug_speed_01.wav,internet طاحت دربة وحدة اليوم ومن بعد ما رجعتش ڨاع ياخو
C:\Users\dell\Desktop\laststation\Audio_augmented\compression\audio_000359__aug_compression_01.wav,internet طاحت دربة وحدة اليوم ومن بعد ما رجعتش ڨاع ياخو
C:\Users\dell\Desktop\laststation\Audio_augmented\noise\audio_000360__aug_noise_01.wav,مكان حتى reseau في la ligne تاعي من صباح
C:\Users\dell\Desktop\laststation\Audio_augmented\speed\audio_000360__aug_speed_01.wav,مكان حتى reseau في la ligne تاعي من صباح
C:\Users\dell\Desktop\laststation\Audio_augmented\compression\audio_000360__aug_compression_01.wav,مكان حتى reseau في la ligne تاعي من صباح
C:\Users\dell\Desktop\laststation\Audio_augmented\noise\audio_000361__aug_noise_01.wav,راني نخلص vingt mega ويوصل غير cinq mega
C:\Users\dell\Desktop\laststation\Audio_augmented\speed\audio_000361__aug_speed_01.wav,راني نخلص vingt mega ويوصل غير cinq mega
C:\Users\dell\Desktop\laststation\Audio_augmented\compression\audio_000361__aug_compression_01.wav,راني نخلص vingt mega ويوصل غير cinq mega
C:\Users\dell\Desktop\laststation\Audio_augmented\noise\audio_000362__aug_noise_01.wav,le debit ضعيف بزاف surtout فالليل
C:\Users\dell\Desktop\laststation\Audio_augmented\speed\audio_000362__aug_speed_01.wav,le debit ضعيف بزاف surtout فالليل
C:\Users\dell\Desktop\laststation\Audio_augmented\compression\audio_000362__aug_compression_01.wav,le debit ضعيف بزاف surtout فالليل
C:\Users\dell\Desktop\laststation\Audio_augmented\noise\audio_000363__aug_noise_01.wav,عندي cinquante mega بصح السرعة ما توصلش كاملة
C:\Users\dell\Desktop\laststation\Audio_augmented\speed\audio_000363__aug_speed_01.wav,عندي cinquante mega بصح السرعة ما توصلش كاملة
C:\Users\dell\Desktop\laststation\Audio_augmented\compression\audio_000363__aug_compression_01.wav,عندي cinquante mega بصح السرعة ما توصلش كاملة
C:\Users\dell\Desktop\laststation\Audio_augmented\noise\audio_000364__aug_noise_01.wav,connexion تقيلة بزاف وما نقدرش نخدم بها
C:\Users\dell\Desktop\laststation\Audio_augmented\speed\audio_000364__aug_speed_01.wav,connexion تقيلة بزاف وما نقدرش نخدم بها
C:\Users\dell\Desktop\laststation\Audio_augmented\compression\audio_000364__aug_compression_01.wav,connexion تقيلة بزاف وما نقدرش نخدم بها
C:\Users\dell\Desktop\laststation\Audio_augmented\noise\audio_000365__aug_noise_01.wav,youtube ما يخدمش مليح والتحميل تقيل بزاف
C:\Users\dell\Desktop\laststation\Audio_augmented\speed\audio_000365__aug_speed_01.wav,youtube ما يخدمش مليح والتحميل تقيل بزاف
C:\Users\dell\Desktop\laststation\Audio_augmented\compression\audio_000365__aug_compression_01.wav,youtube ما يخدمش مليح والتحميل تقيل بزاف
C:\Users\dell\Desktop\laststation\Audio_augmented\noise\audio_000366__aug_noise_01.wav,les page يتحلو بشوية و كامل الوقت lag
C:\Users\dell\Desktop\laststation\Audio_augmented\speed\audio_000366__aug_speed_01.wav,les page يتحلو بشوية و كامل الوقت lag
C:\Users\dell\Desktop\laststation\Audio_augmented\compression\audio_000366__aug_compression_01.wav,les page يتحلو بشوية و كامل الوقت lag
C:\Users\dell\Desktop\laststation\Audio_augmented\noise\audio_000367__aug_noise_01.wav,من فضلكم le debit ناقص بزاف هذ اليامات
C:\Users\dell\Desktop\laststation\Audio_augmented\speed\audio_000367__aug_speed_01.wav,من فضلكم le debit ناقص بزاف هذ اليامات
C:\Users\dell\Desktop\laststation\Audio_augmented\compression\audio_000367__aug_compression_01.wav,من فضلكم le debit ناقص بزاف هذ اليامات
C:\Users\dell\Desktop\laststation\Audio_augmented\noise\audio_000368__aug_noise_01.wav,نخلص fibre cent vingt mega بصح ما توصلش
C:\Users\dell\Desktop\laststation\Audio_augmented\speed\audio_000368__aug_speed_01.wav,نخلص fibre cent vingt mega بصح ما توصلش
C:\Users\dell\Desktop\laststation\Audio_augmented\compression\audio_000368__aug_compression_01.wav,نخلص fibre cent vingt mega بصح ما توصلش
C:\Users\dell\Desktop\laststation\Audio_augmented\noise\audio_000369__aug_noise_01.wav,ماهوش يلحقلي le debit لي راني نخلص عليه
C:\Users\dell\Desktop\laststation\Audio_augmented\speed\audio_000369__aug_speed_01.wav,ماهوش يلحقلي le debit لي راني نخلص عليه
C:\Users\dell\Desktop\laststation\Audio_augmented\compression\audio_000369__aug_compression_01.wav,ماهوش يلحقلي le debit لي راني نخلص عليه
C:\Users\dell\Desktop\laststation\Audio_augmented\noise\audio_000370__aug_noise_01.wav,connexion ضعيفة بزاف في الدار كامل
C:\Users\dell\Desktop\laststation\Audio_augmented\speed\audio_000370__aug_speed_01.wav,connexion ضعيفة بزاف في الدار كامل
C:\Users\dell\Desktop\laststation\Audio_augmented\compression\audio_000370__aug_compression_01.wav,connexion ضعيفة بزاف في الدار كامل
C:\Users\dell\Desktop\laststation\Audio_augmented\noise\audio_000371__aug_noise_01.wav,قالولي technicien يجي نهار الخميس ومازال ماجا
C:\Users\dell\Desktop\laststation\Audio_augmented\speed\audio_000371__aug_speed_01.wav,قالولي technicien يجي نهار الخميس ومازال ماجا
C:\Users\dell\Desktop\laststation\Audio_augmented\compression\audio_000371__aug_compression_01.wav,قالولي technicien يجي نهار الخميس ومازال ماجا
C:\Users\dell\Desktop\laststation\Audio_augmented\noise\audio_000372__aug_noise_01.wav,رانا نستناو installation سمانة هدي و مكان والوا
C:\Users\dell\Desktop\laststation\Audio_augmented\speed\audio_000372__aug_speed_01.wav,رانا نستناو installation سمانة هدي و مكان والوا
C:\Users\dell\Desktop\laststation\Audio_augmented\compression\audio_000372__aug_compression_01.wav,رانا نستناو installation سمانة هدي و مكان والوا
C:\Users\dell\Desktop\laststation\Audio_augmented\noise\audio_000373__aug_noise_01.wav,درت demande fibre ومازال حتى واحد ما عيط
C:\Users\dell\Desktop\laststation\Audio_augmented\speed\audio_000373__aug_speed_01.wav,درت demande fibre ومازال حتى واحد ما عيط
C:\Users\dell\Desktop\laststation\Audio_augmented\compression\audio_000373__aug_compression_01.wav,درت demande fibre ومازال حتى واحد ما عيط
C:\Users\dell\Desktop\laststation\Audio_augmented\noise\audio_000374__aug_noise_01.wav,le dossier تاعي باقي en attente من مدة
C:\Users\dell\Desktop\laststation\Audio_augmented\speed\audio_000374__aug_speed_01.wav,le dossier تاعي باقي en attente من مدة
C:\Users\dell\Desktop\laststation\Audio_augmented\compression\audio_000374__aug_compression_01.wav,le dossier تاعي باقي en attente من مدة
C:\Users\dell\Desktop\laststation\Audio_augmented\noise\audio_000375__aug_noise_01.wav,علاش installation تاع fibre تعطلت لهذ الوقت
C:\Users\dell\Desktop\laststation\Audio_augmented\speed\audio_000375__aug_speed_01.wav,علاش installation تاع fibre تعطلت لهذ الوقت
C:\Users\dell\Desktop\laststation\Audio_augmented\compression\audio_000375__aug_compression_01.wav,علاش installation تاع fibre تعطلت لهذ الوقت
C:\Users\dell\Desktop\laststation\Audio_augmented\noise\audio_000376__aug_noise_01.wav,خليت numero تاعي و مازال ماعيطلي حتى واحد
C:\Users\dell\Desktop\laststation\Audio_augmented\speed\audio_000376__aug_speed_01.wav,خليت numero تاعي و مازال ماعيطلي حتى واحد
C:\Users\dell\Desktop\laststation\Audio_augmented\compression\audio_000376__aug_compression_01.wav,خليت numero تاعي و مازال ماعيطلي حتى واحد
C:\Users\dell\Desktop\laststation\Audio_augmented\noise\audio_000377__aug_noise_01.wav,technicien مبانش ڨاع ورانا نستناو فيه
C:\Users\dell\Desktop\laststation\Audio_augmented\speed\audio_000377__aug_speed_01.wav,technicien مبانش ڨاع ورانا نستناو فيه
C:\Users\dell\Desktop\laststation\Audio_augmented\compression\audio_000377__aug_compression_01.wav,technicien مبانش ڨاع ورانا نستناو فيه
C:\Users\dell\Desktop\laststation\Audio_augmented\noise\audio_000378__aug_noise_01.wav,demande تاعي مازال ما تخدمتش هدي شحال
C:\Users\dell\Desktop\laststation\Audio_augmented\speed\audio_000378__aug_speed_01.wav,demande تاعي مازال ما تخدمتش هدي شحال
C:\Users\dell\Desktop\laststation\Audio_augmented\compression\audio_000378__aug_compression_01.wav,demande تاعي مازال ما تخدمتش هدي شحال
C:\Users\dell\Desktop\laststation\Audio_augmented\noise\audio_000379__aug_noise_01.wav,راني نستنا في raccordement من مدة طويلة هدي
C:\Users\dell\Desktop\laststation\Audio_augmented\speed\audio_000379__aug_speed_01.wav,راني نستنا في raccordement من مدة طويلة هدي
C:\Users\dell\Desktop\laststation\Audio_augmented\compression\audio_000379__aug_compression_01.wav,راني نستنا في raccordement من مدة طويلة هدي
C:\Users\dell\Desktop\laststation\Audio_augmented\noise\audio_000380__aug_noise_01.wav,مكاش ڨاع suivi على dossier تاعي نهائيا
C:\Users\dell\Desktop\laststation\Audio_augmented\speed\audio_000380__aug_speed_01.wav,مكاش ڨاع suivi على dossier تاعي نهائيا
C:\Users\dell\Desktop\laststation\Audio_augmented\compression\audio_000380__aug_compression_01.wav,مكاش ڨاع suivi على dossier تاعي نهائيا
C:\Users\dell\Desktop\laststation\Audio_augmented\noise\audio_000381__aug_noise_01.wav,اني حاب نعرف اذا كاين fibre في الحومة
C:\Users\dell\Desktop\laststation\Audio_augmented\speed\audio_000381__aug_speed_01.wav,اني حاب نعرف اذا كاين fibre في الحومة
C:\Users\dell\Desktop\laststation\Audio_augmented\compression\audio_000381__aug_compression_01.wav,اني حاب نعرف اذا كاين fibre في الحومة
C:\Users\dell\Desktop\laststation\Audio_augmented\noise\audio_000382__aug_noise_01.wav,واش la fibre وصلت للحي تاعنا ولا مازال
C:\Users\dell\Desktop\laststation\Audio_augmented\speed\audio_000382__aug_speed_01.wav,واش la fibre وصلت للحي تاعنا ولا مازال
C:\Users\dell\Desktop\laststation\Audio_augmented\compression\audio_000382__aug_compression_01.wav,واش la fibre وصلت للحي تاعنا ولا مازال
C:\Users\dell\Desktop\laststation\Audio_augmented\noise\audio_000383__aug_noise_01.wav,bonjour est ce que ftth disponible في منطقتنا
C:\Users\dell\Desktop\laststation\Audio_augmented\speed\audio_000383__aug_speed_01.wav,bonjour est ce que ftth disponible في منطقتنا
C:\Users\dell\Desktop\laststation\Audio_augmented\compression\audio_000383__aug_compression_01.wav,bonjour est ce que ftth disponible في منطقتنا
C:\Users\dell\Desktop\laststation\Audio_augmented\noise\audio_000384__aug_noise_01.wav,علاش centre ville فيها fibre و حنا لالا
C:\Users\dell\Desktop\laststation\Audio_augmented\speed\audio_000384__aug_speed_01.wav,علاش centre ville فيها fibre و حنا لالا
C:\Users\dell\Desktop\laststation\Audio_augmented\compression\audio_000384__aug_compression_01.wav,علاش centre ville فيها fibre و حنا لالا
C:\Users\dell\Desktop\laststation\Audio_augmented\noise\audio_000385__aug_noise_01.wav,نحب renseignement على raccordement fibre optique
C:\Users\dell\Desktop\laststation\Audio_augmented\speed\audio_000385__aug_speed_01.wav,نحب renseignement على raccordement fibre optique
C:\Users\dell\Desktop\laststation\Audio_augmented\compression\audio_000385__aug_compression_01.wav,نحب renseignement على raccordement fibre optique
C:\Users\dell\Desktop\laststation\Audio_augmented\noise\audio_000386__aug_noise_01.wav,واش لازم باش نقدر نبدل من adsl fibre
C:\Users\dell\Desktop\laststation\Audio_augmented\speed\audio_000386__aug_speed_01.wav,واش لازم باش نقدر نبدل من adsl fibre
C:\Users\dell\Desktop\laststation\Audio_augmented\compression\audio_000386__aug_compression_01.wav,واش لازم باش نقدر نبدل من adsl fibre
C:\Users\dell\Desktop\laststation\Audio_augmented\noise\audio_000387__aug_noise_01.wav,كاين couverture fibre في البلدية تاعنا
C:\Users\dell\Desktop\laststation\Audio_augmented\speed\audio_000387__aug_speed_01.wav,كاين couverture fibre في البلدية تاعنا
C:\Users\dell\Desktop\laststation\Audio_augmented\compression\audio_000387__aug_compression_01.wav,كاين couverture fibre في البلدية تاعنا
C:\Users\dell\Desktop\laststation\Audio_augmented\noise\audio_000388__aug_noise_01.wav,علاش مكاش fibre في المنطقة تاعنا
C:\Users\dell\Desktop\laststation\Audio_augmented\speed\audio_000388__aug_speed_01.wav,علاش مكاش fibre في المنطقة تاعنا
C:\Users\dell\Desktop\laststation\Audio_augmented\compression\audio_000388__aug_compression_01.wav,علاش مكاش fibre في المنطقة تاعنا
C:\Users\dell\Desktop\laststation\Audio_augmented\noise\audio_000389__aug_noise_01.wav,نحب نعرف وقتاش توصل fibre للحومة
C:\Users\dell\Desktop\laststation\Audio_augmented\speed\audio_000389__aug_speed_01.wav,نحب نعرف وقتاش توصل fibre للحومة
C:\Users\dell\Desktop\laststation\Audio_augmented\compression\audio_000389__aug_compression_01.wav,نحب نعرف وقتاش توصل fibre للحومة
C:\Users\dell\Desktop\laststation\Audio_augmented\noise\audio_000390__aug_noise_01.wav,هل fibre متوفرة حاليا في الحي
C:\Users\dell\Desktop\laststation\Audio_augmented\speed\audio_000390__aug_speed_01.wav,هل fibre متوفرة حاليا في الحي
C:\Users\dell\Desktop\laststation\Audio_augmented\compression\audio_000390__aug_compression_01.wav,هل fibre متوفرة حاليا في الحي
C:\Users\dell\Desktop\laststation\Audio_augmented\noise\audio_000391__aug_noise_01.wav,my idoom ما يفتحش نهائيا من الصباح
C:\Users\dell\Desktop\laststation\Audio_augmented\speed\audio_000391__aug_speed_01.wav,my idoom ما يفتحش نهائيا من الصباح
C:\Users\dell\Desktop\laststation\Audio_augmented\compression\audio_000391__aug_compression_01.wav,my idoom ما يفتحش نهائيا من الصباح
C:\Users\dell\Desktop\laststation\Audio_augmented\noise\audio_000392__aug_noise_01.wav,application ماتخدمش و كل مرة تعطيني erreur
C:\Users\dell\Desktop\laststation\Audio_augmented\speed\audio_000392__aug_speed_01.wav,application ماتخدمش و كل مرة تعطيني erreur
C:\Users\dell\Desktop\laststation\Audio_augmented\compression\audio_000392__aug_compression_01.wav,application ماتخدمش و كل مرة تعطيني erreur
C:\Users\dell\Desktop\laststation\Audio_augmented\noise\audio_000393__aug_noise_01.wav,ما نقدرش ندخل espace client تاعي
C:\Users\dell\Desktop\laststation\Audio_augmented\speed\audio_000393__aug_speed_01.wav,ما نقدرش ندخل espace client تاعي
C:\Users\dell\Desktop\laststation\Audio_augmented\compression\audio_000393__aug_compression_01.wav,ما نقدرش ندخل espace client تاعي
C:\Users\dell\Desktop\laststation\Audio_augmented\noise\audio_000394__aug_noise_01.wav,نحتاج numero client باش نفتح compte my idoom
C:\Users\dell\Desktop\laststation\Audio_augmented\speed\audio_000394__aug_speed_01.wav,نحتاج numero client باش نفتح compte my idoom
C:\Users\dell\Desktop\laststation\Audio_augmented\compression\audio_000394__aug_compression_01.wav,نحتاج numero client باش نفتح compte my idoom
C:\Users\dell\Desktop\laststation\Audio_augmented\noise\audio_000395__aug_noise_01.wav,je veux نشوف facture بصح application bloquee
C:\Users\dell\Desktop\laststation\Audio_augmented\speed\audio_000395__aug_speed_01.wav,je veux نشوف facture بصح application bloquee
C:\Users\dell\Desktop\laststation\Audio_augmented\compression\audio_000395__aug_compression_01.wav,je veux نشوف facture بصح application bloquee
C:\Users\dell\Desktop\laststation\Audio_augmented\noise\audio_000396__aug_noise_01.wav,mot de passe ما يخدمش في my idoom
C:\Users\dell\Desktop\laststation\Audio_augmented\speed\audio_000396__aug_speed_01.wav,mot de passe ما يخدمش في my idoom
C:\Users\dell\Desktop\laststation\Audio_augmented\compression\audio_000396__aug_compression_01.wav,mot de passe ما يخدمش في my idoom
C:\Users\dell\Desktop\laststation\Audio_augmented\noise\audio_000397__aug_noise_01.wav,راني نحاول نخلص online بصح مكاش
C:\Users\dell\Desktop\laststation\Audio_augmented\speed\audio_000397__aug_speed_01.wav,راني نحاول نخلص online بصح مكاش
C:\Users\dell\Desktop\laststation\Audio_augmented\compression\audio_000397__aug_compression_01.wav,راني نحاول نخلص online بصح مكاش
C:\Users\dell\Desktop\laststation\Audio_augmented\noise\audio_000398__aug_noise_01.wav,site تاعكم bloquer و مايفتحش كامل
C:\Users\dell\Desktop\laststation\Audio_augmented\speed\audio_000398__aug_speed_01.wav,site تاعكم bloquer و مايفتحش كامل
C:\Users\dell\Desktop\laststation\Audio_augmented\compression\audio_000398__aug_compression_01.wav,site تاعكم bloquer و مايفتحش كامل
C:\Users\dell\Desktop\laststation\Audio_augmented\noise\audio_000399__aug_noise_01.wav,compte تاعي ماراهوش يدخل نهائيا
C:\Users\dell\Desktop\laststation\Audio_augmented\speed\audio_000399__aug_speed_01.wav,compte تاعي ماراهوش يدخل نهائيا
C:\Users\dell\Desktop\laststation\Audio_augmented\compression\audio_000399__aug_compression_01.wav,compte تاعي ماراهوش يدخل نهائيا
C:\Users\dell\Desktop\laststation\Audio_augmented\noise\audio_000400__aug_noise_01.wav,application فيها bug وما نقدرش نخدم بيها
C:\Users\dell\Desktop\laststation\Audio_augmented\speed\audio_000400__aug_speed_01.wav,application فيها bug وما نقدرش نخدم بيها
C:\Users\dell\Desktop\laststation\Audio_augmented\compression\audio_000400__aug_compression_01.wav,application فيها bug وما نقدرش نخدم بيها
C:\Users\dell\Desktop\laststation\Audio_augmented\noise\audio_000401__aug_noise_01.wav,هل اليوم نقدر نخلص la facture في الوكالة
C:\Users\dell\Desktop\laststation\Audio_augmented\speed\audio_000401__aug_speed_01.wav,هل اليوم نقدر نخلص la facture في الوكالة
C:\Users\dell\Desktop\laststation\Audio_augmented\compression\audio_000401__aug_compression_01.wav,هل اليوم نقدر نخلص la facture في الوكالة
C:\Users\dell\Desktop\laststation\Audio_augmented\noise\audio_000402__aug_noise_01.wav,نحب نعرف وين نقدر نخلص facture
C:\Users\dell\Desktop\laststation\Audio_augmented\speed\audio_000402__aug_speed_01.wav,نحب نعرف وين نقدر نخلص facture
C:\Users\dell\Desktop\laststation\Audio_augmented\compression\audio_000402__aug_compression_01.wav,نحب نعرف وين نقدر نخلص facture
C:\Users\dell\Desktop\laststation\Audio_augmented\noise\audio_000403__aug_noise_01.wav,la facture جاتني غالية بزاف هذ الشهر
C:\Users\dell\Desktop\laststation\Audio_augmented\speed\audio_000403__aug_speed_01.wav,la facture جاتني غالية بزاف هذ الشهر
C:\Users\dell\Desktop\laststation\Audio_augmented\compression\audio_000403__aug_compression_01.wav,la facture جاتني غالية بزاف هذ الشهر
C:\Users\dell\Desktop\laststation\Audio_augmented\noise\audio_000404__aug_noise_01.wav,علاش facture طلعت اكثر من المعتاد
C:\Users\dell\Desktop\laststation\Audio_augmented\speed\audio_000404__aug_speed_01.wav,علاش facture طلعت اكثر من المعتاد
C:\Users\dell\Desktop\laststation\Audio_augmented\compression\audio_000404__aug_compression_01.wav,علاش facture طلعت اكثر من المعتاد
C:\Users\dell\Desktop\laststation\Audio_augmented\noise\audio_000405__aug_noise_01.wav,راني خلصت en ligne بصح ماجازش paiement
C:\Users\dell\Desktop\laststation\Audio_augmented\speed\audio_000405__aug_speed_01.wav,راني خلصت en ligne بصح ماجازش paiement
C:\Users\dell\Desktop\laststation\Audio_augmented\compression\audio_000405__aug_compression_01.wav,راني خلصت en ligne بصح ماجازش paiement
C:\Users\dell\Desktop\laststation\Audio_augmented\noise\audio_000406__aug_noise_01.wav,paiement درتو بصح service ما رجعش
C:\Users\dell\Desktop\laststation\Audio_augmented\speed\audio_000406__aug_speed_01.wav,paiement درتو بصح service ما رجعش
C:\Users\dell\Desktop\laststation\Audio_augmented\compression\audio_000406__aug_compression_01.wav,paiement درتو بصح service ما رجعش
C:\Users\dell\Desktop\laststation\Audio_augmented\noise\audio_000407__aug_noise_01.wav,وين نقدر ندفع facture تاع internet
C:\Users\dell\Desktop\laststation\Audio_augmented\speed\audio_000407__aug_speed_01.wav,وين نقدر ندفع facture تاع internet
C:\Users\dell\Desktop\laststation\Audio_augmented\compression\audio_000407__aug_compression_01.wav,وين نقدر ندفع facture تاع internet
C:\Users\dell\Desktop\laststation\Audio_augmented\noise\audio_000408__aug_noise_01.wav,الفاتورة ماهيش واضحة ونحب التفاصيل
C:\Users\dell\Desktop\laststation\Audio_augmented\speed\audio_000408__aug_speed_01.wav,الفاتورة ماهيش واضحة ونحب التفاصيل
C:\Users\dell\Desktop\laststation\Audio_augmented\compression\audio_000408__aug_compression_01.wav,الفاتورة ماهيش واضحة ونحب التفاصيل
C:\Users\dell\Desktop\laststation\Audio_augmented\noise\audio_000409__aug_noise_01.wav,je veux des detail تاع la facture من فضلكم
C:\Users\dell\Desktop\laststation\Audio_augmented\speed\audio_000409__aug_speed_01.wav,je veux des detail تاع la facture من فضلكم
C:\Users\dell\Desktop\laststation\Audio_augmented\compression\audio_000409__aug_compression_01.wav,je veux des detail تاع la facture من فضلكم
C:\Users\dell\Desktop\laststation\Audio_augmented\noise\audio_000410__aug_noise_01.wav,paiement en ligne ما يخدمش عندي
C:\Users\dell\Desktop\laststation\Audio_augmented\speed\audio_000410__aug_speed_01.wav,paiement en ligne ما يخدمش عندي
C:\Users\dell\Desktop\laststation\Audio_augmented\compression\audio_000410__aug_compression_01.wav,paiement en ligne ما يخدمش عندي
C:\Users\dell\Desktop\laststation\Audio_augmented\noise\audio_000411__aug_noise_01.wav,من فضلكم la ligne تاعي elle est endommager
C:\Users\dell\Desktop\laststation\Audio_augmented\speed\audio_000411__aug_speed_01.wav,من فضلكم la ligne تاعي elle est endommager
C:\Users\dell\Desktop\laststation\Audio_augmented\compression\audio_000411__aug_compression_01.wav,من فضلكم la ligne تاعي elle est endommager
C:\Users\dell\Desktop\laststation\Audio_augmented\noise\audio_000412__aug_noise_01.wav,je veux changer la ligne لان القديمة ماتخدمش
C:\Users\dell\Desktop\laststation\Audio_augmented\speed\audio_000412__aug_speed_01.wav,je veux changer la ligne لان القديمة ماتخدمش
C:\Users\dell\Desktop\laststation\Audio_augmented\compression\audio_000412__aug_compression_01.wav,je veux changer la ligne لان القديمة ماتخدمش
C:\Users\dell\Desktop\laststation\Audio_augmented\noise\audio_000413__aug_noise_01.wav,la ligne تاعي فيها probleme ونحب نبدلها
C:\Users\dell\Desktop\laststation\Audio_augmented\speed\audio_000413__aug_speed_01.wav,la ligne تاعي فيها probleme ونحب نبدلها
C:\Users\dell\Desktop\laststation\Audio_augmented\compression\audio_000413__aug_compression_01.wav,la ligne تاعي فيها probleme ونحب نبدلها
C:\Users\dell\Desktop\laststation\Audio_augmented\noise\audio_000414__aug_noise_01.wav,نحتاج renseignement على remplacement de la carte
C:\Users\dell\Desktop\laststation\Audio_augmented\speed\audio_000414__aug_speed_01.wav,نحتاج renseignement على remplacement de la carte
C:\Users\dell\Desktop\laststation\Audio_augmented\compression\audio_000414__aug_compression_01.wav,نحتاج renseignement على remplacement de la carte
C:\Users\dell\Desktop\laststation\Audio_augmented\noise\audio_000415__aug_noise_01.wav,modem 4g مايخدمش مليح في الدار
C:\Users\dell\Desktop\laststation\Audio_augmented\speed\audio_000415__aug_speed_01.wav,modem 4g مايخدمش مليح في الدار
C:\Users\dell\Desktop\laststation\Audio_augmented\compression\audio_000415__aug_compression_01.wav,modem 4g مايخدمش مليح في الدار
C:\Users\dell\Desktop\laststation\Audio_augmented\noise\audio_000416__aug_noise_01.wav,reseau ضعيف في الشركة تاعي
C:\Users\dell\Desktop\laststation\Audio_augmented\speed\audio_000416__aug_speed_01.wav,reseau ضعيف في الشركة تاعي
C:\Users\dell\Desktop\laststation\Audio_augmented\compression\audio_000416__aug_compression_01.wav,reseau ضعيف في الشركة تاعي
C:\Users\dell\Desktop\laststation\Audio_augmented\noise\audio_000417__aug_noise_01.wav,نحب modem جديد wifi six لان القديم حبس
C:\Users\dell\Desktop\laststation\Audio_augmented\speed\audio_000417__aug_speed_01.wav,نحب modem جديد wifi six لان القديم حبس
C:\Users\dell\Desktop\laststation\Audio_augmented\compression\audio_000417__aug_compression_01.wav,نحب modem جديد wifi six لان القديم حبس
C:\Users\dell\Desktop\laststation\Audio_augmented\noise\audio_000418__aug_noise_01.wav,ligne تاعي ماراهيش تخدم من اليوم صباح
C:\Users\dell\Desktop\laststation\Audio_augmented\speed\audio_000418__aug_speed_01.wav,ligne تاعي ماراهيش تخدم من اليوم صباح
C:\Users\dell\Desktop\laststation\Audio_augmented\compression\audio_000418__aug_compression_01.wav,ligne تاعي ماراهيش تخدم من اليوم صباح
C:\Users\dell\Desktop\laststation\Audio_augmented\noise\audio_000419__aug_noise_01.wav,la puce bloquee وما قدرتش نخدم بها
C:\Users\dell\Desktop\laststation\Audio_augmented\speed\audio_000419__aug_speed_01.wav,la puce bloquee وما قدرتش نخدم بها
C:\Users\dell\Desktop\laststation\Audio_augmented\compression\audio_000419__aug_compression_01.wav,la puce bloquee وما قدرتش نخدم بها
C:\Users\dell\Desktop\laststation\Audio_augmented\noise\audio_000420__aug_noise_01.wav,carte sim تاعي راهي endommagee
C:\Users\dell\Desktop\laststation\Audio_augmented\speed\audio_000420__aug_speed_01.wav,carte sim تاعي راهي endommagee
C:\Users\dell\Desktop\laststation\Audio_augmented\compression\audio_000420__aug_compression_01.wav,carte sim تاعي راهي endommagee
C:\Users\dell\Desktop\laststation\Audio_augmented\noise\audio_000421__aug_noise_01.wav,شكرا لكم على تحسين connexion في الحي
C:\Users\dell\Desktop\laststation\Audio_augmented\speed\audio_000421__aug_speed_01.wav,شكرا لكم على تحسين connexion في الحي
C:\Users\dell\Desktop\laststation\Audio_augmented\compression\audio_000421__aug_compression_01.wav,شكرا لكم على تحسين connexion في الحي
C:\Users\dell\Desktop\laststation\Audio_augmented\noise\audio_000422__aug_noise_01.wav,service تحسن بزاف في الايام الاخيرة
C:\Users\dell\Desktop\laststation\Audio_augmented\speed\audio_000422__aug_speed_01.wav,service تحسن بزاف في الايام الاخيرة
C:\Users\dell\Desktop\laststation\Audio_augmented\compression\audio_000422__aug_compression_01.wav,service تحسن بزاف في الايام الاخيرة
C:\Users\dell\Desktop\laststation\Audio_augmented\noise\audio_000423__aug_noise_01.wav,internet ولات مليحة هذ اليامات
C:\Users\dell\Desktop\laststation\Audio_augmented\speed\audio_000423__aug_speed_01.wav,internet ولات مليحة هذ اليامات
C:\Users\dell\Desktop\laststation\Audio_augmented\compression\audio_000423__aug_compression_01.wav,internet ولات مليحة هذ اليامات
C:\Users\dell\Desktop\laststation\Audio_augmented\noise\audio_000424__aug_noise_01.wav,شكرا على التدخل السريع تاعكم
C:\Users\dell\Desktop\laststation\Audio_augmented\speed\audio_000424__aug_speed_01.wav,شكرا على التدخل السريع تاعكم
C:\Users\dell\Desktop\laststation\Audio_augmented\compression\audio_000424__aug_compression_01.wav,شكرا على التدخل السريع تاعكم
C:\Users\dell\Desktop\laststation\Audio_augmented\noise\audio_000425__aug_noise_01.wav,bon travail equipe technique على الخدمة
C:\Users\dell\Desktop\laststation\Audio_augmented\speed\audio_000425__aug_speed_01.wav,bon travail equipe technique على الخدمة
C:\Users\dell\Desktop\laststation\Audio_augmented\compression\audio_000425__aug_compression_01.wav,bon travail equipe technique على الخدمة
C:\Users\dell\Desktop\laststation\Audio_augmented\noise\audio_000426__aug_noise_01.wav,ياريت تزيدو stabilite في connexion اكثر
C:\Users\dell\Desktop\laststation\Audio_augmented\speed\audio_000426__aug_speed_01.wav,ياريت تزيدو stabilite في connexion اكثر
C:\Users\dell\Desktop\laststation\Audio_augmented\compression\audio_000426__aug_compression_01.wav,ياريت تزيدو stabilite في connexion اكثر
C:\Users\dell\Desktop\laststation\Audio_augmented\noise\audio_000427__aug_noise_01.wav,لازم application تتصلح و تتحدث في اقرب وقت
C:\Users\dell\Desktop\laststation\Audio_augmented\speed\audio_000427__aug_speed_01.wav,لازم application تتصلح و تتحدث في اقرب وقت
C:\Users\dell\Desktop\laststation\Audio_augmented\compression\audio_000427__aug_compression_01.wav,لازم application تتصلح و تتحدث في اقرب وقت
C:\Users\dell\Desktop\laststation\Audio_augmented\noise\audio_000428__aug_noise_01.wav,service client لازم يجاوب اسرع من هكذا
C:\Users\dell\Desktop\laststation\Audio_augmented\speed\audio_000428__aug_speed_01.wav,service client لازم يجاوب اسرع من هكذا
C:\Users\dell\Desktop\laststation\Audio_augmented\compression\audio_000428__aug_compression_01.wav,service client لازم يجاوب اسرع من هكذا
C:\Users\dell\Desktop\laststation\Audio_augmented\noise\audio_000429__aug_noise_01.wav,زيدو couverture fibre في المناطق البعيدة
C:\Users\dell\Desktop\laststation\Audio_augmented\speed\audio_000429__aug_speed_01.wav,زيدو couverture fibre في المناطق البعيدة
C:\Users\dell\Desktop\laststation\Audio_augmented\compression\audio_000429__aug_compression_01.wav,زيدو couverture fibre في المناطق البعيدة
C:\Users\dell\Desktop\laststation\Audio_augmented\noise\audio_000430__aug_noise_01.wav,ياريت تديرو suivi احسن للطلبيات تاع modem
C:\Users\dell\Desktop\laststation\Audio_augmented\speed\audio_000430__aug_speed_01.wav,ياريت تديرو suivi احسن للطلبيات تاع modem
C:\Users\dell\Desktop\laststation\Audio_augmented\compression\audio_000430__aug_compression_01.wav,ياريت تديرو suivi احسن للطلبيات تاع modem
C:\Users\dell\Desktop\laststation\Audio_augmented\noise\audio_000431__aug_noise_01.wav,ردو علينا ياو مكان حتى جواب يا
C:\Users\dell\Desktop\laststation\Audio_augmented\speed\audio_000431__aug_speed_01.wav,ردو علينا ياو مكان حتى جواب يا
C:\Users\dell\Desktop\laststation\Audio_augmented\compression\audio_000431__aug_compression_01.wav,ردو علينا ياو مكان حتى جواب يا
C:\Users\dell\Desktop\laststation\Audio_augmented\noise\audio_000432__aug_noise_01.wav,service تاعكم صفر و ماتردوش كامل
C:\Users\dell\Desktop\laststation\Audio_augmented\speed\audio_000432__aug_speed_01.wav,service تاعكم صفر و ماتردوش كامل
C:\Users\dell\Desktop\laststation\Audio_augmented\compression\audio_000432__aug_compression_01.wav,service تاعكم صفر و ماتردوش كامل
C:\Users\dell\Desktop\laststation\Audio_augmented\noise\audio_000433__aug_noise_01.wav,هذا ظلم للمشتركين كامل بصح
C:\Users\dell\Desktop\laststation\Audio_augmented\speed\audio_000433__aug_speed_01.wav,هذا ظلم للمشتركين كامل بصح
C:\Users\dell\Desktop\laststation\Audio_augmented\compression\audio_000433__aug_compression_01.wav,هذا ظلم للمشتركين كامل بصح
C:\Users\dell\Desktop\laststation\Audio_augmented\noise\audio_000434__aug_noise_01.wav,service كارثي و مكان حتى متابعة
C:\Users\dell\Desktop\laststation\Audio_augmented\speed\audio_000434__aug_speed_01.wav,service كارثي و مكان حتى متابعة
C:\Users\dell\Desktop\laststation\Audio_augmented\compression\audio_000434__aug_compression_01.wav,service كارثي و مكان حتى متابعة
C:\Users\dell\Desktop\laststation\Audio_augmented\noise\audio_000435__aug_noise_01.wav,واش هذ la qualite تاع service
C:\Users\dell\Desktop\laststation\Audio_augmented\speed\audio_000435__aug_speed_01.wav,واش هذ la qualite تاع service
C:\Users\dell\Desktop\laststation\Audio_augmented\compression\audio_000435__aug_compression_01.wav,واش هذ la qualite تاع service
C:\Users\dell\Desktop\laststation\Audio_augmented\noise\audio_000436__aug_noise_01.wav,connexion instable بزاف وتقطع كل شوية
C:\Users\dell\Desktop\laststation\Audio_augmented\speed\audio_000436__aug_speed_01.wav,connexion instable بزاف وتقطع كل شوية
C:\Users\dell\Desktop\laststation\Audio_augmented\compression\audio_000436__aug_compression_01.wav,connexion instable بزاف وتقطع كل شوية
C:\Users\dell\Desktop\laststation\Audio_augmented\noise\audio_000437__aug_noise_01.wav,modem ما يخدمش مليح من البارح
C:\Users\dell\Desktop\laststation\Audio_augmented\speed\audio_000437__aug_speed_01.wav,modem ما يخدمش مليح من البارح
C:\Users\dell\Desktop\laststation\Audio_augmented\compression\audio_000437__aug_compression_01.wav,modem ما يخدمش مليح من البارح
C:\Users\dell\Desktop\laststation\Audio_augmented\noise\audio_000438__aug_noise_01.wav,la ligne فيها bruit و internet ضعيفة
C:\Users\dell\Desktop\laststation\Audio_augmented\speed\audio_000438__aug_speed_01.wav,la ligne فيها bruit و internet ضعيفة
C:\Users\dell\Desktop\laststation\Audio_augmented\compression\audio_000438__aug_compression_01.wav,la ligne فيها bruit و internet ضعيفة
C:\Users\dell\Desktop\laststation\Audio_augmented\noise\audio_000439__aug_noise_01.wav,internet يقطع بزاف خاصة بالليل
C:\Users\dell\Desktop\laststation\Audio_augmented\speed\audio_000439__aug_speed_01.wav,internet يقطع بزاف خاصة بالليل
C:\Users\dell\Desktop\laststation\Audio_augmented\compression\audio_000439__aug_compression_01.wav,internet يقطع بزاف خاصة بالليل
C:\Users\dell\Desktop\laststation\Audio_augmented\noise\audio_000440__aug_noise_01.wav,service بطيء بزاف في المعالجة
C:\Users\dell\Desktop\laststation\Audio_augmented\speed\audio_000440__aug_speed_01.wav,service بطيء بزاف في المعالجة
C:\Users\dell\Desktop\laststation\Audio_augmented\compression\audio_000440__aug_compression_01.wav,service بطيء بزاف في المعالجة
C:\Users\dell\Desktop\laststation\Audio_augmented\noise\audio_000441__aug_noise_01.wav,نحب معلومات على offre internet
C:\Users\dell\Desktop\laststation\Audio_augmented\speed\audio_000441__aug_speed_01.wav,نحب معلومات على offre internet
C:\Users\dell\Desktop\laststation\Audio_augmented\compression\audio_000441__aug_compression_01.wav,نحب معلومات على offre internet
C:\Users\dell\Desktop\laststation\Audio_augmented\noise\audio_000442__aug_noise_01.wav,quelle sont les offre fibre المتوفرة حاليا
C:\Users\dell\Desktop\laststation\Audio_augmented\speed\audio_000442__aug_speed_01.wav,quelle sont les offre fibre المتوفرة حاليا
C:\Users\dell\Desktop\laststation\Audio_augmented\compression\audio_000442__aug_compression_01.wav,quelle sont les offre fibre المتوفرة حاليا
C:\Users\dell\Desktop\laststation\Audio_augmented\noise\audio_000443__aug_noise_01.wav,واش كاين promo على internet هذ الايام
C:\Users\dell\Desktop\laststation\Audio_augmented\speed\audio_000443__aug_speed_01.wav,واش كاين promo على internet هذ الايام
C:\Users\dell\Desktop\laststation\Audio_augmented\compression\audio_000443__aug_compression_01.wav,واش كاين promo على internet هذ الايام
C:\Users\dell\Desktop\laststation\Audio_augmented\noise\audio_000444__aug_noise_01.wav,نحب تفاصيل على abonnement المناسب لي
C:\Users\dell\Desktop\laststation\Audio_augmented\speed\audio_000444__aug_speed_01.wav,نحب تفاصيل على abonnement المناسب لي
C:\Users\dell\Desktop\laststation\Audio_augmented\compression\audio_000444__aug_compression_01.wav,نحب تفاصيل على abonnement المناسب لي
C:\Users\dell\Desktop\laststation\Audio_augmented\noise\audio_000445__aug_noise_01.wav,prix تاع abonnement fibre شحال من فضلكم
C:\Users\dell\Desktop\laststation\Audio_augmented\speed\audio_000445__aug_speed_01.wav,prix تاع abonnement fibre شحال من فضلكم
C:\Users\dell\Desktop\laststation\Audio_augmented\compression\audio_000445__aug_compression_01.wav,prix تاع abonnement fibre شحال من فضلكم
C:\Users\dell\Desktop\laststation\Audio_augmented\noise\audio_000446__aug_noise_01.wav,connexion تحسنت اليوم شكرا لكم
C:\Users\dell\Desktop\laststation\Audio_augmented\speed\audio_000446__aug_speed_01.wav,connexion تحسنت اليوم شكرا لكم
C:\Users\dell\Desktop\laststation\Audio_augmented\compression\audio_000446__aug_compression_01.wav,connexion تحسنت اليوم شكرا لكم
C:\Users\dell\Desktop\laststation\Audio_augmented\noise\audio_000447__aug_noise_01.wav,شكرا على الدعم و التدخل السريع
C:\Users\dell\Desktop\laststation\Audio_augmented\speed\audio_000447__aug_speed_01.wav,شكرا على الدعم و التدخل السريع
C:\Users\dell\Desktop\laststation\Audio_augmented\compression\audio_000447__aug_compression_01.wav,شكرا على الدعم و التدخل السريع
C:\Users\dell\Desktop\laststation\Audio_augmented\noise\audio_000448__aug_noise_01.wav,service اليوم كان مليح بزاف قوة
C:\Users\dell\Desktop\laststation\Audio_augmented\speed\audio_000448__aug_speed_01.wav,service اليوم كان مليح بزاف قوة
C:\Users\dell\Desktop\laststation\Audio_augmented\compression\audio_000448__aug_compression_01.wav,service اليوم كان مليح بزاف قوة
C:\Users\dell\Desktop\laststation\Audio_augmented\noise\audio_000449__aug_noise_01.wav,equipe professionnelle وتعامل مليح
C:\Users\dell\Desktop\laststation\Audio_augmented\speed\audio_000449__aug_speed_01.wav,equipe professionnelle وتعامل مليح
C:\Users\dell\Desktop\laststation\Audio_augmented\compression\audio_000449__aug_compression_01.wav,equipe professionnelle وتعامل مليح
C:\Users\dell\Desktop\laststation\Audio_augmented\noise\audio_000450__aug_noise_01.wav,merci pour le support تاعكم اليوم
C:\Users\dell\Desktop\laststation\Audio_augmented\speed\audio_000450__aug_speed_01.wav,merci pour le support تاعكم اليوم
C:\Users\dell\Desktop\laststation\Audio_augmented\compression\audio_000450__aug_compression_01.wav,merci pour le support تاعكم اليوم
C:\Users\dell\Desktop\laststation\Audio_augmented\noise\audio_000451__aug_noise_01.wav,والله حنا رانا نستناو فيكم ماشي نتوما لي تستناو فينا
C:\Users\dell\Desktop\laststation\Audio_augmented\speed\audio_000451__aug_speed_01.wav,والله حنا رانا نستناو فيكم ماشي نتوما لي تستناو فينا
C:\Users\dell\Desktop\laststation\Audio_augmented\compression\audio_000451__aug_compression_01.wav,والله حنا رانا نستناو فيكم ماشي نتوما لي تستناو فينا
C:\Users\dell\Desktop\laststation\Audio_augmented\noise\audio_000452__aug_noise_01.wav,عندي اكثر من شهرين modem راكب و internet مكاش
C:\Users\dell\Desktop\laststation\Audio_augmented\speed\audio_000452__aug_speed_01.wav,عندي اكثر من شهرين modem راكب و internet مكاش
C:\Users\dell\Desktop\laststation\Audio_augmented\compression\audio_000452__aug_compression_01.wav,عندي اكثر من شهرين modem راكب و internet مكاش
C:\Users\dell\Desktop\laststation\Audio_augmented\noise\audio_000453__aug_noise_01.wav,جويني عبد الله رانا فالهوا سوا عيطتلهم قالك صيانة
C:\Users\dell\Desktop\laststation\Audio_augmented\speed\audio_000453__aug_speed_01.wav,جويني عبد الله رانا فالهوا سوا عيطتلهم قالك صيانة
C:\Users\dell\Desktop\laststation\Audio_augmented\compression\audio_000453__aug_compression_01.wav,جويني عبد الله رانا فالهوا سوا عيطتلهم قالك صيانة
C:\Users\dell\Desktop\laststation\Audio_augmented\noise\audio_000454__aug_noise_01.wav,quinze mega بثمن الفين dinar غالية لازم الثمن يهبط الى الف dinar l'internet اصبحت من الاساسيات
C:\Users\dell\Desktop\laststation\Audio_augmented\speed\audio_000454__aug_speed_01.wav,quinze mega بثمن الفين dinar غالية لازم الثمن يهبط الى الف dinar l'internet اصبحت من الاساسيات
C:\Users\dell\Desktop\laststation\Audio_augmented\compression\audio_000454__aug_compression_01.wav,quinze mega بثمن الفين dinar غالية لازم الثمن يهبط الى الف dinar l'internet اصبحت من الاساسيات
C:\Users\dell\Desktop\laststation\Audio_augmented\noise\audio_000455__aug_noise_01.wav,فضاء الزبون لا يعمل معي اكثر من شهر
C:\Users\dell\Desktop\laststation\Audio_augmented\speed\audio_000455__aug_speed_01.wav,فضاء الزبون لا يعمل معي اكثر من شهر
C:\Users\dell\Desktop\laststation\Audio_augmented\compression\audio_000455__aug_compression_01.wav,فضاء الزبون لا يعمل معي اكثر من شهر
C:\Users\dell\Desktop\laststation\Audio_augmented\noise\audio_000456__aug_noise_01.wav,واش من fibre و واش من خدمة التطور و التقدم
C:\Users\dell\Desktop\laststation\Audio_augmented\speed\audio_000456__aug_speed_01.wav,واش من fibre و واش من خدمة التطور و التقدم
C:\Users\dell\Desktop\laststation\Audio_augmented\compression\audio_000456__aug_compression_01.wav,واش من fibre و واش من خدمة التطور و التقدم
C:\Users\dell\Desktop\laststation\Audio_augmented\noise\audio_000457__aug_noise_01.wav,لوكان زدتو شوية في اسعار l'internet و هنيتونا من المشكل كبير تاع اشتراك fix
C:\Users\dell\Desktop\laststation\Audio_augmented\speed\audio_000457__aug_speed_01.wav,لوكان زدتو شوية في اسعار l'internet و هنيتونا من المشكل كبير تاع اشتراك fix
C:\Users\dell\Desktop\laststation\Audio_augmented\compression\audio_000457__aug_compression_01.wav,لوكان زدتو شوية في اسعار l'internet و هنيتونا من المشكل كبير تاع اشتراك fix
C:\Users\dell\Desktop\laststation\Audio_augmented\noise\audio_000458__aug_noise_01.wav,يعطيكم الصحة على المجهودات صراحة خدمة فالقمة meme المشاكل تتحل بسرعة ربي يقدركم
C:\Users\dell\Desktop\laststation\Audio_augmented\speed\audio_000458__aug_speed_01.wav,يعطيكم الصحة على المجهودات صراحة خدمة فالقمة meme المشاكل تتحل بسرعة ربي يقدركم
C:\Users\dell\Desktop\laststation\Audio_augmented\compression\audio_000458__aug_compression_01.wav,يعطيكم الصحة على المجهودات صراحة خدمة فالقمة meme المشاكل تتحل بسرعة ربي يقدركم
C:\Users\dell\Desktop\laststation\Audio_augmented\noise\audio_000459__aug_noise_01.wav,اين هي هذ internet التي تتحدثون عنها منذ سنين
C:\Users\dell\Desktop\laststation\Audio_augmented\speed\audio_000459__aug_speed_01.wav,اين هي هذ internet التي تتحدثون عنها منذ سنين
C:\Users\dell\Desktop\laststation\Audio_augmented\compression\audio_000459__aug_compression_01.wav,اين هي هذ internet التي تتحدثون عنها منذ سنين
C:\Users\dell\Desktop\laststation\Audio_augmented\noise\audio_000460__aug_noise_01.wav,دير كيما انا درت انا و فضاء الزبون من googla و تهنيت
C:\Users\dell\Desktop\laststation\Audio_augmented\speed\audio_000460__aug_speed_01.wav,دير كيما انا درت انا و فضاء الزبون من googla و تهنيت
C:\Users\dell\Desktop\laststation\Audio_augmented\compression\audio_000460__aug_compression_01.wav,دير كيما انا درت انا و فضاء الزبون من googla و تهنيت
C:\Users\dell\Desktop\laststation\Audio_augmented\noise\audio_000461__aug_noise_01.wav,نحن نريد الانضمام الى عايلة fibre منذ شهر نوفمبر
C:\Users\dell\Desktop\laststation\Audio_augmented\speed\audio_000461__aug_speed_01.wav,نحن نريد الانضمام الى عايلة fibre منذ شهر نوفمبر
C:\Users\dell\Desktop\laststation\Audio_augmented\compression\audio_000461__aug_compression_01.wav,نحن نريد الانضمام الى عايلة fibre منذ شهر نوفمبر
C:\Users\dell\Desktop\laststation\Audio_augmented\noise\audio_000462__aug_noise_01.wav,رانا نستناو عندنا عامين و حنا نستناو و مكاين والوا
C:\Users\dell\Desktop\laststation\Audio_augmented\speed\audio_000462__aug_speed_01.wav,رانا نستناو عندنا عامين و حنا نستناو و مكاين والوا
C:\Users\dell\Desktop\laststation\Audio_augmented\compression\audio_000462__aug_compression_01.wav,رانا نستناو عندنا عامين و حنا نستناو و مكاين والوا
C:\Users\dell\Desktop\laststation\Audio_augmented\noise\audio_000463__aug_noise_01.wav,رانا في ربعة شهر بلا internet رغم شكاوي متكررة والله ما حبو يخدموهلنا
C:\Users\dell\Desktop\laststation\Audio_augmented\speed\audio_000463__aug_speed_01.wav,رانا في ربعة شهر بلا internet رغم شكاوي متكررة والله ما حبو يخدموهلنا
C:\Users\dell\Desktop\laststation\Audio_augmented\compression\audio_000463__aug_compression_01.wav,رانا في ربعة شهر بلا internet رغم شكاوي متكررة والله ما حبو يخدموهلنا
C:\Users\dell\Desktop\laststation\Audio_augmented\noise\audio_000464__aug_noise_01.wav,فضاء الزبون عبر الخاص لا يعمل لا يتم الرد
C:\Users\dell\Desktop\laststation\Audio_augmented\speed\audio_000464__aug_speed_01.wav,فضاء الزبون عبر الخاص لا يعمل لا يتم الرد
C:\Users\dell\Desktop\laststation\Audio_augmented\compression\audio_000464__aug_compression_01.wav,فضاء الزبون عبر الخاص لا يعمل لا يتم الرد
C:\Users\dell\Desktop\laststation\Audio_augmented\noise\audio_000465__aug_noise_01.wav,ارعاو الشركة تاعكم برك ابشع شركة من حيث الخدمات
C:\Users\dell\Desktop\laststation\Audio_augmented\speed\audio_000465__aug_speed_01.wav,ارعاو الشركة تاعكم برك ابشع شركة من حيث الخدمات
C:\Users\dell\Desktop\laststation\Audio_augmented\compression\audio_000465__aug_compression_01.wav,ارعاو الشركة تاعكم برك ابشع شركة من حيث الخدمات
C:\Users\dell\Desktop\laststation\Audio_augmented\noise\audio_000466__aug_noise_01.wav,كي تمدولي رقم زبون في الخاص ندخل ليه ردو عليا في الخاص
C:\Users\dell\Desktop\laststation\Audio_augmented\speed\audio_000466__aug_speed_01.wav,كي تمدولي رقم زبون في الخاص ندخل ليه ردو عليا في الخاص
C:\Users\dell\Desktop\laststation\Audio_augmented\compression\audio_000466__aug_compression_01.wav,كي تمدولي رقم زبون في الخاص ندخل ليه ردو عليا في الخاص
C:\Users\dell\Desktop\laststation\Audio_augmented\noise\audio_000467__aug_noise_01.wav,الالياف البصرية مازال متاخرين بزاف المشروع راو يمشي بلعقل كبير
C:\Users\dell\Desktop\laststation\Audio_augmented\speed\audio_000467__aug_speed_01.wav,الالياف البصرية مازال متاخرين بزاف المشروع راو يمشي بلعقل كبير
C:\Users\dell\Desktop\laststation\Audio_augmented\compression\audio_000467__aug_compression_01.wav,الالياف البصرية مازال متاخرين بزاف المشروع راو يمشي بلعقل كبير
C:\Users\dell\Desktop\laststation\Audio_augmented\noise\audio_000468__aug_noise_01.wav,الاسعار في متناول الطبقة الراقية نستعملو la puce افضل
C:\Users\dell\Desktop\laststation\Audio_augmented\speed\audio_000468__aug_speed_01.wav,الاسعار في متناول الطبقة الراقية نستعملو la puce افضل
C:\Users\dell\Desktop\laststation\Audio_augmented\compression\audio_000468__aug_compression_01.wav,الاسعار في متناول الطبقة الراقية نستعملو la puce افضل
C:\Users\dell\Desktop\laststation\Audio_augmented\noise\audio_000469__aug_noise_01.wav,حبيت نسجل في فضاء الزبون لكن يقولي الرقم خاطئ ما عرفتش وين الخلل
C:\Users\dell\Desktop\laststation\Audio_augmented\speed\audio_000469__aug_speed_01.wav,حبيت نسجل في فضاء الزبون لكن يقولي الرقم خاطئ ما عرفتش وين الخلل
C:\Users\dell\Desktop\laststation\Audio_augmented\compression\audio_000469__aug_compression_01.wav,حبيت نسجل في فضاء الزبون لكن يقولي الرقم خاطئ ما عرفتش وين الخلل
C:\Users\dell\Desktop\laststation\Audio_augmented\noise\audio_000470__aug_noise_01.wav,هل نقدر نشري هذ الشريحة بدون modem شكرا
C:\Users\dell\Desktop\laststation\Audio_augmented\speed\audio_000470__aug_speed_01.wav,هل نقدر نشري هذ الشريحة بدون modem شكرا
C:\Users\dell\Desktop\laststation\Audio_augmented\compression\audio_000470__aug_compression_01.wav,هل نقدر نشري هذ الشريحة بدون modem شكرا
C:\Users\dell\Desktop\laststation\Audio_augmented\noise\audio_000471__aug_noise_01.wav,حبيت جاوبوني هنا est ce que عمال fibre هم شركة privee ولا تابعين ليكم
C:\Users\dell\Desktop\laststation\Audio_augmented\speed\audio_000471__aug_speed_01.wav,حبيت جاوبوني هنا est ce que عمال fibre هم شركة privee ولا تابعين ليكم
C:\Users\dell\Desktop\laststation\Audio_augmented\compression\audio_000471__aug_compression_01.wav,حبيت جاوبوني هنا est ce que عمال fibre هم شركة privee ولا تابعين ليكم
C:\Users\dell\Desktop\laststation\Audio_augmented\noise\audio_000472__aug_noise_01.wav,ممكن نعرف وين راه الرقم التسلسلي ولا وين نلقاه
C:\Users\dell\Desktop\laststation\Audio_augmented\speed\audio_000472__aug_speed_01.wav,ممكن نعرف وين راه الرقم التسلسلي ولا وين نلقاه
C:\Users\dell\Desktop\laststation\Audio_augmented\compression\audio_000472__aug_compression_01.wav,ممكن نعرف وين راه الرقم التسلسلي ولا وين نلقاه
C:\Users\dell\Desktop\laststation\Audio_augmented\noise\audio_000473__aug_noise_01.wav,ارفعولي انشغال في مايخص تغيير الاشتراك لان الحالي لا يوجد بشبكتم و وكالاتكم
C:\Users\dell\Desktop\laststation\Audio_augmented\speed\audio_000473__aug_speed_01.wav,ارفعولي انشغال في مايخص تغيير الاشتراك لان الحالي لا يوجد بشبكتم و وكالاتكم
C:\Users\dell\Desktop\laststation\Audio_augmented\compression\audio_000473__aug_compression_01.wav,ارفعولي انشغال في مايخص تغيير الاشتراك لان الحالي لا يوجد بشبكتم و وكالاتكم
C:\Users\dell\Desktop\laststation\Audio_augmented\noise\audio_000474__aug_noise_01.wav,خلف modem الاخ راهي متصلحش الطريقة مكلاه تكسر راسك
C:\Users\dell\Desktop\laststation\Audio_augmented\speed\audio_000474__aug_speed_01.wav,خلف modem الاخ راهي متصلحش الطريقة مكلاه تكسر راسك
C:\Users\dell\Desktop\laststation\Audio_augmented\compression\audio_000474__aug_compression_01.wav,خلف modem الاخ راهي متصلحش الطريقة مكلاه تكسر راسك
C:\Users\dell\Desktop\laststation\Audio_augmented\noise\audio_000475__aug_noise_01.wav,عندي internet عندها اكثر من ثمانية ساعات مكاش و راني مخلصها
C:\Users\dell\Desktop\laststation\Audio_augmented\speed\audio_000475__aug_speed_01.wav,عندي internet عندها اكثر من ثمانية ساعات مكاش و راني مخلصها
C:\Users\dell\Desktop\laststation\Audio_augmented\compression\audio_000475__aug_compression_01.wav,عندي internet عندها اكثر من ثمانية ساعات مكاش و راني مخلصها
C:\Users\dell\Desktop\laststation\Audio_augmented\noise\audio_000476__aug_noise_01.wav,بالتوفيق ان شاءالله لشباب مدينة عنابة و مجاورها
C:\Users\dell\Desktop\laststation\Audio_augmented\speed\audio_000476__aug_speed_01.wav,بالتوفيق ان شاءالله لشباب مدينة عنابة و مجاورها
C:\Users\dell\Desktop\laststation\Audio_augmented\compression\audio_000476__aug_compression_01.wav,بالتوفيق ان شاءالله لشباب مدينة عنابة و مجاورها
C:\Users\dell\Desktop\laststation\Audio_augmented\noise\audio_000477__aug_noise_01.wav,يجب الاستغناء تماما عن الخطوط و العروض القديمة و يجب تطبيق fibre في جميع انحاء الوطن
C:\Users\dell\Desktop\laststation\Audio_augmented\speed\audio_000477__aug_speed_01.wav,يجب الاستغناء تماما عن الخطوط و العروض القديمة و يجب تطبيق fibre في جميع انحاء الوطن
C:\Users\dell\Desktop\laststation\Audio_augmented\compression\audio_000477__aug_compression_01.wav,يجب الاستغناء تماما عن الخطوط و العروض القديمة و يجب تطبيق fibre في جميع انحاء الوطن
C:\Users\dell\Desktop\laststation\Audio_augmented\noise\audio_000478__aug_noise_01.wav,لا اعتقد انه سيكون fibre قي الحي الذي نسكن فيه الا بعد عدة سنوات
C:\Users\dell\Desktop\laststation\Audio_augmented\speed\audio_000478__aug_speed_01.wav,لا اعتقد انه سيكون fibre قي الحي الذي نسكن فيه الا بعد عدة سنوات
C:\Users\dell\Desktop\laststation\Audio_augmented\compression\audio_000478__aug_compression_01.wav,لا اعتقد انه سيكون fibre قي الحي الذي نسكن فيه الا بعد عدة سنوات
C:\Users\dell\Desktop\laststation\Audio_augmented\noise\audio_000479__aug_noise_01.wav,يجب تكثيف المراقبه لا يزال اشخاص يسعون بكل جهد لتعطيل هذا النجاح اعداء النجاح
C:\Users\dell\Desktop\laststation\Audio_augmented\speed\audio_000479__aug_speed_01.wav,يجب تكثيف المراقبه لا يزال اشخاص يسعون بكل جهد لتعطيل هذا النجاح اعداء النجاح
C:\Users\dell\Desktop\laststation\Audio_augmented\compression\audio_000479__aug_compression_01.wav,يجب تكثيف المراقبه لا يزال اشخاص يسعون بكل جهد لتعطيل هذا النجاح اعداء النجاح
C:\Users\dell\Desktop\laststation\Audio_augmented\noise\audio_000480__aug_noise_01.wav,المشكل الشركة الطاغوتية هذي مايديرو اعلان مايفهموا الناس واش كاين
C:\Users\dell\Desktop\laststation\Audio_augmented\speed\audio_000480__aug_speed_01.wav,المشكل الشركة الطاغوتية هذي مايديرو اعلان مايفهموا الناس واش كاين
C:\Users\dell\Desktop\laststation\Audio_augmented\compression\audio_000480__aug_compression_01.wav,المشكل الشركة الطاغوتية هذي مايديرو اعلان مايفهموا الناس واش كاين
C:\Users\dell\Desktop\laststation\Audio_augmented\noise\audio_000481__aug_noise_01.wav,connexion تاعكم باله حاجة متصلح فيها وخدماتكم جد متدنية
C:\Users\dell\Desktop\laststation\Audio_augmented\speed\audio_000481__aug_speed_01.wav,connexion تاعكم باله حاجة متصلح فيها وخدماتكم جد متدنية
C:\Users\dell\Desktop\laststation\Audio_augmented\compression\audio_000481__aug_compression_01.wav,connexion تاعكم باله حاجة متصلح فيها وخدماتكم جد متدنية
C:\Users\dell\Desktop\laststation\Audio_augmented\noise\audio_000482__aug_noise_01.wav,my idoom لا يعمل منذ الصباح و نفس الشيء فضاء الزبون على المتصفح
C:\Users\dell\Desktop\laststation\Audio_augmented\speed\audio_000482__aug_speed_01.wav,my idoom لا يعمل منذ الصباح و نفس الشيء فضاء الزبون على المتصفح
C:\Users\dell\Desktop\laststation\Audio_augmented\compression\audio_000482__aug_compression_01.wav,my idoom لا يعمل منذ الصباح و نفس الشيء فضاء الزبون على المتصفح
C:\Users\dell\Desktop\laststation\Audio_augmented\noise\audio_000483__aug_noise_01.wav,يقولك المشكل راهو فيك و توجه الي اقرب مركز
C:\Users\dell\Desktop\laststation\Audio_augmented\speed\audio_000483__aug_speed_01.wav,يقولك المشكل راهو فيك و توجه الي اقرب مركز
C:\Users\dell\Desktop\laststation\Audio_augmented\compression\audio_000483__aug_compression_01.wav,يقولك المشكل راهو فيك و توجه الي اقرب مركز
C:\Users\dell\Desktop\laststation\Audio_augmented\noise\audio_000484__aug_noise_01.wav,ريڨليولنا انقطاع internet من البارح من فضلكم رانا بشغالاتنا
C:\Users\dell\Desktop\laststation\Audio_augmented\speed\audio_000484__aug_speed_01.wav,ريڨليولنا انقطاع internet من البارح من فضلكم رانا بشغالاتنا
C:\Users\dell\Desktop\laststation\Audio_augmented\compression\audio_000484__aug_compression_01.wav,ريڨليولنا انقطاع internet من البارح من فضلكم رانا بشغالاتنا
C:\Users\dell\Desktop\laststation\Audio_augmented\noise\audio_000485__aug_noise_01.wav,ايه مليح واش عندكم fibre نتوما في الجلفة ولا لالا
C:\Users\dell\Desktop\laststation\Audio_augmented\speed\audio_000485__aug_speed_01.wav,ايه مليح واش عندكم fibre نتوما في الجلفة ولا لالا
C:\Users\dell\Desktop\laststation\Audio_augmented\compression\audio_000485__aug_compression_01.wav,ايه مليح واش عندكم fibre نتوما في الجلفة ولا لالا
C:\Users\dell\Desktop\laststation\Audio_augmented\noise\audio_000486__aug_noise_01.wav,نفس المشكل قالولي ارواح غدوة ڨروب الرادار
C:\Users\dell\Desktop\laststation\Audio_augmented\speed\audio_000486__aug_speed_01.wav,نفس المشكل قالولي ارواح غدوة ڨروب الرادار
C:\Users\dell\Desktop\laststation\Audio_augmented\compression\audio_000486__aug_compression_01.wav,نفس المشكل قالولي ارواح غدوة ڨروب الرادار
C:\Users\dell\Desktop\laststation\Audio_augmented\noise\audio_000487__aug_noise_01.wav,ربعة ايام بدون internet والوكالة المحلية لا ترد على الشكوى المقدمة
C:\Users\dell\Desktop\laststation\Audio_augmented\speed\audio_000487__aug_speed_01.wav,ربعة ايام بدون internet والوكالة المحلية لا ترد على الشكوى المقدمة
C:\Users\dell\Desktop\laststation\Audio_augmented\compression\audio_000487__aug_compression_01.wav,ربعة ايام بدون internet والوكالة المحلية لا ترد على الشكوى المقدمة
C:\Users\dell\Desktop\laststation\Audio_augmented\noise\audio_000488__aug_noise_01.wav,حنا حي ثمانية محمد رزيق منسيين تقول ماشي ڨاع في العاصمة
C:\Users\dell\Desktop\laststation\Audio_augmented\speed\audio_000488__aug_speed_01.wav,حنا حي ثمانية محمد رزيق منسيين تقول ماشي ڨاع في العاصمة
C:\Users\dell\Desktop\laststation\Audio_augmented\compression\audio_000488__aug_compression_01.wav,حنا حي ثمانية محمد رزيق منسيين تقول ماشي ڨاع في العاصمة
C:\Users\dell\Desktop\laststation\Audio_augmented\noise\audio_000489__aug_noise_01.wav,reseau يتقطع debit ضعيف تحسب راك في تسعينات
C:\Users\dell\Desktop\laststation\Audio_augmented\speed\audio_000489__aug_speed_01.wav,reseau يتقطع debit ضعيف تحسب راك في تسعينات
C:\Users\dell\Desktop\laststation\Audio_augmented\compression\audio_000489__aug_compression_01.wav,reseau يتقطع debit ضعيف تحسب راك في تسعينات
C:\Users\dell\Desktop\laststation\Audio_augmented\noise\audio_000490__aug_noise_01.wav,يا ناس رانا نعانو من تقرت شوفو فينا شويا
C:\Users\dell\Desktop\laststation\Audio_augmented\speed\audio_000490__aug_speed_01.wav,يا ناس رانا نعانو من تقرت شوفو فينا شويا
C:\Users\dell\Desktop\laststation\Audio_augmented\compression\audio_000490__aug_compression_01.wav,يا ناس رانا نعانو من تقرت شوفو فينا شويا
C:\Users\dell\Desktop\laststation\Audio_augmented\noise\audio_000491__aug_noise_01.wav,عندي شهرين وانا نستنا modem فالدار بصح ما جاوش يركبوه عيب و عار
C:\Users\dell\Desktop\laststation\Audio_augmented\speed\audio_000491__aug_speed_01.wav,عندي شهرين وانا نستنا modem فالدار بصح ما جاوش يركبوه عيب و عار
C:\Users\dell\Desktop\laststation\Audio_augmented\compression\audio_000491__aug_compression_01.wav,عندي شهرين وانا نستنا modem فالدار بصح ما جاوش يركبوه عيب و عار
C:\Users\dell\Desktop\laststation\Audio_augmented\noise\audio_000492__aug_noise_01.wav,اذا كانت بلدية كاملة ليس بها تغطية الالياف البصرية
C:\Users\dell\Desktop\laststation\Audio_augmented\speed\audio_000492__aug_speed_01.wav,اذا كانت بلدية كاملة ليس بها تغطية الالياف البصرية
C:\Users\dell\Desktop\laststation\Audio_augmented\compression\audio_000492__aug_compression_01.wav,اذا كانت بلدية كاملة ليس بها تغطية الالياف البصرية
C:\Users\dell\Desktop\laststation\Audio_augmented\noise\audio_000493__aug_noise_01.wav,من بارح على ثلاثة تاع عشية نقطعت internet حتى الوقت الحالي مازال مجاتش
C:\Users\dell\Desktop\laststation\Audio_augmented\speed\audio_000493__aug_speed_01.wav,من بارح على ثلاثة تاع عشية نقطعت internet حتى الوقت الحالي مازال مجاتش
C:\Users\dell\Desktop\laststation\Audio_augmented\compression\audio_000493__aug_compression_01.wav,من بارح على ثلاثة تاع عشية نقطعت internet حتى الوقت الحالي مازال مجاتش
C:\Users\dell\Desktop\laststation\Audio_augmented\noise\audio_000494__aug_noise_01.wav,و حنا تاع بن طلحة و قتاه تكملو توصلولنا fibre
C:\Users\dell\Desktop\laststation\Audio_augmented\speed\audio_000494__aug_speed_01.wav,و حنا تاع بن طلحة و قتاه تكملو توصلولنا fibre
C:\Users\dell\Desktop\laststation\Audio_augmented\compression\audio_000494__aug_compression_01.wav,و حنا تاع بن طلحة و قتاه تكملو توصلولنا fibre
C:\Users\dell\Desktop\laststation\Audio_augmented\noise\audio_000495__aug_noise_01.wav,fibre لسكان الباطيمات فقط باقي الشعب ليس في الحسبان
C:\Users\dell\Desktop\laststation\Audio_augmented\speed\audio_000495__aug_speed_01.wav,fibre لسكان الباطيمات فقط باقي الشعب ليس في الحسبان
C:\Users\dell\Desktop\laststation\Audio_augmented\compression\audio_000495__aug_compression_01.wav,fibre لسكان الباطيمات فقط باقي الشعب ليس في الحسبان
C:\Users\dell\Desktop\laststation\Audio_augmented\noise\audio_000496__aug_noise_01.wav,systeme هذا تحسو بنادم حبين يحصلو فيه عدم احترافية العمال وهذا مكان
C:\Users\dell\Desktop\laststation\Audio_augmented\speed\audio_000496__aug_speed_01.wav,systeme هذا تحسو بنادم حبين يحصلو فيه عدم احترافية العمال وهذا مكان
C:\Users\dell\Desktop\laststation\Audio_augmented\compression\audio_000496__aug_compression_01.wav,systeme هذا تحسو بنادم حبين يحصلو فيه عدم احترافية العمال وهذا مكان
C:\Users\dell\Desktop\laststation\Audio_augmented\noise\audio_000497__aug_noise_01.wav,لم اتمكن بالتصال بكم عبر الرسائل الخاصة
C:\Users\dell\Desktop\laststation\Audio_augmented\speed\audio_000497__aug_speed_01.wav,لم اتمكن بالتصال بكم عبر الرسائل الخاصة
C:\Users\dell\Desktop\laststation\Audio_augmented\compression\audio_000497__aug_compression_01.wav,لم اتمكن بالتصال بكم عبر الرسائل الخاصة
C:\Users\dell\Desktop\laststation\Audio_augmented\noise\audio_000498__aug_noise_01.wav,موقع نتاعكم فضاء زبون مراهش يخدم واش هو سبب
C:\Users\dell\Desktop\laststation\Audio_augmented\speed\audio_000498__aug_speed_01.wav,موقع نتاعكم فضاء زبون مراهش يخدم واش هو سبب
C:\Users\dell\Desktop\laststation\Audio_augmented\compression\audio_000498__aug_compression_01.wav,موقع نتاعكم فضاء زبون مراهش يخدم واش هو سبب
C:\Users\dell\Desktop\laststation\Audio_augmented\noise\audio_000499__aug_noise_01.wav,internet و الهاتف مقطوعين من البارح ردو على الخاص
C:\Users\dell\Desktop\laststation\Audio_augmented\speed\audio_000499__aug_speed_01.wav,internet و الهاتف مقطوعين من البارح ردو على الخاص
C:\Users\dell\Desktop\laststation\Audio_augmented\compression\audio_000499__aug_compression_01.wav,internet و الهاتف مقطوعين من البارح ردو على الخاص
C:\Users\dell\Desktop\laststation\Audio_augmented\noise\audio_000500__aug_noise_01.wav,الفضاء مابقاش يخرج الفواتير و العمليات و خدمة الدفع الالكتروني راهي تدي دراهم و ماتتخلصش internet
C:\Users\dell\Desktop\laststation\Audio_augmented\speed\audio_000500__aug_speed_01.wav,الفضاء مابقاش يخرج الفواتير و العمليات و خدمة الدفع الالكتروني راهي تدي دراهم و ماتتخلصش internet
C:\Users\dell\Desktop\laststation\Audio_augmented\compression\audio_000500__aug_compression_01.wav,الفضاء مابقاش يخرج الفواتير و العمليات و خدمة الدفع الالكتروني راهي تدي دراهم و ماتتخلصش internet
C:\Users\dell\Desktop\laststation\Audio_augmented\noise\audio_000501__aug_noise_01.wav,بالتوفيق والسداد نتمناولكم الرقي و الازدهار و ربي يوفقكم و دمتم فخر على راس هذا القطاع
C:\Users\dell\Desktop\laststation\Audio_augmented\speed\audio_000501__aug_speed_01.wav,بالتوفيق والسداد نتمناولكم الرقي و الازدهار و ربي يوفقكم و دمتم فخر على راس هذا القطاع
C:\Users\dell\Desktop\laststation\Audio_augmented\compression\audio_000501__aug_compression_01.wav,بالتوفيق والسداد نتمناولكم الرقي و الازدهار و ربي يوفقكم و دمتم فخر على راس هذا القطاع
C:\Users\dell\Desktop\laststation\Audio_augmented\noise\audio_000502__aug_noise_01.wav,internet وضعها كارثي منذ ايام من فضلكم اين السبب
C:\Users\dell\Desktop\laststation\Audio_augmented\speed\audio_000502__aug_speed_01.wav,internet وضعها كارثي منذ ايام من فضلكم اين السبب
C:\Users\dell\Desktop\laststation\Audio_augmented\compression\audio_000502__aug_compression_01.wav,internet وضعها كارثي منذ ايام من فضلكم اين السبب
C:\Users\dell\Desktop\laststation\Audio_augmented\noise\audio_000503__aug_noise_01.wav,عنابه اكثر ولاية مهمشة الاشغال فيها تسير ببطئ شديد
C:\Users\dell\Desktop\laststation\Audio_augmented\speed\audio_000503__aug_speed_01.wav,عنابه اكثر ولاية مهمشة الاشغال فيها تسير ببطئ شديد
C:\Users\dell\Desktop\laststation\Audio_augmented\compression\audio_000503__aug_compression_01.wav,عنابه اكثر ولاية مهمشة الاشغال فيها تسير ببطئ شديد
C:\Users\dell\Desktop\laststation\Audio_augmented\noise\audio_000504__aug_noise_01.wav,الجلفة عندنا عام ملي خلصنا و مازال modem مكاش كيفاش الحل
C:\Users\dell\Desktop\laststation\Audio_augmented\speed\audio_000504__aug_speed_01.wav,الجلفة عندنا عام ملي خلصنا و مازال modem مكاش كيفاش الحل
C:\Users\dell\Desktop\laststation\Audio_augmented\compression\audio_000504__aug_compression_01.wav,الجلفة عندنا عام ملي خلصنا و مازال modem مكاش كيفاش الحل
C:\Users\dell\Desktop\laststation\Audio_augmented\noise\audio_000505__aug_noise_01.wav,سرقولنا cable normalement هذه هي الفرصة باش تركبولنا fibre
C:\Users\dell\Desktop\laststation\Audio_augmented\speed\audio_000505__aug_speed_01.wav,سرقولنا cable normalement هذه هي الفرصة باش تركبولنا fibre
C:\Users\dell\Desktop\laststation\Audio_augmented\compression\audio_000505__aug_compression_01.wav,سرقولنا cable normalement هذه هي الفرصة باش تركبولنا fibre
C:\Users\dell\Desktop\laststation\Audio_augmented\noise\audio_000506__aug_noise_01.wav,خدمة فضاء الزبون لا تعمل عندي لا استطيع الدخول الى معلوماتي ديرولنا حل
C:\Users\dell\Desktop\laststation\Audio_augmented\speed\audio_000506__aug_speed_01.wav,خدمة فضاء الزبون لا تعمل عندي لا استطيع الدخول الى معلوماتي ديرولنا حل
C:\Users\dell\Desktop\laststation\Audio_augmented\compression\audio_000506__aug_compression_01.wav,خدمة فضاء الزبون لا تعمل عندي لا استطيع الدخول الى معلوماتي ديرولنا حل
C:\Users\dell\Desktop\laststation\Audio_augmented\noise\audio_000507__aug_noise_01.wav,ماقولتوش بلي ركزو مع الامتحانات لانو مكاش internet
C:\Users\dell\Desktop\laststation\Audio_augmented\speed\audio_000507__aug_speed_01.wav,ماقولتوش بلي ركزو مع الامتحانات لانو مكاش internet
C:\Users\dell\Desktop\laststation\Audio_augmented\compression\audio_000507__aug_compression_01.wav,ماقولتوش بلي ركزو مع الامتحانات لانو مكاش internet
C:\Users\dell\Desktop\laststation\Audio_augmented\noise\audio_000508__aug_noise_01.wav,علاش ماقدرتش ندخل في فضاء موقع الزبون حبيت نخلص ماراهوش يدخل compte ديالي
C:\Users\dell\Desktop\laststation\Audio_augmented\speed\audio_000508__aug_speed_01.wav,علاش ماقدرتش ندخل في فضاء موقع الزبون حبيت نخلص ماراهوش يدخل compte ديالي
C:\Users\dell\Desktop\laststation\Audio_augmented\compression\audio_000508__aug_compression_01.wav,علاش ماقدرتش ندخل في فضاء موقع الزبون حبيت نخلص ماراهوش يدخل compte ديالي
C:\Users\dell\Desktop\laststation\Audio_augmented\noise\audio_000509__aug_noise_01.wav,وعلاش متهدروش على الفواتير لي تخلصها من بعد l'internet متجيش
C:\Users\dell\Desktop\laststation\Audio_augmented\speed\audio_000509__aug_speed_01.wav,وعلاش متهدروش على الفواتير لي تخلصها من بعد l'internet متجيش
C:\Users\dell\Desktop\laststation\Audio_augmented\compression\audio_000509__aug_compression_01.wav,وعلاش متهدروش على الفواتير لي تخلصها من بعد l'internet متجيش
C:\Users\dell\Desktop\laststation\Audio_augmented\noise\audio_000510__aug_noise_01.wav,هل خارج الولاية يمكن دفع فاتورة الهاتف في djezzy
C:\Users\dell\Desktop\laststation\Audio_augmented\speed\audio_000510__aug_speed_01.wav,هل خارج الولاية يمكن دفع فاتورة الهاتف في djezzy
C:\Users\dell\Desktop\laststation\Audio_augmented\compression\audio_000510__aug_compression_01.wav,هل خارج الولاية يمكن دفع فاتورة الهاتف في djezzy
C:\Users\dell\Desktop\laststation\Audio_augmented\noise\audio_000511__aug_noise_01.wav,بصح كيف كيف مع العادية غير upload الي طالع
C:\Users\dell\Desktop\laststation\Audio_augmented\speed\audio_000511__aug_speed_01.wav,بصح كيف كيف مع العادية غير upload الي طالع
C:\Users\dell\Desktop\laststation\Audio_augmented\compression\audio_000511__aug_compression_01.wav,بصح كيف كيف مع العادية غير upload الي طالع
C:\Users\dell\Desktop\laststation\Audio_augmented\noise\audio_000512__aug_noise_01.wav,راكم ثقال ثقال ثقال في سيدي بلعباس حتى الفين و ثلاثين و اذا كملتوها
C:\Users\dell\Desktop\laststation\Audio_augmented\speed\audio_000512__aug_speed_01.wav,راكم ثقال ثقال ثقال في سيدي بلعباس حتى الفين و ثلاثين و اذا كملتوها
C:\Users\dell\Desktop\laststation\Audio_augmented\compression\audio_000512__aug_compression_01.wav,راكم ثقال ثقال ثقال في سيدي بلعباس حتى الفين و ثلاثين و اذا كملتوها
C:\Users\dell\Desktop\laststation\Audio_augmented\noise\audio_000513__aug_noise_01.wav,لازم شركة منافسة لا يستطيعون تغطية زرج كيلومتر مربع بدون تذبذبات
C:\Users\dell\Desktop\laststation\Audio_augmented\speed\audio_000513__aug_speed_01.wav,لازم شركة منافسة لا يستطيعون تغطية زرج كيلومتر مربع بدون تذبذبات
C:\Users\dell\Desktop\laststation\Audio_augmented\compression\audio_000513__aug_compression_01.wav,لازم شركة منافسة لا يستطيعون تغطية زرج كيلومتر مربع بدون تذبذبات
C:\Users\dell\Desktop\laststation\Audio_augmented\noise\audio_000514__aug_noise_01.wav,ياو جيبونا les modem nokia راني في عام و انا نستنا
C:\Users\dell\Desktop\laststation\Audio_augmented\speed\audio_000514__aug_speed_01.wav,ياو جيبونا les modem nokia راني في عام و انا نستنا
C:\Users\dell\Desktop\laststation\Audio_augmented\compression\audio_000514__aug_compression_01.wav,ياو جيبونا les modem nokia راني في عام و انا نستنا
C:\Users\dell\Desktop\laststation\Audio_augmented\noise\audio_000515__aug_noise_01.wav,ربي يهديكم مانعرف واش من عالم راكم عايشين فيه
C:\Users\dell\Desktop\laststation\Audio_augmented\speed\audio_000515__aug_speed_01.wav,ربي يهديكم مانعرف واش من عالم راكم عايشين فيه
C:\Users\dell\Desktop\laststation\Audio_augmented\compression\audio_000515__aug_compression_01.wav,ربي يهديكم مانعرف واش من عالم راكم عايشين فيه
C:\Users\dell\Desktop\laststation\Audio_augmented\noise\audio_000516__aug_noise_01.wav,ربي يحفظكم اتصالات الجزاير لولاية الاغواط راكم في الصدارة
C:\Users\dell\Desktop\laststation\Audio_augmented\speed\audio_000516__aug_speed_01.wav,ربي يحفظكم اتصالات الجزاير لولاية الاغواط راكم في الصدارة
C:\Users\dell\Desktop\laststation\Audio_augmented\compression\audio_000516__aug_compression_01.wav,ربي يحفظكم اتصالات الجزاير لولاية الاغواط راكم في الصدارة
C:\Users\dell\Desktop\laststation\Audio_augmented\noise\audio_000517__aug_noise_01.wav,علاه internet راهي مقطوعة مع العلم راني مخلص برديدة
C:\Users\dell\Desktop\laststation\Audio_augmented\speed\audio_000517__aug_speed_01.wav,علاه internet راهي مقطوعة مع العلم راني مخلص برديدة
C:\Users\dell\Desktop\laststation\Audio_augmented\compression\audio_000517__aug_compression_01.wav,علاه internet راهي مقطوعة مع العلم راني مخلص برديدة
C:\Users\dell\Desktop\laststation\Audio_augmented\noise\audio_000518__aug_noise_01.wav,ممكن راكم في تقدم ملحوظ لكن ولاية خنشلة و بلديلتها راهي في سباقات عميقة
C:\Users\dell\Desktop\laststation\Audio_augmented\speed\audio_000518__aug_speed_01.wav,ممكن راكم في تقدم ملحوظ لكن ولاية خنشلة و بلديلتها راهي في سباقات عميقة
C:\Users\dell\Desktop\laststation\Audio_augmented\compression\audio_000518__aug_compression_01.wav,ممكن راكم في تقدم ملحوظ لكن ولاية خنشلة و بلديلتها راهي في سباقات عميقة
C:\Users\dell\Desktop\laststation\Audio_augmented\noise\audio_000519__aug_noise_01.wav,كي ترضي زبون اولا لحد الان عندي عطب لحد ساعة ماشي مسقم
C:\Users\dell\Desktop\laststation\Audio_augmented\speed\audio_000519__aug_speed_01.wav,كي ترضي زبون اولا لحد الان عندي عطب لحد ساعة ماشي مسقم
C:\Users\dell\Desktop\laststation\Audio_augmented\compression\audio_000519__aug_compression_01.wav,كي ترضي زبون اولا لحد الان عندي عطب لحد ساعة ماشي مسقم
C:\Users\dell\Desktop\laststation\Audio_augmented\noise\audio_000520__aug_noise_01.wav,حنا مقطوعة عندها ثلاثة ايام لا حياة لمن تنادي
C:\Users\dell\Desktop\laststation\Audio_augmented\speed\audio_000520__aug_speed_01.wav,حنا مقطوعة عندها ثلاثة ايام لا حياة لمن تنادي
C:\Users\dell\Desktop\laststation\Audio_augmented\compression\audio_000520__aug_compression_01.wav,حنا مقطوعة عندها ثلاثة ايام لا حياة لمن تنادي
C:\Users\dell\Desktop\laststation\Audio_augmented\noise\audio_000521__aug_noise_01.wav,اعيدو دراسة الاسعار فهي في غير متناول الجميع نرجوا ان تتفهمو انشغالنا
C:\Users\dell\Desktop\laststation\Audio_augmented\speed\audio_000521__aug_speed_01.wav,اعيدو دراسة الاسعار فهي في غير متناول الجميع نرجوا ان تتفهمو انشغالنا
C:\Users\dell\Desktop\laststation\Audio_augmented\compression\audio_000521__aug_compression_01.wav,اعيدو دراسة الاسعار فهي في غير متناول الجميع نرجوا ان تتفهمو انشغالنا
C:\Users\dell\Desktop\laststation\Audio_augmented\noise\audio_000522__aug_noise_01.wav,انا مافهمتش علاش ماشي حابين يصقمولنا مشكل connexion
C:\Users\dell\Desktop\laststation\Audio_augmented\speed\audio_000522__aug_speed_01.wav,انا مافهمتش علاش ماشي حابين يصقمولنا مشكل connexion
C:\Users\dell\Desktop\laststation\Audio_augmented\compression\audio_000522__aug_compression_01.wav,انا مافهمتش علاش ماشي حابين يصقمولنا مشكل connexion
C:\Users\dell\Desktop\laststation\Audio_augmented\noise\audio_000523__aug_noise_01.wav,اعطيني الرقم من فضلك او موقع رفع الشكاوى
C:\Users\dell\Desktop\laststation\Audio_augmented\speed\audio_000523__aug_speed_01.wav,اعطيني الرقم من فضلك او موقع رفع الشكاوى
C:\Users\dell\Desktop\laststation\Audio_augmented\compression\audio_000523__aug_compression_01.wav,اعطيني الرقم من فضلك او موقع رفع الشكاوى
C:\Users\dell\Desktop\laststation\Audio_augmented\noise\audio_000524__aug_noise_01.wav,fibre تقول دار وراتة غي نوضو ينقص كلش لا تدفق لا upload
C:\Users\dell\Desktop\laststation\Audio_augmented\speed\audio_000524__aug_speed_01.wav,fibre تقول دار وراتة غي نوضو ينقص كلش لا تدفق لا upload
C:\Users\dell\Desktop\laststation\Audio_augmented\compression\audio_000524__aug_compression_01.wav,fibre تقول دار وراتة غي نوضو ينقص كلش لا تدفق لا upload
C:\Users\dell\Desktop\laststation\Audio_augmented\noise\audio_000525__aug_noise_01.wav,كم يبلغ سعر الاشتراك للهاتف الثابث في fibre
C:\Users\dell\Desktop\laststation\Audio_augmented\speed\audio_000525__aug_speed_01.wav,كم يبلغ سعر الاشتراك للهاتف الثابث في fibre
C:\Users\dell\Desktop\laststation\Audio_augmented\compression\audio_000525__aug_compression_01.wav,كم يبلغ سعر الاشتراك للهاتف الثابث في fibre
C:\Users\dell\Desktop\laststation\Audio_augmented\noise\audio_000526__aug_noise_01.wav,ما هي اسعار internet الالياف البصرية خمسين mega
C:\Users\dell\Desktop\laststation\Audio_augmented\speed\audio_000526__aug_speed_01.wav,ما هي اسعار internet الالياف البصرية خمسين mega
C:\Users\dell\Desktop\laststation\Audio_augmented\compression\audio_000526__aug_compression_01.wav,ما هي اسعار internet الالياف البصرية خمسين mega
C:\Users\dell\Desktop\laststation\Audio_augmented\noise\audio_000527__aug_noise_01.wav,internet تاعي قريب ربعة شهر مقطوعة بسبب خيط مقطوع
C:\Users\dell\Desktop\laststation\Audio_augmented\speed\audio_000527__aug_speed_01.wav,internet تاعي قريب ربعة شهر مقطوعة بسبب خيط مقطوع
C:\Users\dell\Desktop\laststation\Audio_augmented\compression\audio_000527__aug_compression_01.wav,internet تاعي قريب ربعة شهر مقطوعة بسبب خيط مقطوع
C:\Users\dell\Desktop\laststation\Audio_augmented\noise\audio_000528__aug_noise_01.wav,تطبيق my idoom و فضاء الزبون في google مايمشوش
C:\Users\dell\Desktop\laststation\Audio_augmented\speed\audio_000528__aug_speed_01.wav,تطبيق my idoom و فضاء الزبون في google مايمشوش
C:\Users\dell\Desktop\laststation\Audio_augmented\compression\audio_000528__aug_compression_01.wav,تطبيق my idoom و فضاء الزبون في google مايمشوش
C:\Users\dell\Desktop\laststation\Audio_augmented\noise\audio_000529__aug_noise_01.wav,التغطية معندناش في حي السعيد بوصبع الحروش ولاية سكيكدة
C:\Users\dell\Desktop\laststation\Audio_augmented\speed\audio_000529__aug_speed_01.wav,التغطية معندناش في حي السعيد بوصبع الحروش ولاية سكيكدة
C:\Users\dell\Desktop\laststation\Audio_augmented\compression\audio_000529__aug_compression_01.wav,التغطية معندناش في حي السعيد بوصبع الحروش ولاية سكيكدة
C:\Users\dell\Desktop\laststation\Audio_augmented\noise\audio_000530__aug_noise_01.wav,مكان حتى مصداقية شهر ملي بلاصولي modem fibre و مكاش لا تليفون لا internet
C:\Users\dell\Desktop\laststation\Audio_augmented\speed\audio_000530__aug_speed_01.wav,مكان حتى مصداقية شهر ملي بلاصولي modem fibre و مكاش لا تليفون لا internet
C:\Users\dell\Desktop\laststation\Audio_augmented\compression\audio_000530__aug_compression_01.wav,مكان حتى مصداقية شهر ملي بلاصولي modem fibre و مكاش لا تليفون لا internet
C:\Users\dell\Desktop\laststation\Audio_augmented\noise\audio_000531__aug_noise_01.wav,في حياتي ما شفت شركة تستهزا بناس كيما نتوما
C:\Users\dell\Desktop\laststation\Audio_augmented\speed\audio_000531__aug_speed_01.wav,في حياتي ما شفت شركة تستهزا بناس كيما نتوما
C:\Users\dell\Desktop\laststation\Audio_augmented\compression\audio_000531__aug_compression_01.wav,في حياتي ما شفت شركة تستهزا بناس كيما نتوما
C:\Users\dell\Desktop\laststation\Audio_augmented\noise\audio_000532__aug_noise_01.wav,مازالنا بالخيوط تاع بكري من حي خمسمية مسكن ماوصلناش الحضارة
C:\Users\dell\Desktop\laststation\Audio_augmented\speed\audio_000532__aug_speed_01.wav,مازالنا بالخيوط تاع بكري من حي خمسمية مسكن ماوصلناش الحضارة
C:\Users\dell\Desktop\laststation\Audio_augmented\compression\audio_000532__aug_compression_01.wav,مازالنا بالخيوط تاع بكري من حي خمسمية مسكن ماوصلناش الحضارة
C:\Users\dell\Desktop\laststation\Audio_augmented\noise\audio_000533__aug_noise_01.wav,نور محمد على حساب كل اسرة و شحال فيها
C:\Users\dell\Desktop\laststation\Audio_augmented\speed\audio_000533__aug_speed_01.wav,نور محمد على حساب كل اسرة و شحال فيها
C:\Users\dell\Desktop\laststation\Audio_augmented\compression\audio_000533__aug_compression_01.wav,نور محمد على حساب كل اسرة و شحال فيها
C:\Users\dell\Desktop\laststation\Audio_augmented\noise\audio_000534__aug_noise_01.wav,تهلاو كوبيو connexion السمانة لجاية كيما ديرو كل عام
C:\Users\dell\Desktop\laststation\Audio_augmented\speed\audio_000534__aug_speed_01.wav,تهلاو كوبيو connexion السمانة لجاية كيما ديرو كل عام
C:\Users\dell\Desktop\laststation\Audio_augmented\compression\audio_000534__aug_compression_01.wav,تهلاو كوبيو connexion السمانة لجاية كيما ديرو كل عام
C:\Users\dell\Desktop\laststation\Audio_augmented\noise\audio_000535__aug_noise_01.wav,اساتذ شحال نخلص في شهر و واش هو الملف المطلوب
C:\Users\dell\Desktop\laststation\Audio_augmented\speed\audio_000535__aug_speed_01.wav,اساتذ شحال نخلص في شهر و واش هو الملف المطلوب
C:\Users\dell\Desktop\laststation\Audio_augmented\compression\audio_000535__aug_compression_01.wav,اساتذ شحال نخلص في شهر و واش هو الملف المطلوب
C:\Users\dell\Desktop\laststation\Audio_augmented\noise\audio_000536__aug_noise_01.wav,اطلقولنا connexion يا الرب العالي عيينا و حنا نحلو فيكم
C:\Users\dell\Desktop\laststation\Audio_augmented\speed\audio_000536__aug_speed_01.wav,اطلقولنا connexion يا الرب العالي عيينا و حنا نحلو فيكم
C:\Users\dell\Desktop\laststation\Audio_augmented\compression\audio_000536__aug_compression_01.wav,اطلقولنا connexion يا الرب العالي عيينا و حنا نحلو فيكم
C:\Users\dell\Desktop\laststation\Audio_augmented\noise\audio_000537__aug_noise_01.wav,دفع الكتروني و منصة فتح فضاء الزبون من نهار الخميس متمشيش
C:\Users\dell\Desktop\laststation\Audio_augmented\speed\audio_000537__aug_speed_01.wav,دفع الكتروني و منصة فتح فضاء الزبون من نهار الخميس متمشيش
C:\Users\dell\Desktop\laststation\Audio_augmented\compression\audio_000537__aug_compression_01.wav,دفع الكتروني و منصة فتح فضاء الزبون من نهار الخميس متمشيش
C:\Users\dell\Desktop\laststation\Audio_augmented\noise\audio_000538__aug_noise_01.wav,متى يتم تركيب modem الياف البصرية شارع الزعاطشة بعد الامن الحضري
C:\Users\dell\Desktop\laststation\Audio_augmented\speed\audio_000538__aug_speed_01.wav,متى يتم تركيب modem الياف البصرية شارع الزعاطشة بعد الامن الحضري
C:\Users\dell\Desktop\laststation\Audio_augmented\compression\audio_000538__aug_compression_01.wav,متى يتم تركيب modem الياف البصرية شارع الزعاطشة بعد الامن الحضري
C:\Users\dell\Desktop\laststation\Audio_augmented\noise\audio_000539__aug_noise_01.wav,بلدية اولاد راشد مكان والو في بالي مناش تابعين تقسيم اداري لولاية البويرة
C:\Users\dell\Desktop\laststation\Audio_augmented\speed\audio_000539__aug_speed_01.wav,بلدية اولاد راشد مكان والو في بالي مناش تابعين تقسيم اداري لولاية البويرة
C:\Users\dell\Desktop\laststation\Audio_augmented\compression\audio_000539__aug_compression_01.wav,بلدية اولاد راشد مكان والو في بالي مناش تابعين تقسيم اداري لولاية البويرة
C:\Users\dell\Desktop\laststation\Audio_augmented\noise\audio_000540__aug_noise_01.wav,لحد الان ركبولي modem من شهر جانفي و هو عندي
C:\Users\dell\Desktop\laststation\Audio_augmented\speed\audio_000540__aug_speed_01.wav,لحد الان ركبولي modem من شهر جانفي و هو عندي
C:\Users\dell\Desktop\laststation\Audio_augmented\compression\audio_000540__aug_compression_01.wav,لحد الان ركبولي modem من شهر جانفي و هو عندي
C:\Users\dell\Desktop\laststation\Audio_augmented\noise\audio_000541__aug_noise_01.wav,حنا ركبولنا modem في شهرين لذرك مطلقوناش l'internet يخي قالو شهر لول باطل
C:\Users\dell\Desktop\laststation\Audio_augmented\speed\audio_000541__aug_speed_01.wav,حنا ركبولنا modem في شهرين لذرك مطلقوناش l'internet يخي قالو شهر لول باطل
C:\Users\dell\Desktop\laststation\Audio_augmented\compression\audio_000541__aug_compression_01.wav,حنا ركبولنا modem في شهرين لذرك مطلقوناش l'internet يخي قالو شهر لول باطل
C:\Users\dell\Desktop\laststation\Audio_augmented\noise\audio_000542__aug_noise_01.wav,حنا عندنا عام مدولنا modem وعندها شهر جاو دارو البوطو بصح ماشفنا والوا
C:\Users\dell\Desktop\laststation\Audio_augmented\speed\audio_000542__aug_speed_01.wav,حنا عندنا عام مدولنا modem وعندها شهر جاو دارو البوطو بصح ماشفنا والوا
C:\Users\dell\Desktop\laststation\Audio_augmented\compression\audio_000542__aug_compression_01.wav,حنا عندنا عام مدولنا modem وعندها شهر جاو دارو البوطو بصح ماشفنا والوا
C:\Users\dell\Desktop\laststation\Audio_augmented\noise\audio_000543__aug_noise_01.wav,لي عندو le modem خصو لي يمونطيلو يبعتلي فلخاص
C:\Users\dell\Desktop\laststation\Audio_augmented\speed\audio_000543__aug_speed_01.wav,لي عندو le modem خصو لي يمونطيلو يبعتلي فلخاص
C:\Users\dell\Desktop\laststation\Audio_augmented\compression\audio_000543__aug_compression_01.wav,لي عندو le modem خصو لي يمونطيلو يبعتلي فلخاص
C:\Users\dell\Desktop\laststation\Audio_augmented\noise\audio_000544__aug_noise_01.wav,في وسط مدينة الشلف لحد الساعة مكاش كامل fibre
C:\Users\dell\Desktop\laststation\Audio_augmented\speed\audio_000544__aug_speed_01.wav,في وسط مدينة الشلف لحد الساعة مكاش كامل fibre
C:\Users\dell\Desktop\laststation\Audio_augmented\compression\audio_000544__aug_compression_01.wav,في وسط مدينة الشلف لحد الساعة مكاش كامل fibre
C:\Users\dell\Desktop\laststation\Audio_augmented\noise\audio_000545__aug_noise_01.wav,حياتي نبدلها كي نبدل لبلاد قرن و حنا نستناو في la fibre optique
C:\Users\dell\Desktop\laststation\Audio_augmented\speed\audio_000545__aug_speed_01.wav,حياتي نبدلها كي نبدل لبلاد قرن و حنا نستناو في la fibre optique
C:\Users\dell\Desktop\laststation\Audio_augmented\compression\audio_000545__aug_compression_01.wav,حياتي نبدلها كي نبدل لبلاد قرن و حنا نستناو في la fibre optique
C:\Users\dell\Desktop\laststation\Audio_augmented\noise\audio_000546__aug_noise_01.wav,علبيها الاب شهر ملي خلص مازال لم يستلم modem
C:\Users\dell\Desktop\laststation\Audio_augmented\speed\audio_000546__aug_speed_01.wav,علبيها الاب شهر ملي خلص مازال لم يستلم modem
C:\Users\dell\Desktop\laststation\Audio_augmented\compression\audio_000546__aug_compression_01.wav,علبيها الاب شهر ملي خلص مازال لم يستلم modem
C:\Users\dell\Desktop\laststation\Audio_augmented\noise\audio_000547__aug_noise_01.wav,حي عدل الف و مية و تسعين مسكن اولاد فايت انقطاع internet يوم كامل
C:\Users\dell\Desktop\laststation\Audio_augmented\speed\audio_000547__aug_speed_01.wav,حي عدل الف و مية و تسعين مسكن اولاد فايت انقطاع internet يوم كامل
C:\Users\dell\Desktop\laststation\Audio_augmented\compression\audio_000547__aug_compression_01.wav,حي عدل الف و مية و تسعين مسكن اولاد فايت انقطاع internet يوم كامل
C:\Users\dell\Desktop\laststation\Audio_augmented\noise\audio_000548__aug_noise_01.wav,راني نخلص quinze mega و توصلني deux mega و مينداك متفوتش un mega
C:\Users\dell\Desktop\laststation\Audio_augmented\speed\audio_000548__aug_speed_01.wav,راني نخلص quinze mega و توصلني deux mega و مينداك متفوتش un mega
C:\Users\dell\Desktop\laststation\Audio_augmented\compression\audio_000548__aug_compression_01.wav,راني نخلص quinze mega و توصلني deux mega و مينداك متفوتش un mega
C:\Users\dell\Desktop\laststation\Audio_augmented\noise\audio_000549__aug_noise_01.wav,اخدمولنا فضاء الزبون باش نعرفو واش كاين و من بعد اهدرولنا على امور وحداخرا
C:\Users\dell\Desktop\laststation\Audio_augmented\speed\audio_000549__aug_speed_01.wav,اخدمولنا فضاء الزبون باش نعرفو واش كاين و من بعد اهدرولنا على امور وحداخرا
C:\Users\dell\Desktop\laststation\Audio_augmented\compression\audio_000549__aug_compression_01.wav,اخدمولنا فضاء الزبون باش نعرفو واش كاين و من بعد اهدرولنا على امور وحداخرا
C:\Users\dell\Desktop\laststation\Audio_augmented\noise\audio_000550__aug_noise_01.wav,رجاء الرد في الخاص رانا بلا connexion في سمانة هذي
C:\Users\dell\Desktop\laststation\Audio_augmented\speed\audio_000550__aug_speed_01.wav,رجاء الرد في الخاص رانا بلا connexion في سمانة هذي
C:\Users\dell\Desktop\laststation\Audio_augmented\compression\audio_000550__aug_compression_01.wav,رجاء الرد في الخاص رانا بلا connexion في سمانة هذي
C:\Users\dell\Desktop\laststation\Audio_augmented\noise\audio_000551__aug_noise_01.wav,لخيط مكاش و تقولنا دخلو la fibre عمروها برك و ساهل
C:\Users\dell\Desktop\laststation\Audio_augmented\speed\audio_000551__aug_speed_01.wav,لخيط مكاش و تقولنا دخلو la fibre عمروها برك و ساهل
C:\Users\dell\Desktop\laststation\Audio_augmented\compression\audio_000551__aug_compression_01.wav,لخيط مكاش و تقولنا دخلو la fibre عمروها برك و ساهل
C:\Users\dell\Desktop\laststation\Audio_augmented\noise\audio_000552__aug_noise_01.wav,عطيتونا modem و رانا نستناو تبعثولنا ليكيب تبلاصي cable من باطة للحانوت
C:\Users\dell\Desktop\laststation\Audio_augmented\speed\audio_000552__aug_speed_01.wav,عطيتونا modem و رانا نستناو تبعثولنا ليكيب تبلاصي cable من باطة للحانوت
C:\Users\dell\Desktop\laststation\Audio_augmented\compression\audio_000552__aug_compression_01.wav,عطيتونا modem و رانا نستناو تبعثولنا ليكيب تبلاصي cable من باطة للحانوت
C:\Users\dell\Desktop\laststation\Audio_augmented\noise\audio_000553__aug_noise_01.wav,قبل عامين دخلو reseau و قبل دخلو للديار و اليوم مازال ماجابولناش meme pas les modem
C:\Users\dell\Desktop\laststation\Audio_augmented\speed\audio_000553__aug_speed_01.wav,قبل عامين دخلو reseau و قبل دخلو للديار و اليوم مازال ماجابولناش meme pas les modem
C:\Users\dell\Desktop\laststation\Audio_augmented\compression\audio_000553__aug_compression_01.wav,قبل عامين دخلو reseau و قبل دخلو للديار و اليوم مازال ماجابولناش meme pas les modem
C:\Users\dell\Desktop\laststation\Audio_augmented\noise\audio_000554__aug_noise_01.wav,من الافضل تخلوه يمشي حتى بعد انقطاع internet
C:\Users\dell\Desktop\laststation\Audio_augmented\speed\audio_000554__aug_speed_01.wav,من الافضل تخلوه يمشي حتى بعد انقطاع internet
C:\Users\dell\Desktop\laststation\Audio_augmented\compression\audio_000554__aug_compression_01.wav,من الافضل تخلوه يمشي حتى بعد انقطاع internet
C:\Users\dell\Desktop\laststation\Audio_augmented\noise\audio_000555__aug_noise_01.wav,كيفاش نعرف الرقم الهاتف الجديد مشكل انو مابعتوليش الرقم
C:\Users\dell\Desktop\laststation\Audio_augmented\speed\audio_000555__aug_speed_01.wav,كيفاش نعرف الرقم الهاتف الجديد مشكل انو مابعتوليش الرقم
C:\Users\dell\Desktop\laststation\Audio_augmented\compression\audio_000555__aug_compression_01.wav,كيفاش نعرف الرقم الهاتف الجديد مشكل انو مابعتوليش الرقم
C:\Users\dell\Desktop\laststation\Audio_augmented\noise\audio_000556__aug_noise_01.wav,الشعب و خرجتوه من الاهلية تاعو حبيتوه يسمع اهليت الشعب
C:\Users\dell\Desktop\laststation\Audio_augmented\speed\audio_000556__aug_speed_01.wav,الشعب و خرجتوه من الاهلية تاعو حبيتوه يسمع اهليت الشعب
C:\Users\dell\Desktop\laststation\Audio_augmented\compression\audio_000556__aug_compression_01.wav,الشعب و خرجتوه من الاهلية تاعو حبيتوه يسمع اهليت الشعب
C:\Users\dell\Desktop\laststation\Audio_augmented\noise\audio_000557__aug_noise_01.wav,تشوف الرجال وين وصلو و اتصالات المغرب عالم جديد يناديكم وين راهم تنخلع
C:\Users\dell\Desktop\laststation\Audio_augmented\speed\audio_000557__aug_speed_01.wav,تشوف الرجال وين وصلو و اتصالات المغرب عالم جديد يناديكم وين راهم تنخلع
C:\Users\dell\Desktop\laststation\Audio_augmented\compression\audio_000557__aug_compression_01.wav,تشوف الرجال وين وصلو و اتصالات المغرب عالم جديد يناديكم وين راهم تنخلع
C:\Users\dell\Desktop\laststation\Audio_augmented\noise\audio_000558__aug_noise_01.wav,والله هذي دورك شحال من عام و نتوما تقولوها
C:\Users\dell\Desktop\laststation\Audio_augmented\speed\audio_000558__aug_speed_01.wav,والله هذي دورك شحال من عام و نتوما تقولوها
C:\Users\dell\Desktop\laststation\Audio_augmented\compression\audio_000558__aug_compression_01.wav,والله هذي دورك شحال من عام و نتوما تقولوها
C:\Users\dell\Desktop\laststation\Audio_augmented\noise\audio_000559__aug_noise_01.wav,واشبيها connexion تاعكم من البارح و اليوم تتقطع و كاين تذبذبات
C:\Users\dell\Desktop\laststation\Audio_augmented\speed\audio_000559__aug_speed_01.wav,واشبيها connexion تاعكم من البارح و اليوم تتقطع و كاين تذبذبات
C:\Users\dell\Desktop\laststation\Audio_augmented\compression\audio_000559__aug_compression_01.wav,واشبيها connexion تاعكم من البارح و اليوم تتقطع و كاين تذبذبات
C:\Users\dell\Desktop\laststation\Audio_augmented\noise\audio_000560__aug_noise_01.wav,هل هو متوفر في الوكالات حاليا ام لا
C:\Users\dell\Desktop\laststation\Audio_augmented\speed\audio_000560__aug_speed_01.wav,هل هو متوفر في الوكالات حاليا ام لا
C:\Users\dell\Desktop\laststation\Audio_augmented\compression\audio_000560__aug_compression_01.wav,هل هو متوفر في الوكالات حاليا ام لا
C:\Users\dell\Desktop\laststation\Audio_augmented\noise\audio_000561__aug_noise_01.wav,modem عندي و المقاول مكاش لي يجي يركب modem فهموا رواحكم
C:\Users\dell\Desktop\laststation\Audio_augmented\speed\audio_000561__aug_speed_01.wav,modem عندي و المقاول مكاش لي يجي يركب modem فهموا رواحكم
C:\Users\dell\Desktop\laststation\Audio_augmented\compression\audio_000561__aug_compression_01.wav,modem عندي و المقاول مكاش لي يجي يركب modem فهموا رواحكم
C:\Users\dell\Desktop\laststation\Audio_augmented\noise\audio_000562__aug_noise_01.wav,دخلت اشتراك جديد و خلصت الف dinar و لكن طلقولي فقط ثلاثين mega
C:\Users\dell\Desktop\laststation\Audio_augmented\speed\audio_000562__aug_speed_01.wav,دخلت اشتراك جديد و خلصت الف dinar و لكن طلقولي فقط ثلاثين mega
C:\Users\dell\Desktop\laststation\Audio_augmented\compression\audio_000562__aug_compression_01.wav,دخلت اشتراك جديد و خلصت الف dinar و لكن طلقولي فقط ثلاثين mega
C:\Users\dell\Desktop\laststation\Audio_augmented\noise\audio_000563__aug_noise_01.wav,وجوهكم و غاسلينها ببول الحمير قالك السرعة
C:\Users\dell\Desktop\laststation\Audio_augmented\speed\audio_000563__aug_speed_01.wav,وجوهكم و غاسلينها ببول الحمير قالك السرعة
C:\Users\dell\Desktop\laststation\Audio_augmented\compression\audio_000563__aug_compression_01.wav,وجوهكم و غاسلينها ببول الحمير قالك السرعة
C:\Users\dell\Desktop\laststation\Audio_augmented\noise\audio_000564__aug_noise_01.wav,نسحقو روية اليوم برك modem ماقدرتوش توفروهلنا منذ عام
C:\Users\dell\Desktop\laststation\Audio_augmented\speed\audio_000564__aug_speed_01.wav,نسحقو روية اليوم برك modem ماقدرتوش توفروهلنا منذ عام
C:\Users\dell\Desktop\laststation\Audio_augmented\compression\audio_000564__aug_compression_01.wav,نسحقو روية اليوم برك modem ماقدرتوش توفروهلنا منذ عام
C:\Users\dell\Desktop\laststation\Audio_augmented\noise\audio_000565__aug_noise_01.wav,كيفاه هذ fibre ناس عندهم و ناس لالا في نفس الدائرة
C:\Users\dell\Desktop\laststation\Audio_augmented\speed\audio_000565__aug_speed_01.wav,كيفاه هذ fibre ناس عندهم و ناس لالا في نفس الدائرة
C:\Users\dell\Desktop\laststation\Audio_augmented\compression\audio_000565__aug_compression_01.wav,كيفاه هذ fibre ناس عندهم و ناس لالا في نفس الدائرة
C:\Users\dell\Desktop\laststation\Audio_augmented\noise\audio_000566__aug_noise_01.wav,راني مخلص حق ثلاثمية mega راهي توصل غير خميس
C:\Users\dell\Desktop\laststation\Audio_augmented\speed\audio_000566__aug_speed_01.wav,راني مخلص حق ثلاثمية mega راهي توصل غير خميس
C:\Users\dell\Desktop\laststation\Audio_augmented\compression\audio_000566__aug_compression_01.wav,راني مخلص حق ثلاثمية mega راهي توصل غير خميس
C:\Users\dell\Desktop\laststation\Audio_augmented\noise\audio_000567__aug_noise_01.wav,دخلولنا fibre لدار بالسبت و للدوك مكاش connexion
C:\Users\dell\Desktop\laststation\Audio_augmented\speed\audio_000567__aug_speed_01.wav,دخلولنا fibre لدار بالسبت و للدوك مكاش connexion
C:\Users\dell\Desktop\laststation\Audio_augmented\compression\audio_000567__aug_compression_01.wav,دخلولنا fibre لدار بالسبت و للدوك مكاش connexion
C:\Users\dell\Desktop\laststation\Audio_augmented\noise\audio_000568__aug_noise_01.wav,مبادرة حسنة تستحق التثمين في ميزان حسناتكم جميعا
C:\Users\dell\Desktop\laststation\Audio_augmented\speed\audio_000568__aug_speed_01.wav,مبادرة حسنة تستحق التثمين في ميزان حسناتكم جميعا
C:\Users\dell\Desktop\laststation\Audio_augmented\compression\audio_000568__aug_compression_01.wav,مبادرة حسنة تستحق التثمين في ميزان حسناتكم جميعا
C:\Users\dell\Desktop\laststation\Audio_augmented\noise\audio_000569__aug_noise_01.wav,عندنا cable مقطع عندو سمانة وين راكم يارب
C:\Users\dell\Desktop\laststation\Audio_augmented\speed\audio_000569__aug_speed_01.wav,عندنا cable مقطع عندو سمانة وين راكم يارب
C:\Users\dell\Desktop\laststation\Audio_augmented\compression\audio_000569__aug_compression_01.wav,عندنا cable مقطع عندو سمانة وين راكم يارب
C:\Users\dell\Desktop\laststation\Audio_augmented\noise\audio_000570__aug_noise_01.wav,شوفولنا probleme في بلدية الحومة من صباح راحت internet ڨاع
C:\Users\dell\Desktop\laststation\Audio_augmented\speed\audio_000570__aug_speed_01.wav,شوفولنا probleme في بلدية الحومة من صباح راحت internet ڨاع
C:\Users\dell\Desktop\laststation\Audio_augmented\compression\audio_000570__aug_compression_01.wav,شوفولنا probleme في بلدية الحومة من صباح راحت internet ڨاع
C:\Users\dell\Desktop\laststation\Audio_augmented\noise\audio_000571__aug_noise_01.wav,ردو عليا فلخاص رقم الزبون مقدرتش نخرجو من الموقع
C:\Users\dell\Desktop\laststation\Audio_augmented\speed\audio_000571__aug_speed_01.wav,ردو عليا فلخاص رقم الزبون مقدرتش نخرجو من الموقع
C:\Users\dell\Desktop\laststation\Audio_augmented\compression\audio_000571__aug_compression_01.wav,ردو عليا فلخاص رقم الزبون مقدرتش نخرجو من الموقع
C:\Users\dell\Desktop\laststation\Audio_augmented\noise\audio_000572__aug_noise_01.wav,حنا الحميز اقرب نقطة عندكم مازال كفنا مع التهريج
C:\Users\dell\Desktop\laststation\Audio_augmented\speed\audio_000572__aug_speed_01.wav,حنا الحميز اقرب نقطة عندكم مازال كفنا مع التهريج
C:\Users\dell\Desktop\laststation\Audio_augmented\compression\audio_000572__aug_compression_01.wav,حنا الحميز اقرب نقطة عندكم مازال كفنا مع التهريج
C:\Users\dell\Desktop\laststation\Audio_augmented\noise\audio_000573__aug_noise_01.wav,اخر رسالة بعتهالكم عندها ثلاثة سنين لحد الساعة مرديتوش عليها
C:\Users\dell\Desktop\laststation\Audio_augmented\speed\audio_000573__aug_speed_01.wav,اخر رسالة بعتهالكم عندها ثلاثة سنين لحد الساعة مرديتوش عليها
C:\Users\dell\Desktop\laststation\Audio_augmented\compression\audio_000573__aug_compression_01.wav,اخر رسالة بعتهالكم عندها ثلاثة سنين لحد الساعة مرديتوش عليها
C:\Users\dell\Desktop\laststation\Audio_augmented\noise\audio_000574__aug_noise_01.wav,رانا في عام مخلصين و نستناو في les modem مكاش برك
C:\Users\dell\Desktop\laststation\Audio_augmented\speed\audio_000574__aug_speed_01.wav,رانا في عام مخلصين و نستناو في les modem مكاش برك
C:\Users\dell\Desktop\laststation\Audio_augmented\compression\audio_000574__aug_compression_01.wav,رانا في عام مخلصين و نستناو في les modem مكاش برك
C:\Users\dell\Desktop\laststation\Audio_augmented\noise\audio_000575__aug_noise_01.wav,معندناش connexion في يومين دوك زعما الياف بصرية ومنعرف
C:\Users\dell\Desktop\laststation\Audio_augmented\speed\audio_000575__aug_speed_01.wav,معندناش connexion في يومين دوك زعما الياف بصرية ومنعرف
C:\Users\dell\Desktop\laststation\Audio_augmented\compression\audio_000575__aug_compression_01.wav,معندناش connexion في يومين دوك زعما الياف بصرية ومنعرف
C:\Users\dell\Desktop\laststation\Audio_augmented\noise\audio_000576__aug_noise_01.wav,انا لم اتمكن من تسجيل فضاء الزبون برغم من رقم الزبون صحيح
C:\Users\dell\Desktop\laststation\Audio_augmented\speed\audio_000576__aug_speed_01.wav,انا لم اتمكن من تسجيل فضاء الزبون برغم من رقم الزبون صحيح
C:\Users\dell\Desktop\laststation\Audio_augmented\compression\audio_000576__aug_compression_01.wav,انا لم اتمكن من تسجيل فضاء الزبون برغم من رقم الزبون صحيح
C:\Users\dell\Desktop\laststation\Audio_augmented\noise\audio_000577__aug_noise_01.wav,اريد معرفة عن الاشتراك في خدمة internet
C:\Users\dell\Desktop\laststation\Audio_augmented\speed\audio_000577__aug_speed_01.wav,اريد معرفة عن الاشتراك في خدمة internet
C:\Users\dell\Desktop\laststation\Audio_augmented\compression\audio_000577__aug_compression_01.wav,اريد معرفة عن الاشتراك في خدمة internet
C:\Users\dell\Desktop\laststation\Audio_augmented\noise\audio_000578__aug_noise_01.wav,عطاولك post بزوج دورو باه تشدلهم la page و تتستر علي الحق
C:\Users\dell\Desktop\laststation\Audio_augmented\speed\audio_000578__aug_speed_01.wav,عطاولك post بزوج دورو باه تشدلهم la page و تتستر علي الحق
C:\Users\dell\Desktop\laststation\Audio_augmented\compression\audio_000578__aug_compression_01.wav,عطاولك post بزوج دورو باه تشدلهم la page و تتستر علي الحق
C:\Users\dell\Desktop\laststation\Audio_augmented\noise\audio_000579__aug_noise_01.wav,اريد معرفة رقم الزبون باش نفتح حساب في فضاء الزبون
C:\Users\dell\Desktop\laststation\Audio_augmented\speed\audio_000579__aug_speed_01.wav,اريد معرفة رقم الزبون باش نفتح حساب في فضاء الزبون
C:\Users\dell\Desktop\laststation\Audio_augmented\compression\audio_000579__aug_compression_01.wav,اريد معرفة رقم الزبون باش نفتح حساب في فضاء الزبون
C:\Users\dell\Desktop\laststation\Audio_augmented\noise\audio_000580__aug_noise_01.wav,شارع لي قدامنا ملي جات حاجة اسمها la fibre عندهم
C:\Users\dell\Desktop\laststation\Audio_augmented\speed\audio_000580__aug_speed_01.wav,شارع لي قدامنا ملي جات حاجة اسمها la fibre عندهم
C:\Users\dell\Desktop\laststation\Audio_augmented\compression\audio_000580__aug_compression_01.wav,شارع لي قدامنا ملي جات حاجة اسمها la fibre عندهم
C:\Users\dell\Desktop\laststation\Audio_augmented\noise\audio_000581__aug_noise_01.wav,فضاء الزبون علاه منقدروش نسجلو فيه رانا نرسلولكم في الخاص و متجاوبوش علاش
C:\Users\dell\Desktop\laststation\Audio_augmented\speed\audio_000581__aug_speed_01.wav,فضاء الزبون علاه منقدروش نسجلو فيه رانا نرسلولكم في الخاص و متجاوبوش علاش
C:\Users\dell\Desktop\laststation\Audio_augmented\compression\audio_000581__aug_compression_01.wav,فضاء الزبون علاه منقدروش نسجلو فيه رانا نرسلولكم في الخاص و متجاوبوش علاش
C:\Users\dell\Desktop\laststation\Audio_augmented\noise\audio_000582__aug_noise_01.wav,شهرين modem كاين و مازال مرضاوش علينا يجو يركبولنا
C:\Users\dell\Desktop\laststation\Audio_augmented\speed\audio_000582__aug_speed_01.wav,شهرين modem كاين و مازال مرضاوش علينا يجو يركبولنا
C:\Users\dell\Desktop\laststation\Audio_augmented\compression\audio_000582__aug_compression_01.wav,شهرين modem كاين و مازال مرضاوش علينا يجو يركبولنا
C:\Users\dell\Desktop\laststation\Audio_augmented\noise\audio_000583__aug_noise_01.wav,وين راو modem fibre عندنا عام و حنا نستناو كل يوم تبلعطو فينا
C:\Users\dell\Desktop\laststation\Audio_augmented\speed\audio_000583__aug_speed_01.wav,وين راو modem fibre عندنا عام و حنا نستناو كل يوم تبلعطو فينا
C:\Users\dell\Desktop\laststation\Audio_augmented\compression\audio_000583__aug_compression_01.wav,وين راو modem fibre عندنا عام و حنا نستناو كل يوم تبلعطو فينا
C:\Users\dell\Desktop\laststation\Audio_augmented\noise\audio_000584__aug_noise_01.wav,اصبر يلحقو fibre لعندنا هذا اذا لحقو من بعد ساهل
C:\Users\dell\Desktop\laststation\Audio_augmented\speed\audio_000584__aug_speed_01.wav,اصبر يلحقو fibre لعندنا هذا اذا لحقو من بعد ساهل
C:\Users\dell\Desktop\laststation\Audio_augmented\compression\audio_000584__aug_compression_01.wav,اصبر يلحقو fibre لعندنا هذا اذا لحقو من بعد ساهل
C:\Users\dell\Desktop\laststation\Audio_augmented\noise\audio_000585__aug_noise_01.wav,mille giga ستة شهر تسما استهلاك يومي لازم ما يفوتش خمسة و ستين giga
C:\Users\dell\Desktop\laststation\Audio_augmented\speed\audio_000585__aug_speed_01.wav,mille giga ستة شهر تسما استهلاك يومي لازم ما يفوتش خمسة و ستين giga
C:\Users\dell\Desktop\laststation\Audio_augmented\compression\audio_000585__aug_compression_01.wav,mille giga ستة شهر تسما استهلاك يومي لازم ما يفوتش خمسة و ستين giga
C:\Users\dell\Desktop\laststation\Audio_augmented\noise\audio_000586__aug_noise_01.wav,يا موطن توجه للقضاء و جيب حقك هذي الشركة ماينفع معها والوا
C:\Users\dell\Desktop\laststation\Audio_augmented\speed\audio_000586__aug_speed_01.wav,يا موطن توجه للقضاء و جيب حقك هذي الشركة ماينفع معها والوا
C:\Users\dell\Desktop\laststation\Audio_augmented\compression\audio_000586__aug_compression_01.wav,يا موطن توجه للقضاء و جيب حقك هذي الشركة ماينفع معها والوا
C:\Users\dell\Desktop\laststation\Audio_augmented\noise\audio_000587__aug_noise_01.wav,من فضلكم مازالت الاشغال لتوصيل fibre في بلدية بني تامو البليدة بطيئة
C:\Users\dell\Desktop\laststation\Audio_augmented\speed\audio_000587__aug_speed_01.wav,من فضلكم مازالت الاشغال لتوصيل fibre في بلدية بني تامو البليدة بطيئة
C:\Users\dell\Desktop\laststation\Audio_augmented\compression\audio_000587__aug_compression_01.wav,من فضلكم مازالت الاشغال لتوصيل fibre في بلدية بني تامو البليدة بطيئة
C:\Users\dell\Desktop\laststation\Audio_augmented\noise\audio_000588__aug_noise_01.wav,نقص فالتغطية التدفق ضعيف جدا سرعة لا تتجاوز مية bit
C:\Users\dell\Desktop\laststation\Audio_augmented\speed\audio_000588__aug_speed_01.wav,نقص فالتغطية التدفق ضعيف جدا سرعة لا تتجاوز مية bit
C:\Users\dell\Desktop\laststation\Audio_augmented\compression\audio_000588__aug_compression_01.wav,نقص فالتغطية التدفق ضعيف جدا سرعة لا تتجاوز مية bit
C:\Users\dell\Desktop\laststation\Audio_augmented\noise\audio_000589__aug_noise_01.wav,تحيا الجزاير وسط البليدة بلا internet قرابة سبعة شهر
C:\Users\dell\Desktop\laststation\Audio_augmented\speed\audio_000589__aug_speed_01.wav,تحيا الجزاير وسط البليدة بلا internet قرابة سبعة شهر
C:\Users\dell\Desktop\laststation\Audio_augmented\compression\audio_000589__aug_compression_01.wav,تحيا الجزاير وسط البليدة بلا internet قرابة سبعة شهر
C:\Users\dell\Desktop\laststation\Audio_augmented\noise\audio_000590__aug_noise_01.wav,هيه في الموشر تتقدم و في ارض الواقع شيء اخر
C:\Users\dell\Desktop\laststation\Audio_augmented\speed\audio_000590__aug_speed_01.wav,هيه في الموشر تتقدم و في ارض الواقع شيء اخر
C:\Users\dell\Desktop\laststation\Audio_augmented\compression\audio_000590__aug_compression_01.wav,هيه في الموشر تتقدم و في ارض الواقع شيء اخر
C:\Users\dell\Desktop\laststation\Audio_augmented\noise\audio_000591__aug_noise_01.wav,كل المنشورات تاعكم تتحدث على fibre و adsl نسيتوه
C:\Users\dell\Desktop\laststation\Audio_augmented\speed\audio_000591__aug_speed_01.wav,كل المنشورات تاعكم تتحدث على fibre و adsl نسيتوه
C:\Users\dell\Desktop\laststation\Audio_augmented\compression\audio_000591__aug_compression_01.wav,كل المنشورات تاعكم تتحدث على fibre و adsl نسيتوه
C:\Users\dell\Desktop\laststation\Audio_augmented\noise\audio_000592__aug_noise_01.wav,متقطعوش علينا l'internet برك و مكلاه تقولي ماراناش نقطعو
C:\Users\dell\Desktop\laststation\Audio_augmented\speed\audio_000592__aug_speed_01.wav,متقطعوش علينا l'internet برك و مكلاه تقولي ماراناش نقطعو
C:\Users\dell\Desktop\laststation\Audio_augmented\compression\audio_000592__aug_compression_01.wav,متقطعوش علينا l'internet برك و مكلاه تقولي ماراناش نقطعو
C:\Users\dell\Desktop\laststation\Audio_augmented\noise\audio_000593__aug_noise_01.wav,حبيت تعرف رقم باطة وين جاي الي في بوطو
C:\Users\dell\Desktop\laststation\Audio_augmented\speed\audio_000593__aug_speed_01.wav,حبيت تعرف رقم باطة وين جاي الي في بوطو
C:\Users\dell\Desktop\laststation\Audio_augmented\compression\audio_000593__aug_compression_01.wav,حبيت تعرف رقم باطة وين جاي الي في بوطو
C:\Users\dell\Desktop\laststation\Audio_augmented\noise\audio_000594__aug_noise_01.wav,بعت مشكلتي على الخاص هل ممكن تجاوبني من فضلك
C:\Users\dell\Desktop\laststation\Audio_augmented\speed\audio_000594__aug_speed_01.wav,بعت مشكلتي على الخاص هل ممكن تجاوبني من فضلك
C:\Users\dell\Desktop\laststation\Audio_augmented\compression\audio_000594__aug_compression_01.wav,بعت مشكلتي على الخاص هل ممكن تجاوبني من فضلك
C:\Users\dell\Desktop\laststation\Audio_augmented\noise\audio_000595__aug_noise_01.wav,انا راني في شهر بلا internet و مجاوش يخدمولي المشكل
C:\Users\dell\Desktop\laststation\Audio_augmented\speed\audio_000595__aug_speed_01.wav,انا راني في شهر بلا internet و مجاوش يخدمولي المشكل
C:\Users\dell\Desktop\laststation\Audio_augmented\compression\audio_000595__aug_compression_01.wav,انا راني في شهر بلا internet و مجاوش يخدمولي المشكل
C:\Users\dell\Desktop\laststation\Audio_augmented\noise\audio_000596__aug_noise_01.wav,كي شكركم رديتو عليه ولي ينتقدمكم تضربو عليه النح
C:\Users\dell\Desktop\laststation\Audio_augmented\speed\audio_000596__aug_speed_01.wav,كي شكركم رديتو عليه ولي ينتقدمكم تضربو عليه النح
C:\Users\dell\Desktop\laststation\Audio_augmented\compression\audio_000596__aug_compression_01.wav,كي شكركم رديتو عليه ولي ينتقدمكم تضربو عليه النح
C:\Users\dell\Desktop\laststation\Audio_augmented\noise\audio_000597__aug_noise_01.wav,عندها خمسة ايام connexion مكاش ناس تتقدم للقدام حنا نولو للور
C:\Users\dell\Desktop\laststation\Audio_augmented\speed\audio_000597__aug_speed_01.wav,عندها خمسة ايام connexion مكاش ناس تتقدم للقدام حنا نولو للور
C:\Users\dell\Desktop\laststation\Audio_augmented\compression\audio_000597__aug_compression_01.wav,عندها خمسة ايام connexion مكاش ناس تتقدم للقدام حنا نولو للور
C:\Users\dell\Desktop\laststation\Audio_augmented\noise\audio_000598__aug_noise_01.wav,لماذا لا يتم اظافة خاصية توقيف الخط موقتا و اعادة تشغيله من فضاء الزبون
C:\Users\dell\Desktop\laststation\Audio_augmented\speed\audio_000598__aug_speed_01.wav,لماذا لا يتم اظافة خاصية توقيف الخط موقتا و اعادة تشغيله من فضاء الزبون
C:\Users\dell\Desktop\laststation\Audio_augmented\compression\audio_000598__aug_compression_01.wav,لماذا لا يتم اظافة خاصية توقيف الخط موقتا و اعادة تشغيله من فضاء الزبون
C:\Users\dell\Desktop\laststation\Audio_augmented\noise\audio_000599__aug_noise_01.wav,بجاية بالضبط سوق ثنين لا يوجد رغم الطلب الكبير عليها من طرف السكان
C:\Users\dell\Desktop\laststation\Audio_augmented\speed\audio_000599__aug_speed_01.wav,بجاية بالضبط سوق ثنين لا يوجد رغم الطلب الكبير عليها من طرف السكان
C:\Users\dell\Desktop\laststation\Audio_augmented\compression\audio_000599__aug_compression_01.wav,بجاية بالضبط سوق ثنين لا يوجد رغم الطلب الكبير عليها من طرف السكان
C:\Users\dell\Desktop\laststation\Audio_augmented\noise\audio_000600__aug_noise_01.wav,وين نجيب رقم الزبون و حنا ماعندنا حتى فاتورة
C:\Users\dell\Desktop\laststation\Audio_augmented\speed\audio_000600__aug_speed_01.wav,وين نجيب رقم الزبون و حنا ماعندنا حتى فاتورة
C:\Users\dell\Desktop\laststation\Audio_augmented\compression\audio_000600__aug_compression_01.wav,وين نجيب رقم الزبون و حنا ماعندنا حتى فاتورة
C:\Users\dell\Desktop\laststation\Audio_augmented\noise\audio_000601__aug_noise_01.wav,عندها تقريب اسبوع هي ضعيفة واش من يوم عالمي
C:\Users\dell\Desktop\laststation\Audio_augmented\speed\audio_000601__aug_speed_01.wav,عندها تقريب اسبوع هي ضعيفة واش من يوم عالمي
C:\Users\dell\Desktop\laststation\Audio_augmented\compression\audio_000601__aug_compression_01.wav,عندها تقريب اسبوع هي ضعيفة واش من يوم عالمي
C:\Users\dell\Desktop\laststation\Audio_augmented\noise\audio_000602__aug_noise_01.wav,هل نقدرو نسجلو خط ثاني في نفس البيت
C:\Users\dell\Desktop\laststation\Audio_augmented\speed\audio_000602__aug_speed_01.wav,هل نقدرو نسجلو خط ثاني في نفس البيت
C:\Users\dell\Desktop\laststation\Audio_augmented\compression\audio_000602__aug_compression_01.wav,هل نقدرو نسجلو خط ثاني في نفس البيت
C:\Users\dell\Desktop\laststation\Audio_augmented\noise\audio_000603__aug_noise_01.wav,فريق الابطال ربي يوفقكم ديما شكرا جزيلا على الاحترافية العالية و الاخلاق المشهودة
C:\Users\dell\Desktop\laststation\Audio_augmented\speed\audio_000603__aug_speed_01.wav,فريق الابطال ربي يوفقكم ديما شكرا جزيلا على الاحترافية العالية و الاخلاق المشهودة
C:\Users\dell\Desktop\laststation\Audio_augmented\compression\audio_000603__aug_compression_01.wav,فريق الابطال ربي يوفقكم ديما شكرا جزيلا على الاحترافية العالية و الاخلاق المشهودة
C:\Users\dell\Desktop\laststation\Audio_augmented\noise\audio_000604__aug_noise_01.wav,connexion zero شركة فاشلة زدت التدفق و راني نعاني
C:\Users\dell\Desktop\laststation\Audio_augmented\speed\audio_000604__aug_speed_01.wav,connexion zero شركة فاشلة زدت التدفق و راني نعاني
C:\Users\dell\Desktop\laststation\Audio_augmented\compression\audio_000604__aug_compression_01.wav,connexion zero شركة فاشلة زدت التدفق و راني نعاني
C:\Users\dell\Desktop\laststation\Audio_augmented\noise\audio_000605__aug_noise_01.wav,خصتنا شريحة اتصالات الجزاير الجيل الرابع و الجيل الخامس بها تحسن
C:\Users\dell\Desktop\laststation\Audio_augmented\speed\audio_000605__aug_speed_01.wav,خصتنا شريحة اتصالات الجزاير الجيل الرابع و الجيل الخامس بها تحسن
C:\Users\dell\Desktop\laststation\Audio_augmented\compression\audio_000605__aug_compression_01.wav,خصتنا شريحة اتصالات الجزاير الجيل الرابع و الجيل الخامس بها تحسن
C:\Users\dell\Desktop\laststation\Audio_augmented\noise\audio_000606__aug_noise_01.wav,بلديتنا قريب ڨاع استفادوا من الخدمة الى الحومة تاعنا الهدرة عليها و مكاش
C:\Users\dell\Desktop\laststation\Audio_augmented\speed\audio_000606__aug_speed_01.wav,بلديتنا قريب ڨاع استفادوا من الخدمة الى الحومة تاعنا الهدرة عليها و مكاش
C:\Users\dell\Desktop\laststation\Audio_augmented\compression\audio_000606__aug_compression_01.wav,بلديتنا قريب ڨاع استفادوا من الخدمة الى الحومة تاعنا الهدرة عليها و مكاش
C:\Users\dell\Desktop\laststation\Audio_augmented\noise\audio_000607__aug_noise_01.wav,دوك راو كلش بالبطاقة الذهبية واش ندير عند djezzy
C:\Users\dell\Desktop\laststation\Audio_augmented\speed\audio_000607__aug_speed_01.wav,دوك راو كلش بالبطاقة الذهبية واش ندير عند djezzy
C:\Users\dell\Desktop\laststation\Audio_augmented\compression\audio_000607__aug_compression_01.wav,دوك راو كلش بالبطاقة الذهبية واش ندير عند djezzy
C:\Users\dell\Desktop\laststation\Audio_augmented\noise\audio_000608__aug_noise_01.wav,هل من عروض باطل الي يحب يدخل الياف بصرية
C:\Users\dell\Desktop\laststation\Audio_augmented\speed\audio_000608__aug_speed_01.wav,هل من عروض باطل الي يحب يدخل الياف بصرية
C:\Users\dell\Desktop\laststation\Audio_augmented\compression\audio_000608__aug_compression_01.wav,هل من عروض باطل الي يحب يدخل الياف بصرية
C:\Users\dell\Desktop\laststation\Audio_augmented\noise\audio_000609__aug_noise_01.wav,واش من الياف رانا من عام جدي و حنا بي adsl
C:\Users\dell\Desktop\laststation\Audio_augmented\speed\audio_000609__aug_speed_01.wav,واش من الياف رانا من عام جدي و حنا بي adsl
C:\Users\dell\Desktop\laststation\Audio_augmented\compression\audio_000609__aug_compression_01.wav,واش من الياف رانا من عام جدي و حنا بي adsl
C:\Users\dell\Desktop\laststation\Audio_augmented\noise\audio_000610__aug_noise_01.wav,ديما نلقا متردوش زيد يخلص creadit بلا فايدة
C:\Users\dell\Desktop\laststation\Audio_augmented\speed\audio_000610__aug_speed_01.wav,ديما نلقا متردوش زيد يخلص creadit بلا فايدة
C:\Users\dell\Desktop\laststation\Audio_augmented\compression\audio_000610__aug_compression_01.wav,ديما نلقا متردوش زيد يخلص creadit بلا فايدة
C:\Users\dell\Desktop\laststation\Audio_augmented\noise\audio_000611__aug_noise_01.wav,bonus راو قريب يخلاص و انا راني نستنا دورك ثلاثة سمانات
C:\Users\dell\Desktop\laststation\Audio_augmented\speed\audio_000611__aug_speed_01.wav,bonus راو قريب يخلاص و انا راني نستنا دورك ثلاثة سمانات
C:\Users\dell\Desktop\laststation\Audio_augmented\compression\audio_000611__aug_compression_01.wav,bonus راو قريب يخلاص و انا راني نستنا دورك ثلاثة سمانات
C:\Users\dell\Desktop\laststation\Audio_augmented\noise\audio_000612__aug_noise_01.wav,واش من تدفق internet تاعكم راهي faible شبه منعدمة
C:\Users\dell\Desktop\laststation\Audio_augmented\speed\audio_000612__aug_speed_01.wav,واش من تدفق internet تاعكم راهي faible شبه منعدمة
C:\Users\dell\Desktop\laststation\Audio_augmented\compression\audio_000612__aug_compression_01.wav,واش من تدفق internet تاعكم راهي faible شبه منعدمة
C:\Users\dell\Desktop\laststation\Audio_augmented\noise\audio_000613__aug_noise_01.wav,تواصلت معكم في المراسلة و لا يوجد رد فعلي
C:\Users\dell\Desktop\laststation\Audio_augmented\speed\audio_000613__aug_speed_01.wav,تواصلت معكم في المراسلة و لا يوجد رد فعلي
C:\Users\dell\Desktop\laststation\Audio_augmented\compression\audio_000613__aug_compression_01.wav,تواصلت معكم في المراسلة و لا يوجد رد فعلي
C:\Users\dell\Desktop\laststation\Audio_augmented\noise\audio_000614__aug_noise_01.wav,علاش تتمسخرو كيما قالو الهدرة ساهلة mais الخدمة مكاش
C:\Users\dell\Desktop\laststation\Audio_augmented\speed\audio_000614__aug_speed_01.wav,علاش تتمسخرو كيما قالو الهدرة ساهلة mais الخدمة مكاش
C:\Users\dell\Desktop\laststation\Audio_augmented\compression\audio_000614__aug_compression_01.wav,علاش تتمسخرو كيما قالو الهدرة ساهلة mais الخدمة مكاش
C:\Users\dell\Desktop\laststation\Audio_augmented\noise\audio_000615__aug_noise_01.wav,اقرب صح دايمن عندكم نشكي والله ماحلبتونا شكرا لتمسخير هذا
C:\Users\dell\Desktop\laststation\Audio_augmented\speed\audio_000615__aug_speed_01.wav,اقرب صح دايمن عندكم نشكي والله ماحلبتونا شكرا لتمسخير هذا
C:\Users\dell\Desktop\laststation\Audio_augmented\compression\audio_000615__aug_compression_01.wav,اقرب صح دايمن عندكم نشكي والله ماحلبتونا شكرا لتمسخير هذا
C:\Users\dell\Desktop\laststation\Audio_augmented\noise\audio_000616__aug_noise_01.wav,جاوبونا نقدرو نشر puce بلا modem ولا لالا
C:\Users\dell\Desktop\laststation\Audio_augmented\speed\audio_000616__aug_speed_01.wav,جاوبونا نقدرو نشر puce بلا modem ولا لالا
C:\Users\dell\Desktop\laststation\Audio_augmented\compression\audio_000616__aug_compression_01.wav,جاوبونا نقدرو نشر puce بلا modem ولا لالا
C:\Users\dell\Desktop\laststation\Audio_augmented\noise\audio_000617__aug_noise_01.wav,خدمات رديئة لان لا يوجد منافس لا fibre لا internet
C:\Users\dell\Desktop\laststation\Audio_augmented\speed\audio_000617__aug_speed_01.wav,خدمات رديئة لان لا يوجد منافس لا fibre لا internet
C:\Users\dell\Desktop\laststation\Audio_augmented\compression\audio_000617__aug_compression_01.wav,خدمات رديئة لان لا يوجد منافس لا fibre لا internet
C:\Users\dell\Desktop\laststation\Audio_augmented\noise\audio_000618__aug_noise_01.wav,كيفاه نبدلو و الاحياء تاعنا مازالت بالطريقة القديمة و لم تعملوا لها الالياف غريب امركم
C:\Users\dell\Desktop\laststation\Audio_augmented\speed\audio_000618__aug_speed_01.wav,كيفاه نبدلو و الاحياء تاعنا مازالت بالطريقة القديمة و لم تعملوا لها الالياف غريب امركم
C:\Users\dell\Desktop\laststation\Audio_augmented\compression\audio_000618__aug_compression_01.wav,كيفاه نبدلو و الاحياء تاعنا مازالت بالطريقة القديمة و لم تعملوا لها الالياف غريب امركم
C:\Users\dell\Desktop\laststation\Audio_augmented\noise\audio_000619__aug_noise_01.wav,حاب واحد يجاوبني وقتاش يتوفروا les modem nokia
C:\Users\dell\Desktop\laststation\Audio_augmented\speed\audio_000619__aug_speed_01.wav,حاب واحد يجاوبني وقتاش يتوفروا les modem nokia
C:\Users\dell\Desktop\laststation\Audio_augmented\compression\audio_000619__aug_compression_01.wav,حاب واحد يجاوبني وقتاش يتوفروا les modem nokia
C:\Users\dell\Desktop\laststation\Audio_augmented\noise\audio_000620__aug_noise_01.wav,نحلف اذا خدمتو الاعطال يجاوبو في الرقم نتاعهم
C:\Users\dell\Desktop\laststation\Audio_augmented\speed\audio_000620__aug_speed_01.wav,نحلف اذا خدمتو الاعطال يجاوبو في الرقم نتاعهم
C:\Users\dell\Desktop\laststation\Audio_augmented\compression\audio_000620__aug_compression_01.wav,نحلف اذا خدمتو الاعطال يجاوبو في الرقم نتاعهم
C:\Users\dell\Desktop\laststation\Audio_augmented\noise\audio_000621__aug_noise_01.wav,نتمنى ديرو حاجة على المواقع هذا الاجراء واجب عليكم
C:\Users\dell\Desktop\laststation\Audio_augmented\speed\audio_000621__aug_speed_01.wav,نتمنى ديرو حاجة على المواقع هذا الاجراء واجب عليكم
C:\Users\dell\Desktop\laststation\Audio_augmented\compression\audio_000621__aug_compression_01.wav,نتمنى ديرو حاجة على المواقع هذا الاجراء واجب عليكم
C:\Users\dell\Desktop\laststation\Audio_augmented\noise\audio_000622__aug_noise_01.wav,وين راهي وتيرة الاشغال الميدانية لتعميم خدمات الالياف البصرية فالولاية المنكوبة
C:\Users\dell\Desktop\laststation\Audio_augmented\speed\audio_000622__aug_speed_01.wav,وين راهي وتيرة الاشغال الميدانية لتعميم خدمات الالياف البصرية فالولاية المنكوبة
C:\Users\dell\Desktop\laststation\Audio_augmented\compression\audio_000622__aug_compression_01.wav,وين راهي وتيرة الاشغال الميدانية لتعميم خدمات الالياف البصرية فالولاية المنكوبة
C:\Users\dell\Desktop\laststation\Audio_augmented\noise\audio_000623__aug_noise_01.wav,انا واحد من الناس من الصباح نعيطلكم مركمش تجاوبو
C:\Users\dell\Desktop\laststation\Audio_augmented\speed\audio_000623__aug_speed_01.wav,انا واحد من الناس من الصباح نعيطلكم مركمش تجاوبو
C:\Users\dell\Desktop\laststation\Audio_augmented\compression\audio_000623__aug_compression_01.wav,انا واحد من الناس من الصباح نعيطلكم مركمش تجاوبو
C:\Users\dell\Desktop\laststation\Audio_augmented\noise\audio_000624__aug_noise_01.wav,كيف احصل على رقم الزبون لكي اسجل في فضاء الزبون
C:\Users\dell\Desktop\laststation\Audio_augmented\speed\audio_000624__aug_speed_01.wav,كيف احصل على رقم الزبون لكي اسجل في فضاء الزبون
C:\Users\dell\Desktop\laststation\Audio_augmented\compression\audio_000624__aug_compression_01.wav,كيف احصل على رقم الزبون لكي اسجل في فضاء الزبون
C:\Users\dell\Desktop\laststation\Audio_augmented\noise\audio_000625__aug_noise_01.wav,ارجو الرد على الرسالة درت تبليغ بمشكل انقطاع حرارة الهاتف و internet و طلبت توقيف
C:\Users\dell\Desktop\laststation\Audio_augmented\speed\audio_000625__aug_speed_01.wav,ارجو الرد على الرسالة درت تبليغ بمشكل انقطاع حرارة الهاتف و internet و طلبت توقيف
C:\Users\dell\Desktop\laststation\Audio_augmented\compression\audio_000625__aug_compression_01.wav,ارجو الرد على الرسالة درت تبليغ بمشكل انقطاع حرارة الهاتف و internet و طلبت توقيف
C:\Users\dell\Desktop\laststation\Audio_augmented\noise\audio_000626__aug_noise_01.wav,شكون لي يعوض الضرار تاع ناس والايام تاع الاشتراك
C:\Users\dell\Desktop\laststation\Audio_augmented\speed\audio_000626__aug_speed_01.wav,شكون لي يعوض الضرار تاع ناس والايام تاع الاشتراك
C:\Users\dell\Desktop\laststation\Audio_augmented\compression\audio_000626__aug_compression_01.wav,شكون لي يعوض الضرار تاع ناس والايام تاع الاشتراك
C:\Users\dell\Desktop\laststation\Audio_augmented\noise\audio_000627__aug_noise_01.wav,ابسط حاجة ماتمشيش عندي عام ماقدرتش ندخل فضاء الزبون
C:\Users\dell\Desktop\laststation\Audio_augmented\speed\audio_000627__aug_speed_01.wav,ابسط حاجة ماتمشيش عندي عام ماقدرتش ندخل فضاء الزبون
C:\Users\dell\Desktop\laststation\Audio_augmented\compression\audio_000627__aug_compression_01.wav,ابسط حاجة ماتمشيش عندي عام ماقدرتش ندخل فضاء الزبون
C:\Users\dell\Desktop\laststation\Audio_augmented\noise\audio_000628__aug_noise_01.wav,نقدر ندير modem وحداخر في الطابق الاول مع العلم
C:\Users\dell\Desktop\laststation\Audio_augmented\speed\audio_000628__aug_speed_01.wav,نقدر ندير modem وحداخر في الطابق الاول مع العلم
C:\Users\dell\Desktop\laststation\Audio_augmented\compression\audio_000628__aug_compression_01.wav,نقدر ندير modem وحداخر في الطابق الاول مع العلم
C:\Users\dell\Desktop\laststation\Audio_augmented\noise\audio_000629__aug_noise_01.wav,واش من قصة نجاح حياتي كامل نعاني مع internet
C:\Users\dell\Desktop\laststation\Audio_augmented\speed\audio_000629__aug_speed_01.wav,واش من قصة نجاح حياتي كامل نعاني مع internet
C:\Users\dell\Desktop\laststation\Audio_augmented\compression\audio_000629__aug_compression_01.wav,واش من قصة نجاح حياتي كامل نعاني مع internet
C:\Users\dell\Desktop\laststation\Audio_augmented\noise\audio_000630__aug_noise_01.wav,موسستكم قمة في فن الامبالاة تركزو على المدن الكبيرة برك
C:\Users\dell\Desktop\laststation\Audio_augmented\speed\audio_000630__aug_speed_01.wav,موسستكم قمة في فن الامبالاة تركزو على المدن الكبيرة برك
C:\Users\dell\Desktop\laststation\Audio_augmented\compression\audio_000630__aug_compression_01.wav,موسستكم قمة في فن الامبالاة تركزو على المدن الكبيرة برك
C:\Users\dell\Desktop\laststation\Audio_augmented\noise\audio_000631__aug_noise_01.wav,كون جيت انا واحد من لي حاكمين الصفحة نحشم نحط حاجة فيها
C:\Users\dell\Desktop\laststation\Audio_augmented\speed\audio_000631__aug_speed_01.wav,كون جيت انا واحد من لي حاكمين الصفحة نحشم نحط حاجة فيها
C:\Users\dell\Desktop\laststation\Audio_augmented\compression\audio_000631__aug_compression_01.wav,كون جيت انا واحد من لي حاكمين الصفحة نحشم نحط حاجة فيها
C:\Users\dell\Desktop\laststation\Audio_augmented\noise\audio_000632__aug_noise_01.wav,اطلقو connexion والله بزاف يومين ملي خلصتها و مكان والوا
C:\Users\dell\Desktop\laststation\Audio_augmented\speed\audio_000632__aug_speed_01.wav,اطلقو connexion والله بزاف يومين ملي خلصتها و مكان والوا
C:\Users\dell\Desktop\laststation\Audio_augmented\compression\audio_000632__aug_compression_01.wav,اطلقو connexion والله بزاف يومين ملي خلصتها و مكان والوا
C:\Users\dell\Desktop\laststation\Audio_augmented\noise\audio_000633__aug_noise_01.wav,كيف استطيع ان اسجل رقمين في هذ التطبيق
C:\Users\dell\Desktop\laststation\Audio_augmented\speed\audio_000633__aug_speed_01.wav,كيف استطيع ان اسجل رقمين في هذ التطبيق
C:\Users\dell\Desktop\laststation\Audio_augmented\compression\audio_000633__aug_compression_01.wav,كيف استطيع ان اسجل رقمين في هذ التطبيق
C:\Users\dell\Desktop\laststation\Audio_augmented\noise\audio_000634__aug_noise_01.wav,باش نفيبري لي راني ساكن فيها و مافيهاش fibre
C:\Users\dell\Desktop\laststation\Audio_augmented\speed\audio_000634__aug_speed_01.wav,باش نفيبري لي راني ساكن فيها و مافيهاش fibre
C:\Users\dell\Desktop\laststation\Audio_augmented\compression\audio_000634__aug_compression_01.wav,باش نفيبري لي راني ساكن فيها و مافيهاش fibre
C:\Users\dell\Desktop\laststation\Audio_augmented\noise\audio_000635__aug_noise_01.wav,بالتوفيق لكم كموسسة عمومية و تحية للحركة الجمعوية المشاركة
C:\Users\dell\Desktop\laststation\Audio_augmented\speed\audio_000635__aug_speed_01.wav,بالتوفيق لكم كموسسة عمومية و تحية للحركة الجمعوية المشاركة
C:\Users\dell\Desktop\laststation\Audio_augmented\compression\audio_000635__aug_compression_01.wav,بالتوفيق لكم كموسسة عمومية و تحية للحركة الجمعوية المشاركة
C:\Users\dell\Desktop\laststation\Audio_augmented\noise\audio_000636__aug_noise_01.wav,انا انخلص كل شهر ميتين و خمسين الف ولم استفد من خدمة fibre
C:\Users\dell\Desktop\laststation\Audio_augmented\speed\audio_000636__aug_speed_01.wav,انا انخلص كل شهر ميتين و خمسين الف ولم استفد من خدمة fibre
C:\Users\dell\Desktop\laststation\Audio_augmented\compression\audio_000636__aug_compression_01.wav,انا انخلص كل شهر ميتين و خمسين الف ولم استفد من خدمة fibre
C:\Users\dell\Desktop\laststation\Audio_augmented\noise\audio_000637__aug_noise_01.wav,وين نجيبو رقم الزبون ماشي رقم الهاتف خصني رقم الزبون
C:\Users\dell\Desktop\laststation\Audio_augmented\speed\audio_000637__aug_speed_01.wav,وين نجيبو رقم الزبون ماشي رقم الهاتف خصني رقم الزبون
C:\Users\dell\Desktop\laststation\Audio_augmented\compression\audio_000637__aug_compression_01.wav,وين نجيبو رقم الزبون ماشي رقم الهاتف خصني رقم الزبون
C:\Users\dell\Desktop\laststation\Audio_augmented\noise\audio_000638__aug_noise_01.wav,ضحكتوا علينا برك درنا الي لازم و خدعتونا و مكله تقولي فالتعليق مرحبا بكم
C:\Users\dell\Desktop\laststation\Audio_augmented\speed\audio_000638__aug_speed_01.wav,ضحكتوا علينا برك درنا الي لازم و خدعتونا و مكله تقولي فالتعليق مرحبا بكم
C:\Users\dell\Desktop\laststation\Audio_augmented\compression\audio_000638__aug_compression_01.wav,ضحكتوا علينا برك درنا الي لازم و خدعتونا و مكله تقولي فالتعليق مرحبا بكم
C:\Users\dell\Desktop\laststation\Audio_augmented\noise\audio_000639__aug_noise_01.wav,نهار تكون كاينة la fibre في ازفون وين نسكن و من بعد ساهل
C:\Users\dell\Desktop\laststation\Audio_augmented\speed\audio_000639__aug_speed_01.wav,نهار تكون كاينة la fibre في ازفون وين نسكن و من بعد ساهل
C:\Users\dell\Desktop\laststation\Audio_augmented\compression\audio_000639__aug_compression_01.wav,نهار تكون كاينة la fibre في ازفون وين نسكن و من بعد ساهل
C:\Users\dell\Desktop\laststation\Audio_augmented\noise\audio_000640__aug_noise_01.wav,اشتركنا و كامل و عندنا شهرين محبوش يمدولنا modem اتصالات الجزاير تاع خرطي
C:\Users\dell\Desktop\laststation\Audio_augmented\speed\audio_000640__aug_speed_01.wav,اشتركنا و كامل و عندنا شهرين محبوش يمدولنا modem اتصالات الجزاير تاع خرطي
C:\Users\dell\Desktop\laststation\Audio_augmented\compression\audio_000640__aug_compression_01.wav,اشتركنا و كامل و عندنا شهرين محبوش يمدولنا modem اتصالات الجزاير تاع خرطي
C:\Users\dell\Desktop\laststation\Audio_augmented\noise\audio_000641__aug_noise_01.wav,لحد الان موصلتناش الياف البصرية في الجلفة بلدية حاسي بحبح
C:\Users\dell\Desktop\laststation\Audio_augmented\speed\audio_000641__aug_speed_01.wav,لحد الان موصلتناش الياف البصرية في الجلفة بلدية حاسي بحبح
C:\Users\dell\Desktop\laststation\Audio_augmented\compression\audio_000641__aug_compression_01.wav,لحد الان موصلتناش الياف البصرية في الجلفة بلدية حاسي بحبح
C:\Users\dell\Desktop\laststation\Audio_augmented\noise\audio_000642__aug_noise_01.wav,وشبيهم ڨاع المواقع لا تعمل فضاء الزبون و idoom و الدفع الالكتروني
C:\Users\dell\Desktop\laststation\Audio_augmented\speed\audio_000642__aug_speed_01.wav,وشبيهم ڨاع المواقع لا تعمل فضاء الزبون و idoom و الدفع الالكتروني
C:\Users\dell\Desktop\laststation\Audio_augmented\compression\audio_000642__aug_compression_01.wav,وشبيهم ڨاع المواقع لا تعمل فضاء الزبون و idoom و الدفع الالكتروني
C:\Users\dell\Desktop\laststation\Audio_augmented\noise\audio_000643__aug_noise_01.wav,نرجو منكم على الاجابة على انشغالي في بريد الصفحة
C:\Users\dell\Desktop\laststation\Audio_augmented\speed\audio_000643__aug_speed_01.wav,نرجو منكم على الاجابة على انشغالي في بريد الصفحة
C:\Users\dell\Desktop\laststation\Audio_augmented\compression\audio_000643__aug_compression_01.wav,نرجو منكم على الاجابة على انشغالي في بريد الصفحة
C:\Users\dell\Desktop\laststation\Audio_augmented\noise\audio_000644__aug_noise_01.wav,راهي تقيلة بزاف fibre مكانتش هكذا جابلي ربي نقصة ولينا منقدروش نلعبو
C:\Users\dell\Desktop\laststation\Audio_augmented\speed\audio_000644__aug_speed_01.wav,راهي تقيلة بزاف fibre مكانتش هكذا جابلي ربي نقصة ولينا منقدروش نلعبو
C:\Users\dell\Desktop\laststation\Audio_augmented\compression\audio_000644__aug_compression_01.wav,راهي تقيلة بزاف fibre مكانتش هكذا جابلي ربي نقصة ولينا منقدروش نلعبو
C:\Users\dell\Desktop\laststation\Audio_augmented\noise\audio_000645__aug_noise_01.wav,علاش كي نجي نسجل في فضاء الزبون يقولي بلي مسجل من قبل
C:\Users\dell\Desktop\laststation\Audio_augmented\speed\audio_000645__aug_speed_01.wav,علاش كي نجي نسجل في فضاء الزبون يقولي بلي مسجل من قبل
C:\Users\dell\Desktop\laststation\Audio_augmented\compression\audio_000645__aug_compression_01.wav,علاش كي نجي نسجل في فضاء الزبون يقولي بلي مسجل من قبل
C:\Users\dell\Desktop\laststation\Audio_augmented\noise\audio_000646__aug_noise_01.wav,هل هذي الخدمة متوفرة في ڨاع البلاد
C:\Users\dell\Desktop\laststation\Audio_augmented\speed\audio_000646__aug_speed_01.wav,هل هذي الخدمة متوفرة في ڨاع البلاد
C:\Users\dell\Desktop\laststation\Audio_augmented\compression\audio_000646__aug_compression_01.wav,هل هذي الخدمة متوفرة في ڨاع البلاد
C:\Users\dell\Desktop\laststation\Audio_augmented\noise\audio_000647__aug_noise_01.wav,رانا في عام نستناو كل خطرة يقولو قريب و مكان والوا
C:\Users\dell\Desktop\laststation\Audio_augmented\speed\audio_000647__aug_speed_01.wav,رانا في عام نستناو كل خطرة يقولو قريب و مكان والوا
C:\Users\dell\Desktop\laststation\Audio_augmented\compression\audio_000647__aug_compression_01.wav,رانا في عام نستناو كل خطرة يقولو قريب و مكان والوا
C:\Users\dell\Desktop\laststation\Audio_augmented\noise\audio_000648__aug_noise_01.wav,متى يتم تفعيل fibre في بلدية الحاكمية ولاية البويرة
C:\Users\dell\Desktop\laststation\Audio_augmented\speed\audio_000648__aug_speed_01.wav,متى يتم تفعيل fibre في بلدية الحاكمية ولاية البويرة
C:\Users\dell\Desktop\laststation\Audio_augmented\compression\audio_000648__aug_compression_01.wav,متى يتم تفعيل fibre في بلدية الحاكمية ولاية البويرة
C:\Users\dell\Desktop\laststation\Audio_augmented\noise\audio_000649__aug_noise_01.wav,انا درت عرض وشهر مجاوش بلاصولي و ماعطاونيش modem
C:\Users\dell\Desktop\laststation\Audio_augmented\speed\audio_000649__aug_speed_01.wav,انا درت عرض وشهر مجاوش بلاصولي و ماعطاونيش modem
C:\Users\dell\Desktop\laststation\Audio_augmented\compression\audio_000649__aug_compression_01.wav,انا درت عرض وشهر مجاوش بلاصولي و ماعطاونيش modem
C:\Users\dell\Desktop\laststation\Audio_augmented\noise\audio_000650__aug_noise_01.wav,من فضلكم ياتصالات الجزاير اعطاوني رقم الهاتف الثابت جديد و الله غير لا حياة لمن تنادي
C:\Users\dell\Desktop\laststation\Audio_augmented\speed\audio_000650__aug_speed_01.wav,من فضلكم ياتصالات الجزاير اعطاوني رقم الهاتف الثابت جديد و الله غير لا حياة لمن تنادي
C:\Users\dell\Desktop\laststation\Audio_augmented\compression\audio_000650__aug_compression_01.wav,من فضلكم ياتصالات الجزاير اعطاوني رقم الهاتف الثابت جديد و الله غير لا حياة لمن تنادي
C:\Users\dell\Desktop\laststation\Audio_augmented\noise\audio_000651__aug_noise_01.wav,شاري من عندهم routeur tenda بيه هو تلحقني خمسمية mega
C:\Users\dell\Desktop\laststation\Audio_augmented\speed\audio_000651__aug_speed_01.wav,شاري من عندهم routeur tenda بيه هو تلحقني خمسمية mega
C:\Users\dell\Desktop\laststation\Audio_augmented\compression\audio_000651__aug_compression_01.wav,شاري من عندهم routeur tenda بيه هو تلحقني خمسمية mega
C:\Users\dell\Desktop\laststation\Audio_augmented\noise\audio_000652__aug_noise_01.wav,شكرا انا من وهران دائرة عين الترك بلدية العنصر والله غير رانا في عام
C:\Users\dell\Desktop\laststation\Audio_augmented\speed\audio_000652__aug_speed_01.wav,شكرا انا من وهران دائرة عين الترك بلدية العنصر والله غير رانا في عام
C:\Users\dell\Desktop\laststation\Audio_augmented\compression\audio_000652__aug_compression_01.wav,شكرا انا من وهران دائرة عين الترك بلدية العنصر والله غير رانا في عام
C:\Users\dell\Desktop\laststation\Audio_augmented\noise\audio_000653__aug_noise_01.wav,للاسف اتصلت بالرقم طناش اكثر من عشر مرات بدون رد
C:\Users\dell\Desktop\laststation\Audio_augmented\speed\audio_000653__aug_speed_01.wav,للاسف اتصلت بالرقم طناش اكثر من عشر مرات بدون رد
C:\Users\dell\Desktop\laststation\Audio_augmented\compression\audio_000653__aug_compression_01.wav,للاسف اتصلت بالرقم طناش اكثر من عشر مرات بدون رد
C:\Users\dell\Desktop\laststation\Audio_augmented\noise\audio_000654__aug_noise_01.wav,هل موقع idoom market نقدر نشري منو
C:\Users\dell\Desktop\laststation\Audio_augmented\speed\audio_000654__aug_speed_01.wav,هل موقع idoom market نقدر نشري منو
C:\Users\dell\Desktop\laststation\Audio_augmented\compression\audio_000654__aug_compression_01.wav,هل موقع idoom market نقدر نشري منو
C:\Users\dell\Desktop\laststation\Audio_augmented\noise\audio_000655__aug_noise_01.wav,نتما غير تاع هدرة هذ الهماج كامل و مازلتو تحرشو بينا
C:\Users\dell\Desktop\laststation\Audio_augmented\speed\audio_000655__aug_speed_01.wav,نتما غير تاع هدرة هذ الهماج كامل و مازلتو تحرشو بينا
C:\Users\dell\Desktop\laststation\Audio_augmented\compression\audio_000655__aug_compression_01.wav,نتما غير تاع هدرة هذ الهماج كامل و مازلتو تحرشو بينا
C:\Users\dell\Desktop\laststation\Audio_augmented\noise\audio_000656__aug_noise_01.wav,معليش اجلو هذا الاشهار حتى السمانة الجاية
C:\Users\dell\Desktop\laststation\Audio_augmented\speed\audio_000656__aug_speed_01.wav,معليش اجلو هذا الاشهار حتى السمانة الجاية
C:\Users\dell\Desktop\laststation\Audio_augmented\compression\audio_000656__aug_compression_01.wav,معليش اجلو هذا الاشهار حتى السمانة الجاية
C:\Users\dell\Desktop\laststation\Audio_augmented\noise\audio_000657__aug_noise_01.wav,لازم الدفع الالكتروني باش تستفاد من الايام من ثلاثة الى ثمانية و ربعين
C:\Users\dell\Desktop\laststation\Audio_augmented\speed\audio_000657__aug_speed_01.wav,لازم الدفع الالكتروني باش تستفاد من الايام من ثلاثة الى ثمانية و ربعين
C:\Users\dell\Desktop\laststation\Audio_augmented\compression\audio_000657__aug_compression_01.wav,لازم الدفع الالكتروني باش تستفاد من الايام من ثلاثة الى ثمانية و ربعين
C:\Users\dell\Desktop\laststation\Audio_augmented\noise\audio_000658__aug_noise_01.wav,كل هذه التطبيقات تحتاج لتدفق كافي لفتحها و العمل بها
C:\Users\dell\Desktop\laststation\Audio_augmented\speed\audio_000658__aug_speed_01.wav,كل هذه التطبيقات تحتاج لتدفق كافي لفتحها و العمل بها
C:\Users\dell\Desktop\laststation\Audio_augmented\compression\audio_000658__aug_compression_01.wav,كل هذه التطبيقات تحتاج لتدفق كافي لفتحها و العمل بها
C:\Users\dell\Desktop\laststation\Audio_augmented\noise\audio_000659__aug_noise_01.wav,ممكن نعرف رقم تسلسلي وين نلقاه من فضلك
C:\Users\dell\Desktop\laststation\Audio_augmented\speed\audio_000659__aug_speed_01.wav,ممكن نعرف رقم تسلسلي وين نلقاه من فضلك
C:\Users\dell\Desktop\laststation\Audio_augmented\compression\audio_000659__aug_compression_01.wav,ممكن نعرف رقم تسلسلي وين نلقاه من فضلك
C:\Users\dell\Desktop\laststation\Audio_augmented\noise\audio_000660__aug_noise_01.wav,مافهمناش مليح العرض فيه modem ولا لالا
C:\Users\dell\Desktop\laststation\Audio_augmented\speed\audio_000660__aug_speed_01.wav,مافهمناش مليح العرض فيه modem ولا لالا
C:\Users\dell\Desktop\laststation\Audio_augmented\compression\audio_000660__aug_compression_01.wav,مافهمناش مليح العرض فيه modem ولا لالا
C:\Users\dell\Desktop\laststation\Audio_augmented\noise\audio_000661__aug_noise_01.wav,كي يولي التطبيق و فضاء الزبون يمشي قبل
C:\Users\dell\Desktop\laststation\Audio_augmented\speed\audio_000661__aug_speed_01.wav,كي يولي التطبيق و فضاء الزبون يمشي قبل
C:\Users\dell\Desktop\laststation\Audio_augmented\compression\audio_000661__aug_compression_01.wav,كي يولي التطبيق و فضاء الزبون يمشي قبل
C:\Users\dell\Desktop\laststation\Audio_augmented\noise\audio_000662__aug_noise_01.wav,قد ماسييت نسجل في التطبيق ماحبش يقبل
C:\Users\dell\Desktop\laststation\Audio_augmented\speed\audio_000662__aug_speed_01.wav,قد ماسييت نسجل في التطبيق ماحبش يقبل
C:\Users\dell\Desktop\laststation\Audio_augmented\compression\audio_000662__aug_compression_01.wav,قد ماسييت نسجل في التطبيق ماحبش يقبل
C:\Users\dell\Desktop\laststation\Audio_augmented\noise\audio_000663__aug_noise_01.wav,دخلت نعمر الاستبيان internet ضعيفة محبش يفوت
C:\Users\dell\Desktop\laststation\Audio_augmented\speed\audio_000663__aug_speed_01.wav,دخلت نعمر الاستبيان internet ضعيفة محبش يفوت
C:\Users\dell\Desktop\laststation\Audio_augmented\compression\audio_000663__aug_compression_01.wav,دخلت نعمر الاستبيان internet ضعيفة محبش يفوت
C:\Users\dell\Desktop\laststation\Audio_augmented\noise\audio_000664__aug_noise_01.wav,اتصالات زندقة الجزاير فريدة من نوعها حيث اعتبرها افضل و احسن و اجود منظمة في الكون
C:\Users\dell\Desktop\laststation\Audio_augmented\speed\audio_000664__aug_speed_01.wav,اتصالات زندقة الجزاير فريدة من نوعها حيث اعتبرها افضل و احسن و اجود منظمة في الكون
C:\Users\dell\Desktop\laststation\Audio_augmented\compression\audio_000664__aug_compression_01.wav,اتصالات زندقة الجزاير فريدة من نوعها حيث اعتبرها افضل و احسن و اجود منظمة في الكون
C:\Users\dell\Desktop\laststation\Audio_augmented\noise\audio_000665__aug_noise_01.wav,حنا في وسط مدينة سيدي بلعباس مكاش الالياف البصرية التي يتحدثون عنها
C:\Users\dell\Desktop\laststation\Audio_augmented\speed\audio_000665__aug_speed_01.wav,حنا في وسط مدينة سيدي بلعباس مكاش الالياف البصرية التي يتحدثون عنها
C:\Users\dell\Desktop\laststation\Audio_augmented\compression\audio_000665__aug_compression_01.wav,حنا في وسط مدينة سيدي بلعباس مكاش الالياف البصرية التي يتحدثون عنها
C:\Users\dell\Desktop\laststation\Audio_augmented\noise\audio_000666__aug_noise_01.wav,internet تطير غير في الاعلانات
C:\Users\dell\Desktop\laststation\Audio_augmented\speed\audio_000666__aug_speed_01.wav,internet تطير غير في الاعلانات
C:\Users\dell\Desktop\laststation\Audio_augmented\compression\audio_000666__aug_compression_01.wav,internet تطير غير في الاعلانات
C:\Users\dell\Desktop\laststation\Audio_augmented\noise\audio_000667__aug_noise_01.wav,مشاءالله المزيد من التطور التكنولوجي العالي و البحث العلمي شكرا لكم
C:\Users\dell\Desktop\laststation\Audio_augmented\speed\audio_000667__aug_speed_01.wav,مشاءالله المزيد من التطور التكنولوجي العالي و البحث العلمي شكرا لكم
C:\Users\dell\Desktop\laststation\Audio_augmented\compression\audio_000667__aug_compression_01.wav,مشاءالله المزيد من التطور التكنولوجي العالي و البحث العلمي شكرا لكم
C:\Users\dell\Desktop\laststation\Audio_augmented\noise\audio_000668__aug_noise_01.wav,والله يا خاوتي مجرد حبر على الورق ههه
C:\Users\dell\Desktop\laststation\Audio_augmented\speed\audio_000668__aug_speed_01.wav,والله يا خاوتي مجرد حبر على الورق ههه
C:\Users\dell\Desktop\laststation\Audio_augmented\compression\audio_000668__aug_compression_01.wav,والله يا خاوتي مجرد حبر على الورق ههه
C:\Users\dell\Desktop\laststation\Audio_augmented\noise\audio_000669__aug_noise_01.wav,راني في ثلاثة سنين ملي قالولي سجل و دوك ندخلولك la fibre و مازال
C:\Users\dell\Desktop\laststation\Audio_augmented\speed\audio_000669__aug_speed_01.wav,راني في ثلاثة سنين ملي قالولي سجل و دوك ندخلولك la fibre و مازال
C:\Users\dell\Desktop\laststation\Audio_augmented\compression\audio_000669__aug_compression_01.wav,راني في ثلاثة سنين ملي قالولي سجل و دوك ندخلولك la fibre و مازال
C:\Users\dell\Desktop\laststation\Audio_augmented\noise\audio_000670__aug_noise_01.wav,راهم يديرو في الشيعة برك باش يبينو روحهم
C:\Users\dell\Desktop\laststation\Audio_augmented\speed\audio_000670__aug_speed_01.wav,راهم يديرو في الشيعة برك باش يبينو روحهم
C:\Users\dell\Desktop\laststation\Audio_augmented\compression\audio_000670__aug_compression_01.wav,راهم يديرو في الشيعة برك باش يبينو روحهم
C:\Users\dell\Desktop\laststation\Audio_augmented\noise\audio_000671__aug_noise_01.wav,عقد الاشتراك لي فيه رقم الزبون ضاع مني كيف يمكنني الحصول على مرة اخرى
C:\Users\dell\Desktop\laststation\Audio_augmented\speed\audio_000671__aug_speed_01.wav,عقد الاشتراك لي فيه رقم الزبون ضاع مني كيف يمكنني الحصول على مرة اخرى
C:\Users\dell\Desktop\laststation\Audio_augmented\compression\audio_000671__aug_compression_01.wav,عقد الاشتراك لي فيه رقم الزبون ضاع مني كيف يمكنني الحصول على مرة اخرى
C:\Users\dell\Desktop\laststation\Audio_augmented\noise\audio_000672__aug_noise_01.wav,حنا رانا قراب من العاصمة و مكاش interent
C:\Users\dell\Desktop\laststation\Audio_augmented\speed\audio_000672__aug_speed_01.wav,حنا رانا قراب من العاصمة و مكاش interent
C:\Users\dell\Desktop\laststation\Audio_augmented\compression\audio_000672__aug_compression_01.wav,حنا رانا قراب من العاصمة و مكاش interent
C:\Users\dell\Desktop\laststation\Audio_augmented\noise\audio_000673__aug_noise_01.wav,ضحكتوني وين راهي fibre حتى نبدل يخي حالة
C:\Users\dell\Desktop\laststation\Audio_augmented\speed\audio_000673__aug_speed_01.wav,ضحكتوني وين راهي fibre حتى نبدل يخي حالة
C:\Users\dell\Desktop\laststation\Audio_augmented\compression\audio_000673__aug_compression_01.wav,ضحكتوني وين راهي fibre حتى نبدل يخي حالة
C:\Users\dell\Desktop\laststation\Audio_augmented\noise\audio_000674__aug_noise_01.wav,ديرو لمة كيما هذي باش غدوا تحبسوا connexion
C:\Users\dell\Desktop\laststation\Audio_augmented\speed\audio_000674__aug_speed_01.wav,ديرو لمة كيما هذي باش غدوا تحبسوا connexion
C:\Users\dell\Desktop\laststation\Audio_augmented\compression\audio_000674__aug_compression_01.wav,ديرو لمة كيما هذي باش غدوا تحبسوا connexion
C:\Users\dell\Desktop\laststation\Audio_augmented\noise\audio_000675__aug_noise_01.wav,مخلص ثلاثين mega fibre تلحق غير عشرة الى خمسطاش max
C:\Users\dell\Desktop\laststation\Audio_augmented\speed\audio_000675__aug_speed_01.wav,مخلص ثلاثين mega fibre تلحق غير عشرة الى خمسطاش max
C:\Users\dell\Desktop\laststation\Audio_augmented\compression\audio_000675__aug_compression_01.wav,مخلص ثلاثين mega fibre تلحق غير عشرة الى خمسطاش max
C:\Users\dell\Desktop\laststation\Audio_augmented\noise\audio_000676__aug_noise_01.wav,خلوكم من كلام الزايد و منشورات ركبو fibre و من بعد ساهل
C:\Users\dell\Desktop\laststation\Audio_augmented\speed\audio_000676__aug_speed_01.wav,خلوكم من كلام الزايد و منشورات ركبو fibre و من بعد ساهل
C:\Users\dell\Desktop\laststation\Audio_augmented\compression\audio_000676__aug_compression_01.wav,خلوكم من كلام الزايد و منشورات ركبو fibre و من بعد ساهل
C:\Users\dell\Desktop\laststation\Audio_augmented\noise\audio_000677__aug_noise_01.wav,كيفاش نعرفو رقم الزبون تاع fibre باه نفتحو حساب جديد في فضاء الزبون
C:\Users\dell\Desktop\laststation\Audio_augmented\speed\audio_000677__aug_speed_01.wav,كيفاش نعرفو رقم الزبون تاع fibre باه نفتحو حساب جديد في فضاء الزبون
C:\Users\dell\Desktop\laststation\Audio_augmented\compression\audio_000677__aug_compression_01.wav,كيفاش نعرفو رقم الزبون تاع fibre باه نفتحو حساب جديد في فضاء الزبون
C:\Users\dell\Desktop\laststation\Audio_augmented\noise\audio_000678__aug_noise_01.wav,لازم منافس لاتصالات الجزاير خدمة رديئة جدا
C:\Users\dell\Desktop\laststation\Audio_augmented\speed\audio_000678__aug_speed_01.wav,لازم منافس لاتصالات الجزاير خدمة رديئة جدا
C:\Users\dell\Desktop\laststation\Audio_augmented\compression\audio_000678__aug_compression_01.wav,لازم منافس لاتصالات الجزاير خدمة رديئة جدا
C:\Users\dell\Desktop\laststation\Audio_augmented\noise\audio_000679__aug_noise_01.wav,قولو للمطورين نتاعكم ينحو الموسيقى تاع التشغيل تخلع
C:\Users\dell\Desktop\laststation\Audio_augmented\speed\audio_000679__aug_speed_01.wav,قولو للمطورين نتاعكم ينحو الموسيقى تاع التشغيل تخلع
C:\Users\dell\Desktop\laststation\Audio_augmented\compression\audio_000679__aug_compression_01.wav,قولو للمطورين نتاعكم ينحو الموسيقى تاع التشغيل تخلع
C:\Users\dell\Desktop\laststation\Audio_augmented\noise\audio_000680__aug_noise_01.wav,هل هذه شركة او موسسة وطنية تبهدلو
C:\Users\dell\Desktop\laststation\Audio_augmented\speed\audio_000680__aug_speed_01.wav,هل هذه شركة او موسسة وطنية تبهدلو
C:\Users\dell\Desktop\laststation\Audio_augmented\compression\audio_000680__aug_compression_01.wav,هل هذه شركة او موسسة وطنية تبهدلو
C:\Users\dell\Desktop\laststation\Audio_augmented\noise\audio_000681__aug_noise_01.wav,يوجد مشكل في internet غير متوفرة و بدون سبب
C:\Users\dell\Desktop\laststation\Audio_augmented\speed\audio_000681__aug_speed_01.wav,يوجد مشكل في internet غير متوفرة و بدون سبب
C:\Users\dell\Desktop\laststation\Audio_augmented\compression\audio_000681__aug_compression_01.wav,يوجد مشكل في internet غير متوفرة و بدون سبب
C:\Users\dell\Desktop\laststation\Audio_augmented\noise\audio_000682__aug_noise_01.wav,الالياف البصرية مكاش في بلدية برج بن عزوز
C:\Users\dell\Desktop\laststation\Audio_augmented\speed\audio_000682__aug_speed_01.wav,الالياف البصرية مكاش في بلدية برج بن عزوز
C:\Users\dell\Desktop\laststation\Audio_augmented\compression\audio_000682__aug_compression_01.wav,الالياف البصرية مكاش في بلدية برج بن عزوز
C:\Users\dell\Desktop\laststation\Audio_augmented\noise\audio_000683__aug_noise_01.wav,عرض غول خلاص خاص بسكان قسنطينة فقط
C:\Users\dell\Desktop\laststation\Audio_augmented\speed\audio_000683__aug_speed_01.wav,عرض غول خلاص خاص بسكان قسنطينة فقط
C:\Users\dell\Desktop\laststation\Audio_augmented\compression\audio_000683__aug_compression_01.wav,عرض غول خلاص خاص بسكان قسنطينة فقط
C:\Users\dell\Desktop\laststation\Audio_augmented\noise\audio_000684__aug_noise_01.wav,لازم شركات اخرى راكم طغيتو تتمسخرو بالشعب
C:\Users\dell\Desktop\laststation\Audio_augmented\speed\audio_000684__aug_speed_01.wav,لازم شركات اخرى راكم طغيتو تتمسخرو بالشعب
C:\Users\dell\Desktop\laststation\Audio_augmented\compression\audio_000684__aug_compression_01.wav,لازم شركات اخرى راكم طغيتو تتمسخرو بالشعب
C:\Users\dell\Desktop\laststation\Audio_augmented\noise\audio_000685__aug_noise_01.wav,مراكم فاهمين حتى حاجة في هذ الحياة
C:\Users\dell\Desktop\laststation\Audio_augmented\speed\audio_000685__aug_speed_01.wav,مراكم فاهمين حتى حاجة في هذ الحياة
C:\Users\dell\Desktop\laststation\Audio_augmented\compression\audio_000685__aug_compression_01.wav,مراكم فاهمين حتى حاجة في هذ الحياة
C:\Users\dell\Desktop\laststation\Audio_augmented\noise\audio_000686__aug_noise_01.wav,عبد الكريم انا حسبت modem راح نكسرو
C:\Users\dell\Desktop\laststation\Audio_augmented\speed\audio_000686__aug_speed_01.wav,عبد الكريم انا حسبت modem راح نكسرو
C:\Users\dell\Desktop\laststation\Audio_augmented\compression\audio_000686__aug_compression_01.wav,عبد الكريم انا حسبت modem راح نكسرو
C:\Users\dell\Desktop\laststation\Audio_augmented\noise\audio_000687__aug_noise_01.wav,في انتظار تفعيل خط fibre بسكرة وسط المدينة
C:\Users\dell\Desktop\laststation\Audio_augmented\speed\audio_000687__aug_speed_01.wav,في انتظار تفعيل خط fibre بسكرة وسط المدينة
C:\Users\dell\Desktop\laststation\Audio_augmented\compression\audio_000687__aug_compression_01.wav,في انتظار تفعيل خط fibre بسكرة وسط المدينة
C:\Users\dell\Desktop\laststation\Audio_augmented\noise\audio_000688__aug_noise_01.wav,امواج البحر نفس المشكل معاناة مع هذ التطبيق
C:\Users\dell\Desktop\laststation\Audio_augmented\speed\audio_000688__aug_speed_01.wav,امواج البحر نفس المشكل معاناة مع هذ التطبيق
C:\Users\dell\Desktop\laststation\Audio_augmented\compression\audio_000688__aug_compression_01.wav,امواج البحر نفس المشكل معاناة مع هذ التطبيق
C:\Users\dell\Desktop\laststation\Audio_augmented\noise\audio_000689__aug_noise_01.wav,internet مقطوعة عندها نهار ردو على انشغالنا
C:\Users\dell\Desktop\laststation\Audio_augmented\speed\audio_000689__aug_speed_01.wav,internet مقطوعة عندها نهار ردو على انشغالنا
C:\Users\dell\Desktop\laststation\Audio_augmented\compression\audio_000689__aug_compression_01.wav,internet مقطوعة عندها نهار ردو على انشغالنا
C:\Users\dell\Desktop\laststation\Audio_augmented\noise\audio_000690__aug_noise_01.wav,نتوما الي هبال معاكم modem عام و مكاش
C:\Users\dell\Desktop\laststation\Audio_augmented\speed\audio_000690__aug_speed_01.wav,نتوما الي هبال معاكم modem عام و مكاش
C:\Users\dell\Desktop\laststation\Audio_augmented\compression\audio_000690__aug_compression_01.wav,نتوما الي هبال معاكم modem عام و مكاش
C:\Users\dell\Desktop\laststation\Audio_augmented\noise\audio_000691__aug_noise_01.wav,تطور الخرطي يا اما راكم عايشين في الاوهام و اما راكم تصدرو في الاوهام للشعب
C:\Users\dell\Desktop\laststation\Audio_augmented\speed\audio_000691__aug_speed_01.wav,تطور الخرطي يا اما راكم عايشين في الاوهام و اما راكم تصدرو في الاوهام للشعب
C:\Users\dell\Desktop\laststation\Audio_augmented\compression\audio_000691__aug_compression_01.wav,تطور الخرطي يا اما راكم عايشين في الاوهام و اما راكم تصدرو في الاوهام للشعب
C:\Users\dell\Desktop\laststation\Audio_augmented\noise\audio_000692__aug_noise_01.wav,المهم ماتنساوش غدوة لازم تقطعو l'internet المليحة تاعكم
C:\Users\dell\Desktop\laststation\Audio_augmented\speed\audio_000692__aug_speed_01.wav,المهم ماتنساوش غدوة لازم تقطعو l'internet المليحة تاعكم
C:\Users\dell\Desktop\laststation\Audio_augmented\compression\audio_000692__aug_compression_01.wav,المهم ماتنساوش غدوة لازم تقطعو l'internet المليحة تاعكم
C:\Users\dell\Desktop\laststation\Audio_augmented\noise\audio_000693__aug_noise_01.wav,ننتظر خدمات djezzy لديكم اتصالات الجزاير
C:\Users\dell\Desktop\laststation\Audio_augmented\speed\audio_000693__aug_speed_01.wav,ننتظر خدمات djezzy لديكم اتصالات الجزاير
C:\Users\dell\Desktop\laststation\Audio_augmented\compression\audio_000693__aug_compression_01.wav,ننتظر خدمات djezzy لديكم اتصالات الجزاير
C:\Users\dell\Desktop\laststation\Audio_augmented\noise\audio_000694__aug_noise_01.wav,حتى واحد ماراهو يستنى اصلحو مشاكل fibre الرديئة
C:\Users\dell\Desktop\laststation\Audio_augmented\speed\audio_000694__aug_speed_01.wav,حتى واحد ماراهو يستنى اصلحو مشاكل fibre الرديئة
C:\Users\dell\Desktop\laststation\Audio_augmented\compression\audio_000694__aug_compression_01.wav,حتى واحد ماراهو يستنى اصلحو مشاكل fibre الرديئة
C:\Users\dell\Desktop\laststation\Audio_augmented\noise\audio_000695__aug_noise_01.wav,مراحش يهديكم ربي و تعطيوني bonus شحال من مرة نشارجي par internet و ماتمدوليش
C:\Users\dell\Desktop\laststation\Audio_augmented\speed\audio_000695__aug_speed_01.wav,مراحش يهديكم ربي و تعطيوني bonus شحال من مرة نشارجي par internet و ماتمدوليش
C:\Users\dell\Desktop\laststation\Audio_augmented\compression\audio_000695__aug_compression_01.wav,مراحش يهديكم ربي و تعطيوني bonus شحال من مرة نشارجي par internet و ماتمدوليش
C:\Users\dell\Desktop\laststation\Audio_augmented\noise\audio_000696__aug_noise_01.wav,عادل امير un giga تكفي شعب جزايري كامل parce que مكاش connexion
C:\Users\dell\Desktop\laststation\Audio_augmented\speed\audio_000696__aug_speed_01.wav,عادل امير un giga تكفي شعب جزايري كامل parce que مكاش connexion
C:\Users\dell\Desktop\laststation\Audio_augmented\compression\audio_000696__aug_compression_01.wav,عادل امير un giga تكفي شعب جزايري كامل parce que مكاش connexion
C:\Users\dell\Desktop\laststation\Audio_augmented\noise\audio_000697__aug_noise_01.wav,شهرين ملي مدولي modem و مازال ماطلقوليش l'internet
C:\Users\dell\Desktop\laststation\Audio_augmented\speed\audio_000697__aug_speed_01.wav,شهرين ملي مدولي modem و مازال ماطلقوليش l'internet
C:\Users\dell\Desktop\laststation\Audio_augmented\compression\audio_000697__aug_compression_01.wav,شهرين ملي مدولي modem و مازال ماطلقوليش l'internet
C:\Users\dell\Desktop\laststation\Audio_augmented\noise\audio_000698__aug_noise_01.wav,connexion راكم منقصيلها بزاف علاه راكم ترهجو فينا
C:\Users\dell\Desktop\laststation\Audio_augmented\speed\audio_000698__aug_speed_01.wav,connexion راكم منقصيلها بزاف علاه راكم ترهجو فينا
C:\Users\dell\Desktop\laststation\Audio_augmented\compression\audio_000698__aug_compression_01.wav,connexion راكم منقصيلها بزاف علاه راكم ترهجو فينا
C:\Users\dell\Desktop\laststation\Audio_augmented\noise\audio_000699__aug_noise_01.wav,oui راهي تطير امنتكم حق ربي راهي تزحف
C:\Users\dell\Desktop\laststation\Audio_augmented\speed\audio_000699__aug_speed_01.wav,oui راهي تطير امنتكم حق ربي راهي تزحف
C:\Users\dell\Desktop\laststation\Audio_augmented\compression\audio_000699__aug_compression_01.wav,oui راهي تطير امنتكم حق ربي راهي تزحف
C:\Users\dell\Desktop\laststation\Audio_augmented\noise\audio_000700__aug_noise_01.wav,ياو ريڨلولنا connexion و ماتقوليش تواصل عبر الخاص
C:\Users\dell\Desktop\laststation\Audio_augmented\speed\audio_000700__aug_speed_01.wav,ياو ريڨلولنا connexion و ماتقوليش تواصل عبر الخاص
C:\Users\dell\Desktop\laststation\Audio_augmented\compression\audio_000700__aug_compression_01.wav,ياو ريڨلولنا connexion و ماتقوليش تواصل عبر الخاص
C:\Users\dell\Desktop\laststation\Audio_augmented\noise\audio_000701__aug_noise_01.wav,لا خدمات و لا هم يحزنون قول الرداءة ماشي
C:\Users\dell\Desktop\laststation\Audio_augmented\speed\audio_000701__aug_speed_01.wav,لا خدمات و لا هم يحزنون قول الرداءة ماشي
C:\Users\dell\Desktop\laststation\Audio_augmented\compression\audio_000701__aug_compression_01.wav,لا خدمات و لا هم يحزنون قول الرداءة ماشي
C:\Users\dell\Desktop\laststation\Audio_augmented\noise\audio_000702__aug_noise_01.wav,مسائكم خير و بركة اتصالات الجزاير
C:\Users\dell\Desktop\laststation\Audio_augmented\speed\audio_000702__aug_speed_01.wav,مسائكم خير و بركة اتصالات الجزاير
C:\Users\dell\Desktop\laststation\Audio_augmented\compression\audio_000702__aug_compression_01.wav,مسائكم خير و بركة اتصالات الجزاير
C:\Users\dell\Desktop\laststation\Audio_augmented\noise\audio_000703__aug_noise_01.wav,افهمو fibre مكاش ماشي مناش حابين ننتقلو fibre
C:\Users\dell\Desktop\laststation\Audio_augmented\speed\audio_000703__aug_speed_01.wav,افهمو fibre مكاش ماشي مناش حابين ننتقلو fibre
C:\Users\dell\Desktop\laststation\Audio_augmented\compression\audio_000703__aug_compression_01.wav,افهمو fibre مكاش ماشي مناش حابين ننتقلو fibre
C:\Users\dell\Desktop\laststation\Audio_augmented\noise\audio_000704__aug_noise_01.wav,نتمنى لكم انقطاعا سعيدا و توفيقا في الصبر
C:\Users\dell\Desktop\laststation\Audio_augmented\speed\audio_000704__aug_speed_01.wav,نتمنى لكم انقطاعا سعيدا و توفيقا في الصبر
C:\Users\dell\Desktop\laststation\Audio_augmented\compression\audio_000704__aug_compression_01.wav,نتمنى لكم انقطاعا سعيدا و توفيقا في الصبر
C:\Users\dell\Desktop\laststation\Audio_augmented\noise\audio_000705__aug_noise_01.wav,عندي اكثر من شهر درت demande de fibre و مخلص كلشي و عطاوني modem و مازال مجاوش يركبولي
C:\Users\dell\Desktop\laststation\Audio_augmented\speed\audio_000705__aug_speed_01.wav,عندي اكثر من شهر درت demande de fibre و مخلص كلشي و عطاوني modem و مازال مجاوش يركبولي
C:\Users\dell\Desktop\laststation\Audio_augmented\compression\audio_000705__aug_compression_01.wav,عندي اكثر من شهر درت demande de fibre و مخلص كلشي و عطاوني modem و مازال مجاوش يركبولي
C:\Users\dell\Desktop\laststation\Audio_augmented\noise\audio_000706__aug_noise_01.wav,دخلت للفضاء الزبون ما صبتش منين ارفع التدفق
C:\Users\dell\Desktop\laststation\Audio_augmented\speed\audio_000706__aug_speed_01.wav,دخلت للفضاء الزبون ما صبتش منين ارفع التدفق
C:\Users\dell\Desktop\laststation\Audio_augmented\compression\audio_000706__aug_compression_01.wav,دخلت للفضاء الزبون ما صبتش منين ارفع التدفق
C:\Users\dell\Desktop\laststation\Audio_augmented\noise\audio_000707__aug_noise_01.wav,علاه connexion هكا تحس روحك في القرون الوسطى
C:\Users\dell\Desktop\laststation\Audio_augmented\speed\audio_000707__aug_speed_01.wav,علاه connexion هكا تحس روحك في القرون الوسطى
C:\Users\dell\Desktop\laststation\Audio_augmented\compression\audio_000707__aug_compression_01.wav,علاه connexion هكا تحس روحك في القرون الوسطى
C:\Users\dell\Desktop\laststation\Audio_augmented\noise\audio_000708__aug_noise_01.wav,فضاء الزبون خردة الرداءة حتي في التطور و التكنولوجيا
C:\Users\dell\Desktop\laststation\Audio_augmented\speed\audio_000708__aug_speed_01.wav,فضاء الزبون خردة الرداءة حتي في التطور و التكنولوجيا
C:\Users\dell\Desktop\laststation\Audio_augmented\compression\audio_000708__aug_compression_01.wav,فضاء الزبون خردة الرداءة حتي في التطور و التكنولوجيا
C:\Users\dell\Desktop\laststation\Audio_augmented\noise\audio_000709__aug_noise_01.wav,اني حاب استفيد من modem الجديد علما ان عندي modem القديم six
C:\Users\dell\Desktop\laststation\Audio_augmented\speed\audio_000709__aug_speed_01.wav,اني حاب استفيد من modem الجديد علما ان عندي modem القديم six
C:\Users\dell\Desktop\laststation\Audio_augmented\compression\audio_000709__aug_compression_01.wav,اني حاب استفيد من modem الجديد علما ان عندي modem القديم six
C:\Users\dell\Desktop\laststation\Audio_augmented\noise\audio_000710__aug_noise_01.wav,تفكر بلي كاين اتصالات الجزاير الى حسيت روحك متحشمش
C:\Users\dell\Desktop\laststation\Audio_augmented\speed\audio_000710__aug_speed_01.wav,تفكر بلي كاين اتصالات الجزاير الى حسيت روحك متحشمش
C:\Users\dell\Desktop\laststation\Audio_augmented\compression\audio_000710__aug_compression_01.wav,تفكر بلي كاين اتصالات الجزاير الى حسيت روحك متحشمش
C:\Users\dell\Desktop\laststation\Audio_augmented\noise\audio_000711__aug_noise_01.wav,تطبيق اتصالات الجزاير تطبيق فاشل كي تخدمو خدمو حاجة مليحة خطرة في حياتكم
C:\Users\dell\Desktop\laststation\Audio_augmented\speed\audio_000711__aug_speed_01.wav,تطبيق اتصالات الجزاير تطبيق فاشل كي تخدمو خدمو حاجة مليحة خطرة في حياتكم
C:\Users\dell\Desktop\laststation\Audio_augmented\compression\audio_000711__aug_compression_01.wav,تطبيق اتصالات الجزاير تطبيق فاشل كي تخدمو خدمو حاجة مليحة خطرة في حياتكم
C:\Users\dell\Desktop\laststation\Audio_augmented\noise\audio_000712__aug_noise_01.wav,ياو راكم بعاد عايشين في العاصمة بلا internet
C:\Users\dell\Desktop\laststation\Audio_augmented\speed\audio_000712__aug_speed_01.wav,ياو راكم بعاد عايشين في العاصمة بلا internet
C:\Users\dell\Desktop\laststation\Audio_augmented\compression\audio_000712__aug_compression_01.wav,ياو راكم بعاد عايشين في العاصمة بلا internet
C:\Users\dell\Desktop\laststation\Audio_augmented\noise\audio_000713__aug_noise_01.wav,نحن باقي الوطن مازال les cable تاع النحاس fibre مازال ماوصلناش نرجوا الالتفاتة
C:\Users\dell\Desktop\laststation\Audio_augmented\speed\audio_000713__aug_speed_01.wav,نحن باقي الوطن مازال les cable تاع النحاس fibre مازال ماوصلناش نرجوا الالتفاتة
C:\Users\dell\Desktop\laststation\Audio_augmented\compression\audio_000713__aug_compression_01.wav,نحن باقي الوطن مازال les cable تاع النحاس fibre مازال ماوصلناش نرجوا الالتفاتة
C:\Users\dell\Desktop\laststation\Audio_augmented\noise\audio_000714__aug_noise_01.wav,افضل موسسة اتصالات في افريقيا و العالم العربي
C:\Users\dell\Desktop\laststation\Audio_augmented\speed\audio_000714__aug_speed_01.wav,افضل موسسة اتصالات في افريقيا و العالم العربي
C:\Users\dell\Desktop\laststation\Audio_augmented\compression\audio_000714__aug_compression_01.wav,افضل موسسة اتصالات في افريقيا و العالم العربي
C:\Users\dell\Desktop\laststation\Audio_augmented\noise\audio_000715__aug_noise_01.wav,انقطاع internet رانا من الجمعة و هي مكاش قلتو تسقموها و مكان حتى خبر
C:\Users\dell\Desktop\laststation\Audio_augmented\speed\audio_000715__aug_speed_01.wav,انقطاع internet رانا من الجمعة و هي مكاش قلتو تسقموها و مكان حتى خبر
C:\Users\dell\Desktop\laststation\Audio_augmented\compression\audio_000715__aug_compression_01.wav,انقطاع internet رانا من الجمعة و هي مكاش قلتو تسقموها و مكان حتى خبر
C:\Users\dell\Desktop\laststation\Audio_augmented\noise\audio_000716__aug_noise_01.wav,تم الاشترك في الخدمة و عطاولنا modem نستناو تركبولنا برك
C:\Users\dell\Desktop\laststation\Audio_augmented\speed\audio_000716__aug_speed_01.wav,تم الاشترك في الخدمة و عطاولنا modem نستناو تركبولنا برك
C:\Users\dell\Desktop\laststation\Audio_augmented\compression\audio_000716__aug_compression_01.wav,تم الاشترك في الخدمة و عطاولنا modem نستناو تركبولنا برك
C:\Users\dell\Desktop\laststation\Audio_augmented\noise\audio_000717__aug_noise_01.wav,علاه كيما نحبو حنا ياك كيما تحبو نتوما
C:\Users\dell\Desktop\laststation\Audio_augmented\speed\audio_000717__aug_speed_01.wav,علاه كيما نحبو حنا ياك كيما تحبو نتوما
C:\Users\dell\Desktop\laststation\Audio_augmented\compression\audio_000717__aug_compression_01.wav,علاه كيما نحبو حنا ياك كيما تحبو نتوما
C:\Users\dell\Desktop\laststation\Audio_augmented\noise\audio_000718__aug_noise_01.wav,سكان ولاية بوسعادة المنتدبة يطالبون بمشروع شبكة الالياف البصرية
C:\Users\dell\Desktop\laststation\Audio_augmented\speed\audio_000718__aug_speed_01.wav,سكان ولاية بوسعادة المنتدبة يطالبون بمشروع شبكة الالياف البصرية
C:\Users\dell\Desktop\laststation\Audio_augmented\compression\audio_000718__aug_compression_01.wav,سكان ولاية بوسعادة المنتدبة يطالبون بمشروع شبكة الالياف البصرية
C:\Users\dell\Desktop\laststation\Audio_augmented\noise\audio_000719__aug_noise_01.wav,عندنا مشكل في internet في البلدية في تبسة
C:\Users\dell\Desktop\laststation\Audio_augmented\speed\audio_000719__aug_speed_01.wav,عندنا مشكل في internet في البلدية في تبسة
C:\Users\dell\Desktop\laststation\Audio_augmented\compression\audio_000719__aug_compression_01.wav,عندنا مشكل في internet في البلدية في تبسة
C:\Users\dell\Desktop\laststation\Audio_augmented\noise\audio_000720__aug_noise_01.wav,كل شهر لازم تقطعو connexion سمانة مافهمتش علاه
C:\Users\dell\Desktop\laststation\Audio_augmented\speed\audio_000720__aug_speed_01.wav,كل شهر لازم تقطعو connexion سمانة مافهمتش علاه
C:\Users\dell\Desktop\laststation\Audio_augmented\compression\audio_000720__aug_compression_01.wav,كل شهر لازم تقطعو connexion سمانة مافهمتش علاه
C:\Users\dell\Desktop\laststation\Audio_augmented\noise\audio_000721__aug_noise_01.wav,fibre هذا نسمعو بيه من عشر سنوات و مازال ما شفناهش رانا مازالنا في التسعينات
C:\Users\dell\Desktop\laststation\Audio_augmented\speed\audio_000721__aug_speed_01.wav,fibre هذا نسمعو بيه من عشر سنوات و مازال ما شفناهش رانا مازالنا في التسعينات
C:\Users\dell\Desktop\laststation\Audio_augmented\compression\audio_000721__aug_compression_01.wav,fibre هذا نسمعو بيه من عشر سنوات و مازال ما شفناهش رانا مازالنا في التسعينات
C:\Users\dell\Desktop\laststation\Audio_augmented\noise\audio_000722__aug_noise_01.wav,وقتاه تطلقو l'internet بالنسبة الي شرينا les modem بمية الف
C:\Users\dell\Desktop\laststation\Audio_augmented\speed\audio_000722__aug_speed_01.wav,وقتاه تطلقو l'internet بالنسبة الي شرينا les modem بمية الف
C:\Users\dell\Desktop\laststation\Audio_augmented\compression\audio_000722__aug_compression_01.wav,وقتاه تطلقو l'internet بالنسبة الي شرينا les modem بمية الف
C:\Users\dell\Desktop\laststation\Audio_augmented\noise\audio_000723__aug_noise_01.wav,حنا دارو fibre للمناطق المجاورة و مازالنا نستناو
C:\Users\dell\Desktop\laststation\Audio_augmented\speed\audio_000723__aug_speed_01.wav,حنا دارو fibre للمناطق المجاورة و مازالنا نستناو
C:\Users\dell\Desktop\laststation\Audio_augmented\compression\audio_000723__aug_compression_01.wav,حنا دارو fibre للمناطق المجاورة و مازالنا نستناو
C:\Users\dell\Desktop\laststation\Audio_augmented\noise\audio_000724__aug_noise_01.wav,نحن نواجه انقطاع internet منذ اكثر من شهر
C:\Users\dell\Desktop\laststation\Audio_augmented\speed\audio_000724__aug_speed_01.wav,نحن نواجه انقطاع internet منذ اكثر من شهر
C:\Users\dell\Desktop\laststation\Audio_augmented\compression\audio_000724__aug_compression_01.wav,نحن نواجه انقطاع internet منذ اكثر من شهر
C:\Users\dell\Desktop\laststation\Audio_augmented\noise\audio_000725__aug_noise_01.wav,فضاء الزبون عند التسجيل رابط تفعيل الحساب ميطلعش
C:\Users\dell\Desktop\laststation\Audio_augmented\speed\audio_000725__aug_speed_01.wav,فضاء الزبون عند التسجيل رابط تفعيل الحساب ميطلعش
C:\Users\dell\Desktop\laststation\Audio_augmented\compression\audio_000725__aug_compression_01.wav,فضاء الزبون عند التسجيل رابط تفعيل الحساب ميطلعش
C:\Users\dell\Desktop\laststation\Audio_augmented\noise\audio_000726__aug_noise_01.wav,يجب مراجعة الاسعار ليستمتع جميع الزبائن خمسين mega بميتين و عشرين مليحة
C:\Users\dell\Desktop\laststation\Audio_augmented\speed\audio_000726__aug_speed_01.wav,يجب مراجعة الاسعار ليستمتع جميع الزبائن خمسين mega بميتين و عشرين مليحة
C:\Users\dell\Desktop\laststation\Audio_augmented\compression\audio_000726__aug_compression_01.wav,يجب مراجعة الاسعار ليستمتع جميع الزبائن خمسين mega بميتين و عشرين مليحة
C:\Users\dell\Desktop\laststation\Audio_augmented\noise\audio_000727__aug_noise_01.wav,هذا الحوايج نسمعو بيهم برك ونشوفوهم في الاشهار
C:\Users\dell\Desktop\laststation\Audio_augmented\speed\audio_000727__aug_speed_01.wav,هذا الحوايج نسمعو بيهم برك ونشوفوهم في الاشهار
C:\Users\dell\Desktop\laststation\Audio_augmented\compression\audio_000727__aug_compression_01.wav,هذا الحوايج نسمعو بيهم برك ونشوفوهم في الاشهار
C:\Users\dell\Desktop\laststation\Audio_augmented\noise\audio_000728__aug_noise_01.wav,عندي la fibre modem wifi six كيفاه نقدر نستفاد من wifi six
C:\Users\dell\Desktop\laststation\Audio_augmented\speed\audio_000728__aug_speed_01.wav,عندي la fibre modem wifi six كيفاه نقدر نستفاد من wifi six
C:\Users\dell\Desktop\laststation\Audio_augmented\compression\audio_000728__aug_compression_01.wav,عندي la fibre modem wifi six كيفاه نقدر نستفاد من wifi six
C:\Users\dell\Desktop\laststation\Audio_augmented\noise\audio_000729__aug_noise_01.wav,و الشبكة مكاش احي احي تضحكو علينا ولا على رواحكم
C:\Users\dell\Desktop\laststation\Audio_augmented\speed\audio_000729__aug_speed_01.wav,و الشبكة مكاش احي احي تضحكو علينا ولا على رواحكم
C:\Users\dell\Desktop\laststation\Audio_augmented\compression\audio_000729__aug_compression_01.wav,و الشبكة مكاش احي احي تضحكو علينا ولا على رواحكم
C:\Users\dell\Desktop\laststation\Audio_augmented\noise\audio_000730__aug_noise_01.wav,انا راو خلاصلي الشهر الاول و حاب نفليكسي هل استفيد من العرض هذا
C:\Users\dell\Desktop\laststation\Audio_augmented\speed\audio_000730__aug_speed_01.wav,انا راو خلاصلي الشهر الاول و حاب نفليكسي هل استفيد من العرض هذا
C:\Users\dell\Desktop\laststation\Audio_augmented\compression\audio_000730__aug_compression_01.wav,انا راو خلاصلي الشهر الاول و حاب نفليكسي هل استفيد من العرض هذا
C:\Users\dell\Desktop\laststation\Audio_augmented\noise\audio_000731__aug_noise_01.wav,حنا مازال cable القديم من النهار الخميس متمشيش
C:\Users\dell\Desktop\laststation\Audio_augmented\speed\audio_000731__aug_speed_01.wav,حنا مازال cable القديم من النهار الخميس متمشيش
C:\Users\dell\Desktop\laststation\Audio_augmented\compression\audio_000731__aug_compression_01.wav,حنا مازال cable القديم من النهار الخميس متمشيش
C:\Users\dell\Desktop\laststation\Audio_augmented\noise\audio_000732__aug_noise_01.wav,عندي خمسطاش يوم ملي درت طلب مدولي modem و للدورك مازال مجاوش يركبوها
C:\Users\dell\Desktop\laststation\Audio_augmented\speed\audio_000732__aug_speed_01.wav,عندي خمسطاش يوم ملي درت طلب مدولي modem و للدورك مازال مجاوش يركبوها
C:\Users\dell\Desktop\laststation\Audio_augmented\compression\audio_000732__aug_compression_01.wav,عندي خمسطاش يوم ملي درت طلب مدولي modem و للدورك مازال مجاوش يركبوها
C:\Users\dell\Desktop\laststation\Audio_augmented\noise\audio_000733__aug_noise_01.wav,فقط اريد رقم الزبون و اذا كان لا فائدة منه يرجى حذفه من التطبيق
C:\Users\dell\Desktop\laststation\Audio_augmented\speed\audio_000733__aug_speed_01.wav,فقط اريد رقم الزبون و اذا كان لا فائدة منه يرجى حذفه من التطبيق
C:\Users\dell\Desktop\laststation\Audio_augmented\compression\audio_000733__aug_compression_01.wav,فقط اريد رقم الزبون و اذا كان لا فائدة منه يرجى حذفه من التطبيق
C:\Users\dell\Desktop\laststation\Audio_augmented\noise\audio_000734__aug_noise_01.wav,l'internet راهي في وضعية كارثية علاش ماعلابالناش
C:\Users\dell\Desktop\laststation\Audio_augmented\speed\audio_000734__aug_speed_01.wav,l'internet راهي في وضعية كارثية علاش ماعلابالناش
C:\Users\dell\Desktop\laststation\Audio_augmented\compression\audio_000734__aug_compression_01.wav,l'internet راهي في وضعية كارثية علاش ماعلابالناش
C:\Users\dell\Desktop\laststation\Audio_augmented\noise\audio_000735__aug_noise_01.wav,مشكلة انو google مكاش و كامل مواقع يمشيو
C:\Users\dell\Desktop\laststation\Audio_augmented\speed\audio_000735__aug_speed_01.wav,مشكلة انو google مكاش و كامل مواقع يمشيو
C:\Users\dell\Desktop\laststation\Audio_augmented\compression\audio_000735__aug_compression_01.wav,مشكلة انو google مكاش و كامل مواقع يمشيو
C:\Users\dell\Desktop\laststation\Audio_augmented\noise\audio_000736__aug_noise_01.wav,للاسف fibre وصلت عندها عام بصح مدخلوهاش لديار
C:\Users\dell\Desktop\laststation\Audio_augmented\speed\audio_000736__aug_speed_01.wav,للاسف fibre وصلت عندها عام بصح مدخلوهاش لديار
C:\Users\dell\Desktop\laststation\Audio_augmented\compression\audio_000736__aug_compression_01.wav,للاسف fibre وصلت عندها عام بصح مدخلوهاش لديار
C:\Users\dell\Desktop\laststation\Audio_augmented\noise\audio_000737__aug_noise_01.wav,قدمت طلب فتح حساب جديد لي fibre في فضاء الزبون لكن الرقم يخرج خارج
C:\Users\dell\Desktop\laststation\Audio_augmented\speed\audio_000737__aug_speed_01.wav,قدمت طلب فتح حساب جديد لي fibre في فضاء الزبون لكن الرقم يخرج خارج
C:\Users\dell\Desktop\laststation\Audio_augmented\compression\audio_000737__aug_compression_01.wav,قدمت طلب فتح حساب جديد لي fibre في فضاء الزبون لكن الرقم يخرج خارج
C:\Users\dell\Desktop\laststation\Audio_augmented\noise\audio_000738__aug_noise_01.wav,وكالة حي المصالحة باب الزوار مغلوقة اليوم مافتحتش
C:\Users\dell\Desktop\laststation\Audio_augmented\speed\audio_000738__aug_speed_01.wav,وكالة حي المصالحة باب الزوار مغلوقة اليوم مافتحتش
C:\Users\dell\Desktop\laststation\Audio_augmented\compression\audio_000738__aug_compression_01.wav,وكالة حي المصالحة باب الزوار مغلوقة اليوم مافتحتش
C:\Users\dell\Desktop\laststation\Audio_augmented\noise\audio_000739__aug_noise_01.wav,ساجدة سيرين معاناة كيفاه شهر كامل معندناش internet
C:\Users\dell\Desktop\laststation\Audio_augmented\speed\audio_000739__aug_speed_01.wav,ساجدة سيرين معاناة كيفاه شهر كامل معندناش internet
C:\Users\dell\Desktop\laststation\Audio_augmented\compression\audio_000739__aug_compression_01.wav,ساجدة سيرين معاناة كيفاه شهر كامل معندناش internet
C:\Users\dell\Desktop\laststation\Audio_augmented\noise\audio_000740__aug_noise_01.wav,cable عندو شهر مقطوع مكاش لي شاف فيه
C:\Users\dell\Desktop\laststation\Audio_augmented\speed\audio_000740__aug_speed_01.wav,cable عندو شهر مقطوع مكاش لي شاف فيه
C:\Users\dell\Desktop\laststation\Audio_augmented\compression\audio_000740__aug_compression_01.wav,cable عندو شهر مقطوع مكاش لي شاف فيه
C:\Users\dell\Desktop\laststation\Audio_augmented\noise\audio_000741__aug_noise_01.wav,internet في الليل تحسب بلي راهي بل الڨطرة
C:\Users\dell\Desktop\laststation\Audio_augmented\speed\audio_000741__aug_speed_01.wav,internet في الليل تحسب بلي راهي بل الڨطرة
C:\Users\dell\Desktop\laststation\Audio_augmented\compression\audio_000741__aug_compression_01.wav,internet في الليل تحسب بلي راهي بل الڨطرة
C:\Users\dell\Desktop\laststation\Audio_augmented\noise\audio_000742__aug_noise_01.wav,site تاع فضاء الزبون راهو فسمانة مايمشيش
C:\Users\dell\Desktop\laststation\Audio_augmented\speed\audio_000742__aug_speed_01.wav,site تاع فضاء الزبون راهو فسمانة مايمشيش
C:\Users\dell\Desktop\laststation\Audio_augmented\compression\audio_000742__aug_compression_01.wav,site تاع فضاء الزبون راهو فسمانة مايمشيش
C:\Users\dell\Desktop\laststation\Audio_augmented\noise\audio_000743__aug_noise_01.wav,ولاية معسكر كاين بلايص في البلاد مافيهمش
C:\Users\dell\Desktop\laststation\Audio_augmented\speed\audio_000743__aug_speed_01.wav,ولاية معسكر كاين بلايص في البلاد مافيهمش
C:\Users\dell\Desktop\laststation\Audio_augmented\compression\audio_000743__aug_compression_01.wav,ولاية معسكر كاين بلايص في البلاد مافيهمش
C:\Users\dell\Desktop\laststation\Audio_augmented\noise\audio_000744__aug_noise_01.wav,كى تجيبو الماتريال تاع fibre اهدرو عليها من بعد
C:\Users\dell\Desktop\laststation\Audio_augmented\speed\audio_000744__aug_speed_01.wav,كى تجيبو الماتريال تاع fibre اهدرو عليها من بعد
C:\Users\dell\Desktop\laststation\Audio_augmented\compression\audio_000744__aug_compression_01.wav,كى تجيبو الماتريال تاع fibre اهدرو عليها من بعد
C:\Users\dell\Desktop\laststation\Audio_augmented\noise\audio_000745__aug_noise_01.wav,وقتاش تجو تركبولنا modem شرينا modem و مكاش تركيب
C:\Users\dell\Desktop\laststation\Audio_augmented\speed\audio_000745__aug_speed_01.wav,وقتاش تجو تركبولنا modem شرينا modem و مكاش تركيب
C:\Users\dell\Desktop\laststation\Audio_augmented\compression\audio_000745__aug_compression_01.wav,وقتاش تجو تركبولنا modem شرينا modem و مكاش تركيب
C:\Users\dell\Desktop\laststation\Audio_augmented\noise\audio_000746__aug_noise_01.wav,عيدكم مبارك و كل عام انتم بالف خير
C:\Users\dell\Desktop\laststation\Audio_augmented\speed\audio_000746__aug_speed_01.wav,عيدكم مبارك و كل عام انتم بالف خير
C:\Users\dell\Desktop\laststation\Audio_augmented\compression\audio_000746__aug_compression_01.wav,عيدكم مبارك و كل عام انتم بالف خير
C:\Users\dell\Desktop\laststation\Audio_augmented\noise\audio_000747__aug_noise_01.wav,راني بعتتلكم رسالة ريبونديو يمكن رقم الهاتف
C:\Users\dell\Desktop\laststation\Audio_augmented\speed\audio_000747__aug_speed_01.wav,راني بعتتلكم رسالة ريبونديو يمكن رقم الهاتف
C:\Users\dell\Desktop\laststation\Audio_augmented\compression\audio_000747__aug_compression_01.wav,راني بعتتلكم رسالة ريبونديو يمكن رقم الهاتف
C:\Users\dell\Desktop\laststation\Audio_augmented\noise\audio_000748__aug_noise_01.wav,connexion علاه راهي مقطوعة مع العلم راني مخلصها
C:\Users\dell\Desktop\laststation\Audio_augmented\speed\audio_000748__aug_speed_01.wav,connexion علاه راهي مقطوعة مع العلم راني مخلصها
C:\Users\dell\Desktop\laststation\Audio_augmented\compression\audio_000748__aug_compression_01.wav,connexion علاه راهي مقطوعة مع العلم راني مخلصها
C:\Users\dell\Desktop\laststation\Audio_augmented\noise\audio_000749__aug_noise_01.wav,راو كاين مشكل في la connexion خلاص سڨموها علينا
C:\Users\dell\Desktop\laststation\Audio_augmented\speed\audio_000749__aug_speed_01.wav,راو كاين مشكل في la connexion خلاص سڨموها علينا
C:\Users\dell\Desktop\laststation\Audio_augmented\compression\audio_000749__aug_compression_01.wav,راو كاين مشكل في la connexion خلاص سڨموها علينا
C:\Users\dell\Desktop\laststation\Audio_augmented\noise\audio_000750__aug_noise_01.wav,حتى المشرف على ادارة صفحتكم ديوث والله ديوث
C:\Users\dell\Desktop\laststation\Audio_augmented\speed\audio_000750__aug_speed_01.wav,حتى المشرف على ادارة صفحتكم ديوث والله ديوث
C:\Users\dell\Desktop\laststation\Audio_augmented\compression\audio_000750__aug_compression_01.wav,حتى المشرف على ادارة صفحتكم ديوث والله ديوث
C:\Users\dell\Desktop\laststation\Audio_augmented\noise\audio_000751__aug_noise_01.wav,شكون ليوم تقطعتلو connexion في modem ولات بلحمر
C:\Users\dell\Desktop\laststation\Audio_augmented\speed\audio_000751__aug_speed_01.wav,شكون ليوم تقطعتلو connexion في modem ولات بلحمر
C:\Users\dell\Desktop\laststation\Audio_augmented\compression\audio_000751__aug_compression_01.wav,شكون ليوم تقطعتلو connexion في modem ولات بلحمر
C:\Users\dell\Desktop\laststation\Audio_augmented\noise\audio_000752__aug_noise_01.wav,متى يتم تفعيل fibre في بلدية تيمزريت بجاية
C:\Users\dell\Desktop\laststation\Audio_augmented\speed\audio_000752__aug_speed_01.wav,متى يتم تفعيل fibre في بلدية تيمزريت بجاية
C:\Users\dell\Desktop\laststation\Audio_augmented\compression\audio_000752__aug_compression_01.wav,متى يتم تفعيل fibre في بلدية تيمزريت بجاية
C:\Users\dell\Desktop\laststation\Audio_augmented\noise\audio_000753__aug_noise_01.wav,وكالة العاشور اروح ركبولنا la fibre شحال و انا نستنا
C:\Users\dell\Desktop\laststation\Audio_augmented\speed\audio_000753__aug_speed_01.wav,وكالة العاشور اروح ركبولنا la fibre شحال و انا نستنا
C:\Users\dell\Desktop\laststation\Audio_augmented\compression\audio_000753__aug_compression_01.wav,وكالة العاشور اروح ركبولنا la fibre شحال و انا نستنا
C:\Users\dell\Desktop\laststation\Audio_augmented\noise\audio_000754__aug_noise_01.wav,اكتر من شهر بدون internet اين عمال الصيانة
C:\Users\dell\Desktop\laststation\Audio_augmented\speed\audio_000754__aug_speed_01.wav,اكتر من شهر بدون internet اين عمال الصيانة
C:\Users\dell\Desktop\laststation\Audio_augmented\compression\audio_000754__aug_compression_01.wav,اكتر من شهر بدون internet اين عمال الصيانة
C:\Users\dell\Desktop\laststation\Audio_augmented\noise\audio_000755__aug_noise_01.wav,كيفاش نعرف رقم زبون باه نقدر ندخل لتطبيق
C:\Users\dell\Desktop\laststation\Audio_augmented\speed\audio_000755__aug_speed_01.wav,كيفاش نعرف رقم زبون باه نقدر ندخل لتطبيق
C:\Users\dell\Desktop\laststation\Audio_augmented\compression\audio_000755__aug_compression_01.wav,كيفاش نعرف رقم زبون باه نقدر ندخل لتطبيق
C:\Users\dell\Desktop\laststation\Audio_augmented\noise\audio_000756__aug_noise_01.wav,انا نقولو المرقة مالحة و هو يبدلي في لمغرفة
C:\Users\dell\Desktop\laststation\Audio_augmented\speed\audio_000756__aug_speed_01.wav,انا نقولو المرقة مالحة و هو يبدلي في لمغرفة
C:\Users\dell\Desktop\laststation\Audio_augmented\compression\audio_000756__aug_compression_01.wav,انا نقولو المرقة مالحة و هو يبدلي في لمغرفة
C:\Users\dell\Desktop\laststation\Audio_augmented\noise\audio_000757__aug_noise_01.wav,كان عندي حساب قديم في فضاء الزبون و نسيتو و كي حبيت ندخل واحد جديد ماحبش
C:\Users\dell\Desktop\laststation\Audio_augmented\speed\audio_000757__aug_speed_01.wav,كان عندي حساب قديم في فضاء الزبون و نسيتو و كي حبيت ندخل واحد جديد ماحبش
C:\Users\dell\Desktop\laststation\Audio_augmented\compression\audio_000757__aug_compression_01.wav,كان عندي حساب قديم في فضاء الزبون و نسيتو و كي حبيت ندخل واحد جديد ماحبش
C:\Users\dell\Desktop\laststation\Audio_augmented\noise\audio_000758__aug_noise_01.wav,انا عندي يومين مين درت اشتراك تاع شهر اليوم خلاصتلي علاش كملت هاك نتمنى تجاوبوني
C:\Users\dell\Desktop\laststation\Audio_augmented\speed\audio_000758__aug_speed_01.wav,انا عندي يومين مين درت اشتراك تاع شهر اليوم خلاصتلي علاش كملت هاك نتمنى تجاوبوني
C:\Users\dell\Desktop\laststation\Audio_augmented\compression\audio_000758__aug_compression_01.wav,انا عندي يومين مين درت اشتراك تاع شهر اليوم خلاصتلي علاش كملت هاك نتمنى تجاوبوني
C:\Users\dell\Desktop\laststation\Audio_augmented\noise\audio_000759__aug_noise_01.wav,كيفاش تعرف شحال عندك من giga و شحال استهلكت
C:\Users\dell\Desktop\laststation\Audio_augmented\speed\audio_000759__aug_speed_01.wav,كيفاش تعرف شحال عندك من giga و شحال استهلكت
C:\Users\dell\Desktop\laststation\Audio_augmented\compression\audio_000759__aug_compression_01.wav,كيفاش تعرف شحال عندك من giga و شحال استهلكت
C:\Users\dell\Desktop\laststation\Audio_augmented\noise\audio_000760__aug_noise_01.wav,عندي عام ملي سجلت و مكاش les modem
C:\Users\dell\Desktop\laststation\Audio_augmented\speed\audio_000760__aug_speed_01.wav,عندي عام ملي سجلت و مكاش les modem
C:\Users\dell\Desktop\laststation\Audio_augmented\compression\audio_000760__aug_compression_01.wav,عندي عام ملي سجلت و مكاش les modem
C:\Users\dell\Desktop\laststation\Audio_augmented\noise\audio_000761__aug_noise_01.wav,خمسة شهر و modem معلق المهم الصبر و يقولولك في اقرب الاجال و رانا صابرين
C:\Users\dell\Desktop\laststation\Audio_augmented\speed\audio_000761__aug_speed_01.wav,خمسة شهر و modem معلق المهم الصبر و يقولولك في اقرب الاجال و رانا صابرين
C:\Users\dell\Desktop\laststation\Audio_augmented\compression\audio_000761__aug_compression_01.wav,خمسة شهر و modem معلق المهم الصبر و يقولولك في اقرب الاجال و رانا صابرين
C:\Users\dell\Desktop\laststation\Audio_augmented\noise\audio_000762__aug_noise_01.wav,اودي مكاش منها اني ندير فيها و مكاين والوا
C:\Users\dell\Desktop\laststation\Audio_augmented\speed\audio_000762__aug_speed_01.wav,اودي مكاش منها اني ندير فيها و مكاين والوا
C:\Users\dell\Desktop\laststation\Audio_augmented\compression\audio_000762__aug_compression_01.wav,اودي مكاش منها اني ندير فيها و مكاين والوا
C:\Users\dell\Desktop\laststation\Audio_augmented\noise\audio_000763__aug_noise_01.wav,حلولنا الخط تاع fibre من بعد احكو على امتيازات نصف الجزاير modem fibre مكاش
C:\Users\dell\Desktop\laststation\Audio_augmented\speed\audio_000763__aug_speed_01.wav,حلولنا الخط تاع fibre من بعد احكو على امتيازات نصف الجزاير modem fibre مكاش
C:\Users\dell\Desktop\laststation\Audio_augmented\compression\audio_000763__aug_compression_01.wav,حلولنا الخط تاع fibre من بعد احكو على امتيازات نصف الجزاير modem fibre مكاش
C:\Users\dell\Desktop\laststation\Audio_augmented\noise\audio_000764__aug_noise_01.wav,هل نستطيع شراء شريحة فقط من دون modem
C:\Users\dell\Desktop\laststation\Audio_augmented\speed\audio_000764__aug_speed_01.wav,هل نستطيع شراء شريحة فقط من دون modem
C:\Users\dell\Desktop\laststation\Audio_augmented\compression\audio_000764__aug_compression_01.wav,هل نستطيع شراء شريحة فقط من دون modem
C:\Users\dell\Desktop\laststation\Audio_augmented\noise\audio_000765__aug_noise_01.wav,internet اليوم كامل تتقطع باستمرار مالسبب
C:\Users\dell\Desktop\laststation\Audio_augmented\speed\audio_000765__aug_speed_01.wav,internet اليوم كامل تتقطع باستمرار مالسبب
C:\Users\dell\Desktop\laststation\Audio_augmented\compression\audio_000765__aug_compression_01.wav,internet اليوم كامل تتقطع باستمرار مالسبب
C:\Users\dell\Desktop\laststation\Audio_augmented\noise\audio_000766__aug_noise_01.wav,سڨمو cable لي سرقوه من بعد اهدرو على الاستقلال
C:\Users\dell\Desktop\laststation\Audio_augmented\speed\audio_000766__aug_speed_01.wav,سڨمو cable لي سرقوه من بعد اهدرو على الاستقلال
C:\Users\dell\Desktop\laststation\Audio_augmented\compression\audio_000766__aug_compression_01.wav,سڨمو cable لي سرقوه من بعد اهدرو على الاستقلال
C:\Users\dell\Desktop\laststation\Audio_augmented\noise\audio_000767__aug_noise_01.wav,فايت الشهرين internet مقطوعة لا adsl لا fibre
C:\Users\dell\Desktop\laststation\Audio_augmented\speed\audio_000767__aug_speed_01.wav,فايت الشهرين internet مقطوعة لا adsl لا fibre
C:\Users\dell\Desktop\laststation\Audio_augmented\compression\audio_000767__aug_compression_01.wav,فايت الشهرين internet مقطوعة لا adsl لا fibre
C:\Users\dell\Desktop\laststation\Audio_augmented\noise\audio_000768__aug_noise_01.wav,ماهو الوقت المطلوب لتشغيل خط internet
C:\Users\dell\Desktop\laststation\Audio_augmented\speed\audio_000768__aug_speed_01.wav,ماهو الوقت المطلوب لتشغيل خط internet
C:\Users\dell\Desktop\laststation\Audio_augmented\compression\audio_000768__aug_compression_01.wav,ماهو الوقت المطلوب لتشغيل خط internet
C:\Users\dell\Desktop\laststation\Audio_augmented\noise\audio_000769__aug_noise_01.wav,المشكلة انني تقدمت بملف طلب ربط بي internet من حوالي شهر و لكن لا شي يدرك
C:\Users\dell\Desktop\laststation\Audio_augmented\speed\audio_000769__aug_speed_01.wav,المشكلة انني تقدمت بملف طلب ربط بي internet من حوالي شهر و لكن لا شي يدرك
C:\Users\dell\Desktop\laststation\Audio_augmented\compression\audio_000769__aug_compression_01.wav,المشكلة انني تقدمت بملف طلب ربط بي internet من حوالي شهر و لكن لا شي يدرك
C:\Users\dell\Desktop\laststation\Audio_augmented\noise\audio_000770__aug_noise_01.wav,انا خلصت باش يخدمولي la fibre بصح لحد الان مكان والوا خلصت عندي شهرين
C:\Users\dell\Desktop\laststation\Audio_augmented\speed\audio_000770__aug_speed_01.wav,انا خلصت باش يخدمولي la fibre بصح لحد الان مكان والوا خلصت عندي شهرين
C:\Users\dell\Desktop\laststation\Audio_augmented\compression\audio_000770__aug_compression_01.wav,انا خلصت باش يخدمولي la fibre بصح لحد الان مكان والوا خلصت عندي شهرين
C:\Users\dell\Desktop\laststation\Audio_augmented\noise\audio_000771__aug_noise_01.wav,في عوض ما نخلصو الفين dinar نولو نخلصو الف dinar
C:\Users\dell\Desktop\laststation\Audio_augmented\speed\audio_000771__aug_speed_01.wav,في عوض ما نخلصو الفين dinar نولو نخلصو الف dinar
C:\Users\dell\Desktop\laststation\Audio_augmented\compression\audio_000771__aug_compression_01.wav,في عوض ما نخلصو الفين dinar نولو نخلصو الف dinar
C:\Users\dell\Desktop\laststation\Audio_augmented\noise\audio_000772__aug_noise_01.wav,للاسف الشديد من طول مدة الانتظار كرهنا internet
C:\Users\dell\Desktop\laststation\Audio_augmented\speed\audio_000772__aug_speed_01.wav,للاسف الشديد من طول مدة الانتظار كرهنا internet
C:\Users\dell\Desktop\laststation\Audio_augmented\compression\audio_000772__aug_compression_01.wav,للاسف الشديد من طول مدة الانتظار كرهنا internet
C:\Users\dell\Desktop\laststation\Audio_augmented\noise\audio_000773__aug_noise_01.wav,وسط مدينة لا يوجد به fibre عيب و عار
C:\Users\dell\Desktop\laststation\Audio_augmented\speed\audio_000773__aug_speed_01.wav,وسط مدينة لا يوجد به fibre عيب و عار
C:\Users\dell\Desktop\laststation\Audio_augmented\compression\audio_000773__aug_compression_01.wav,وسط مدينة لا يوجد به fibre عيب و عار
C:\Users\dell\Desktop\laststation\Audio_augmented\noise\audio_000774__aug_noise_01.wav,شهرين و حنا في نفس مشكلة و مكاش حل نهائي مخلصين و كلش كاين و connexion ماشي مطلوقة
C:\Users\dell\Desktop\laststation\Audio_augmented\speed\audio_000774__aug_speed_01.wav,شهرين و حنا في نفس مشكلة و مكاش حل نهائي مخلصين و كلش كاين و connexion ماشي مطلوقة
C:\Users\dell\Desktop\laststation\Audio_augmented\compression\audio_000774__aug_compression_01.wav,شهرين و حنا في نفس مشكلة و مكاش حل نهائي مخلصين و كلش كاين و connexion ماشي مطلوقة
C:\Users\dell\Desktop\laststation\Audio_augmented\noise\audio_000775__aug_noise_01.wav,علابالي راهي شرة برك على الخدمة السيئة ديالهم
C:\Users\dell\Desktop\laststation\Audio_augmented\speed\audio_000775__aug_speed_01.wav,علابالي راهي شرة برك على الخدمة السيئة ديالهم
C:\Users\dell\Desktop\laststation\Audio_augmented\compression\audio_000775__aug_compression_01.wav,علابالي راهي شرة برك على الخدمة السيئة ديالهم
C:\Users\dell\Desktop\laststation\Audio_augmented\noise\audio_000776__aug_noise_01.wav,est ce que كاين قطع internet السمانة الجاية ولا لالا
C:\Users\dell\Desktop\laststation\Audio_augmented\speed\audio_000776__aug_speed_01.wav,est ce que كاين قطع internet السمانة الجاية ولا لالا
C:\Users\dell\Desktop\laststation\Audio_augmented\compression\audio_000776__aug_compression_01.wav,est ce que كاين قطع internet السمانة الجاية ولا لالا
C:\Users\dell\Desktop\laststation\Audio_augmented\noise\audio_000777__aug_noise_01.wav,جاو حفرو و ركبو تيوات و راحو مزادوش بانو
C:\Users\dell\Desktop\laststation\Audio_augmented\speed\audio_000777__aug_speed_01.wav,جاو حفرو و ركبو تيوات و راحو مزادوش بانو
C:\Users\dell\Desktop\laststation\Audio_augmented\compression\audio_000777__aug_compression_01.wav,جاو حفرو و ركبو تيوات و راحو مزادوش بانو
C:\Users\dell\Desktop\laststation\Audio_augmented\noise\audio_000778__aug_noise_01.wav,الاحياء الخضراء اولاد فايت خمسة ايام بلا fibre وين راكم
C:\Users\dell\Desktop\laststation\Audio_augmented\speed\audio_000778__aug_speed_01.wav,الاحياء الخضراء اولاد فايت خمسة ايام بلا fibre وين راكم
C:\Users\dell\Desktop\laststation\Audio_augmented\compression\audio_000778__aug_compression_01.wav,الاحياء الخضراء اولاد فايت خمسة ايام بلا fibre وين راكم
C:\Users\dell\Desktop\laststation\Audio_augmented\noise\audio_000779__aug_noise_01.wav,عندي استفسار فيما يخص رفع سرعة internet
C:\Users\dell\Desktop\laststation\Audio_augmented\speed\audio_000779__aug_speed_01.wav,عندي استفسار فيما يخص رفع سرعة internet
C:\Users\dell\Desktop\laststation\Audio_augmented\compression\audio_000779__aug_compression_01.wav,عندي استفسار فيما يخص رفع سرعة internet
C:\Users\dell\Desktop\laststation\Audio_augmented\noise\audio_000780__aug_noise_01.wav,حسنو جودة internet و من بعد ساهل
C:\Users\dell\Desktop\laststation\Audio_augmented\speed\audio_000780__aug_speed_01.wav,حسنو جودة internet و من بعد ساهل
C:\Users\dell\Desktop\laststation\Audio_augmented\compression\audio_000780__aug_compression_01.wav,حسنو جودة internet و من بعد ساهل
C:\Users\dell\Desktop\laststation\Audio_augmented\noise\audio_000781__aug_noise_01.wav,عندي شهرين ملي درت demande و مكان والوا
C:\Users\dell\Desktop\laststation\Audio_augmented\speed\audio_000781__aug_speed_01.wav,عندي شهرين ملي درت demande و مكان والوا
C:\Users\dell\Desktop\laststation\Audio_augmented\compression\audio_000781__aug_compression_01.wav,عندي شهرين ملي درت demande و مكان والوا
C:\Users\dell\Desktop\laststation\Audio_augmented\noise\audio_000782__aug_noise_01.wav,بعثتلك مشكلتي في الخاص من فضلك جاوبني
C:\Users\dell\Desktop\laststation\Audio_augmented\speed\audio_000782__aug_speed_01.wav,بعثتلك مشكلتي في الخاص من فضلك جاوبني
C:\Users\dell\Desktop\laststation\Audio_augmented\compression\audio_000782__aug_compression_01.wav,بعثتلك مشكلتي في الخاص من فضلك جاوبني
C:\Users\dell\Desktop\laststation\Audio_augmented\noise\audio_000783__aug_noise_01.wav,شحال من خطرة نحاول نسجل في فضاء الزبون لكن للاسف كلها بائت بالفشل
C:\Users\dell\Desktop\laststation\Audio_augmented\speed\audio_000783__aug_speed_01.wav,شحال من خطرة نحاول نسجل في فضاء الزبون لكن للاسف كلها بائت بالفشل
C:\Users\dell\Desktop\laststation\Audio_augmented\compression\audio_000783__aug_compression_01.wav,شحال من خطرة نحاول نسجل في فضاء الزبون لكن للاسف كلها بائت بالفشل
C:\Users\dell\Desktop\laststation\Audio_augmented\noise\audio_000784__aug_noise_01.wav,امشي انت جهال متعرفش الرقمنة يالحمر
C:\Users\dell\Desktop\laststation\Audio_augmented\speed\audio_000784__aug_speed_01.wav,امشي انت جهال متعرفش الرقمنة يالحمر
C:\Users\dell\Desktop\laststation\Audio_augmented\compression\audio_000784__aug_compression_01.wav,امشي انت جهال متعرفش الرقمنة يالحمر
C:\Users\dell\Desktop\laststation\Audio_augmented\noise\audio_000785__aug_noise_01.wav,خالد هلوب كوباوها علينا هذا كل شيء
C:\Users\dell\Desktop\laststation\Audio_augmented\speed\audio_000785__aug_speed_01.wav,خالد هلوب كوباوها علينا هذا كل شيء
C:\Users\dell\Desktop\laststation\Audio_augmented\compression\audio_000785__aug_compression_01.wav,خالد هلوب كوباوها علينا هذا كل شيء
C:\Users\dell\Desktop\laststation\Audio_augmented\noise\audio_000786__aug_noise_01.wav,سلام عليكم من فضلك ابعتلي الاستمارة
C:\Users\dell\Desktop\laststation\Audio_augmented\speed\audio_000786__aug_speed_01.wav,سلام عليكم من فضلك ابعتلي الاستمارة
C:\Users\dell\Desktop\laststation\Audio_augmented\compression\audio_000786__aug_compression_01.wav,سلام عليكم من فضلك ابعتلي الاستمارة
C:\Users\dell\Desktop\laststation\Audio_augmented\noise\audio_000787__aug_noise_01.wav,صراحة اتصالات الجزاير تحسنت بزاف السنوات الاخيرة
C:\Users\dell\Desktop\laststation\Audio_augmented\speed\audio_000787__aug_speed_01.wav,صراحة اتصالات الجزاير تحسنت بزاف السنوات الاخيرة
C:\Users\dell\Desktop\laststation\Audio_augmented\compression\audio_000787__aug_compression_01.wav,صراحة اتصالات الجزاير تحسنت بزاف السنوات الاخيرة
C:\Users\dell\Desktop\laststation\Audio_augmented\noise\audio_000788__aug_noise_01.wav,ولله لا تملكون اي حل لانشغالاتنا سوى التسويف
C:\Users\dell\Desktop\laststation\Audio_augmented\speed\audio_000788__aug_speed_01.wav,ولله لا تملكون اي حل لانشغالاتنا سوى التسويف
C:\Users\dell\Desktop\laststation\Audio_augmented\compression\audio_000788__aug_compression_01.wav,ولله لا تملكون اي حل لانشغالاتنا سوى التسويف
C:\Users\dell\Desktop\laststation\Audio_augmented\noise\audio_000789__aug_noise_01.wav,يخصنا fibre في منطقتنا ڨاع ماشي مركبين في بلديتنا
C:\Users\dell\Desktop\laststation\Audio_augmented\speed\audio_000789__aug_speed_01.wav,يخصنا fibre في منطقتنا ڨاع ماشي مركبين في بلديتنا
C:\Users\dell\Desktop\laststation\Audio_augmented\compression\audio_000789__aug_compression_01.wav,يخصنا fibre في منطقتنا ڨاع ماشي مركبين في بلديتنا
C:\Users\dell\Desktop\laststation\Audio_augmented\noise\audio_000790__aug_noise_01.wav,رانا نعيطولكم ردو علينا راه internet مقطوعة عندي
C:\Users\dell\Desktop\laststation\Audio_augmented\speed\audio_000790__aug_speed_01.wav,رانا نعيطولكم ردو علينا راه internet مقطوعة عندي
C:\Users\dell\Desktop\laststation\Audio_augmented\compression\audio_000790__aug_compression_01.wav,رانا نعيطولكم ردو علينا راه internet مقطوعة عندي
C:\Users\dell\Desktop\laststation\Audio_augmented\noise\audio_000791__aug_noise_01.wav,خصنا خريطة لمشاريع ولاية عين الدفلى كل واحد واش يقولنا
C:\Users\dell\Desktop\laststation\Audio_augmented\speed\audio_000791__aug_speed_01.wav,خصنا خريطة لمشاريع ولاية عين الدفلى كل واحد واش يقولنا
C:\Users\dell\Desktop\laststation\Audio_augmented\compression\audio_000791__aug_compression_01.wav,خصنا خريطة لمشاريع ولاية عين الدفلى كل واحد واش يقولنا
C:\Users\dell\Desktop\laststation\Audio_augmented\noise\audio_000792__aug_noise_01.wav,لما اشترك في fibre هل هناك فواتير خاصة للهاتف ام الاشتراك الخاص بي internet فقط
C:\Users\dell\Desktop\laststation\Audio_augmented\speed\audio_000792__aug_speed_01.wav,لما اشترك في fibre هل هناك فواتير خاصة للهاتف ام الاشتراك الخاص بي internet فقط
C:\Users\dell\Desktop\laststation\Audio_augmented\compression\audio_000792__aug_compression_01.wav,لما اشترك في fibre هل هناك فواتير خاصة للهاتف ام الاشتراك الخاص بي internet فقط
C:\Users\dell\Desktop\laststation\Audio_augmented\noise\audio_000793__aug_noise_01.wav,ياو اطلقو la fibre لناس عندنا شهرين و مازال ما تجي تفهم راسك دوخ
C:\Users\dell\Desktop\laststation\Audio_augmented\speed\audio_000793__aug_speed_01.wav,ياو اطلقو la fibre لناس عندنا شهرين و مازال ما تجي تفهم راسك دوخ
C:\Users\dell\Desktop\laststation\Audio_augmented\compression\audio_000793__aug_compression_01.wav,ياو اطلقو la fibre لناس عندنا شهرين و مازال ما تجي تفهم راسك دوخ
C:\Users\dell\Desktop\laststation\Audio_augmented\noise\audio_000794__aug_noise_01.wav,حنايا جازو قدامنا fibre بصح مادخلوهش لشارع تاعنا
C:\Users\dell\Desktop\laststation\Audio_augmented\speed\audio_000794__aug_speed_01.wav,حنايا جازو قدامنا fibre بصح مادخلوهش لشارع تاعنا
C:\Users\dell\Desktop\laststation\Audio_augmented\compression\audio_000794__aug_compression_01.wav,حنايا جازو قدامنا fibre بصح مادخلوهش لشارع تاعنا
C:\Users\dell\Desktop\laststation\Audio_augmented\noise\audio_000795__aug_noise_01.wav,و غدوة فيها حجب لمواقع التواصل الاجتماعي ولا لالا
C:\Users\dell\Desktop\laststation\Audio_augmented\speed\audio_000795__aug_speed_01.wav,و غدوة فيها حجب لمواقع التواصل الاجتماعي ولا لالا
C:\Users\dell\Desktop\laststation\Audio_augmented\compression\audio_000795__aug_compression_01.wav,و غدوة فيها حجب لمواقع التواصل الاجتماعي ولا لالا
C:\Users\dell\Desktop\laststation\Audio_augmented\noise\audio_000796__aug_noise_01.wav,هل الدفع عبر تطبيق baridi mob متوفق
C:\Users\dell\Desktop\laststation\Audio_augmented\speed\audio_000796__aug_speed_01.wav,هل الدفع عبر تطبيق baridi mob متوفق
C:\Users\dell\Desktop\laststation\Audio_augmented\compression\audio_000796__aug_compression_01.wav,هل الدفع عبر تطبيق baridi mob متوفق
C:\Users\dell\Desktop\laststation\Audio_augmented\noise\audio_000797__aug_noise_01.wav,اودي ريڨلو connexion و فضاء الزبون دخلت درت الشكوى من تم رجع منقدرش ندخل ليه
C:\Users\dell\Desktop\laststation\Audio_augmented\speed\audio_000797__aug_speed_01.wav,اودي ريڨلو connexion و فضاء الزبون دخلت درت الشكوى من تم رجع منقدرش ندخل ليه
C:\Users\dell\Desktop\laststation\Audio_augmented\compression\audio_000797__aug_compression_01.wav,اودي ريڨلو connexion و فضاء الزبون دخلت درت الشكوى من تم رجع منقدرش ندخل ليه
C:\Users\dell\Desktop\laststation\Audio_augmented\noise\audio_000798__aug_noise_01.wav,حسنو من تدفق internet و ساهل الحال
C:\Users\dell\Desktop\laststation\Audio_augmented\speed\audio_000798__aug_speed_01.wav,حسنو من تدفق internet و ساهل الحال
C:\Users\dell\Desktop\laststation\Audio_augmented\compression\audio_000798__aug_compression_01.wav,حسنو من تدفق internet و ساهل الحال
C:\Users\dell\Desktop\laststation\Audio_augmented\noise\audio_000799__aug_noise_01.wav,وقتاش يوصلو la fibre لحي سيدي بوغفالة في ورقلة
C:\Users\dell\Desktop\laststation\Audio_augmented\speed\audio_000799__aug_speed_01.wav,وقتاش يوصلو la fibre لحي سيدي بوغفالة في ورقلة
C:\Users\dell\Desktop\laststation\Audio_augmented\compression\audio_000799__aug_compression_01.wav,وقتاش يوصلو la fibre لحي سيدي بوغفالة في ورقلة
C:\Users\dell\Desktop\laststation\Audio_augmented\noise\audio_000800__aug_noise_01.wav,لماذا لا تردون في الخاص لقد طرحت انشغالي و لكن لا حياة لمن تنادي للاسف
C:\Users\dell\Desktop\laststation\Audio_augmented\speed\audio_000800__aug_speed_01.wav,لماذا لا تردون في الخاص لقد طرحت انشغالي و لكن لا حياة لمن تنادي للاسف
C:\Users\dell\Desktop\laststation\Audio_augmented\compression\audio_000800__aug_compression_01.wav,لماذا لا تردون في الخاص لقد طرحت انشغالي و لكن لا حياة لمن تنادي للاسف
C:\Users\dell\Desktop\laststation\Audio_augmented\noise\audio_000801__aug_noise_01.wav,ولله ياتصلات الجزاير دوختونا بالعروض تعكم الجدد
C:\Users\dell\Desktop\laststation\Audio_augmented\speed\audio_000801__aug_speed_01.wav,ولله ياتصلات الجزاير دوختونا بالعروض تعكم الجدد
C:\Users\dell\Desktop\laststation\Audio_augmented\compression\audio_000801__aug_compression_01.wav,ولله ياتصلات الجزاير دوختونا بالعروض تعكم الجدد
C:\Users\dell\Desktop\laststation\Audio_augmented\noise\audio_000802__aug_noise_01.wav,خويا في غليزان مكاش connexion تحسب رانا عهد فرانسا مكاش ڨاع connexion شوفلنا حل
C:\Users\dell\Desktop\laststation\Audio_augmented\speed\audio_000802__aug_speed_01.wav,خويا في غليزان مكاش connexion تحسب رانا عهد فرانسا مكاش ڨاع connexion شوفلنا حل
C:\Users\dell\Desktop\laststation\Audio_augmented\compression\audio_000802__aug_compression_01.wav,خويا في غليزان مكاش connexion تحسب رانا عهد فرانسا مكاش ڨاع connexion شوفلنا حل
C:\Users\dell\Desktop\laststation\Audio_augmented\noise\audio_000803__aug_noise_01.wav,تعلم كيف تنتقل بسهولة الى fibre في ظرف ستة شهر
C:\Users\dell\Desktop\laststation\Audio_augmented\speed\audio_000803__aug_speed_01.wav,تعلم كيف تنتقل بسهولة الى fibre في ظرف ستة شهر
C:\Users\dell\Desktop\laststation\Audio_augmented\compression\audio_000803__aug_compression_01.wav,تعلم كيف تنتقل بسهولة الى fibre في ظرف ستة شهر
C:\Users\dell\Desktop\laststation\Audio_augmented\noise\audio_000804__aug_noise_01.wav,راو كلش حابس عندكم لا صفحة لا خط لا والوا
C:\Users\dell\Desktop\laststation\Audio_augmented\speed\audio_000804__aug_speed_01.wav,راو كلش حابس عندكم لا صفحة لا خط لا والوا
C:\Users\dell\Desktop\laststation\Audio_augmented\compression\audio_000804__aug_compression_01.wav,راو كلش حابس عندكم لا صفحة لا خط لا والوا
C:\Users\dell\Desktop\laststation\Audio_augmented\noise\audio_000805__aug_noise_01.wav,حبيت نكرييي compte في تطبيق my idoom لكن ماعنديش رقم الزبون كيفاش نلقاه
C:\Users\dell\Desktop\laststation\Audio_augmented\speed\audio_000805__aug_speed_01.wav,حبيت نكرييي compte في تطبيق my idoom لكن ماعنديش رقم الزبون كيفاش نلقاه
C:\Users\dell\Desktop\laststation\Audio_augmented\compression\audio_000805__aug_compression_01.wav,حبيت نكرييي compte في تطبيق my idoom لكن ماعنديش رقم الزبون كيفاش نلقاه
C:\Users\dell\Desktop\laststation\Audio_augmented\noise\audio_000806__aug_noise_01.wav,هل هناك خصم تقدمه اتصالات الجزاير لبعض الفيئات او قطاعات العمل في الاشتراك الشهري لي internet
C:\Users\dell\Desktop\laststation\Audio_augmented\speed\audio_000806__aug_speed_01.wav,هل هناك خصم تقدمه اتصالات الجزاير لبعض الفيئات او قطاعات العمل في الاشتراك الشهري لي internet
C:\Users\dell\Desktop\laststation\Audio_augmented\compression\audio_000806__aug_compression_01.wav,هل هناك خصم تقدمه اتصالات الجزاير لبعض الفيئات او قطاعات العمل في الاشتراك الشهري لي internet
C:\Users\dell\Desktop\laststation\Audio_augmented\noise\audio_000807__aug_noise_01.wav,modem عندو شهر من ربعطاش مارس و مازال ماركبوش التوصيل عن اي خدمة تتكلم
C:\Users\dell\Desktop\laststation\Audio_augmented\speed\audio_000807__aug_speed_01.wav,modem عندو شهر من ربعطاش مارس و مازال ماركبوش التوصيل عن اي خدمة تتكلم
C:\Users\dell\Desktop\laststation\Audio_augmented\compression\audio_000807__aug_compression_01.wav,modem عندو شهر من ربعطاش مارس و مازال ماركبوش التوصيل عن اي خدمة تتكلم
C:\Users\dell\Desktop\laststation\Audio_augmented\noise\audio_000808__aug_noise_01.wav,modem 4g وين نلقا رقم الزبون باش نسجل في فضاء الزبون
C:\Users\dell\Desktop\laststation\Audio_augmented\speed\audio_000808__aug_speed_01.wav,modem 4g وين نلقا رقم الزبون باش نسجل في فضاء الزبون
C:\Users\dell\Desktop\laststation\Audio_augmented\compression\audio_000808__aug_compression_01.wav,modem 4g وين نلقا رقم الزبون باش نسجل في فضاء الزبون
C:\Users\dell\Desktop\laststation\Audio_augmented\noise\audio_000809__aug_noise_01.wav,احلى و اروع شركة اتصالات في العالم
C:\Users\dell\Desktop\laststation\Audio_augmented\speed\audio_000809__aug_speed_01.wav,احلى و اروع شركة اتصالات في العالم
C:\Users\dell\Desktop\laststation\Audio_augmented\compression\audio_000809__aug_compression_01.wav,احلى و اروع شركة اتصالات في العالم
C:\Users\dell\Desktop\laststation\Audio_augmented\noise\audio_000810__aug_noise_01.wav,ممكن تعطونا حل على كيفية الغاء اشتراك فضاء الزبون
C:\Users\dell\Desktop\laststation\Audio_augmented\speed\audio_000810__aug_speed_01.wav,ممكن تعطونا حل على كيفية الغاء اشتراك فضاء الزبون
C:\Users\dell\Desktop\laststation\Audio_augmented\compression\audio_000810__aug_compression_01.wav,ممكن تعطونا حل على كيفية الغاء اشتراك فضاء الزبون
C:\Users\dell\Desktop\laststation\Audio_augmented\noise\audio_000811__aug_noise_01.wav,بالتوفيق و السداد مزيدا من النجاحات يعطيكم الصحة
C:\Users\dell\Desktop\laststation\Audio_augmented\speed\audio_000811__aug_speed_01.wav,بالتوفيق و السداد مزيدا من النجاحات يعطيكم الصحة
C:\Users\dell\Desktop\laststation\Audio_augmented\compression\audio_000811__aug_compression_01.wav,بالتوفيق و السداد مزيدا من النجاحات يعطيكم الصحة
C:\Users\dell\Desktop\laststation\Audio_augmented\noise\audio_000812__aug_noise_01.wav,وقتاش يوصل لعين دفلى طولتو بزاف داروه و جازو علينا من بعد راحو
C:\Users\dell\Desktop\laststation\Audio_augmented\speed\audio_000812__aug_speed_01.wav,وقتاش يوصل لعين دفلى طولتو بزاف داروه و جازو علينا من بعد راحو
C:\Users\dell\Desktop\laststation\Audio_augmented\compression\audio_000812__aug_compression_01.wav,وقتاش يوصل لعين دفلى طولتو بزاف داروه و جازو علينا من بعد راحو
C:\Users\dell\Desktop\laststation\Audio_augmented\noise\audio_000813__aug_noise_01.wav,خدمة فضاء الزبون معطلة في الموقع منذ مدة
C:\Users\dell\Desktop\laststation\Audio_augmented\speed\audio_000813__aug_speed_01.wav,خدمة فضاء الزبون معطلة في الموقع منذ مدة
C:\Users\dell\Desktop\laststation\Audio_augmented\compression\audio_000813__aug_compression_01.wav,خدمة فضاء الزبون معطلة في الموقع منذ مدة
C:\Users\dell\Desktop\laststation\Audio_augmented\noise\audio_000814__aug_noise_01.wav,تم ارسالها للمره عشرين من فضلكم ارجو ايجاد حل سريع
C:\Users\dell\Desktop\laststation\Audio_augmented\speed\audio_000814__aug_speed_01.wav,تم ارسالها للمره عشرين من فضلكم ارجو ايجاد حل سريع
C:\Users\dell\Desktop\laststation\Audio_augmented\compression\audio_000814__aug_compression_01.wav,تم ارسالها للمره عشرين من فضلكم ارجو ايجاد حل سريع
C:\Users\dell\Desktop\laststation\Audio_augmented\noise\audio_000815__aug_noise_01.wav,بدلنا idoom fibre لكن لحد الان مكاش connexion عندهم اسبوع ملي ركبولنا modem
C:\Users\dell\Desktop\laststation\Audio_augmented\speed\audio_000815__aug_speed_01.wav,بدلنا idoom fibre لكن لحد الان مكاش connexion عندهم اسبوع ملي ركبولنا modem
C:\Users\dell\Desktop\laststation\Audio_augmented\compression\audio_000815__aug_compression_01.wav,بدلنا idoom fibre لكن لحد الان مكاش connexion عندهم اسبوع ملي ركبولنا modem
C:\Users\dell\Desktop\laststation\Audio_augmented\noise\audio_000816__aug_noise_01.wav,شكرا لكم على الرد و قراءة الانشغال في التعليق
C:\Users\dell\Desktop\laststation\Audio_augmented\speed\audio_000816__aug_speed_01.wav,شكرا لكم على الرد و قراءة الانشغال في التعليق
C:\Users\dell\Desktop\laststation\Audio_augmented\compression\audio_000816__aug_compression_01.wav,شكرا لكم على الرد و قراءة الانشغال في التعليق
C:\Users\dell\Desktop\laststation\Audio_augmented\noise\audio_000817__aug_noise_01.wav,راني نخلص الكترونيا بصح مكان حتى bonus
C:\Users\dell\Desktop\laststation\Audio_augmented\speed\audio_000817__aug_speed_01.wav,راني نخلص الكترونيا بصح مكان حتى bonus
C:\Users\dell\Desktop\laststation\Audio_augmented\compression\audio_000817__aug_compression_01.wav,راني نخلص الكترونيا بصح مكان حتى bonus
C:\Users\dell\Desktop\laststation\Audio_augmented\noise\audio_000818__aug_noise_01.wav,يركبوه و مكاش connexion يقولك راهي تمشي و هي متمشيش
C:\Users\dell\Desktop\laststation\Audio_augmented\speed\audio_000818__aug_speed_01.wav,يركبوه و مكاش connexion يقولك راهي تمشي و هي متمشيش
C:\Users\dell\Desktop\laststation\Audio_augmented\compression\audio_000818__aug_compression_01.wav,يركبوه و مكاش connexion يقولك راهي تمشي و هي متمشيش
C:\Users\dell\Desktop\laststation\Audio_augmented\noise\audio_000819__aug_noise_01.wav,خدمات تحت الصفر شهر ونص internet مكاش
C:\Users\dell\Desktop\laststation\Audio_augmented\speed\audio_000819__aug_speed_01.wav,خدمات تحت الصفر شهر ونص internet مكاش
C:\Users\dell\Desktop\laststation\Audio_augmented\compression\audio_000819__aug_compression_01.wav,خدمات تحت الصفر شهر ونص internet مكاش
C:\Users\dell\Desktop\laststation\Audio_augmented\noise\audio_000820__aug_noise_01.wav,غليزان مفيهاش هذ الخدمة حي خمسمية مسكن وقتاش تتفكرنا رانا متاخرين
C:\Users\dell\Desktop\laststation\Audio_augmented\speed\audio_000820__aug_speed_01.wav,غليزان مفيهاش هذ الخدمة حي خمسمية مسكن وقتاش تتفكرنا رانا متاخرين
C:\Users\dell\Desktop\laststation\Audio_augmented\compression\audio_000820__aug_compression_01.wav,غليزان مفيهاش هذ الخدمة حي خمسمية مسكن وقتاش تتفكرنا رانا متاخرين
C:\Users\dell\Desktop\laststation\Audio_augmented\noise\audio_000821__aug_noise_01.wav,اخرى تطبيقين في العالم my idoom و baridi mob ڤاع العام ميصلحوش و المشكل كي تسحقهم
C:\Users\dell\Desktop\laststation\Audio_augmented\speed\audio_000821__aug_speed_01.wav,اخرى تطبيقين في العالم my idoom و baridi mob ڤاع العام ميصلحوش و المشكل كي تسحقهم
C:\Users\dell\Desktop\laststation\Audio_augmented\compression\audio_000821__aug_compression_01.wav,اخرى تطبيقين في العالم my idoom و baridi mob ڤاع العام ميصلحوش و المشكل كي تسحقهم
C:\Users\dell\Desktop\laststation\Audio_augmented\noise\audio_000822__aug_noise_01.wav,مازال ملحقوش حفرو و دارو اشغال تاوعو و حطو باطة برك بصح مازال مدخلش
C:\Users\dell\Desktop\laststation\Audio_augmented\speed\audio_000822__aug_speed_01.wav,مازال ملحقوش حفرو و دارو اشغال تاوعو و حطو باطة برك بصح مازال مدخلش
C:\Users\dell\Desktop\laststation\Audio_augmented\compression\audio_000822__aug_compression_01.wav,مازال ملحقوش حفرو و دارو اشغال تاوعو و حطو باطة برك بصح مازال مدخلش
C:\Users\dell\Desktop\laststation\Audio_augmented\noise\audio_000823__aug_noise_01.wav,وانت خو كان عندك stable من الاول ولا حتى ريكلاميت
C:\Users\dell\Desktop\laststation\Audio_augmented\speed\audio_000823__aug_speed_01.wav,وانت خو كان عندك stable من الاول ولا حتى ريكلاميت
C:\Users\dell\Desktop\laststation\Audio_augmented\compression\audio_000823__aug_compression_01.wav,وانت خو كان عندك stable من الاول ولا حتى ريكلاميت
C:\Users\dell\Desktop\laststation\Audio_augmented\noise\audio_000824__aug_noise_01.wav,هل سيتم قطع internet المنزلي fibre ايام البكلوريا
C:\Users\dell\Desktop\laststation\Audio_augmented\speed\audio_000824__aug_speed_01.wav,هل سيتم قطع internet المنزلي fibre ايام البكلوريا
C:\Users\dell\Desktop\laststation\Audio_augmented\compression\audio_000824__aug_compression_01.wav,هل سيتم قطع internet المنزلي fibre ايام البكلوريا
C:\Users\dell\Desktop\laststation\Audio_augmented\noise\audio_000825__aug_noise_01.wav,كل بلديات سيدي بلعباس ليس بها خدمة fibre
C:\Users\dell\Desktop\laststation\Audio_augmented\speed\audio_000825__aug_speed_01.wav,كل بلديات سيدي بلعباس ليس بها خدمة fibre
C:\Users\dell\Desktop\laststation\Audio_augmented\compression\audio_000825__aug_compression_01.wav,كل بلديات سيدي بلعباس ليس بها خدمة fibre
C:\Users\dell\Desktop\laststation\Audio_augmented\noise\audio_000826__aug_noise_01.wav,تطبيق my idoom مايدخلش في فضاء الزبون علاش
C:\Users\dell\Desktop\laststation\Audio_augmented\speed\audio_000826__aug_speed_01.wav,تطبيق my idoom مايدخلش في فضاء الزبون علاش
C:\Users\dell\Desktop\laststation\Audio_augmented\compression\audio_000826__aug_compression_01.wav,تطبيق my idoom مايدخلش في فضاء الزبون علاش
C:\Users\dell\Desktop\laststation\Audio_augmented\noise\audio_000827__aug_noise_01.wav,الملخص اعطولنا internet هذا واش طالبين منكم
C:\Users\dell\Desktop\laststation\Audio_augmented\speed\audio_000827__aug_speed_01.wav,الملخص اعطولنا internet هذا واش طالبين منكم
C:\Users\dell\Desktop\laststation\Audio_augmented\compression\audio_000827__aug_compression_01.wav,الملخص اعطولنا internet هذا واش طالبين منكم
C:\Users\dell\Desktop\laststation\Audio_augmented\noise\audio_000828__aug_noise_01.wav,عن اي modem تتحدث لدينا خمسة شهر و نحن ننتظر modem nokia
C:\Users\dell\Desktop\laststation\Audio_augmented\speed\audio_000828__aug_speed_01.wav,عن اي modem تتحدث لدينا خمسة شهر و نحن ننتظر modem nokia
C:\Users\dell\Desktop\laststation\Audio_augmented\compression\audio_000828__aug_compression_01.wav,عن اي modem تتحدث لدينا خمسة شهر و نحن ننتظر modem nokia
C:\Users\dell\Desktop\laststation\Audio_augmented\noise\audio_000829__aug_noise_01.wav,لم اتمكن من الحصول على رقم الزبون عبر موقعكم رغم ان كل بياناتي صحيحة
C:\Users\dell\Desktop\laststation\Audio_augmented\speed\audio_000829__aug_speed_01.wav,لم اتمكن من الحصول على رقم الزبون عبر موقعكم رغم ان كل بياناتي صحيحة
C:\Users\dell\Desktop\laststation\Audio_augmented\compression\audio_000829__aug_compression_01.wav,لم اتمكن من الحصول على رقم الزبون عبر موقعكم رغم ان كل بياناتي صحيحة
C:\Users\dell\Desktop\laststation\Audio_augmented\noise\audio_000830__aug_noise_01.wav,وقتاش تصيبولنا حل يازح كل يوم نريكلامي مكاين والوا
C:\Users\dell\Desktop\laststation\Audio_augmented\speed\audio_000830__aug_speed_01.wav,وقتاش تصيبولنا حل يازح كل يوم نريكلامي مكاين والوا
C:\Users\dell\Desktop\laststation\Audio_augmented\compression\audio_000830__aug_compression_01.wav,وقتاش تصيبولنا حل يازح كل يوم نريكلامي مكاين والوا
C:\Users\dell\Desktop\laststation\Audio_augmented\noise\audio_000831__aug_noise_01.wav,رانا في عامين و هوما يقولو مكاش modem
C:\Users\dell\Desktop\laststation\Audio_augmented\speed\audio_000831__aug_speed_01.wav,رانا في عامين و هوما يقولو مكاش modem
C:\Users\dell\Desktop\laststation\Audio_augmented\compression\audio_000831__aug_compression_01.wav,رانا في عامين و هوما يقولو مكاش modem
C:\Users\dell\Desktop\laststation\Audio_augmented\noise\audio_000832__aug_noise_01.wav,كلش واجد modem شاعل و مازال ماطلقو والوا
C:\Users\dell\Desktop\laststation\Audio_augmented\speed\audio_000832__aug_speed_01.wav,كلش واجد modem شاعل و مازال ماطلقو والوا
C:\Users\dell\Desktop\laststation\Audio_augmented\compression\audio_000832__aug_compression_01.wav,كلش واجد modem شاعل و مازال ماطلقو والوا
C:\Users\dell\Desktop\laststation\Audio_augmented\noise\audio_000833__aug_noise_01.wav,ممكن اذا متوفر في وكالة حمام الضلعة المسيلة
C:\Users\dell\Desktop\laststation\Audio_augmented\speed\audio_000833__aug_speed_01.wav,ممكن اذا متوفر في وكالة حمام الضلعة المسيلة
C:\Users\dell\Desktop\laststation\Audio_augmented\compression\audio_000833__aug_compression_01.wav,ممكن اذا متوفر في وكالة حمام الضلعة المسيلة
C:\Users\dell\Desktop\laststation\Audio_augmented\noise\audio_000834__aug_noise_01.wav,ديرولنا حل عندي اكتر من خمسطاش يوم جبت modem و مجاوش يبلاصيولي
C:\Users\dell\Desktop\laststation\Audio_augmented\speed\audio_000834__aug_speed_01.wav,ديرولنا حل عندي اكتر من خمسطاش يوم جبت modem و مجاوش يبلاصيولي
C:\Users\dell\Desktop\laststation\Audio_augmented\compression\audio_000834__aug_compression_01.wav,ديرولنا حل عندي اكتر من خمسطاش يوم جبت modem و مجاوش يبلاصيولي
C:\Users\dell\Desktop\laststation\Audio_augmented\noise\audio_000835__aug_noise_01.wav,اقسم بالله غير الشعب هارب عليكم بسنوات ضوئية
C:\Users\dell\Desktop\laststation\Audio_augmented\speed\audio_000835__aug_speed_01.wav,اقسم بالله غير الشعب هارب عليكم بسنوات ضوئية
C:\Users\dell\Desktop\laststation\Audio_augmented\compression\audio_000835__aug_compression_01.wav,اقسم بالله غير الشعب هارب عليكم بسنوات ضوئية
C:\Users\dell\Desktop\laststation\Audio_augmented\noise\audio_000836__aug_noise_01.wav,كيف يمكننا الحصول على modem للعلم موسسة تربوية
C:\Users\dell\Desktop\laststation\Audio_augmented\speed\audio_000836__aug_speed_01.wav,كيف يمكننا الحصول على modem للعلم موسسة تربوية
C:\Users\dell\Desktop\laststation\Audio_augmented\compression\audio_000836__aug_compression_01.wav,كيف يمكننا الحصول على modem للعلم موسسة تربوية
C:\Users\dell\Desktop\laststation\Audio_augmented\noise\audio_000837__aug_noise_01.wav,اطلقولنا la fibre في حي الويام الجلفة هذا مكان
C:\Users\dell\Desktop\laststation\Audio_augmented\speed\audio_000837__aug_speed_01.wav,اطلقولنا la fibre في حي الويام الجلفة هذا مكان
C:\Users\dell\Desktop\laststation\Audio_augmented\compression\audio_000837__aug_compression_01.wav,اطلقولنا la fibre في حي الويام الجلفة هذا مكان
C:\Users\dell\Desktop\laststation\Audio_augmented\noise\audio_000838__aug_noise_01.wav,عندي اكثر من اسبوع مين ركبت modem و internet مازال مكاش خدمة zero
C:\Users\dell\Desktop\laststation\Audio_augmented\speed\audio_000838__aug_speed_01.wav,عندي اكثر من اسبوع مين ركبت modem و internet مازال مكاش خدمة zero
C:\Users\dell\Desktop\laststation\Audio_augmented\compression\audio_000838__aug_compression_01.wav,عندي اكثر من اسبوع مين ركبت modem و internet مازال مكاش خدمة zero
C:\Users\dell\Desktop\laststation\Audio_augmented\noise\audio_000839__aug_noise_01.wav,ping مرتفع في العاب وعلاش هكا ريڨليوها
C:\Users\dell\Desktop\laststation\Audio_augmented\speed\audio_000839__aug_speed_01.wav,ping مرتفع في العاب وعلاش هكا ريڨليوها
C:\Users\dell\Desktop\laststation\Audio_augmented\compression\audio_000839__aug_compression_01.wav,ping مرتفع في العاب وعلاش هكا ريڨليوها
C:\Users\dell\Desktop\laststation\Audio_augmented\noise\audio_000840__aug_noise_01.wav,لبارح ركبولي الخيط و عطوني modem و مجاتش internet
C:\Users\dell\Desktop\laststation\Audio_augmented\speed\audio_000840__aug_speed_01.wav,لبارح ركبولي الخيط و عطوني modem و مجاتش internet
C:\Users\dell\Desktop\laststation\Audio_augmented\compression\audio_000840__aug_compression_01.wav,لبارح ركبولي الخيط و عطوني modem و مجاتش internet
C:\Users\dell\Desktop\laststation\Audio_augmented\noise\audio_000841__aug_noise_01.wav,قالو نجيبوهم رانا ثلاثة شهر و مكاين والوا عيب
C:\Users\dell\Desktop\laststation\Audio_augmented\speed\audio_000841__aug_speed_01.wav,قالو نجيبوهم رانا ثلاثة شهر و مكاين والوا عيب
C:\Users\dell\Desktop\laststation\Audio_augmented\compression\audio_000841__aug_compression_01.wav,قالو نجيبوهم رانا ثلاثة شهر و مكاين والوا عيب
C:\Users\dell\Desktop\laststation\Audio_augmented\noise\audio_000842__aug_noise_01.wav,ارواحو اخدمولنا هذي برك مناش نحوسو على fibre
C:\Users\dell\Desktop\laststation\Audio_augmented\speed\audio_000842__aug_speed_01.wav,ارواحو اخدمولنا هذي برك مناش نحوسو على fibre
C:\Users\dell\Desktop\laststation\Audio_augmented\compression\audio_000842__aug_compression_01.wav,ارواحو اخدمولنا هذي برك مناش نحوسو على fibre
C:\Users\dell\Desktop\laststation\Audio_augmented\noise\audio_000843__aug_noise_01.wav,شكون عندو الرقم تاع اتصالات الجزاير من فضلكم
C:\Users\dell\Desktop\laststation\Audio_augmented\speed\audio_000843__aug_speed_01.wav,شكون عندو الرقم تاع اتصالات الجزاير من فضلكم
C:\Users\dell\Desktop\laststation\Audio_augmented\compression\audio_000843__aug_compression_01.wav,شكون عندو الرقم تاع اتصالات الجزاير من فضلكم
C:\Users\dell\Desktop\laststation\Audio_augmented\noise\audio_000844__aug_noise_01.wav,نستنا فيكم تجو تبلاصيو modem لي عندو ثلاثة شهر مرمي
C:\Users\dell\Desktop\laststation\Audio_augmented\speed\audio_000844__aug_speed_01.wav,نستنا فيكم تجو تبلاصيو modem لي عندو ثلاثة شهر مرمي
C:\Users\dell\Desktop\laststation\Audio_augmented\compression\audio_000844__aug_compression_01.wav,نستنا فيكم تجو تبلاصيو modem لي عندو ثلاثة شهر مرمي
C:\Users\dell\Desktop\laststation\Audio_augmented\noise\audio_000845__aug_noise_01.wav,مازال راكم دايرين تخفيض على تركيب modem
C:\Users\dell\Desktop\laststation\Audio_augmented\speed\audio_000845__aug_speed_01.wav,مازال راكم دايرين تخفيض على تركيب modem
C:\Users\dell\Desktop\laststation\Audio_augmented\compression\audio_000845__aug_compression_01.wav,مازال راكم دايرين تخفيض على تركيب modem
C:\Users\dell\Desktop\laststation\Audio_augmented\noise\audio_000846__aug_noise_01.wav,مشاريع ربط احياء مدينة المسيلة بالالياف متوقف منذ ايام باستثناء مشروع ربط المنطقة الصناعية
C:\Users\dell\Desktop\laststation\Audio_augmented\speed\audio_000846__aug_speed_01.wav,مشاريع ربط احياء مدينة المسيلة بالالياف متوقف منذ ايام باستثناء مشروع ربط المنطقة الصناعية
C:\Users\dell\Desktop\laststation\Audio_augmented\compression\audio_000846__aug_compression_01.wav,مشاريع ربط احياء مدينة المسيلة بالالياف متوقف منذ ايام باستثناء مشروع ربط المنطقة الصناعية
C:\Users\dell\Desktop\laststation\Audio_augmented\noise\audio_000847__aug_noise_01.wav,يجب اعادة النظر في عرض gaming انها بعيدة كل البعد من عالم gaming خاصة serveur
C:\Users\dell\Desktop\laststation\Audio_augmented\speed\audio_000847__aug_speed_01.wav,يجب اعادة النظر في عرض gaming انها بعيدة كل البعد من عالم gaming خاصة serveur
C:\Users\dell\Desktop\laststation\Audio_augmented\compression\audio_000847__aug_compression_01.wav,يجب اعادة النظر في عرض gaming انها بعيدة كل البعد من عالم gaming خاصة serveur
C:\Users\dell\Desktop\laststation\Audio_augmented\noise\audio_000848__aug_noise_01.wav,و باقي الشعب عايش فالعصر الجاهلي اذا عندكم نقص فالعمال قلولنا
C:\Users\dell\Desktop\laststation\Audio_augmented\speed\audio_000848__aug_speed_01.wav,و باقي الشعب عايش فالعصر الجاهلي اذا عندكم نقص فالعمال قلولنا
C:\Users\dell\Desktop\laststation\Audio_augmented\compression\audio_000848__aug_compression_01.wav,و باقي الشعب عايش فالعصر الجاهلي اذا عندكم نقص فالعمال قلولنا
C:\Users\dell\Desktop\laststation\Audio_augmented\noise\audio_000849__aug_noise_01.wav,احترمو عقولنا منشورات اتصلات الجزاير في مواقع التواصل و نشرة الثامنة كيف كيف
C:\Users\dell\Desktop\laststation\Audio_augmented\speed\audio_000849__aug_speed_01.wav,احترمو عقولنا منشورات اتصلات الجزاير في مواقع التواصل و نشرة الثامنة كيف كيف
C:\Users\dell\Desktop\laststation\Audio_augmented\compression\audio_000849__aug_compression_01.wav,احترمو عقولنا منشورات اتصلات الجزاير في مواقع التواصل و نشرة الثامنة كيف كيف
C:\Users\dell\Desktop\laststation\Audio_augmented\noise\audio_000850__aug_noise_01.wav,اي فخر خمسة شهر انقطاع internet عن حي كامل في البليدة دون تدخل في الفين و خمسة و عشرين
C:\Users\dell\Desktop\laststation\Audio_augmented\speed\audio_000850__aug_speed_01.wav,اي فخر خمسة شهر انقطاع internet عن حي كامل في البليدة دون تدخل في الفين و خمسة و عشرين
C:\Users\dell\Desktop\laststation\Audio_augmented\compression\audio_000850__aug_compression_01.wav,اي فخر خمسة شهر انقطاع internet عن حي كامل في البليدة دون تدخل في الفين و خمسة و عشرين
C:\Users\dell\Desktop\laststation\Audio_augmented\noise\audio_000851__aug_noise_01.wav,حنا مازال connexion مكاش ربعة شهر و نتا تقول wifi sept
C:\Users\dell\Desktop\laststation\Audio_augmented\speed\audio_000851__aug_speed_01.wav,حنا مازال connexion مكاش ربعة شهر و نتا تقول wifi sept
C:\Users\dell\Desktop\laststation\Audio_augmented\compression\audio_000851__aug_compression_01.wav,حنا مازال connexion مكاش ربعة شهر و نتا تقول wifi sept
C:\Users\dell\Desktop\laststation\Audio_augmented\noise\audio_000852__aug_noise_01.wav,يجب احترام الاولوية للزبائن القدامى ليس للزبائن الجدد علاه هكا علاه
C:\Users\dell\Desktop\laststation\Audio_augmented\speed\audio_000852__aug_speed_01.wav,يجب احترام الاولوية للزبائن القدامى ليس للزبائن الجدد علاه هكا علاه
C:\Users\dell\Desktop\laststation\Audio_augmented\compression\audio_000852__aug_compression_01.wav,يجب احترام الاولوية للزبائن القدامى ليس للزبائن الجدد علاه هكا علاه
C:\Users\dell\Desktop\laststation\Audio_augmented\noise\audio_000853__aug_noise_01.wav,مكاش connexion من الحداش تاع صباح مازالها مطولة واقيل
C:\Users\dell\Desktop\laststation\Audio_augmented\speed\audio_000853__aug_speed_01.wav,مكاش connexion من الحداش تاع صباح مازالها مطولة واقيل
C:\Users\dell\Desktop\laststation\Audio_augmented\compression\audio_000853__aug_compression_01.wav,مكاش connexion من الحداش تاع صباح مازالها مطولة واقيل
C:\Users\dell\Desktop\laststation\Audio_augmented\noise\audio_000854__aug_noise_01.wav,ثنين و عشرين سنة في النهب و الاحتيال هذي مكمش غالطين فيها
C:\Users\dell\Desktop\laststation\Audio_augmented\speed\audio_000854__aug_speed_01.wav,ثنين و عشرين سنة في النهب و الاحتيال هذي مكمش غالطين فيها
C:\Users\dell\Desktop\laststation\Audio_augmented\compression\audio_000854__aug_compression_01.wav,ثنين و عشرين سنة في النهب و الاحتيال هذي مكمش غالطين فيها
C:\Users\dell\Desktop\laststation\Audio_augmented\noise\audio_000855__aug_noise_01.wav,عشرين mega ماهيش توصلنني غير عشرة mega
C:\Users\dell\Desktop\laststation\Audio_augmented\speed\audio_000855__aug_speed_01.wav,عشرين mega ماهيش توصلنني غير عشرة mega
C:\Users\dell\Desktop\laststation\Audio_augmented\compression\audio_000855__aug_compression_01.wav,عشرين mega ماهيش توصلنني غير عشرة mega
C:\Users\dell\Desktop\laststation\Audio_augmented\noise\audio_000856__aug_noise_01.wav,و حنا في حي البناء التطوري وسط سكيكدة معندناش internet و حنا في الفية و خمسة و عشرين
C:\Users\dell\Desktop\laststation\Audio_augmented\speed\audio_000856__aug_speed_01.wav,و حنا في حي البناء التطوري وسط سكيكدة معندناش internet و حنا في الفية و خمسة و عشرين
C:\Users\dell\Desktop\laststation\Audio_augmented\compression\audio_000856__aug_compression_01.wav,و حنا في حي البناء التطوري وسط سكيكدة معندناش internet و حنا في الفية و خمسة و عشرين
C:\Users\dell\Desktop\laststation\Audio_augmented\noise\audio_000857__aug_noise_01.wav,اين اجد الرقم السري mot de passe تاع modem la fibre من فضلكم
C:\Users\dell\Desktop\laststation\Audio_augmented\speed\audio_000857__aug_speed_01.wav,اين اجد الرقم السري mot de passe تاع modem la fibre من فضلكم
C:\Users\dell\Desktop\laststation\Audio_augmented\compression\audio_000857__aug_compression_01.wav,اين اجد الرقم السري mot de passe تاع modem la fibre من فضلكم
C:\Users\dell\Desktop\laststation\Audio_augmented\noise\audio_000858__aug_noise_01.wav,اذا connexion تاعكم تمشي ساعة و تروح يومين واش داكم لهدرة لي كبيرة عليكم
C:\Users\dell\Desktop\laststation\Audio_augmented\speed\audio_000858__aug_speed_01.wav,اذا connexion تاعكم تمشي ساعة و تروح يومين واش داكم لهدرة لي كبيرة عليكم
C:\Users\dell\Desktop\laststation\Audio_augmented\compression\audio_000858__aug_compression_01.wav,اذا connexion تاعكم تمشي ساعة و تروح يومين واش داكم لهدرة لي كبيرة عليكم
C:\Users\dell\Desktop\laststation\Audio_augmented\noise\audio_000859__aug_noise_01.wav,connexion راهي ناقصة في خمسة شهر ولا ستة طلقولنا جغمة رحمة الله على والديكم
C:\Users\dell\Desktop\laststation\Audio_augmented\speed\audio_000859__aug_speed_01.wav,connexion راهي ناقصة في خمسة شهر ولا ستة طلقولنا جغمة رحمة الله على والديكم
C:\Users\dell\Desktop\laststation\Audio_augmented\compression\audio_000859__aug_compression_01.wav,connexion راهي ناقصة في خمسة شهر ولا ستة طلقولنا جغمة رحمة الله على والديكم
C:\Users\dell\Desktop\laststation\Audio_augmented\noise\audio_000860__aug_noise_01.wav,لو يتم تخفيض السعر ستكون المبيعات افضل
C:\Users\dell\Desktop\laststation\Audio_augmented\speed\audio_000860__aug_speed_01.wav,لو يتم تخفيض السعر ستكون المبيعات افضل
C:\Users\dell\Desktop\laststation\Audio_augmented\compression\audio_000860__aug_compression_01.wav,لو يتم تخفيض السعر ستكون المبيعات افضل
C:\Users\dell\Desktop\laststation\Audio_augmented\noise\audio_000861__aug_noise_01.wav,حنا كرهنا من adsl لا connexion تصلح لا والوا عندنا ربعة شهر و حنا نعانيو
C:\Users\dell\Desktop\laststation\Audio_augmented\speed\audio_000861__aug_speed_01.wav,حنا كرهنا من adsl لا connexion تصلح لا والوا عندنا ربعة شهر و حنا نعانيو
C:\Users\dell\Desktop\laststation\Audio_augmented\compression\audio_000861__aug_compression_01.wav,حنا كرهنا من adsl لا connexion تصلح لا والوا عندنا ربعة شهر و حنا نعانيو
C:\Users\dell\Desktop\laststation\Audio_augmented\noise\audio_000862__aug_noise_01.wav,يالطيف شحال تكذبو على الناس وين راكم رايحين الى جهنم تاكلكم انشاءالله
C:\Users\dell\Desktop\laststation\Audio_augmented\speed\audio_000862__aug_speed_01.wav,يالطيف شحال تكذبو على الناس وين راكم رايحين الى جهنم تاكلكم انشاءالله
C:\Users\dell\Desktop\laststation\Audio_augmented\compression\audio_000862__aug_compression_01.wav,يالطيف شحال تكذبو على الناس وين راكم رايحين الى جهنم تاكلكم انشاءالله
C:\Users\dell\Desktop\laststation\Audio_augmented\noise\audio_000863__aug_noise_01.wav,الرجاء مشاركتنا تفاصيل انشغالكم عبر الرسائل الخاصة للصفحة مع ارفاق كل المعلومات الضرورية
C:\Users\dell\Desktop\laststation\Audio_augmented\speed\audio_000863__aug_speed_01.wav,الرجاء مشاركتنا تفاصيل انشغالكم عبر الرسائل الخاصة للصفحة مع ارفاق كل المعلومات الضرورية
C:\Users\dell\Desktop\laststation\Audio_augmented\compression\audio_000863__aug_compression_01.wav,الرجاء مشاركتنا تفاصيل انشغالكم عبر الرسائل الخاصة للصفحة مع ارفاق كل المعلومات الضرورية
C:\Users\dell\Desktop\laststation\Audio_augmented\noise\audio_000864__aug_noise_01.wav,رجعوا علينا في خاص مشكل internet لا توجد
C:\Users\dell\Desktop\laststation\Audio_augmented\speed\audio_000864__aug_speed_01.wav,رجعوا علينا في خاص مشكل internet لا توجد
C:\Users\dell\Desktop\laststation\Audio_augmented\compression\audio_000864__aug_compression_01.wav,رجعوا علينا في خاص مشكل internet لا توجد
C:\Users\dell\Desktop\laststation\Audio_augmented\noise\audio_000865__aug_noise_01.wav,وكالة بن غازي مغلوقة لا تعمل
C:\Users\dell\Desktop\laststation\Audio_augmented\speed\audio_000865__aug_speed_01.wav,وكالة بن غازي مغلوقة لا تعمل
C:\Users\dell\Desktop\laststation\Audio_augmented\compression\audio_000865__aug_compression_01.wav,وكالة بن غازي مغلوقة لا تعمل
C:\Users\dell\Desktop\laststation\Audio_augmented\noise\audio_000866__aug_noise_01.wav,هل اليوم عطلة لكم راني حاب نخلص فاتورتي
C:\Users\dell\Desktop\laststation\Audio_augmented\speed\audio_000866__aug_speed_01.wav,هل اليوم عطلة لكم راني حاب نخلص فاتورتي
C:\Users\dell\Desktop\laststation\Audio_augmented\compression\audio_000866__aug_compression_01.wav,هل اليوم عطلة لكم راني حاب نخلص فاتورتي
C:\Users\dell\Desktop\laststation\Audio_augmented\noise\audio_000867__aug_noise_01.wav,والي داير تخفيض حتى هو معني ولا لالا
C:\Users\dell\Desktop\laststation\Audio_augmented\speed\audio_000867__aug_speed_01.wav,والي داير تخفيض حتى هو معني ولا لالا
C:\Users\dell\Desktop\laststation\Audio_augmented\compression\audio_000867__aug_compression_01.wav,والي داير تخفيض حتى هو معني ولا لالا
C:\Users\dell\Desktop\laststation\Audio_augmented\noise\audio_000868__aug_noise_01.wav,من فضلكم تغير شريحة اتصالات الجزاير في الهاتف
C:\Users\dell\Desktop\laststation\Audio_augmented\speed\audio_000868__aug_speed_01.wav,من فضلكم تغير شريحة اتصالات الجزاير في الهاتف
C:\Users\dell\Desktop\laststation\Audio_augmented\compression\audio_000868__aug_compression_01.wav,من فضلكم تغير شريحة اتصالات الجزاير في الهاتف
C:\Users\dell\Desktop\laststation\Audio_augmented\noise\audio_000869__aug_noise_01.wav,حي كامل بدون internet adsl لمدة ربعطاش يوم
C:\Users\dell\Desktop\laststation\Audio_augmented\speed\audio_000869__aug_speed_01.wav,حي كامل بدون internet adsl لمدة ربعطاش يوم
C:\Users\dell\Desktop\laststation\Audio_augmented\compression\audio_000869__aug_compression_01.wav,حي كامل بدون internet adsl لمدة ربعطاش يوم
C:\Users\dell\Desktop\laststation\Audio_augmented\noise\audio_000870__aug_noise_01.wav,نحتاج رقم الزبون لفتح my idoom من فضلكم
C:\Users\dell\Desktop\laststation\Audio_augmented\speed\audio_000870__aug_speed_01.wav,نحتاج رقم الزبون لفتح my idoom من فضلكم
C:\Users\dell\Desktop\laststation\Audio_augmented\compression\audio_000870__aug_compression_01.wav,نحتاج رقم الزبون لفتح my idoom من فضلكم
C:\Users\dell\Desktop\laststation\Audio_augmented\noise\audio_000871__aug_noise_01.wav,راني مخلص ميتين و ربعين mega توصل غير عشرين mega وين راهو المشكل
C:\Users\dell\Desktop\laststation\Audio_augmented\speed\audio_000871__aug_speed_01.wav,راني مخلص ميتين و ربعين mega توصل غير عشرين mega وين راهو المشكل
C:\Users\dell\Desktop\laststation\Audio_augmented\compression\audio_000871__aug_compression_01.wav,راني مخلص ميتين و ربعين mega توصل غير عشرين mega وين راهو المشكل
C:\Users\dell\Desktop\laststation\Audio_augmented\noise\audio_000872__aug_noise_01.wav,كيف يتم تفعيل العرض من فضاء الزبون
C:\Users\dell\Desktop\laststation\Audio_augmented\speed\audio_000872__aug_speed_01.wav,كيف يتم تفعيل العرض من فضاء الزبون
C:\Users\dell\Desktop\laststation\Audio_augmented\compression\audio_000872__aug_compression_01.wav,كيف يتم تفعيل العرض من فضاء الزبون
C:\Users\dell\Desktop\laststation\Audio_augmented\noise\audio_000873__aug_noise_01.wav,اتصالات الجزاير هل التفعيل مجاني و غير ملزم
C:\Users\dell\Desktop\laststation\Audio_augmented\speed\audio_000873__aug_speed_01.wav,اتصالات الجزاير هل التفعيل مجاني و غير ملزم
C:\Users\dell\Desktop\laststation\Audio_augmented\compression\audio_000873__aug_compression_01.wav,اتصالات الجزاير هل التفعيل مجاني و غير ملزم
C:\Users\dell\Desktop\laststation\Audio_augmented\noise\audio_000874__aug_noise_01.wav,كملتلي internet ليوم الجمعة كيف اتسلف
C:\Users\dell\Desktop\laststation\Audio_augmented\speed\audio_000874__aug_speed_01.wav,كملتلي internet ليوم الجمعة كيف اتسلف
C:\Users\dell\Desktop\laststation\Audio_augmented\compression\audio_000874__aug_compression_01.wav,كملتلي internet ليوم الجمعة كيف اتسلف
C:\Users\dell\Desktop\laststation\Audio_augmented\noise\audio_000875__aug_noise_01.wav,كل يوم تتوقف و كل مرة مشاكل مع الشبكة
C:\Users\dell\Desktop\laststation\Audio_augmented\speed\audio_000875__aug_speed_01.wav,كل يوم تتوقف و كل مرة مشاكل مع الشبكة
C:\Users\dell\Desktop\laststation\Audio_augmented\compression\audio_000875__aug_compression_01.wav,كل يوم تتوقف و كل مرة مشاكل مع الشبكة
C:\Users\dell\Desktop\laststation\Audio_augmented\noise\audio_000876__aug_noise_01.wav,ياو انا ركبولي fibre و كي نكتب تخرجلي خطكم غير موهل
C:\Users\dell\Desktop\laststation\Audio_augmented\speed\audio_000876__aug_speed_01.wav,ياو انا ركبولي fibre و كي نكتب تخرجلي خطكم غير موهل
C:\Users\dell\Desktop\laststation\Audio_augmented\compression\audio_000876__aug_compression_01.wav,ياو انا ركبولي fibre و كي نكتب تخرجلي خطكم غير موهل
C:\Users\dell\Desktop\laststation\Audio_augmented\noise\audio_000877__aug_noise_01.wav,نفس المشكل الشركة هذي تحوس غير على دراهمك
C:\Users\dell\Desktop\laststation\Audio_augmented\speed\audio_000877__aug_speed_01.wav,نفس المشكل الشركة هذي تحوس غير على دراهمك
C:\Users\dell\Desktop\laststation\Audio_augmented\compression\audio_000877__aug_compression_01.wav,نفس المشكل الشركة هذي تحوس غير على دراهمك
C:\Users\dell\Desktop\laststation\Audio_augmented\noise\audio_000878__aug_noise_01.wav,حتى تجينا la fibre ونسيوها و من بعد نطلعو
C:\Users\dell\Desktop\laststation\Audio_augmented\speed\audio_000878__aug_speed_01.wav,حتى تجينا la fibre ونسيوها و من بعد نطلعو
C:\Users\dell\Desktop\laststation\Audio_augmented\compression\audio_000878__aug_compression_01.wav,حتى تجينا la fibre ونسيوها و من بعد نطلعو
C:\Users\dell\Desktop\laststation\Audio_augmented\noise\audio_000879__aug_noise_01.wav,سبب انقطاع internet في idoom fibre حي ثمانية ماي
C:\Users\dell\Desktop\laststation\Audio_augmented\speed\audio_000879__aug_speed_01.wav,سبب انقطاع internet في idoom fibre حي ثمانية ماي
C:\Users\dell\Desktop\laststation\Audio_augmented\compression\audio_000879__aug_compression_01.wav,سبب انقطاع internet في idoom fibre حي ثمانية ماي
C:\Users\dell\Desktop\laststation\Audio_augmented\noise\audio_000880__aug_noise_01.wav,حنا صحاب ايدوم fibre واش نقدرو نديرو
C:\Users\dell\Desktop\laststation\Audio_augmented\speed\audio_000880__aug_speed_01.wav,حنا صحاب ايدوم fibre واش نقدرو نديرو
C:\Users\dell\Desktop\laststation\Audio_augmented\compression\audio_000880__aug_compression_01.wav,حنا صحاب ايدوم fibre واش نقدرو نديرو
C:\Users\dell\Desktop\laststation\Audio_augmented\noise\audio_000881__aug_noise_01.wav,حنا من ديسمبر معندناش internet ربي يهديكم
C:\Users\dell\Desktop\laststation\Audio_augmented\speed\audio_000881__aug_speed_01.wav,حنا من ديسمبر معندناش internet ربي يهديكم
C:\Users\dell\Desktop\laststation\Audio_augmented\compression\audio_000881__aug_compression_01.wav,حنا من ديسمبر معندناش internet ربي يهديكم
C:\Users\dell\Desktop\laststation\Audio_augmented\noise\audio_000882__aug_noise_01.wav,اخي انا كذلك راني في خمسة شهر من رحت عندهم قالولي الطوبة كلات cable
C:\Users\dell\Desktop\laststation\Audio_augmented\speed\audio_000882__aug_speed_01.wav,اخي انا كذلك راني في خمسة شهر من رحت عندهم قالولي الطوبة كلات cable
C:\Users\dell\Desktop\laststation\Audio_augmented\compression\audio_000882__aug_compression_01.wav,اخي انا كذلك راني في خمسة شهر من رحت عندهم قالولي الطوبة كلات cable
C:\Users\dell\Desktop\laststation\Audio_augmented\noise\audio_000883__aug_noise_01.wav,شكرا لكم على حسن المعاملة
C:\Users\dell\Desktop\laststation\Audio_augmented\speed\audio_000883__aug_speed_01.wav,شكرا لكم على حسن المعاملة
C:\Users\dell\Desktop\laststation\Audio_augmented\compression\audio_000883__aug_compression_01.wav,شكرا لكم على حسن المعاملة
C:\Users\dell\Desktop\laststation\Audio_augmented\noise\audio_000884__aug_noise_01.wav,fibre ولا حلم كل واحد والله لا عيب عليكم
C:\Users\dell\Desktop\laststation\Audio_augmented\speed\audio_000884__aug_speed_01.wav,fibre ولا حلم كل واحد والله لا عيب عليكم
C:\Users\dell\Desktop\laststation\Audio_augmented\compression\audio_000884__aug_compression_01.wav,fibre ولا حلم كل واحد والله لا عيب عليكم
C:\Users\dell\Desktop\laststation\Audio_augmented\noise\audio_000885__aug_noise_01.wav,واش من الفخر انقطاع internet على حي كامل رانا في شهر و نص
C:\Users\dell\Desktop\laststation\Audio_augmented\speed\audio_000885__aug_speed_01.wav,واش من الفخر انقطاع internet على حي كامل رانا في شهر و نص
C:\Users\dell\Desktop\laststation\Audio_augmented\compression\audio_000885__aug_compression_01.wav,واش من الفخر انقطاع internet على حي كامل رانا في شهر و نص
C:\Users\dell\Desktop\laststation\Audio_augmented\noise\audio_000886__aug_noise_01.wav,ثنين و عشرين سنة في الميزيرية و الفقر حتى الطوبة ولات تاكل cable من العفن تاعو
C:\Users\dell\Desktop\laststation\Audio_augmented\speed\audio_000886__aug_speed_01.wav,ثنين و عشرين سنة في الميزيرية و الفقر حتى الطوبة ولات تاكل cable من العفن تاعو
C:\Users\dell\Desktop\laststation\Audio_augmented\compression\audio_000886__aug_compression_01.wav,ثنين و عشرين سنة في الميزيرية و الفقر حتى الطوبة ولات تاكل cable من العفن تاعو
C:\Users\dell\Desktop\laststation\Audio_augmented\noise\audio_000887__aug_noise_01.wav,ياو connexion راهي كارثة بمعنى الكلمة
C:\Users\dell\Desktop\laststation\Audio_augmented\speed\audio_000887__aug_speed_01.wav,ياو connexion راهي كارثة بمعنى الكلمة
C:\Users\dell\Desktop\laststation\Audio_augmented\compression\audio_000887__aug_compression_01.wav,ياو connexion راهي كارثة بمعنى الكلمة
C:\Users\dell\Desktop\laststation\Audio_augmented\noise\audio_000888__aug_noise_01.wav,نخاف نطلعها لستين mega تزيدو اسعار التضخم ياحميطوش
C:\Users\dell\Desktop\laststation\Audio_augmented\speed\audio_000888__aug_speed_01.wav,نخاف نطلعها لستين mega تزيدو اسعار التضخم ياحميطوش
C:\Users\dell\Desktop\laststation\Audio_augmented\compression\audio_000888__aug_compression_01.wav,نخاف نطلعها لستين mega تزيدو اسعار التضخم ياحميطوش
C:\Users\dell\Desktop\laststation\Audio_augmented\noise\audio_000889__aug_noise_01.wav,هذا الوحيد لي يخرجك من الملة
C:\Users\dell\Desktop\laststation\Audio_augmented\speed\audio_000889__aug_speed_01.wav,هذا الوحيد لي يخرجك من الملة
C:\Users\dell\Desktop\laststation\Audio_augmented\compression\audio_000889__aug_compression_01.wav,هذا الوحيد لي يخرجك من الملة
C:\Users\dell\Desktop\laststation\Audio_augmented\noise\audio_000890__aug_noise_01.wav,الفتى المتفائل نفس الشيي الاف الشكاوي دون جدوى راهم يسرقونا احسن شي المقاطعة
C:\Users\dell\Desktop\laststation\Audio_augmented\speed\audio_000890__aug_speed_01.wav,الفتى المتفائل نفس الشيي الاف الشكاوي دون جدوى راهم يسرقونا احسن شي المقاطعة
C:\Users\dell\Desktop\laststation\Audio_augmented\compression\audio_000890__aug_compression_01.wav,الفتى المتفائل نفس الشيي الاف الشكاوي دون جدوى راهم يسرقونا احسن شي المقاطعة
C:\Users\dell\Desktop\laststation\Audio_augmented\noise\audio_000891__aug_noise_01.wav,كي ندخل my idoom يجيني رقم الهاتف غير موجود
C:\Users\dell\Desktop\laststation\Audio_augmented\speed\audio_000891__aug_speed_01.wav,كي ندخل my idoom يجيني رقم الهاتف غير موجود
C:\Users\dell\Desktop\laststation\Audio_augmented\compression\audio_000891__aug_compression_01.wav,كي ندخل my idoom يجيني رقم الهاتف غير موجود
C:\Users\dell\Desktop\laststation\Audio_augmented\noise\audio_000892__aug_noise_01.wav,قولو لهم لازم wifi six باش توصلهم
C:\Users\dell\Desktop\laststation\Audio_augmented\speed\audio_000892__aug_speed_01.wav,قولو لهم لازم wifi six باش توصلهم
C:\Users\dell\Desktop\laststation\Audio_augmented\compression\audio_000892__aug_compression_01.wav,قولو لهم لازم wifi six باش توصلهم
C:\Users\dell\Desktop\laststation\Audio_augmented\noise\audio_000893__aug_noise_01.wav,خمسة شهر cable adsl مقطوع وسط مدينة البليدة واحد ماتحرك من اتصالات الجزاير
C:\Users\dell\Desktop\laststation\Audio_augmented\speed\audio_000893__aug_speed_01.wav,خمسة شهر cable adsl مقطوع وسط مدينة البليدة واحد ماتحرك من اتصالات الجزاير
C:\Users\dell\Desktop\laststation\Audio_augmented\compression\audio_000893__aug_compression_01.wav,خمسة شهر cable adsl مقطوع وسط مدينة البليدة واحد ماتحرك من اتصالات الجزاير
C:\Users\dell\Desktop\laststation\Audio_augmented\noise\audio_000894__aug_noise_01.wav,ارجو الرد على الرسالة درت تبليغ بمشكل انقطاع حرارة الهاتف و internet و طلبت توقيف موقت
C:\Users\dell\Desktop\laststation\Audio_augmented\speed\audio_000894__aug_speed_01.wav,ارجو الرد على الرسالة درت تبليغ بمشكل انقطاع حرارة الهاتف و internet و طلبت توقيف موقت
C:\Users\dell\Desktop\laststation\Audio_augmented\compression\audio_000894__aug_compression_01.wav,ارجو الرد على الرسالة درت تبليغ بمشكل انقطاع حرارة الهاتف و internet و طلبت توقيف موقت
C:\Users\dell\Desktop\laststation\Audio_augmented\noise\audio_000895__aug_noise_01.wav,منذ تركيب fibre و مشاكل الانقطاع مستمرة اين الانجاز و التطور
C:\Users\dell\Desktop\laststation\Audio_augmented\speed\audio_000895__aug_speed_01.wav,منذ تركيب fibre و مشاكل الانقطاع مستمرة اين الانجاز و التطور
C:\Users\dell\Desktop\laststation\Audio_augmented\compression\audio_000895__aug_compression_01.wav,منذ تركيب fibre و مشاكل الانقطاع مستمرة اين الانجاز و التطور
C:\Users\dell\Desktop\laststation\Audio_augmented\noise\audio_000896__aug_noise_01.wav,والله يالكحلوشة غير يتمسخرو بينا
C:\Users\dell\Desktop\laststation\Audio_augmented\speed\audio_000896__aug_speed_01.wav,والله يالكحلوشة غير يتمسخرو بينا
C:\Users\dell\Desktop\laststation\Audio_augmented\compression\audio_000896__aug_compression_01.wav,والله يالكحلوشة غير يتمسخرو بينا
C:\Users\dell\Desktop\laststation\Audio_augmented\noise\audio_000897__aug_noise_01.wav,درت طلب تخفيض التدفق و مكان والوا
C:\Users\dell\Desktop\laststation\Audio_augmented\speed\audio_000897__aug_speed_01.wav,درت طلب تخفيض التدفق و مكان والوا
C:\Users\dell\Desktop\laststation\Audio_augmented\compression\audio_000897__aug_compression_01.wav,درت طلب تخفيض التدفق و مكان والوا
C:\Users\dell\Desktop\laststation\Audio_augmented\noise\audio_000898__aug_noise_01.wav,كمية الفخر في هذ video
C:\Users\dell\Desktop\laststation\Audio_augmented\speed\audio_000898__aug_speed_01.wav,كمية الفخر في هذ video
C:\Users\dell\Desktop\laststation\Audio_augmented\compression\audio_000898__aug_compression_01.wav,كمية الفخر في هذ video
C:\Users\dell\Desktop\laststation\Audio_augmented\noise\audio_000899__aug_noise_01.wav,fibre قريب عليا مسافة خمسين مترا بصح خطي غير موهل
C:\Users\dell\Desktop\laststation\Audio_augmented\speed\audio_000899__aug_speed_01.wav,fibre قريب عليا مسافة خمسين مترا بصح خطي غير موهل
C:\Users\dell\Desktop\laststation\Audio_augmented\compression\audio_000899__aug_compression_01.wav,fibre قريب عليا مسافة خمسين مترا بصح خطي غير موهل
C:\Users\dell\Desktop\laststation\Audio_augmented\noise\audio_000900__aug_noise_01.wav,يا سڨمو connexion تاعكم راهي تتقطع
C:\Users\dell\Desktop\laststation\Audio_augmented\speed\audio_000900__aug_speed_01.wav,يا سڨمو connexion تاعكم راهي تتقطع
C:\Users\dell\Desktop\laststation\Audio_augmented\compression\audio_000900__aug_compression_01.wav,يا سڨمو connexion تاعكم راهي تتقطع
C:\Users\dell\Desktop\laststation\Audio_augmented\noise\audio_000901__aug_noise_01.wav,قاعدين نربحوا في العيب معاكم برك
C:\Users\dell\Desktop\laststation\Audio_augmented\speed\audio_000901__aug_speed_01.wav,قاعدين نربحوا في العيب معاكم برك
C:\Users\dell\Desktop\laststation\Audio_augmented\compression\audio_000901__aug_compression_01.wav,قاعدين نربحوا في العيب معاكم برك
C:\Users\dell\Desktop\laststation\Audio_augmented\noise\audio_000902__aug_noise_01.wav,راني مشترك و مازال مطلقتوليش internet اسوء متعامل و للاسف الوحيد رغم تقديم عدة شكاوى بلا فائدة
C:\Users\dell\Desktop\laststation\Audio_augmented\speed\audio_000902__aug_speed_01.wav,راني مشترك و مازال مطلقتوليش internet اسوء متعامل و للاسف الوحيد رغم تقديم عدة شكاوى بلا فائدة
C:\Users\dell\Desktop\laststation\Audio_augmented\compression\audio_000902__aug_compression_01.wav,راني مشترك و مازال مطلقتوليش internet اسوء متعامل و للاسف الوحيد رغم تقديم عدة شكاوى بلا فائدة
C:\Users\dell\Desktop\laststation\Audio_augmented\noise\audio_000903__aug_noise_01.wav,تتحاسب عليه دعمك لعيباد كيما هذو
C:\Users\dell\Desktop\laststation\Audio_augmented\speed\audio_000903__aug_speed_01.wav,تتحاسب عليه دعمك لعيباد كيما هذو
C:\Users\dell\Desktop\laststation\Audio_augmented\compression\audio_000903__aug_compression_01.wav,تتحاسب عليه دعمك لعيباد كيما هذو
C:\Users\dell\Desktop\laststation\Audio_augmented\noise\audio_000904__aug_noise_01.wav,واش l'affaire تاع internet غير محدود
C:\Users\dell\Desktop\laststation\Audio_augmented\speed\audio_000904__aug_speed_01.wav,واش l'affaire تاع internet غير محدود
C:\Users\dell\Desktop\laststation\Audio_augmented\compression\audio_000904__aug_compression_01.wav,واش l'affaire تاع internet غير محدود
C:\Users\dell\Desktop\laststation\Audio_augmented\noise\audio_000905__aug_noise_01.wav,راني حطيت اسئلتي بصور ممكن على خاص
C:\Users\dell\Desktop\laststation\Audio_augmented\speed\audio_000905__aug_speed_01.wav,راني حطيت اسئلتي بصور ممكن على خاص
C:\Users\dell\Desktop\laststation\Audio_augmented\compression\audio_000905__aug_compression_01.wav,راني حطيت اسئلتي بصور ممكن على خاص
C:\Users\dell\Desktop\laststation\Audio_augmented\noise\audio_000906__aug_noise_01.wav,وصلولنا fibre راو خطوة و ساهل الحال
C:\Users\dell\Desktop\laststation\Audio_augmented\speed\audio_000906__aug_speed_01.wav,وصلولنا fibre راو خطوة و ساهل الحال
C:\Users\dell\Desktop\laststation\Audio_augmented\compression\audio_000906__aug_compression_01.wav,وصلولنا fibre راو خطوة و ساهل الحال
C:\Users\dell\Desktop\laststation\Audio_augmented\noise\audio_000907__aug_noise_01.wav,ولي عندو منذ مدة ثلاثين mega
C:\Users\dell\Desktop\laststation\Audio_augmented\speed\audio_000907__aug_speed_01.wav,ولي عندو منذ مدة ثلاثين mega
C:\Users\dell\Desktop\laststation\Audio_augmented\compression\audio_000907__aug_compression_01.wav,ولي عندو منذ مدة ثلاثين mega
C:\Users\dell\Desktop\laststation\Audio_augmented\noise\audio_000908__aug_noise_01.wav,نسكن قدام مركز الاتصالات اقسم بالله ماعندي la fibre
C:\Users\dell\Desktop\laststation\Audio_augmented\speed\audio_000908__aug_speed_01.wav,نسكن قدام مركز الاتصالات اقسم بالله ماعندي la fibre
C:\Users\dell\Desktop\laststation\Audio_augmented\compression\audio_000908__aug_compression_01.wav,نسكن قدام مركز الاتصالات اقسم بالله ماعندي la fibre
C:\Users\dell\Desktop\laststation\Audio_augmented\noise\audio_000909__aug_noise_01.wav,واش من fibre حنا مازال غير نسمعو بيه
C:\Users\dell\Desktop\laststation\Audio_augmented\speed\audio_000909__aug_speed_01.wav,واش من fibre حنا مازال غير نسمعو بيه
C:\Users\dell\Desktop\laststation\Audio_augmented\compression\audio_000909__aug_compression_01.wav,واش من fibre حنا مازال غير نسمعو بيه
C:\Users\dell\Desktop\laststation\Audio_augmented\noise\audio_000910__aug_noise_01.wav,في المنطقة الي نعيش فيها لا adsl و لا 4g
C:\Users\dell\Desktop\laststation\Audio_augmented\speed\audio_000910__aug_speed_01.wav,في المنطقة الي نعيش فيها لا adsl و لا 4g
C:\Users\dell\Desktop\laststation\Audio_augmented\compression\audio_000910__aug_compression_01.wav,في المنطقة الي نعيش فيها لا adsl و لا 4g
C:\Users\dell\Desktop\laststation\Audio_augmented\noise\audio_000911__aug_noise_01.wav,نتوما لي دخلوها ولا حنا لعجب المعجب
C:\Users\dell\Desktop\laststation\Audio_augmented\speed\audio_000911__aug_speed_01.wav,نتوما لي دخلوها ولا حنا لعجب المعجب
C:\Users\dell\Desktop\laststation\Audio_augmented\compression\audio_000911__aug_compression_01.wav,نتوما لي دخلوها ولا حنا لعجب المعجب
C:\Users\dell\Desktop\laststation\Audio_augmented\noise\audio_000912__aug_noise_01.wav,انقذو عين تادلس ولاية مستغانم عندنا نرى fibre و العروض فقط في المواقع
C:\Users\dell\Desktop\laststation\Audio_augmented\speed\audio_000912__aug_speed_01.wav,انقذو عين تادلس ولاية مستغانم عندنا نرى fibre و العروض فقط في المواقع
C:\Users\dell\Desktop\laststation\Audio_augmented\compression\audio_000912__aug_compression_01.wav,انقذو عين تادلس ولاية مستغانم عندنا نرى fibre و العروض فقط في المواقع
C:\Users\dell\Desktop\laststation\Audio_augmented\noise\audio_000913__aug_noise_01.wav,كم سعر modem كاين توصيل الى بلدية هونت ولاية سعيدة
C:\Users\dell\Desktop\laststation\Audio_augmented\speed\audio_000913__aug_speed_01.wav,كم سعر modem كاين توصيل الى بلدية هونت ولاية سعيدة
C:\Users\dell\Desktop\laststation\Audio_augmented\compression\audio_000913__aug_compression_01.wav,كم سعر modem كاين توصيل الى بلدية هونت ولاية سعيدة
C:\Users\dell\Desktop\laststation\Audio_augmented\noise\audio_000914__aug_noise_01.wav,و لي عندو ثلاثين mega من الاول كيفاش
C:\Users\dell\Desktop\laststation\Audio_augmented\speed\audio_000914__aug_speed_01.wav,و لي عندو ثلاثين mega من الاول كيفاش
C:\Users\dell\Desktop\laststation\Audio_augmented\compression\audio_000914__aug_compression_01.wav,و لي عندو ثلاثين mega من الاول كيفاش
C:\Users\dell\Desktop\laststation\Audio_augmented\noise\audio_000915__aug_noise_01.wav,مكاش جيهتنا دورك عندي trois ans و انا نستنا كل عام يقلك العام جاي
C:\Users\dell\Desktop\laststation\Audio_augmented\speed\audio_000915__aug_speed_01.wav,مكاش جيهتنا دورك عندي trois ans و انا نستنا كل عام يقلك العام جاي
C:\Users\dell\Desktop\laststation\Audio_augmented\compression\audio_000915__aug_compression_01.wav,مكاش جيهتنا دورك عندي trois ans و انا نستنا كل عام يقلك العام جاي
C:\Users\dell\Desktop\laststation\Audio_augmented\noise\audio_000916__aug_noise_01.wav,شكون نعطيه الرقم تاعي يسلفلي internet و نتزوج بيه
C:\Users\dell\Desktop\laststation\Audio_augmented\speed\audio_000916__aug_speed_01.wav,شكون نعطيه الرقم تاعي يسلفلي internet و نتزوج بيه
C:\Users\dell\Desktop\laststation\Audio_augmented\compression\audio_000916__aug_compression_01.wav,شكون نعطيه الرقم تاعي يسلفلي internet و نتزوج بيه
C:\Users\dell\Desktop\laststation\Audio_augmented\noise\audio_000917__aug_noise_01.wav,عندي عام و انا نستنا في modem مكان والوا
C:\Users\dell\Desktop\laststation\Audio_augmented\speed\audio_000917__aug_speed_01.wav,عندي عام و انا نستنا في modem مكان والوا
C:\Users\dell\Desktop\laststation\Audio_augmented\compression\audio_000917__aug_compression_01.wav,عندي عام و انا نستنا في modem مكان والوا
C:\Users\dell\Desktop\laststation\Audio_augmented\noise\audio_000918__aug_noise_01.wav,بالنسبة idoom adsl ماذا نستفيد
C:\Users\dell\Desktop\laststation\Audio_augmented\speed\audio_000918__aug_speed_01.wav,بالنسبة idoom adsl ماذا نستفيد
C:\Users\dell\Desktop\laststation\Audio_augmented\compression\audio_000918__aug_compression_01.wav,بالنسبة idoom adsl ماذا نستفيد
C:\Users\dell\Desktop\laststation\Audio_augmented\noise\audio_000919__aug_noise_01.wav,عند انقضاء الشهر المجاني هل يمكنني الرجوع الى تدفق اقل
C:\Users\dell\Desktop\laststation\Audio_augmented\speed\audio_000919__aug_speed_01.wav,عند انقضاء الشهر المجاني هل يمكنني الرجوع الى تدفق اقل
C:\Users\dell\Desktop\laststation\Audio_augmented\compression\audio_000919__aug_compression_01.wav,عند انقضاء الشهر المجاني هل يمكنني الرجوع الى تدفق اقل
C:\Users\dell\Desktop\laststation\Audio_augmented\noise\audio_000920__aug_noise_01.wav,بلدية شيحاني ولاية الطارف رانا بلا internet قريب شهر الى متى ياتبون
C:\Users\dell\Desktop\laststation\Audio_augmented\speed\audio_000920__aug_speed_01.wav,بلدية شيحاني ولاية الطارف رانا بلا internet قريب شهر الى متى ياتبون
C:\Users\dell\Desktop\laststation\Audio_augmented\compression\audio_000920__aug_compression_01.wav,بلدية شيحاني ولاية الطارف رانا بلا internet قريب شهر الى متى ياتبون
C:\Users\dell\Desktop\laststation\Audio_augmented\noise\audio_000921__aug_noise_01.wav,ثلاثة شهر و modem ركب ولا internet
C:\Users\dell\Desktop\laststation\Audio_augmented\speed\audio_000921__aug_speed_01.wav,ثلاثة شهر و modem ركب ولا internet
C:\Users\dell\Desktop\laststation\Audio_augmented\compression\audio_000921__aug_compression_01.wav,ثلاثة شهر و modem ركب ولا internet
C:\Users\dell\Desktop\laststation\Audio_augmented\noise\audio_000922__aug_noise_01.wav,واش من جديد في عنابة رانا حاصلين بلا internet
C:\Users\dell\Desktop\laststation\Audio_augmented\speed\audio_000922__aug_speed_01.wav,واش من جديد في عنابة رانا حاصلين بلا internet
C:\Users\dell\Desktop\laststation\Audio_augmented\compression\audio_000922__aug_compression_01.wav,واش من جديد في عنابة رانا حاصلين بلا internet
C:\Users\dell\Desktop\laststation\Audio_augmented\noise\audio_000923__aug_noise_01.wav,هواوي طفي عليكم الكونتور تولو تبكو بنية تحتية حساسة كيما هذي ديرهالكم كاش بلاد مراض
C:\Users\dell\Desktop\laststation\Audio_augmented\speed\audio_000923__aug_speed_01.wav,هواوي طفي عليكم الكونتور تولو تبكو بنية تحتية حساسة كيما هذي ديرهالكم كاش بلاد مراض
C:\Users\dell\Desktop\laststation\Audio_augmented\compression\audio_000923__aug_compression_01.wav,هواوي طفي عليكم الكونتور تولو تبكو بنية تحتية حساسة كيما هذي ديرهالكم كاش بلاد مراض
C:\Users\dell\Desktop\laststation\Audio_augmented\noise\audio_000924__aug_noise_01.wav,كيفاش ندير باش نسلف ثنين و سبعين ساعة internet
C:\Users\dell\Desktop\laststation\Audio_augmented\speed\audio_000924__aug_speed_01.wav,كيفاش ندير باش نسلف ثنين و سبعين ساعة internet
C:\Users\dell\Desktop\laststation\Audio_augmented\compression\audio_000924__aug_compression_01.wav,كيفاش ندير باش نسلف ثنين و سبعين ساعة internet
C:\Users\dell\Desktop\laststation\Audio_augmented\noise\audio_000925__aug_noise_01.wav,كاين مناطق في شلف بلا la fibre
C:\Users\dell\Desktop\laststation\Audio_augmented\speed\audio_000925__aug_speed_01.wav,كاين مناطق في شلف بلا la fibre
C:\Users\dell\Desktop\laststation\Audio_augmented\compression\audio_000925__aug_compression_01.wav,كاين مناطق في شلف بلا la fibre
C:\Users\dell\Desktop\laststation\Audio_augmented\noise\audio_000926__aug_noise_01.wav,اقسم بالله راني نخلص un giga راه يوصلني ربعين mega
C:\Users\dell\Desktop\laststation\Audio_augmented\speed\audio_000926__aug_speed_01.wav,اقسم بالله راني نخلص un giga راه يوصلني ربعين mega
C:\Users\dell\Desktop\laststation\Audio_augmented\compression\audio_000926__aug_compression_01.wav,اقسم بالله راني نخلص un giga راه يوصلني ربعين mega
C:\Users\dell\Desktop\laststation\Audio_augmented\noise\audio_000927__aug_noise_01.wav,هذا عشرة ايام ملي ركبلولي modem بصح مازال مطلقولي internet
C:\Users\dell\Desktop\laststation\Audio_augmented\speed\audio_000927__aug_speed_01.wav,هذا عشرة ايام ملي ركبلولي modem بصح مازال مطلقولي internet
C:\Users\dell\Desktop\laststation\Audio_augmented\compression\audio_000927__aug_compression_01.wav,هذا عشرة ايام ملي ركبلولي modem بصح مازال مطلقولي internet
C:\Users\dell\Desktop\laststation\Audio_augmented\noise\audio_000928__aug_noise_01.wav,سلام هل توفر اتصالات الجزاير wifi sept و كم يقدر ثمنه
C:\Users\dell\Desktop\laststation\Audio_augmented\speed\audio_000928__aug_speed_01.wav,سلام هل توفر اتصالات الجزاير wifi sept و كم يقدر ثمنه
C:\Users\dell\Desktop\laststation\Audio_augmented\compression\audio_000928__aug_compression_01.wav,سلام هل توفر اتصالات الجزاير wifi sept و كم يقدر ثمنه
C:\Users\dell\Desktop\laststation\Audio_augmented\noise\audio_000929__aug_noise_01.wav,كيفاش نقدر نتواصل معاكم باش نقدر ندير la fibre
C:\Users\dell\Desktop\laststation\Audio_augmented\speed\audio_000929__aug_speed_01.wav,كيفاش نقدر نتواصل معاكم باش نقدر ندير la fibre
C:\Users\dell\Desktop\laststation\Audio_augmented\compression\audio_000929__aug_compression_01.wav,كيفاش نقدر نتواصل معاكم باش نقدر ندير la fibre
C:\Users\dell\Desktop\laststation\Audio_augmented\noise\audio_000930__aug_noise_01.wav,ماهي الوثائق المطلوبة للتسجيل لاول مرة
C:\Users\dell\Desktop\laststation\Audio_augmented\speed\audio_000930__aug_speed_01.wav,ماهي الوثائق المطلوبة للتسجيل لاول مرة
C:\Users\dell\Desktop\laststation\Audio_augmented\compression\audio_000930__aug_compression_01.wav,ماهي الوثائق المطلوبة للتسجيل لاول مرة
C:\Users\dell\Desktop\laststation\Audio_augmented\noise\audio_000931__aug_noise_01.wav,واش من تكريم الزبون والله افقر الدول الافريقية عندهم احترافية عليكم في العمل
C:\Users\dell\Desktop\laststation\Audio_augmented\speed\audio_000931__aug_speed_01.wav,واش من تكريم الزبون والله افقر الدول الافريقية عندهم احترافية عليكم في العمل
C:\Users\dell\Desktop\laststation\Audio_augmented\compression\audio_000931__aug_compression_01.wav,واش من تكريم الزبون والله افقر الدول الافريقية عندهم احترافية عليكم في العمل
C:\Users\dell\Desktop\laststation\Audio_augmented\noise\audio_000932__aug_noise_01.wav,كفاه نرفع تدفق تاعي لي مية و عشرين mega برك واش المطلوب
C:\Users\dell\Desktop\laststation\Audio_augmented\speed\audio_000932__aug_speed_01.wav,كفاه نرفع تدفق تاعي لي مية و عشرين mega برك واش المطلوب
C:\Users\dell\Desktop\laststation\Audio_augmented\compression\audio_000932__aug_compression_01.wav,كفاه نرفع تدفق تاعي لي مية و عشرين mega برك واش المطلوب
C:\Users\dell\Desktop\laststation\Audio_augmented\noise\audio_000933__aug_noise_01.wav,modem wifi six ولا هاذاك القديم
C:\Users\dell\Desktop\laststation\Audio_augmented\speed\audio_000933__aug_speed_01.wav,modem wifi six ولا هاذاك القديم
C:\Users\dell\Desktop\laststation\Audio_augmented\compression\audio_000933__aug_compression_01.wav,modem wifi six ولا هاذاك القديم
C:\Users\dell\Desktop\laststation\Audio_augmented\noise\audio_000934__aug_noise_01.wav,عمبالك بلي نتوما افشل شركة فوق ظهر الارض
C:\Users\dell\Desktop\laststation\Audio_augmented\speed\audio_000934__aug_speed_01.wav,عمبالك بلي نتوما افشل شركة فوق ظهر الارض
C:\Users\dell\Desktop\laststation\Audio_augmented\compression\audio_000934__aug_compression_01.wav,عمبالك بلي نتوما افشل شركة فوق ظهر الارض
C:\Users\dell\Desktop\laststation\Audio_augmented\noise\audio_000935__aug_noise_01.wav,و حنا الي شرينا modem ميتين و خمسة و عشرين الف كيفاه
C:\Users\dell\Desktop\laststation\Audio_augmented\speed\audio_000935__aug_speed_01.wav,و حنا الي شرينا modem ميتين و خمسة و عشرين الف كيفاه
C:\Users\dell\Desktop\laststation\Audio_augmented\compression\audio_000935__aug_compression_01.wav,و حنا الي شرينا modem ميتين و خمسة و عشرين الف كيفاه
C:\Users\dell\Desktop\laststation\Audio_augmented\noise\audio_000936__aug_noise_01.wav,كي يفوت الشهر و ندخل في الشهر deuxieme كي نخلص مية الف dinar قداه تعطوني giga
C:\Users\dell\Desktop\laststation\Audio_augmented\speed\audio_000936__aug_speed_01.wav,كي يفوت الشهر و ندخل في الشهر deuxieme كي نخلص مية الف dinar قداه تعطوني giga
C:\Users\dell\Desktop\laststation\Audio_augmented\compression\audio_000936__aug_compression_01.wav,كي يفوت الشهر و ندخل في الشهر deuxieme كي نخلص مية الف dinar قداه تعطوني giga
C:\Users\dell\Desktop\laststation\Audio_augmented\noise\audio_000937__aug_noise_01.wav,اسعار الاشتراكات الشهري مرتفعة نوعا ما
C:\Users\dell\Desktop\laststation\Audio_augmented\speed\audio_000937__aug_speed_01.wav,اسعار الاشتراكات الشهري مرتفعة نوعا ما
C:\Users\dell\Desktop\laststation\Audio_augmented\compression\audio_000937__aug_compression_01.wav,اسعار الاشتراكات الشهري مرتفعة نوعا ما
C:\Users\dell\Desktop\laststation\Audio_augmented\noise\audio_000938__aug_noise_01.wav,ديرولنا la fibre في قريه سلام بولاية تلمسان
C:\Users\dell\Desktop\laststation\Audio_augmented\speed\audio_000938__aug_speed_01.wav,ديرولنا la fibre في قريه سلام بولاية تلمسان
C:\Users\dell\Desktop\laststation\Audio_augmented\compression\audio_000938__aug_compression_01.wav,ديرولنا la fibre في قريه سلام بولاية تلمسان
C:\Users\dell\Desktop\laststation\Audio_augmented\noise\audio_000939__aug_noise_01.wav,وينتا نقدر نخفض التدفق و كيفاه يكون ذلك
C:\Users\dell\Desktop\laststation\Audio_augmented\speed\audio_000939__aug_speed_01.wav,وينتا نقدر نخفض التدفق و كيفاه يكون ذلك
C:\Users\dell\Desktop\laststation\Audio_augmented\compression\audio_000939__aug_compression_01.wav,وينتا نقدر نخفض التدفق و كيفاه يكون ذلك
C:\Users\dell\Desktop\laststation\Audio_augmented\noise\audio_000940__aug_noise_01.wav,برج بوعريريج مكاش modem هرمنا وقتاه يدخلوا
C:\Users\dell\Desktop\laststation\Audio_augmented\speed\audio_000940__aug_speed_01.wav,برج بوعريريج مكاش modem هرمنا وقتاه يدخلوا
C:\Users\dell\Desktop\laststation\Audio_augmented\compression\audio_000940__aug_compression_01.wav,برج بوعريريج مكاش modem هرمنا وقتاه يدخلوا
C:\Users\dell\Desktop\laststation\Audio_augmented\noise\audio_000941__aug_noise_01.wav,المشكل عندنا ثمانية شهر على طلب و مازال ماركبوناش
C:\Users\dell\Desktop\laststation\Audio_augmented\speed\audio_000941__aug_speed_01.wav,المشكل عندنا ثمانية شهر على طلب و مازال ماركبوناش
C:\Users\dell\Desktop\laststation\Audio_augmented\compression\audio_000941__aug_compression_01.wav,المشكل عندنا ثمانية شهر على طلب و مازال ماركبوناش
C:\Users\dell\Desktop\laststation\Audio_augmented\noise\audio_000942__aug_noise_01.wav,مرهقة و متعبة خدمات adsl اليوم
C:\Users\dell\Desktop\laststation\Audio_augmented\speed\audio_000942__aug_speed_01.wav,مرهقة و متعبة خدمات adsl اليوم
C:\Users\dell\Desktop\laststation\Audio_augmented\compression\audio_000942__aug_compression_01.wav,مرهقة و متعبة خدمات adsl اليوم
C:\Users\dell\Desktop\laststation\Audio_augmented\noise\audio_000943__aug_noise_01.wav,ان امكن نوع modem و اسمه بالكامل
C:\Users\dell\Desktop\laststation\Audio_augmented\speed\audio_000943__aug_speed_01.wav,ان امكن نوع modem و اسمه بالكامل
C:\Users\dell\Desktop\laststation\Audio_augmented\compression\audio_000943__aug_compression_01.wav,ان امكن نوع modem و اسمه بالكامل
C:\Users\dell\Desktop\laststation\Audio_augmented\noise\audio_000944__aug_noise_01.wav,ربعة شهر بدون internet la fibre
C:\Users\dell\Desktop\laststation\Audio_augmented\speed\audio_000944__aug_speed_01.wav,ربعة شهر بدون internet la fibre
C:\Users\dell\Desktop\laststation\Audio_augmented\compression\audio_000944__aug_compression_01.wav,ربعة شهر بدون internet la fibre
C:\Users\dell\Desktop\laststation\Audio_augmented\noise\audio_000945__aug_noise_01.wav,الوثائق المطلوبة لشراء modem هل يجب شرائه فالمنطقة القريبة للمنزل
C:\Users\dell\Desktop\laststation\Audio_augmented\speed\audio_000945__aug_speed_01.wav,الوثائق المطلوبة لشراء modem هل يجب شرائه فالمنطقة القريبة للمنزل
C:\Users\dell\Desktop\laststation\Audio_augmented\compression\audio_000945__aug_compression_01.wav,الوثائق المطلوبة لشراء modem هل يجب شرائه فالمنطقة القريبة للمنزل
C:\Users\dell\Desktop\laststation\Audio_augmented\noise\audio_000946__aug_noise_01.wav,هل هناك اجراءات او تخفيضات بتبديل modem الجيل الرابع مع modem جديد
C:\Users\dell\Desktop\laststation\Audio_augmented\speed\audio_000946__aug_speed_01.wav,هل هناك اجراءات او تخفيضات بتبديل modem الجيل الرابع مع modem جديد
C:\Users\dell\Desktop\laststation\Audio_augmented\compression\audio_000946__aug_compression_01.wav,هل هناك اجراءات او تخفيضات بتبديل modem الجيل الرابع مع modem جديد
C:\Users\dell\Desktop\laststation\Audio_augmented\noise\audio_000947__aug_noise_01.wav,modem fibre عندو ثلاثة شهر عندي و مازال ماداروليش خدمة fibre
C:\Users\dell\Desktop\laststation\Audio_augmented\speed\audio_000947__aug_speed_01.wav,modem fibre عندو ثلاثة شهر عندي و مازال ماداروليش خدمة fibre
C:\Users\dell\Desktop\laststation\Audio_augmented\compression\audio_000947__aug_compression_01.wav,modem fibre عندو ثلاثة شهر عندي و مازال ماداروليش خدمة fibre
C:\Users\dell\Desktop\laststation\Audio_augmented\noise\audio_000948__aug_noise_01.wav,من ثلاثين افريل و internet متوقفة بدون سبب
C:\Users\dell\Desktop\laststation\Audio_augmented\speed\audio_000948__aug_speed_01.wav,من ثلاثين افريل و internet متوقفة بدون سبب
C:\Users\dell\Desktop\laststation\Audio_augmented\compression\audio_000948__aug_compression_01.wav,من ثلاثين افريل و internet متوقفة بدون سبب
C:\Users\dell\Desktop\laststation\Audio_augmented\noise\audio_000949__aug_noise_01.wav,شحال يدير twinbox و شحال نستنا باش يوجد
C:\Users\dell\Desktop\laststation\Audio_augmented\speed\audio_000949__aug_speed_01.wav,شحال يدير twinbox و شحال نستنا باش يوجد
C:\Users\dell\Desktop\laststation\Audio_augmented\compression\audio_000949__aug_compression_01.wav,شحال يدير twinbox و شحال نستنا باش يوجد
C:\Users\dell\Desktop\laststation\Audio_augmented\noise\audio_000950__aug_noise_01.wav,ختي تقدري تعيطيلهم بي portable ولا لازم fix و وقتاش يخدمو
C:\Users\dell\Desktop\laststation\Audio_augmented\speed\audio_000950__aug_speed_01.wav,ختي تقدري تعيطيلهم بي portable ولا لازم fix و وقتاش يخدمو
C:\Users\dell\Desktop\laststation\Audio_augmented\compression\audio_000950__aug_compression_01.wav,ختي تقدري تعيطيلهم بي portable ولا لازم fix و وقتاش يخدمو
C:\Users\dell\Desktop\laststation\Audio_augmented\noise\audio_000951__aug_noise_01.wav,خفت عندكم كيما العادة احدث ما يحدث يصبح بقدرة قادر يشبه لخمسطاش خمسطاش
C:\Users\dell\Desktop\laststation\Audio_augmented\speed\audio_000951__aug_speed_01.wav,خفت عندكم كيما العادة احدث ما يحدث يصبح بقدرة قادر يشبه لخمسطاش خمسطاش
C:\Users\dell\Desktop\laststation\Audio_augmented\compression\audio_000951__aug_compression_01.wav,خفت عندكم كيما العادة احدث ما يحدث يصبح بقدرة قادر يشبه لخمسطاش خمسطاش
C:\Users\dell\Desktop\laststation\Audio_augmented\noise\audio_000952__aug_noise_01.wav,راني حايب نديرها باسم خويا عسكري شحال تخصمولهم و قداش نخلص
C:\Users\dell\Desktop\laststation\Audio_augmented\speed\audio_000952__aug_speed_01.wav,راني حايب نديرها باسم خويا عسكري شحال تخصمولهم و قداش نخلص
C:\Users\dell\Desktop\laststation\Audio_augmented\compression\audio_000952__aug_compression_01.wav,راني حايب نديرها باسم خويا عسكري شحال تخصمولهم و قداش نخلص
C:\Users\dell\Desktop\laststation\Audio_augmented\noise\audio_000953__aug_noise_01.wav,كلش مركب internet يجيب ربي عييت منكم
C:\Users\dell\Desktop\laststation\Audio_augmented\speed\audio_000953__aug_speed_01.wav,كلش مركب internet يجيب ربي عييت منكم
C:\Users\dell\Desktop\laststation\Audio_augmented\compression\audio_000953__aug_compression_01.wav,كلش مركب internet يجيب ربي عييت منكم
C:\Users\dell\Desktop\laststation\Audio_augmented\noise\audio_000954__aug_noise_01.wav,راه كاين تذبذب في internet في بلدية سيدي لخضر ولاية عين الدفلى ماهو الخلل
C:\Users\dell\Desktop\laststation\Audio_augmented\speed\audio_000954__aug_speed_01.wav,راه كاين تذبذب في internet في بلدية سيدي لخضر ولاية عين الدفلى ماهو الخلل
C:\Users\dell\Desktop\laststation\Audio_augmented\compression\audio_000954__aug_compression_01.wav,راه كاين تذبذب في internet في بلدية سيدي لخضر ولاية عين الدفلى ماهو الخلل
C:\Users\dell\Desktop\laststation\Audio_augmented\noise\audio_000955__aug_noise_01.wav,لكن هل نمتلك سرعة internet في الجزاير تتوافق مع تقنية wifi sept
C:\Users\dell\Desktop\laststation\Audio_augmented\speed\audio_000955__aug_speed_01.wav,لكن هل نمتلك سرعة internet في الجزاير تتوافق مع تقنية wifi sept
C:\Users\dell\Desktop\laststation\Audio_augmented\compression\audio_000955__aug_compression_01.wav,لكن هل نمتلك سرعة internet في الجزاير تتوافق مع تقنية wifi sept
C:\Users\dell\Desktop\laststation\Audio_augmented\noise\audio_000956__aug_noise_01.wav,موقع باش نعرف رقم الزبون فيه خلل ارسلتلكم في الخاص جاوبوني من فضلكم
C:\Users\dell\Desktop\laststation\Audio_augmented\speed\audio_000956__aug_speed_01.wav,موقع باش نعرف رقم الزبون فيه خلل ارسلتلكم في الخاص جاوبوني من فضلكم
C:\Users\dell\Desktop\laststation\Audio_augmented\compression\audio_000956__aug_compression_01.wav,موقع باش نعرف رقم الزبون فيه خلل ارسلتلكم في الخاص جاوبوني من فضلكم
C:\Users\dell\Desktop\laststation\Audio_augmented\noise\audio_000957__aug_noise_01.wav,ممكن رقم خدمة الزبائن عندي استفسار و حبيت نعيطلكم
C:\Users\dell\Desktop\laststation\Audio_augmented\speed\audio_000957__aug_speed_01.wav,ممكن رقم خدمة الزبائن عندي استفسار و حبيت نعيطلكم
C:\Users\dell\Desktop\laststation\Audio_augmented\compression\audio_000957__aug_compression_01.wav,ممكن رقم خدمة الزبائن عندي استفسار و حبيت نعيطلكم
C:\Users\dell\Desktop\laststation\Audio_augmented\noise\audio_000958__aug_noise_01.wav,كم هي مدة العرض التي تكون بعد الشهر
C:\Users\dell\Desktop\laststation\Audio_augmented\speed\audio_000958__aug_speed_01.wav,كم هي مدة العرض التي تكون بعد الشهر
C:\Users\dell\Desktop\laststation\Audio_augmented\compression\audio_000958__aug_compression_01.wav,كم هي مدة العرض التي تكون بعد الشهر
C:\Users\dell\Desktop\laststation\Audio_augmented\noise\audio_000959__aug_noise_01.wav,اهدرو بالعربية والله تقول رانا عايشين في paris
C:\Users\dell\Desktop\laststation\Audio_augmented\speed\audio_000959__aug_speed_01.wav,اهدرو بالعربية والله تقول رانا عايشين في paris
C:\Users\dell\Desktop\laststation\Audio_augmented\compression\audio_000959__aug_compression_01.wav,اهدرو بالعربية والله تقول رانا عايشين في paris
C:\Users\dell\Desktop\laststation\Audio_augmented\noise\audio_000960__aug_noise_01.wav,حنا فلجلفة مكاش ڨاع les cable
C:\Users\dell\Desktop\laststation\Audio_augmented\speed\audio_000960__aug_speed_01.wav,حنا فلجلفة مكاش ڨاع les cable
C:\Users\dell\Desktop\laststation\Audio_augmented\compression\audio_000960__aug_compression_01.wav,حنا فلجلفة مكاش ڨاع les cable
C:\Users\dell\Desktop\laststation\Audio_augmented\noise\audio_000961__aug_noise_01.wav,modem راكب و internet مكاش راني في شهرين نستنا
C:\Users\dell\Desktop\laststation\Audio_augmented\speed\audio_000961__aug_speed_01.wav,modem راكب و internet مكاش راني في شهرين نستنا
C:\Users\dell\Desktop\laststation\Audio_augmented\compression\audio_000961__aug_compression_01.wav,modem راكب و internet مكاش راني في شهرين نستنا
C:\Users\dell\Desktop\laststation\Audio_augmented\noise\audio_000962__aug_noise_01.wav,هل modem مجاني فيه خاصية wifi six
C:\Users\dell\Desktop\laststation\Audio_augmented\speed\audio_000962__aug_speed_01.wav,هل modem مجاني فيه خاصية wifi six
C:\Users\dell\Desktop\laststation\Audio_augmented\compression\audio_000962__aug_compression_01.wav,هل modem مجاني فيه خاصية wifi six
C:\Users\dell\Desktop\laststation\Audio_augmented\noise\audio_000963__aug_noise_01.wav,لي يبدل من adsl لي fibre يستفيد من العرض ولا لالا
C:\Users\dell\Desktop\laststation\Audio_augmented\speed\audio_000963__aug_speed_01.wav,لي يبدل من adsl لي fibre يستفيد من العرض ولا لالا
C:\Users\dell\Desktop\laststation\Audio_augmented\compression\audio_000963__aug_compression_01.wav,لي يبدل من adsl لي fibre يستفيد من العرض ولا لالا
C:\Users\dell\Desktop\laststation\Audio_augmented\noise\audio_000964__aug_noise_01.wav,جيبولنا اجهزة modem و ساهلة عندنا اكثر من عام و حنا نقارعو
C:\Users\dell\Desktop\laststation\Audio_augmented\speed\audio_000964__aug_speed_01.wav,جيبولنا اجهزة modem و ساهلة عندنا اكثر من عام و حنا نقارعو
C:\Users\dell\Desktop\laststation\Audio_augmented\compression\audio_000964__aug_compression_01.wav,جيبولنا اجهزة modem و ساهلة عندنا اكثر من عام و حنا نقارعو
C:\Users\dell\Desktop\laststation\Audio_augmented\noise\audio_000965__aug_noise_01.wav,روح ياوليدي راني كرهت من التعليقات
C:\Users\dell\Desktop\laststation\Audio_augmented\speed\audio_000965__aug_speed_01.wav,روح ياوليدي راني كرهت من التعليقات
C:\Users\dell\Desktop\laststation\Audio_augmented\compression\audio_000965__aug_compression_01.wav,روح ياوليدي راني كرهت من التعليقات
C:\Users\dell\Desktop\laststation\Audio_augmented\noise\audio_000966__aug_noise_01.wav,كي ندخل فضاء زبون يبعتلي رابط تحقق email و كي ندخل مايمشيش
C:\Users\dell\Desktop\laststation\Audio_augmented\speed\audio_000966__aug_speed_01.wav,كي ندخل فضاء زبون يبعتلي رابط تحقق email و كي ندخل مايمشيش
C:\Users\dell\Desktop\laststation\Audio_augmented\compression\audio_000966__aug_compression_01.wav,كي ندخل فضاء زبون يبعتلي رابط تحقق email و كي ندخل مايمشيش
C:\Users\dell\Desktop\laststation\Audio_augmented\noise\audio_000967__aug_noise_01.wav,modem عندو قريب خمسة شهر راكب مكان والوا و زيد كوباو numero لقديم
C:\Users\dell\Desktop\laststation\Audio_augmented\speed\audio_000967__aug_speed_01.wav,modem عندو قريب خمسة شهر راكب مكان والوا و زيد كوباو numero لقديم
C:\Users\dell\Desktop\laststation\Audio_augmented\compression\audio_000967__aug_compression_01.wav,modem عندو قريب خمسة شهر راكب مكان والوا و زيد كوباو numero لقديم
C:\Users\dell\Desktop\laststation\Audio_augmented\noise\audio_000968__aug_noise_01.wav,اشتراك ستين mega تلحقني ستة و عشرين mega عييت مانريكلامي والوا
C:\Users\dell\Desktop\laststation\Audio_augmented\speed\audio_000968__aug_speed_01.wav,اشتراك ستين mega تلحقني ستة و عشرين mega عييت مانريكلامي والوا
C:\Users\dell\Desktop\laststation\Audio_augmented\compression\audio_000968__aug_compression_01.wav,اشتراك ستين mega تلحقني ستة و عشرين mega عييت مانريكلامي والوا
C:\Users\dell\Desktop\laststation\Audio_augmented\noise\audio_000969__aug_noise_01.wav,نسكن في وسط المدينة مازال مكاش connexion
C:\Users\dell\Desktop\laststation\Audio_augmented\speed\audio_000969__aug_speed_01.wav,نسكن في وسط المدينة مازال مكاش connexion
C:\Users\dell\Desktop\laststation\Audio_augmented\compression\audio_000969__aug_compression_01.wav,نسكن في وسط المدينة مازال مكاش connexion
C:\Users\dell\Desktop\laststation\Audio_augmented\noise\audio_000970__aug_noise_01.wav,حي بارك افراج لحد الساعة ملحقلهاش la fibre
C:\Users\dell\Desktop\laststation\Audio_augmented\speed\audio_000970__aug_speed_01.wav,حي بارك افراج لحد الساعة ملحقلهاش la fibre
C:\Users\dell\Desktop\laststation\Audio_augmented\compression\audio_000970__aug_compression_01.wav,حي بارك افراج لحد الساعة ملحقلهاش la fibre
C:\Users\dell\Desktop\laststation\Audio_augmented\noise\audio_000971__aug_noise_01.wav,ان شاء تديرو فيديوهات بالعربية مية بالمية
C:\Users\dell\Desktop\laststation\Audio_augmented\speed\audio_000971__aug_speed_01.wav,ان شاء تديرو فيديوهات بالعربية مية بالمية
C:\Users\dell\Desktop\laststation\Audio_augmented\compression\audio_000971__aug_compression_01.wav,ان شاء تديرو فيديوهات بالعربية مية بالمية
C:\Users\dell\Desktop\laststation\Audio_augmented\noise\audio_000972__aug_noise_01.wav,غير الخرطي فالصح والله ماسمعنا بيه
C:\Users\dell\Desktop\laststation\Audio_augmented\speed\audio_000972__aug_speed_01.wav,غير الخرطي فالصح والله ماسمعنا بيه
C:\Users\dell\Desktop\laststation\Audio_augmented\compression\audio_000972__aug_compression_01.wav,غير الخرطي فالصح والله ماسمعنا بيه
C:\Users\dell\Desktop\laststation\Audio_augmented\noise\audio_000973__aug_noise_01.wav,شكون عندو الخط هذا وراه يستخدم فيه
C:\Users\dell\Desktop\laststation\Audio_augmented\speed\audio_000973__aug_speed_01.wav,شكون عندو الخط هذا وراه يستخدم فيه
C:\Users\dell\Desktop\laststation\Audio_augmented\compression\audio_000973__aug_compression_01.wav,شكون عندو الخط هذا وراه يستخدم فيه
C:\Users\dell\Desktop\laststation\Audio_augmented\noise\audio_000974__aug_noise_01.wav,نتوما تتمسخرو بيا نعيطلكم واحد ما يريبوندي عليا تخسرولي les unite
C:\Users\dell\Desktop\laststation\Audio_augmented\speed\audio_000974__aug_speed_01.wav,نتوما تتمسخرو بيا نعيطلكم واحد ما يريبوندي عليا تخسرولي les unite
C:\Users\dell\Desktop\laststation\Audio_augmented\compression\audio_000974__aug_compression_01.wav,نتوما تتمسخرو بيا نعيطلكم واحد ما يريبوندي عليا تخسرولي les unite
C:\Users\dell\Desktop\laststation\Audio_augmented\noise\audio_000975__aug_noise_01.wav,جيبولنا غير الالياف و من بعد ساهل
C:\Users\dell\Desktop\laststation\Audio_augmented\speed\audio_000975__aug_speed_01.wav,جيبولنا غير الالياف و من بعد ساهل
C:\Users\dell\Desktop\laststation\Audio_augmented\compression\audio_000975__aug_compression_01.wav,جيبولنا غير الالياف و من بعد ساهل
C:\Users\dell\Desktop\laststation\Audio_augmented\noise\audio_000976__aug_noise_01.wav,كفاه نعرف اذا نقدر ندخلها ولا مازال
C:\Users\dell\Desktop\laststation\Audio_augmented\speed\audio_000976__aug_speed_01.wav,كفاه نعرف اذا نقدر ندخلها ولا مازال
C:\Users\dell\Desktop\laststation\Audio_augmented\compression\audio_000976__aug_compression_01.wav,كفاه نعرف اذا نقدر ندخلها ولا مازال
C:\Users\dell\Desktop\laststation\Audio_augmented\noise\audio_000977__aug_noise_01.wav,قالولك بصفة تدريجية معناها بعد عام عامين المهم انت تصبر و تستنا
C:\Users\dell\Desktop\laststation\Audio_augmented\speed\audio_000977__aug_speed_01.wav,قالولك بصفة تدريجية معناها بعد عام عامين المهم انت تصبر و تستنا
C:\Users\dell\Desktop\laststation\Audio_augmented\compression\audio_000977__aug_compression_01.wav,قالولك بصفة تدريجية معناها بعد عام عامين المهم انت تصبر و تستنا
C:\Users\dell\Desktop\laststation\Audio_augmented\noise\audio_000978__aug_noise_01.wav,اقسم بالله مافيكم الثقة و لا المصداقية
C:\Users\dell\Desktop\laststation\Audio_augmented\speed\audio_000978__aug_speed_01.wav,اقسم بالله مافيكم الثقة و لا المصداقية
C:\Users\dell\Desktop\laststation\Audio_augmented\compression\audio_000978__aug_compression_01.wav,اقسم بالله مافيكم الثقة و لا المصداقية
C:\Users\dell\Desktop\laststation\Audio_augmented\noise\audio_000979__aug_noise_01.wav,للاسف مازالنا بدون internet fibre و 4g ضعيفة جدا
C:\Users\dell\Desktop\laststation\Audio_augmented\speed\audio_000979__aug_speed_01.wav,للاسف مازالنا بدون internet fibre و 4g ضعيفة جدا
C:\Users\dell\Desktop\laststation\Audio_augmented\compression\audio_000979__aug_compression_01.wav,للاسف مازالنا بدون internet fibre و 4g ضعيفة جدا
C:\Users\dell\Desktop\laststation\Audio_augmented\noise\audio_000980__aug_noise_01.wav,احسن حل روح جيب لي يخدمو عندهم بدراهم هوما تاع دراهم برك
C:\Users\dell\Desktop\laststation\Audio_augmented\speed\audio_000980__aug_speed_01.wav,احسن حل روح جيب لي يخدمو عندهم بدراهم هوما تاع دراهم برك
C:\Users\dell\Desktop\laststation\Audio_augmented\compression\audio_000980__aug_compression_01.wav,احسن حل روح جيب لي يخدمو عندهم بدراهم هوما تاع دراهم برك
C:\Users\dell\Desktop\laststation\Audio_augmented\noise\audio_000981__aug_noise_01.wav,من فضلكم هل استطاعتنا تغيير modem nokia للالياف البصرية لانه لا يدعم تقنية wifi six
C:\Users\dell\Desktop\laststation\Audio_augmented\speed\audio_000981__aug_speed_01.wav,من فضلكم هل استطاعتنا تغيير modem nokia للالياف البصرية لانه لا يدعم تقنية wifi six
C:\Users\dell\Desktop\laststation\Audio_augmented\compression\audio_000981__aug_compression_01.wav,من فضلكم هل استطاعتنا تغيير modem nokia للالياف البصرية لانه لا يدعم تقنية wifi six
C:\Users\dell\Desktop\laststation\Audio_augmented\noise\audio_000982__aug_noise_01.wav,سجلنا منذ شهر و مكان حتى جديد لي modem راهم يتسرباو بالمعريفة
C:\Users\dell\Desktop\laststation\Audio_augmented\speed\audio_000982__aug_speed_01.wav,سجلنا منذ شهر و مكان حتى جديد لي modem راهم يتسرباو بالمعريفة
C:\Users\dell\Desktop\laststation\Audio_augmented\compression\audio_000982__aug_compression_01.wav,سجلنا منذ شهر و مكان حتى جديد لي modem راهم يتسرباو بالمعريفة
C:\Users\dell\Desktop\laststation\Audio_augmented\noise\audio_000983__aug_noise_01.wav,بلدية القبة غير موهل منذ الاستقلال افتحو المنافسة
C:\Users\dell\Desktop\laststation\Audio_augmented\speed\audio_000983__aug_speed_01.wav,بلدية القبة غير موهل منذ الاستقلال افتحو المنافسة
C:\Users\dell\Desktop\laststation\Audio_augmented\compression\audio_000983__aug_compression_01.wav,بلدية القبة غير موهل منذ الاستقلال افتحو المنافسة
C:\Users\dell\Desktop\laststation\Audio_augmented\noise\audio_000984__aug_noise_01.wav,غير متوفر في مدينة الجلفة حي ونوقي
C:\Users\dell\Desktop\laststation\Audio_augmented\speed\audio_000984__aug_speed_01.wav,غير متوفر في مدينة الجلفة حي ونوقي
C:\Users\dell\Desktop\laststation\Audio_augmented\compression\audio_000984__aug_compression_01.wav,غير متوفر في مدينة الجلفة حي ونوقي
C:\Users\dell\Desktop\laststation\Audio_augmented\noise\audio_000985__aug_noise_01.wav,عندي خمسطاش يوم ملي خلصت و ركبولي و مازال مطلقوش
C:\Users\dell\Desktop\laststation\Audio_augmented\speed\audio_000985__aug_speed_01.wav,عندي خمسطاش يوم ملي خلصت و ركبولي و مازال مطلقوش
C:\Users\dell\Desktop\laststation\Audio_augmented\compression\audio_000985__aug_compression_01.wav,عندي خمسطاش يوم ملي خلصت و ركبولي و مازال مطلقوش
C:\Users\dell\Desktop\laststation\Audio_augmented\noise\audio_000986__aug_noise_01.wav,ديرولنا la fibre في المجتمع تسعطاش ترقوي العمومي الرحمانية راهي في معانات بدون la fibre
C:\Users\dell\Desktop\laststation\Audio_augmented\speed\audio_000986__aug_speed_01.wav,ديرولنا la fibre في المجتمع تسعطاش ترقوي العمومي الرحمانية راهي في معانات بدون la fibre
C:\Users\dell\Desktop\laststation\Audio_augmented\compression\audio_000986__aug_compression_01.wav,ديرولنا la fibre في المجتمع تسعطاش ترقوي العمومي الرحمانية راهي في معانات بدون la fibre
C:\Users\dell\Desktop\laststation\Audio_augmented\noise\audio_000987__aug_noise_01.wav,يلزم يكون عندك خط هاتف ولا مش بالضرورة
C:\Users\dell\Desktop\laststation\Audio_augmented\speed\audio_000987__aug_speed_01.wav,يلزم يكون عندك خط هاتف ولا مش بالضرورة
C:\Users\dell\Desktop\laststation\Audio_augmented\compression\audio_000987__aug_compression_01.wav,يلزم يكون عندك خط هاتف ولا مش بالضرورة
C:\Users\dell\Desktop\laststation\Audio_augmented\noise\audio_000988__aug_noise_01.wav,jamais خدمو خدمة صافية يليكيديو في الشعب و صايي
C:\Users\dell\Desktop\laststation\Audio_augmented\speed\audio_000988__aug_speed_01.wav,jamais خدمو خدمة صافية يليكيديو في الشعب و صايي
C:\Users\dell\Desktop\laststation\Audio_augmented\compression\audio_000988__aug_compression_01.wav,jamais خدمو خدمة صافية يليكيديو في الشعب و صايي
C:\Users\dell\Desktop\laststation\Audio_augmented\noise\audio_000989__aug_noise_01.wav,عندي خمسطاش يوم ملي خلصت عطاوني modem وين مانروحلهم يتمسخرو بيا
C:\Users\dell\Desktop\laststation\Audio_augmented\speed\audio_000989__aug_speed_01.wav,عندي خمسطاش يوم ملي خلصت عطاوني modem وين مانروحلهم يتمسخرو بيا
C:\Users\dell\Desktop\laststation\Audio_augmented\compression\audio_000989__aug_compression_01.wav,عندي خمسطاش يوم ملي خلصت عطاوني modem وين مانروحلهم يتمسخرو بيا
C:\Users\dell\Desktop\laststation\Audio_augmented\noise\audio_000990__aug_noise_01.wav,المنطقة لا تتوفر على تقنية الالياف البصرية ندير طلب modem
C:\Users\dell\Desktop\laststation\Audio_augmented\speed\audio_000990__aug_speed_01.wav,المنطقة لا تتوفر على تقنية الالياف البصرية ندير طلب modem
C:\Users\dell\Desktop\laststation\Audio_augmented\compression\audio_000990__aug_compression_01.wav,المنطقة لا تتوفر على تقنية الالياف البصرية ندير طلب modem
C:\Users\dell\Desktop\laststation\Audio_augmented\noise\audio_000991__aug_noise_01.wav,اصلحولنا internet لي راهي مكاش من يومين و من بعد ساهل
C:\Users\dell\Desktop\laststation\Audio_augmented\speed\audio_000991__aug_speed_01.wav,اصلحولنا internet لي راهي مكاش من يومين و من بعد ساهل
C:\Users\dell\Desktop\laststation\Audio_augmented\compression\audio_000991__aug_compression_01.wav,اصلحولنا internet لي راهي مكاش من يومين و من بعد ساهل
C:\Users\dell\Desktop\laststation\Audio_augmented\noise\audio_000992__aug_noise_01.wav,كيف يمكنني الاشتراك في هذ العرض الترويجي
C:\Users\dell\Desktop\laststation\Audio_augmented\speed\audio_000992__aug_speed_01.wav,كيف يمكنني الاشتراك في هذ العرض الترويجي
C:\Users\dell\Desktop\laststation\Audio_augmented\compression\audio_000992__aug_compression_01.wav,كيف يمكنني الاشتراك في هذ العرض الترويجي
C:\Users\dell\Desktop\laststation\Audio_augmented\noise\audio_000993__aug_noise_01.wav,modem غير متوفر في الوكلات عندنا مدة و حنا نسناو
C:\Users\dell\Desktop\laststation\Audio_augmented\speed\audio_000993__aug_speed_01.wav,modem غير متوفر في الوكلات عندنا مدة و حنا نسناو
C:\Users\dell\Desktop\laststation\Audio_augmented\compression\audio_000993__aug_compression_01.wav,modem غير متوفر في الوكلات عندنا مدة و حنا نسناو
C:\Users\dell\Desktop\laststation\Audio_augmented\noise\audio_000994__aug_noise_01.wav,خدمة la fibre قداه فيهم من giga
C:\Users\dell\Desktop\laststation\Audio_augmented\speed\audio_000994__aug_speed_01.wav,خدمة la fibre قداه فيهم من giga
C:\Users\dell\Desktop\laststation\Audio_augmented\compression\audio_000994__aug_compression_01.wav,خدمة la fibre قداه فيهم من giga
C:\Users\dell\Desktop\laststation\Audio_augmented\noise\audio_000995__aug_noise_01.wav,والله غير تعبت نتصل بيكم تروحلي دراهمي في باطل بلا متردو عليا
C:\Users\dell\Desktop\laststation\Audio_augmented\speed\audio_000995__aug_speed_01.wav,والله غير تعبت نتصل بيكم تروحلي دراهمي في باطل بلا متردو عليا
C:\Users\dell\Desktop\laststation\Audio_augmented\compression\audio_000995__aug_compression_01.wav,والله غير تعبت نتصل بيكم تروحلي دراهمي في باطل بلا متردو عليا
C:\Users\dell\Desktop\laststation\Audio_augmented\noise\audio_000996__aug_noise_01.wav,كيف يمكنني الغاء الاشتراك في la fibre
C:\Users\dell\Desktop\laststation\Audio_augmented\speed\audio_000996__aug_speed_01.wav,كيف يمكنني الغاء الاشتراك في la fibre
C:\Users\dell\Desktop\laststation\Audio_augmented\compression\audio_000996__aug_compression_01.wav,كيف يمكنني الغاء الاشتراك في la fibre
C:\Users\dell\Desktop\laststation\Audio_augmented\noise\audio_000997__aug_noise_01.wav,من شهر نوفمبر الفين و ربعة و عشرين ة حنا ننتظر في modem راه رقم قياسي
C:\Users\dell\Desktop\laststation\Audio_augmented\speed\audio_000997__aug_speed_01.wav,من شهر نوفمبر الفين و ربعة و عشرين ة حنا ننتظر في modem راه رقم قياسي
C:\Users\dell\Desktop\laststation\Audio_augmented\compression\audio_000997__aug_compression_01.wav,من شهر نوفمبر الفين و ربعة و عشرين ة حنا ننتظر في modem راه رقم قياسي
C:\Users\dell\Desktop\laststation\Audio_augmented\noise\audio_000998__aug_noise_01.wav,المسيلة راهي مقطوعة internet عندها من نصف رمضان
C:\Users\dell\Desktop\laststation\Audio_augmented\speed\audio_000998__aug_speed_01.wav,المسيلة راهي مقطوعة internet عندها من نصف رمضان
C:\Users\dell\Desktop\laststation\Audio_augmented\compression\audio_000998__aug_compression_01.wav,المسيلة راهي مقطوعة internet عندها من نصف رمضان
C:\Users\dell\Desktop\laststation\Audio_augmented\noise\audio_000999__aug_noise_01.wav,حساب للعمل شركة احتقار واش يجيك منهم
C:\Users\dell\Desktop\laststation\Audio_augmented\speed\audio_000999__aug_speed_01.wav,حساب للعمل شركة احتقار واش يجيك منهم
C:\Users\dell\Desktop\laststation\Audio_augmented\compression\audio_000999__aug_compression_01.wav,حساب للعمل شركة احتقار واش يجيك منهم
C:\Users\dell\Desktop\laststation\Audio_augmented\noise\audio_001000__aug_noise_01.wav,اريد تفعيل فضاء الزبون معلومات بعثتهم فى الخاص و شكرا
C:\Users\dell\Desktop\laststation\Audio_augmented\speed\audio_001000__aug_speed_01.wav,اريد تفعيل فضاء الزبون معلومات بعثتهم فى الخاص و شكرا
C:\Users\dell\Desktop\laststation\Audio_augmented\compression\audio_001000__aug_compression_01.wav,اريد تفعيل فضاء الزبون معلومات بعثتهم فى الخاص و شكرا
C:\Users\dell\Desktop\laststation\Audio_augmented\noise\audio_001001__aug_noise_01.wav,هل مكرر wifi متوفر في مصالحكم للبيع و كم السعر
C:\Users\dell\Desktop\laststation\Audio_augmented\speed\audio_001001__aug_speed_01.wav,هل مكرر wifi متوفر في مصالحكم للبيع و كم السعر
C:\Users\dell\Desktop\laststation\Audio_augmented\compression\audio_001001__aug_compression_01.wav,هل مكرر wifi متوفر في مصالحكم للبيع و كم السعر
C:\Users\dell\Desktop\laststation\Audio_augmented\noise\audio_001002__aug_noise_01.wav,عند الرفع من سرعة تدفق internet بالالياف لا تلزمو الزبون
C:\Users\dell\Desktop\laststation\Audio_augmented\speed\audio_001002__aug_speed_01.wav,عند الرفع من سرعة تدفق internet بالالياف لا تلزمو الزبون
C:\Users\dell\Desktop\laststation\Audio_augmented\compression\audio_001002__aug_compression_01.wav,عند الرفع من سرعة تدفق internet بالالياف لا تلزمو الزبون
C:\Users\dell\Desktop\laststation\Audio_augmented\noise\audio_001003__aug_noise_01.wav,مشكلة في idoom 4g تدفق منخفض مع العلم مشترك في عرض ستمية وخمسين الف واحد tera
C:\Users\dell\Desktop\laststation\Audio_augmented\speed\audio_001003__aug_speed_01.wav,مشكلة في idoom 4g تدفق منخفض مع العلم مشترك في عرض ستمية وخمسين الف واحد tera
C:\Users\dell\Desktop\laststation\Audio_augmented\compression\audio_001003__aug_compression_01.wav,مشكلة في idoom 4g تدفق منخفض مع العلم مشترك في عرض ستمية وخمسين الف واحد tera
C:\Users\dell\Desktop\laststation\Audio_augmented\noise\audio_001004__aug_noise_01.wav,راني نبعت message متردوش علبالي الضغط كبير بصح يرجى الرد
C:\Users\dell\Desktop\laststation\Audio_augmented\speed\audio_001004__aug_speed_01.wav,راني نبعت message متردوش علبالي الضغط كبير بصح يرجى الرد
C:\Users\dell\Desktop\laststation\Audio_augmented\compression\audio_001004__aug_compression_01.wav,راني نبعت message متردوش علبالي الضغط كبير بصح يرجى الرد
C:\Users\dell\Desktop\laststation\Audio_augmented\noise\audio_001005__aug_noise_01.wav,شحال عندنا و حنا نستناو باه يطلڨونا internet مع العلم اننا عندنا تقريبا شهر منين ركبولنا modem
C:\Users\dell\Desktop\laststation\Audio_augmented\speed\audio_001005__aug_speed_01.wav,شحال عندنا و حنا نستناو باه يطلڨونا internet مع العلم اننا عندنا تقريبا شهر منين ركبولنا modem
C:\Users\dell\Desktop\laststation\Audio_augmented\compression\audio_001005__aug_compression_01.wav,شحال عندنا و حنا نستناو باه يطلڨونا internet مع العلم اننا عندنا تقريبا شهر منين ركبولنا modem
C:\Users\dell\Desktop\laststation\Audio_augmented\noise\audio_001006__aug_noise_01.wav,المجد و الخلود لشهداينا الابرار الاخيارو تحيا الجزاير
C:\Users\dell\Desktop\laststation\Audio_augmented\speed\audio_001006__aug_speed_01.wav,المجد و الخلود لشهداينا الابرار الاخيارو تحيا الجزاير
C:\Users\dell\Desktop\laststation\Audio_augmented\compression\audio_001006__aug_compression_01.wav,المجد و الخلود لشهداينا الابرار الاخيارو تحيا الجزاير
C:\Users\dell\Desktop\laststation\Audio_augmented\noise\audio_001007__aug_noise_01.wav,كشما عام اخر كي ينور الملح
C:\Users\dell\Desktop\laststation\Audio_augmented\speed\audio_001007__aug_speed_01.wav,كشما عام اخر كي ينور الملح
C:\Users\dell\Desktop\laststation\Audio_augmented\compression\audio_001007__aug_compression_01.wav,كشما عام اخر كي ينور الملح
C:\Users\dell\Desktop\laststation\Audio_augmented\noise\audio_001008__aug_noise_01.wav,كرهتونا و كرهنا حاجة اسمها internet
C:\Users\dell\Desktop\laststation\Audio_augmented\speed\audio_001008__aug_speed_01.wav,كرهتونا و كرهنا حاجة اسمها internet
C:\Users\dell\Desktop\laststation\Audio_augmented\compression\audio_001008__aug_compression_01.wav,كرهتونا و كرهنا حاجة اسمها internet
C:\Users\dell\Desktop\laststation\Audio_augmented\noise\audio_001009__aug_noise_01.wav,كم يحتاج من الوقت لتغيير رقم الهاتف الثابت
C:\Users\dell\Desktop\laststation\Audio_augmented\speed\audio_001009__aug_speed_01.wav,كم يحتاج من الوقت لتغيير رقم الهاتف الثابت
C:\Users\dell\Desktop\laststation\Audio_augmented\compression\audio_001009__aug_compression_01.wav,كم يحتاج من الوقت لتغيير رقم الهاتف الثابت
C:\Users\dell\Desktop\laststation\Audio_augmented\noise\audio_001010__aug_noise_01.wav,وقتاه جيبولنا لي modem كرهنا كلش راكب و مكان والوا
C:\Users\dell\Desktop\laststation\Audio_augmented\speed\audio_001010__aug_speed_01.wav,وقتاه جيبولنا لي modem كرهنا كلش راكب و مكان والوا
C:\Users\dell\Desktop\laststation\Audio_augmented\compression\audio_001010__aug_compression_01.wav,وقتاه جيبولنا لي modem كرهنا كلش راكب و مكان والوا
C:\Users\dell\Desktop\laststation\Audio_augmented\noise\audio_001011__aug_noise_01.wav,ولي ماعندوش giga كيفاه يشوف العروض
C:\Users\dell\Desktop\laststation\Audio_augmented\speed\audio_001011__aug_speed_01.wav,ولي ماعندوش giga كيفاه يشوف العروض
C:\Users\dell\Desktop\laststation\Audio_augmented\compression\audio_001011__aug_compression_01.wav,ولي ماعندوش giga كيفاه يشوف العروض
C:\Users\dell\Desktop\laststation\Audio_augmented\noise\audio_001012__aug_noise_01.wav,"عندي مشكل في فضاء الزبون fibre سجلت و لم تصلني رسال, التاكيد في email"
C:\Users\dell\Desktop\laststation\Audio_augmented\speed\audio_001012__aug_speed_01.wav,"عندي مشكل في فضاء الزبون fibre سجلت و لم تصلني رسال, التاكيد في email"
C:\Users\dell\Desktop\laststation\Audio_augmented\compression\audio_001012__aug_compression_01.wav,"عندي مشكل في فضاء الزبون fibre سجلت و لم تصلني رسال, التاكيد في email"
C:\Users\dell\Desktop\laststation\Audio_augmented\noise\audio_001013__aug_noise_01.wav,بويحية دير اسمك تحت التعليق
C:\Users\dell\Desktop\laststation\Audio_augmented\speed\audio_001013__aug_speed_01.wav,بويحية دير اسمك تحت التعليق
C:\Users\dell\Desktop\laststation\Audio_augmented\compression\audio_001013__aug_compression_01.wav,بويحية دير اسمك تحت التعليق
C:\Users\dell\Desktop\laststation\Audio_augmented\noise\audio_001014__aug_noise_01.wav,ربعين يوم بدون internet و المشكل التقني هذا لا يوجد عندو حل
C:\Users\dell\Desktop\laststation\Audio_augmented\speed\audio_001014__aug_speed_01.wav,ربعين يوم بدون internet و المشكل التقني هذا لا يوجد عندو حل
C:\Users\dell\Desktop\laststation\Audio_augmented\compression\audio_001014__aug_compression_01.wav,ربعين يوم بدون internet و المشكل التقني هذا لا يوجد عندو حل
C:\Users\dell\Desktop\laststation\Audio_augmented\noise\audio_001015__aug_noise_01.wav,عندي يومين ملي خلصت و ماجاتنيش
C:\Users\dell\Desktop\laststation\Audio_augmented\speed\audio_001015__aug_speed_01.wav,عندي يومين ملي خلصت و ماجاتنيش
C:\Users\dell\Desktop\laststation\Audio_augmented\compression\audio_001015__aug_compression_01.wav,عندي يومين ملي خلصت و ماجاتنيش
C:\Users\dell\Desktop\laststation\Audio_augmented\noise\audio_001016__aug_noise_01.wav,حتي يوصل fibre و ساهل تشوف اعلانات تقول الجزاير كامل راهي بي la fibre
C:\Users\dell\Desktop\laststation\Audio_augmented\speed\audio_001016__aug_speed_01.wav,حتي يوصل fibre و ساهل تشوف اعلانات تقول الجزاير كامل راهي بي la fibre
C:\Users\dell\Desktop\laststation\Audio_augmented\compression\audio_001016__aug_compression_01.wav,حتي يوصل fibre و ساهل تشوف اعلانات تقول الجزاير كامل راهي بي la fibre
C:\Users\dell\Desktop\laststation\Audio_augmented\noise\audio_001017__aug_noise_01.wav,عندي ثلاثين mega راي تلحقني غير سبعة mega تقولي الف
C:\Users\dell\Desktop\laststation\Audio_augmented\speed\audio_001017__aug_speed_01.wav,عندي ثلاثين mega راي تلحقني غير سبعة mega تقولي الف
C:\Users\dell\Desktop\laststation\Audio_augmented\compression\audio_001017__aug_compression_01.wav,عندي ثلاثين mega راي تلحقني غير سبعة mega تقولي الف
C:\Users\dell\Desktop\laststation\Audio_augmented\noise\audio_001018__aug_noise_01.wav,وين راها مازالنا حاصلين في adsl
C:\Users\dell\Desktop\laststation\Audio_augmented\speed\audio_001018__aug_speed_01.wav,وين راها مازالنا حاصلين في adsl
C:\Users\dell\Desktop\laststation\Audio_augmented\compression\audio_001018__aug_compression_01.wav,وين راها مازالنا حاصلين في adsl
C:\Users\dell\Desktop\laststation\Audio_augmented\noise\audio_001019__aug_noise_01.wav,لاتوجد تغطية fibre على مستوى الحي
C:\Users\dell\Desktop\laststation\Audio_augmented\speed\audio_001019__aug_speed_01.wav,لاتوجد تغطية fibre على مستوى الحي
C:\Users\dell\Desktop\laststation\Audio_augmented\compression\audio_001019__aug_compression_01.wav,لاتوجد تغطية fibre على مستوى الحي
C:\Users\dell\Desktop\laststation\Audio_augmented\noise\audio_001020__aug_noise_01.wav,يودي عيطولنا كل يوم طول اليل تتقطع خسارة ميتين الف كل شهر برك
C:\Users\dell\Desktop\laststation\Audio_augmented\speed\audio_001020__aug_speed_01.wav,يودي عيطولنا كل يوم طول اليل تتقطع خسارة ميتين الف كل شهر برك
C:\Users\dell\Desktop\laststation\Audio_augmented\compression\audio_001020__aug_compression_01.wav,يودي عيطولنا كل يوم طول اليل تتقطع خسارة ميتين الف كل شهر برك
C:\Users\dell\Desktop\laststation\Audio_augmented\noise\audio_001021__aug_noise_01.wav,النفخ و خلاص مكان والوا من الشي لي تهدرو فيه كفاءات محدودة جدا
C:\Users\dell\Desktop\laststation\Audio_augmented\speed\audio_001021__aug_speed_01.wav,النفخ و خلاص مكان والوا من الشي لي تهدرو فيه كفاءات محدودة جدا
C:\Users\dell\Desktop\laststation\Audio_augmented\compression\audio_001021__aug_compression_01.wav,النفخ و خلاص مكان والوا من الشي لي تهدرو فيه كفاءات محدودة جدا
C:\Users\dell\Desktop\laststation\Audio_augmented\noise\audio_001022__aug_noise_01.wav,الاخت ليلى حمبوك ماجوبينيش بعبارة انكم تسعون جاهدين و اولولية
C:\Users\dell\Desktop\laststation\Audio_augmented\speed\audio_001022__aug_speed_01.wav,الاخت ليلى حمبوك ماجوبينيش بعبارة انكم تسعون جاهدين و اولولية
C:\Users\dell\Desktop\laststation\Audio_augmented\compression\audio_001022__aug_compression_01.wav,الاخت ليلى حمبوك ماجوبينيش بعبارة انكم تسعون جاهدين و اولولية
C:\Users\dell\Desktop\laststation\Audio_augmented\noise\audio_001023__aug_noise_01.wav,السلام عليكم خصني رقم الزبون الخاص بي
C:\Users\dell\Desktop\laststation\Audio_augmented\speed\audio_001023__aug_speed_01.wav,السلام عليكم خصني رقم الزبون الخاص بي
C:\Users\dell\Desktop\laststation\Audio_augmented\compression\audio_001023__aug_compression_01.wav,السلام عليكم خصني رقم الزبون الخاص بي
C:\Users\dell\Desktop\laststation\Audio_augmented\noise\audio_001024__aug_noise_01.wav,ديرولنا fibre ولاية خنشلة حي سبعمية سكن
C:\Users\dell\Desktop\laststation\Audio_augmented\speed\audio_001024__aug_speed_01.wav,ديرولنا fibre ولاية خنشلة حي سبعمية سكن
C:\Users\dell\Desktop\laststation\Audio_augmented\compression\audio_001024__aug_compression_01.wav,ديرولنا fibre ولاية خنشلة حي سبعمية سكن
C:\Users\dell\Desktop\laststation\Audio_augmented\noise\audio_001025__aug_noise_01.wav,ياو ديرونا fibre و من بعد ساهل
C:\Users\dell\Desktop\laststation\Audio_augmented\speed\audio_001025__aug_speed_01.wav,ياو ديرونا fibre و من بعد ساهل
C:\Users\dell\Desktop\laststation\Audio_augmented\compression\audio_001025__aug_compression_01.wav,ياو ديرونا fibre و من بعد ساهل
C:\Users\dell\Desktop\laststation\Audio_augmented\noise\audio_001026__aug_noise_01.wav,هناك بطئ رهيب في الربط بشبكة الالياف البصرية بولاية غرداية
C:\Users\dell\Desktop\laststation\Audio_augmented\speed\audio_001026__aug_speed_01.wav,هناك بطئ رهيب في الربط بشبكة الالياف البصرية بولاية غرداية
C:\Users\dell\Desktop\laststation\Audio_augmented\compression\audio_001026__aug_compression_01.wav,هناك بطئ رهيب في الربط بشبكة الالياف البصرية بولاية غرداية
C:\Users\dell\Desktop\laststation\Audio_augmented\noise\audio_001027__aug_noise_01.wav,للاسف عروض ليست بالمقنعة مثلا عرض مية الف ينتهي بلمح البصر و عرض مية و خمسين الف سعره مرتفع
C:\Users\dell\Desktop\laststation\Audio_augmented\speed\audio_001027__aug_speed_01.wav,للاسف عروض ليست بالمقنعة مثلا عرض مية الف ينتهي بلمح البصر و عرض مية و خمسين الف سعره مرتفع
C:\Users\dell\Desktop\laststation\Audio_augmented\compression\audio_001027__aug_compression_01.wav,للاسف عروض ليست بالمقنعة مثلا عرض مية الف ينتهي بلمح البصر و عرض مية و خمسين الف سعره مرتفع
C:\Users\dell\Desktop\laststation\Audio_augmented\noise\audio_001028__aug_noise_01.wav,connexion ضعيفة بزاف و درنا reclamation مكان والوا
C:\Users\dell\Desktop\laststation\Audio_augmented\speed\audio_001028__aug_speed_01.wav,connexion ضعيفة بزاف و درنا reclamation مكان والوا
C:\Users\dell\Desktop\laststation\Audio_augmented\compression\audio_001028__aug_compression_01.wav,connexion ضعيفة بزاف و درنا reclamation مكان والوا
C:\Users\dell\Desktop\laststation\Audio_augmented\noise\audio_001029__aug_noise_01.wav,كاين الريح تدو في دراهم لحرام
C:\Users\dell\Desktop\laststation\Audio_augmented\speed\audio_001029__aug_speed_01.wav,كاين الريح تدو في دراهم لحرام
C:\Users\dell\Desktop\laststation\Audio_augmented\compression\audio_001029__aug_compression_01.wav,كاين الريح تدو في دراهم لحرام
C:\Users\dell\Desktop\laststation\Audio_augmented\noise\audio_001030__aug_noise_01.wav,جيبو جديد هذا عرض الفقير و ميشريهش
C:\Users\dell\Desktop\laststation\Audio_augmented\speed\audio_001030__aug_speed_01.wav,جيبو جديد هذا عرض الفقير و ميشريهش
C:\Users\dell\Desktop\laststation\Audio_augmented\compression\audio_001030__aug_compression_01.wav,جيبو جديد هذا عرض الفقير و ميشريهش
C:\Users\dell\Desktop\laststation\Audio_augmented\noise\audio_001031__aug_noise_01.wav,و صحاب adsl كيفاه نسيتوهم ڨاع
C:\Users\dell\Desktop\laststation\Audio_augmented\speed\audio_001031__aug_speed_01.wav,و صحاب adsl كيفاه نسيتوهم ڨاع
C:\Users\dell\Desktop\laststation\Audio_augmented\compression\audio_001031__aug_compression_01.wav,و صحاب adsl كيفاه نسيتوهم ڨاع
C:\Users\dell\Desktop\laststation\Audio_augmented\noise\audio_001032__aug_noise_01.wav,تحية لكل عمال اتصالات الجزاير على المجهودات
C:\Users\dell\Desktop\laststation\Audio_augmented\speed\audio_001032__aug_speed_01.wav,تحية لكل عمال اتصالات الجزاير على المجهودات
C:\Users\dell\Desktop\laststation\Audio_augmented\compression\audio_001032__aug_compression_01.wav,تحية لكل عمال اتصالات الجزاير على المجهودات
C:\Users\dell\Desktop\laststation\Audio_augmented\noise\audio_001033__aug_noise_01.wav,connexion عندي ناقصة خاصة بالخط الجديد la fibre علما ان الخط القديم adsl كانت جودته افضل
C:\Users\dell\Desktop\laststation\Audio_augmented\speed\audio_001033__aug_speed_01.wav,connexion عندي ناقصة خاصة بالخط الجديد la fibre علما ان الخط القديم adsl كانت جودته افضل
C:\Users\dell\Desktop\laststation\Audio_augmented\compression\audio_001033__aug_compression_01.wav,connexion عندي ناقصة خاصة بالخط الجديد la fibre علما ان الخط القديم adsl كانت جودته افضل
C:\Users\dell\Desktop\laststation\Audio_augmented\noise\audio_001034__aug_noise_01.wav,كملولنا برج بوعريريج برك عمروها كل نديرو la fibre و موفقين
C:\Users\dell\Desktop\laststation\Audio_augmented\speed\audio_001034__aug_speed_01.wav,كملولنا برج بوعريريج برك عمروها كل نديرو la fibre و موفقين
C:\Users\dell\Desktop\laststation\Audio_augmented\compression\audio_001034__aug_compression_01.wav,كملولنا برج بوعريريج برك عمروها كل نديرو la fibre و موفقين
C:\Users\dell\Desktop\laststation\Audio_augmented\noise\audio_001035__aug_noise_01.wav,في سكيكدة مكاش fibre خلاص نص بلديات سكيكدة مافيهمش fibre خلاص
C:\Users\dell\Desktop\laststation\Audio_augmented\speed\audio_001035__aug_speed_01.wav,في سكيكدة مكاش fibre خلاص نص بلديات سكيكدة مافيهمش fibre خلاص
C:\Users\dell\Desktop\laststation\Audio_augmented\compression\audio_001035__aug_compression_01.wav,في سكيكدة مكاش fibre خلاص نص بلديات سكيكدة مافيهمش fibre خلاص
C:\Users\dell\Desktop\laststation\Audio_augmented\noise\audio_001036__aug_noise_01.wav,لا لا شبعنا خيرات ربي
C:\Users\dell\Desktop\laststation\Audio_augmented\speed\audio_001036__aug_speed_01.wav,لا لا شبعنا خيرات ربي
C:\Users\dell\Desktop\laststation\Audio_augmented\compression\audio_001036__aug_compression_01.wav,لا لا شبعنا خيرات ربي
C:\Users\dell\Desktop\laststation\Audio_augmented\noise\audio_001037__aug_noise_01.wav,مع اتصالات الجزاير تكونكتي و انت تتعذب
C:\Users\dell\Desktop\laststation\Audio_augmented\speed\audio_001037__aug_speed_01.wav,مع اتصالات الجزاير تكونكتي و انت تتعذب
C:\Users\dell\Desktop\laststation\Audio_augmented\compression\audio_001037__aug_compression_01.wav,مع اتصالات الجزاير تكونكتي و انت تتعذب
C:\Users\dell\Desktop\laststation\Audio_augmented\noise\audio_001038__aug_noise_01.wav,سلام خاوتي نسكن في الريف هل modem اتصالات الجزاير تمشي يعني في الريف و شكرا
C:\Users\dell\Desktop\laststation\Audio_augmented\speed\audio_001038__aug_speed_01.wav,سلام خاوتي نسكن في الريف هل modem اتصالات الجزاير تمشي يعني في الريف و شكرا
C:\Users\dell\Desktop\laststation\Audio_augmented\compression\audio_001038__aug_compression_01.wav,سلام خاوتي نسكن في الريف هل modem اتصالات الجزاير تمشي يعني في الريف و شكرا
C:\Users\dell\Desktop\laststation\Audio_augmented\noise\audio_001039__aug_noise_01.wav,اليوم راح نحكوا على الطرق الي تخلي فيها سرعة internet تلحق لك بشكل كامل
C:\Users\dell\Desktop\laststation\Audio_augmented\speed\audio_001039__aug_speed_01.wav,اليوم راح نحكوا على الطرق الي تخلي فيها سرعة internet تلحق لك بشكل كامل
C:\Users\dell\Desktop\laststation\Audio_augmented\compression\audio_001039__aug_compression_01.wav,اليوم راح نحكوا على الطرق الي تخلي فيها سرعة internet تلحق لك بشكل كامل
C:\Users\dell\Desktop\laststation\Audio_augmented\noise\audio_001040__aug_noise_01.wav,كلنا عانينا من انو نديرو اشتراك مثلا تاع عشرين mega بصح سرعة internet ماتلحقلناش عشرين mega لاسباب عدة اليوم راح نذكروا
C:\Users\dell\Desktop\laststation\Audio_augmented\speed\audio_001040__aug_speed_01.wav,كلنا عانينا من انو نديرو اشتراك مثلا تاع عشرين mega بصح سرعة internet ماتلحقلناش عشرين mega لاسباب عدة اليوم راح نذكروا
C:\Users\dell\Desktop\laststation\Audio_augmented\compression\audio_001040__aug_compression_01.wav,كلنا عانينا من انو نديرو اشتراك مثلا تاع عشرين mega بصح سرعة internet ماتلحقلناش عشرين mega لاسباب عدة اليوم راح نذكروا
C:\Users\dell\Desktop\laststation\Audio_augmented\noise\audio_001041__aug_noise_01.wav,معظمها و اهمها نبدا من الارخص ولا المجاني حتى الاغلى و المدفوع
C:\Users\dell\Desktop\laststation\Audio_augmented\speed\audio_001041__aug_speed_01.wav,معظمها و اهمها نبدا من الارخص ولا المجاني حتى الاغلى و المدفوع
C:\Users\dell\Desktop\laststation\Audio_augmented\compression\audio_001041__aug_compression_01.wav,معظمها و اهمها نبدا من الارخص ولا المجاني حتى الاغلى و المدفوع
C:\Users\dell\Desktop\laststation\Audio_augmented\noise\audio_001042__aug_noise_01.wav,تبعوا معنا اول حل بالطبع راح يكون حل سهل و معظم الناس
C:\Users\dell\Desktop\laststation\Audio_augmented\speed\audio_001042__aug_speed_01.wav,تبعوا معنا اول حل بالطبع راح يكون حل سهل و معظم الناس
C:\Users\dell\Desktop\laststation\Audio_augmented\compression\audio_001042__aug_compression_01.wav,تبعوا معنا اول حل بالطبع راح يكون حل سهل و معظم الناس
C:\Users\dell\Desktop\laststation\Audio_augmented\noise\audio_001043__aug_noise_01.wav,خمو فيه deja الي هو طفي و عاود شعل modem ولا routeur الي راو عندك في المنزل
C:\Users\dell\Desktop\laststation\Audio_augmented\speed\audio_001043__aug_speed_01.wav,خمو فيه deja الي هو طفي و عاود شعل modem ولا routeur الي راو عندك في المنزل
C:\Users\dell\Desktop\laststation\Audio_augmented\compression\audio_001043__aug_compression_01.wav,خمو فيه deja الي هو طفي و عاود شعل modem ولا routeur الي راو عندك في المنزل
C:\Users\dell\Desktop\laststation\Audio_augmented\noise\audio_001044__aug_noise_01.wav,حل بسيط لالا الحل الثالث يطلب معرفة تقنية صغيرة الي هو تبدل الاشارة ولا الباند الي راك تكونيكتي فيها
C:\Users\dell\Desktop\laststation\Audio_augmented\speed\audio_001044__aug_speed_01.wav,حل بسيط لالا الحل الثالث يطلب معرفة تقنية صغيرة الي هو تبدل الاشارة ولا الباند الي راك تكونيكتي فيها
C:\Users\dell\Desktop\laststation\Audio_augmented\compression\audio_001044__aug_compression_01.wav,حل بسيط لالا الحل الثالث يطلب معرفة تقنية صغيرة الي هو تبدل الاشارة ولا الباند الي راك تكونيكتي فيها
C:\Users\dell\Desktop\laststation\Audio_augmented\noise\audio_001045__aug_noise_01.wav,تخرج من الباند تاع ثنين فاصل ربعة giga hertz و تروح للباند تاع خمسة giga hertz اذا كان routeur و modem تاعك يدعمها
C:\Users\dell\Desktop\laststation\Audio_augmented\speed\audio_001045__aug_speed_01.wav,تخرج من الباند تاع ثنين فاصل ربعة giga hertz و تروح للباند تاع خمسة giga hertz اذا كان routeur و modem تاعك يدعمها
C:\Users\dell\Desktop\laststation\Audio_augmented\compression\audio_001045__aug_compression_01.wav,تخرج من الباند تاع ثنين فاصل ربعة giga hertz و تروح للباند تاع خمسة giga hertz اذا كان routeur و modem تاعك يدعمها
C:\Users\dell\Desktop\laststation\Audio_augmented\noise\audio_001046__aug_noise_01.wav,من تم فعل في الاعدادات تاعك فعل wifi تاع cinq giga hertz
C:\Users\dell\Desktop\laststation\Audio_augmented\speed\audio_001046__aug_speed_01.wav,من تم فعل في الاعدادات تاعك فعل wifi تاع cinq giga hertz
C:\Users\dell\Desktop\laststation\Audio_augmented\compression\audio_001046__aug_compression_01.wav,من تم فعل في الاعدادات تاعك فعل wifi تاع cinq giga hertz
C:\Users\dell\Desktop\laststation\Audio_augmented\noise\audio_001047__aug_noise_01.wav,ديرلو mot de passe الي حبيت من تم desactiver ولا وقف التفعيل تاع شبكة ثنين فاصل ربعة giga hertz
C:\Users\dell\Desktop\laststation\Audio_augmented\speed\audio_001047__aug_speed_01.wav,ديرلو mot de passe الي حبيت من تم desactiver ولا وقف التفعيل تاع شبكة ثنين فاصل ربعة giga hertz
C:\Users\dell\Desktop\laststation\Audio_augmented\compression\audio_001047__aug_compression_01.wav,ديرلو mot de passe الي حبيت من تم desactiver ولا وقف التفعيل تاع شبكة ثنين فاصل ربعة giga hertz
C:\Users\dell\Desktop\laststation\Audio_augmented\noise\audio_001048__aug_noise_01.wav,رابعا و هذي لمن استطاع اليها سبيلا يعني ماراهيش مكلفة ولا ماراهيش بدراهم اصلا
C:\Users\dell\Desktop\laststation\Audio_augmented\speed\audio_001048__aug_speed_01.wav,رابعا و هذي لمن استطاع اليها سبيلا يعني ماراهيش مكلفة ولا ماراهيش بدراهم اصلا
C:\Users\dell\Desktop\laststation\Audio_augmented\compression\audio_001048__aug_compression_01.wav,رابعا و هذي لمن استطاع اليها سبيلا يعني ماراهيش مكلفة ولا ماراهيش بدراهم اصلا
C:\Users\dell\Desktop\laststation\Audio_augmented\noise\audio_001049__aug_noise_01.wav,طبعا ماشي ناس ڨاع يقدرو يديروها كاين الي راهو par example كاري
C:\Users\dell\Desktop\laststation\Audio_augmented\speed\audio_001049__aug_speed_01.wav,طبعا ماشي ناس ڨاع يقدرو يديروها كاين الي راهو par example كاري
C:\Users\dell\Desktop\laststation\Audio_augmented\compression\audio_001049__aug_compression_01.wav,طبعا ماشي ناس ڨاع يقدرو يديروها كاين الي راهو par example كاري
C:\Users\dell\Desktop\laststation\Audio_augmented\noise\audio_001050__aug_noise_01.wav,الي عندهم زعما modem هنايا و الحاسوب هنا قراب لبعضاهم يدير cable
C:\Users\dell\Desktop\laststation\Audio_augmented\speed\audio_001050__aug_speed_01.wav,الي عندهم زعما modem هنايا و الحاسوب هنا قراب لبعضاهم يدير cable
C:\Users\dell\Desktop\laststation\Audio_augmented\compression\audio_001050__aug_compression_01.wav,الي عندهم زعما modem هنايا و الحاسوب هنا قراب لبعضاهم يدير cable
C:\Users\dell\Desktop\laststation\Audio_augmented\noise\audio_001051__aug_noise_01.wav,الاجهزة الي في المنزل تاعك الي راهي تستخدم wifi و خليتها و نسيتها يعني الي راهي داخلة في الشبكة تاعك و نسيتها انت اصلا
C:\Users\dell\Desktop\laststation\Audio_augmented\speed\audio_001051__aug_speed_01.wav,الاجهزة الي في المنزل تاعك الي راهي تستخدم wifi و خليتها و نسيتها يعني الي راهي داخلة في الشبكة تاعك و نسيتها انت اصلا
C:\Users\dell\Desktop\laststation\Audio_augmented\compression\audio_001051__aug_compression_01.wav,الاجهزة الي في المنزل تاعك الي راهي تستخدم wifi و خليتها و نسيتها يعني الي راهي داخلة في الشبكة تاعك و نسيتها انت اصلا
C:\Users\dell\Desktop\laststation\Audio_augmented\noise\audio_001052__aug_noise_01.wav,تسما واش تدير سيي تفكر وشنو العفايس الي راك مخليهم مكونيكتين
C:\Users\dell\Desktop\laststation\Audio_augmented\speed\audio_001052__aug_speed_01.wav,تسما واش تدير سيي تفكر وشنو العفايس الي راك مخليهم مكونيكتين
C:\Users\dell\Desktop\laststation\Audio_augmented\compression\audio_001052__aug_compression_01.wav,تسما واش تدير سيي تفكر وشنو العفايس الي راك مخليهم مكونيكتين
C:\Users\dell\Desktop\laststation\Audio_augmented\noise\audio_001053__aug_noise_01.wav,ووقفهم مثلا العفاس هذو يقدر يكون speaker برك speaker تاع يعني مكبر صوت
C:\Users\dell\Desktop\laststation\Audio_augmented\speed\audio_001053__aug_speed_01.wav,ووقفهم مثلا العفاس هذو يقدر يكون speaker برك speaker تاع يعني مكبر صوت
C:\Users\dell\Desktop\laststation\Audio_augmented\compression\audio_001053__aug_compression_01.wav,ووقفهم مثلا العفاس هذو يقدر يكون speaker برك speaker تاع يعني مكبر صوت
C:\Users\dell\Desktop\laststation\Audio_augmented\noise\audio_001054__aug_noise_01.wav,و انت نسيتو مكونكتي حتى راهو desactiver راهو مكونكتي
C:\Users\dell\Desktop\laststation\Audio_augmented\speed\audio_001054__aug_speed_01.wav,و انت نسيتو مكونكتي حتى راهو desactiver راهو مكونكتي
C:\Users\dell\Desktop\laststation\Audio_augmented\compression\audio_001054__aug_compression_01.wav,و انت نسيتو مكونكتي حتى راهو desactiver راهو مكونكتي
C:\Users\dell\Desktop\laststation\Audio_augmented\noise\audio_001055__aug_noise_01.wav,ايضا camera de surveillance ولا جهاز المراقبة camera يعني هذ الاجهزة البسيطة تقدر تسببلك اضطرابات
C:\Users\dell\Desktop\laststation\Audio_augmented\speed\audio_001055__aug_speed_01.wav,ايضا camera de surveillance ولا جهاز المراقبة camera يعني هذ الاجهزة البسيطة تقدر تسببلك اضطرابات
C:\Users\dell\Desktop\laststation\Audio_augmented\compression\audio_001055__aug_compression_01.wav,ايضا camera de surveillance ولا جهاز المراقبة camera يعني هذ الاجهزة البسيطة تقدر تسببلك اضطرابات
C:\Users\dell\Desktop\laststation\Audio_augmented\noise\audio_001056__aug_noise_01.wav,داخل فيه speaker اي عفايس خفاف ما يدمونديوش سرعة internet
C:\Users\dell\Desktop\laststation\Audio_augmented\speed\audio_001056__aug_speed_01.wav,داخل فيه speaker اي عفايس خفاف ما يدمونديوش سرعة internet
C:\Users\dell\Desktop\laststation\Audio_augmented\compression\audio_001056__aug_compression_01.wav,داخل فيه speaker اي عفايس خفاف ما يدمونديوش سرعة internet
C:\Users\dell\Desktop\laststation\Audio_augmented\noise\audio_001057__aug_noise_01.wav,اما الهواتف الحواسيب smart tvs ڨاع كونيكتيهم في شبكة الخمسة giga hertz
C:\Users\dell\Desktop\laststation\Audio_augmented\speed\audio_001057__aug_speed_01.wav,اما الهواتف الحواسيب smart tvs ڨاع كونيكتيهم في شبكة الخمسة giga hertz
C:\Users\dell\Desktop\laststation\Audio_augmented\compression\audio_001057__aug_compression_01.wav,اما الهواتف الحواسيب smart tvs ڨاع كونيكتيهم في شبكة الخمسة giga hertz
C:\Users\dell\Desktop\laststation\Audio_augmented\noise\audio_001058__aug_noise_01.wav,هكذا باش تضمن السرعة الكاملة لهذ الاجهزة و مايكونش اضرابات
C:\Users\dell\Desktop\laststation\Audio_augmented\speed\audio_001058__aug_speed_01.wav,هكذا باش تضمن السرعة الكاملة لهذ الاجهزة و مايكونش اضرابات
C:\Users\dell\Desktop\laststation\Audio_augmented\compression\audio_001058__aug_compression_01.wav,هكذا باش تضمن السرعة الكاملة لهذ الاجهزة و مايكونش اضرابات
C:\Users\dell\Desktop\laststation\Audio_augmented\noise\audio_001059__aug_noise_01.wav,سادسا و هنا رانا لحقنا لمسقي هنا تبدا تخلص papa
C:\Users\dell\Desktop\laststation\Audio_augmented\speed\audio_001059__aug_speed_01.wav,سادسا و هنا رانا لحقنا لمسقي هنا تبدا تخلص papa
C:\Users\dell\Desktop\laststation\Audio_augmented\compression\audio_001059__aug_compression_01.wav,سادسا و هنا رانا لحقنا لمسقي هنا تبدا تخلص papa
C:\Users\dell\Desktop\laststation\Audio_augmented\noise\audio_001060__aug_noise_01.wav,العفسة الاولى الي تقدر ديرها انك تروح modem تاعك ولا تروح routeur تاعك
C:\Users\dell\Desktop\laststation\Audio_augmented\speed\audio_001060__aug_speed_01.wav,العفسة الاولى الي تقدر ديرها انك تروح modem تاعك ولا تروح routeur تاعك
C:\Users\dell\Desktop\laststation\Audio_augmented\compression\audio_001060__aug_compression_01.wav,العفسة الاولى الي تقدر ديرها انك تروح modem تاعك ولا تروح routeur تاعك
C:\Users\dell\Desktop\laststation\Audio_augmented\noise\audio_001061__aug_noise_01.wav,differance بالك تاع ثلاثين الف ولا عشرين الف في الشهر يعني ميتين ولا ثلاثمية dinar جزايري في الشهر فقط
C:\Users\dell\Desktop\laststation\Audio_augmented\speed\audio_001061__aug_speed_01.wav,differance بالك تاع ثلاثين الف ولا عشرين الف في الشهر يعني ميتين ولا ثلاثمية dinar جزايري في الشهر فقط
C:\Users\dell\Desktop\laststation\Audio_augmented\compression\audio_001061__aug_compression_01.wav,differance بالك تاع ثلاثين الف ولا عشرين الف في الشهر يعني ميتين ولا ثلاثمية dinar جزايري في الشهر فقط
C:\Users\dell\Desktop\laststation\Audio_augmented\noise\audio_001062__aug_noise_01.wav,يعني باذن الله راح تلقى يعني ولا تلاحظ تحسن كبير في السرعة باذن الله
C:\Users\dell\Desktop\laststation\Audio_augmented\speed\audio_001062__aug_speed_01.wav,يعني باذن الله راح تلقى يعني ولا تلاحظ تحسن كبير في السرعة باذن الله
C:\Users\dell\Desktop\laststation\Audio_augmented\compression\audio_001062__aug_compression_01.wav,يعني باذن الله راح تلقى يعني ولا تلاحظ تحسن كبير في السرعة باذن الله
C:\Users\dell\Desktop\laststation\Audio_augmented\noise\audio_001063__aug_noise_01.wav,و كانت هذه هي video تاع اليوم اذا حبيت معلومات اكثر رانا تقريبا كل يوم live
C:\Users\dell\Desktop\laststation\Audio_augmented\speed\audio_001063__aug_speed_01.wav,و كانت هذه هي video تاع اليوم اذا حبيت معلومات اكثر رانا تقريبا كل يوم live
C:\Users\dell\Desktop\laststation\Audio_augmented\compression\audio_001063__aug_compression_01.wav,و كانت هذه هي video تاع اليوم اذا حبيت معلومات اكثر رانا تقريبا كل يوم live
C:\Users\dell\Desktop\laststation\Audio_augmented\noise\audio_001064__aug_noise_01.wav,على قد ما استطيع نشرح لك وشنو هو الاختيار الافضل الي لازملك في المنزل تاعك
C:\Users\dell\Desktop\laststation\Audio_augmented\speed\audio_001064__aug_speed_01.wav,على قد ما استطيع نشرح لك وشنو هو الاختيار الافضل الي لازملك في المنزل تاعك
C:\Users\dell\Desktop\laststation\Audio_augmented\compression\audio_001064__aug_compression_01.wav,على قد ما استطيع نشرح لك وشنو هو الاختيار الافضل الي لازملك في المنزل تاعك
C:\Users\dell\Desktop\laststation\Audio_augmented\noise\audio_001065__aug_noise_01.wav,اذا عندك اي تساول بسيط نقدرو نجاوب عليه بسرعة تقدر بكل بساطة تحطهولنا التحت
C:\Users\dell\Desktop\laststation\Audio_augmented\speed\audio_001065__aug_speed_01.wav,اذا عندك اي تساول بسيط نقدرو نجاوب عليه بسرعة تقدر بكل بساطة تحطهولنا التحت
C:\Users\dell\Desktop\laststation\Audio_augmented\compression\audio_001065__aug_compression_01.wav,اذا عندك اي تساول بسيط نقدرو نجاوب عليه بسرعة تقدر بكل بساطة تحطهولنا التحت
C:\Users\dell\Desktop\laststation\Audio_augmented\noise\audio_001066__aug_noise_01.wav,بلا ماننساو تاني راك جيت زرتنا وديت من عندنا معلومة ماتنساش ديرلنا تبخلنا بي j'aime في video
C:\Users\dell\Desktop\laststation\Audio_augmented\speed\audio_001066__aug_speed_01.wav,بلا ماننساو تاني راك جيت زرتنا وديت من عندنا معلومة ماتنساش ديرلنا تبخلنا بي j'aime في video
C:\Users\dell\Desktop\laststation\Audio_augmented\compression\audio_001066__aug_compression_01.wav,بلا ماننساو تاني راك جيت زرتنا وديت من عندنا معلومة ماتنساش ديرلنا تبخلنا بي j'aime في video
C:\Users\dell\Desktop\laststation\Audio_augmented\noise\audio_001067__aug_noise_01.wav,واش ليكيب اليوم راح نهدروا على la fibre هذ الحاجة الي يتمناها كل جزايري الي عندو بصحتو
C:\Users\dell\Desktop\laststation\Audio_augmented\speed\audio_001067__aug_speed_01.wav,واش ليكيب اليوم راح نهدروا على la fibre هذ الحاجة الي يتمناها كل جزايري الي عندو بصحتو
C:\Users\dell\Desktop\laststation\Audio_augmented\compression\audio_001067__aug_compression_01.wav,واش ليكيب اليوم راح نهدروا على la fibre هذ الحاجة الي يتمناها كل جزايري الي عندو بصحتو
C:\Users\dell\Desktop\laststation\Audio_augmented\noise\audio_001068__aug_noise_01.wav,و الي معندوش ان شاءالله يا ربي في اقرب وقت على كل حال normalement الجزاير راح تكون مغطية كامل بي la fibre
C:\Users\dell\Desktop\laststation\Audio_augmented\speed\audio_001068__aug_speed_01.wav,و الي معندوش ان شاءالله يا ربي في اقرب وقت على كل حال normalement الجزاير راح تكون مغطية كامل بي la fibre
C:\Users\dell\Desktop\laststation\Audio_augmented\compression\audio_001068__aug_compression_01.wav,و الي معندوش ان شاءالله يا ربي في اقرب وقت على كل حال normalement الجزاير راح تكون مغطية كامل بي la fibre
C:\Users\dell\Desktop\laststation\Audio_augmented\noise\audio_001069__aug_noise_01.wav,كيما انا من الاخر كيما على بالكم fibre هنا في الجزاير فيها بزاف عروض و كيما حوست في internet في youtube باش نقرا على هذ العروض
C:\Users\dell\Desktop\laststation\Audio_augmented\speed\audio_001069__aug_speed_01.wav,كيما انا من الاخر كيما على بالكم fibre هنا في الجزاير فيها بزاف عروض و كيما حوست في internet في youtube باش نقرا على هذ العروض
C:\Users\dell\Desktop\laststation\Audio_augmented\compression\audio_001069__aug_compression_01.wav,كيما انا من الاخر كيما على بالكم fibre هنا في الجزاير فيها بزاف عروض و كيما حوست في internet في youtube باش نقرا على هذ العروض
C:\Users\dell\Desktop\laststation\Audio_augmented\noise\audio_001070__aug_noise_01.wav,كاين واحد في youtubeur جربها و ماخرجتليش في youtube donc سمحلنا على كل حال انا حوست و مالقيتش و قررت باش ندير
C:\Users\dell\Desktop\laststation\Audio_augmented\speed\audio_001070__aug_speed_01.wav,كاين واحد في youtubeur جربها و ماخرجتليش في youtube donc سمحلنا على كل حال انا حوست و مالقيتش و قررت باش ندير
C:\Users\dell\Desktop\laststation\Audio_augmented\compression\audio_001070__aug_compression_01.wav,كاين واحد في youtubeur جربها و ماخرجتليش في youtube donc سمحلنا على كل حال انا حوست و مالقيتش و قررت باش ندير
C:\Users\dell\Desktop\laststation\Audio_augmented\noise\audio_001071__aug_noise_01.wav,باش تفهموا كلش تروحو تشوفو video الاولى حكيت لكم كيفاش دخلت la fibre و كيفاش نتوما تدخلوا la fibre شحال نخلص جبدتلكم les facture و كلش
C:\Users\dell\Desktop\laststation\Audio_augmented\speed\audio_001071__aug_speed_01.wav,باش تفهموا كلش تروحو تشوفو video الاولى حكيت لكم كيفاش دخلت la fibre و كيفاش نتوما تدخلوا la fibre شحال نخلص جبدتلكم les facture و كلش
C:\Users\dell\Desktop\laststation\Audio_augmented\compression\audio_001071__aug_compression_01.wav,باش تفهموا كلش تروحو تشوفو video الاولى حكيت لكم كيفاش دخلت la fibre و كيفاش نتوما تدخلوا la fibre شحال نخلص جبدتلكم les facture و كلش
C:\Users\dell\Desktop\laststation\Audio_augmented\noise\audio_001072__aug_noise_01.wav,بزاف شابين الي اول مرة ندير video و يكونوا التعليقات متناسقين مية بلمية
C:\Users\dell\Desktop\laststation\Audio_augmented\speed\audio_001072__aug_speed_01.wav,بزاف شابين الي اول مرة ندير video و يكونوا التعليقات متناسقين مية بلمية
C:\Users\dell\Desktop\laststation\Audio_augmented\compression\audio_001072__aug_compression_01.wav,بزاف شابين الي اول مرة ندير video و يكونوا التعليقات متناسقين مية بلمية
C:\Users\dell\Desktop\laststation\Audio_augmented\noise\audio_001073__aug_noise_01.wav,على كل حال اذا كان شفتوا la video الاولى على بالكم بالي اول مرة ندخل la fibre
C:\Users\dell\Desktop\laststation\Audio_augmented\speed\audio_001073__aug_speed_01.wav,على كل حال اذا كان شفتوا la video الاولى على بالكم بالي اول مرة ندخل la fibre
C:\Users\dell\Desktop\laststation\Audio_augmented\compression\audio_001073__aug_compression_01.wav,على كل حال اذا كان شفتوا la video الاولى على بالكم بالي اول مرة ندخل la fibre
C:\Users\dell\Desktop\laststation\Audio_augmented\noise\audio_001074__aug_noise_01.wav,العرض تاع ثلاثمية mega fibre عادية على خطرش كاين تاع gaming donc عطوني ثلاثمية mega download
C:\Users\dell\Desktop\laststation\Audio_augmented\speed\audio_001074__aug_speed_01.wav,العرض تاع ثلاثمية mega fibre عادية على خطرش كاين تاع gaming donc عطوني ثلاثمية mega download
C:\Users\dell\Desktop\laststation\Audio_augmented\compression\audio_001074__aug_compression_01.wav,العرض تاع ثلاثمية mega fibre عادية على خطرش كاين تاع gaming donc عطوني ثلاثمية mega download
C:\Users\dell\Desktop\laststation\Audio_augmented\noise\audio_001075__aug_noise_01.wav,و upload عطوني ثمانين mega ping في الالعاب كنت نلعب خمسين
C:\Users\dell\Desktop\laststation\Audio_augmented\speed\audio_001075__aug_speed_01.wav,و upload عطوني ثمانين mega ping في الالعاب كنت نلعب خمسين
C:\Users\dell\Desktop\laststation\Audio_augmented\compression\audio_001075__aug_compression_01.wav,و upload عطوني ثمانين mega ping في الالعاب كنت نلعب خمسين
C:\Users\dell\Desktop\laststation\Audio_augmented\noise\audio_001076__aug_noise_01.wav,سبعة و ثلاثين و des fois ستين خمسة و ستين ping في serveur تاع فرانكفورت
C:\Users\dell\Desktop\laststation\Audio_augmented\speed\audio_001076__aug_speed_01.wav,سبعة و ثلاثين و des fois ستين خمسة و ستين ping في serveur تاع فرانكفورت
C:\Users\dell\Desktop\laststation\Audio_augmented\compression\audio_001076__aug_compression_01.wav,سبعة و ثلاثين و des fois ستين خمسة و ستين ping في serveur تاع فرانكفورت
C:\Users\dell\Desktop\laststation\Audio_augmented\noise\audio_001077__aug_noise_01.wav,في الغرب كاملة ping هابط بزاف يلعبو بربعين ثلاثين في fifa يلعبو ثنين و عشرين ثمنطاش معلبليش
C:\Users\dell\Desktop\laststation\Audio_augmented\speed\audio_001077__aug_speed_01.wav,في الغرب كاملة ping هابط بزاف يلعبو بربعين ثلاثين في fifa يلعبو ثنين و عشرين ثمنطاش معلبليش
C:\Users\dell\Desktop\laststation\Audio_augmented\compression\audio_001077__aug_compression_01.wav,في الغرب كاملة ping هابط بزاف يلعبو بربعين ثلاثين في fifa يلعبو ثنين و عشرين ثمنطاش معلبليش
C:\Users\dell\Desktop\laststation\Audio_augmented\noise\audio_001078__aug_noise_01.wav,و اذا كان راكم في الشرق ودير test تبدا من تحت خمسين ستين تطلع بالعقل فهمتوني donc معلبليش وشنو هو المشكل
C:\Users\dell\Desktop\laststation\Audio_augmented\speed\audio_001078__aug_speed_01.wav,و اذا كان راكم في الشرق ودير test تبدا من تحت خمسين ستين تطلع بالعقل فهمتوني donc معلبليش وشنو هو المشكل
C:\Users\dell\Desktop\laststation\Audio_augmented\compression\audio_001078__aug_compression_01.wav,و اذا كان راكم في الشرق ودير test تبدا من تحت خمسين ستين تطلع بالعقل فهمتوني donc معلبليش وشنو هو المشكل
C:\Users\dell\Desktop\laststation\Audio_augmented\noise\audio_001079__aug_noise_01.wav,على كل بهذاك العرض الي كنت داير تاع ثلاثمية mega download و ثمانين mega upload كنت نخلص ربعمية الف
C:\Users\dell\Desktop\laststation\Audio_augmented\speed\audio_001079__aug_speed_01.wav,على كل بهذاك العرض الي كنت داير تاع ثلاثمية mega download و ثمانين mega upload كنت نخلص ربعمية الف
C:\Users\dell\Desktop\laststation\Audio_augmented\compression\audio_001079__aug_compression_01.wav,على كل بهذاك العرض الي كنت داير تاع ثلاثمية mega download و ثمانين mega upload كنت نخلص ربعمية الف
C:\Users\dell\Desktop\laststation\Audio_augmented\noise\audio_001080__aug_noise_01.wav,شفت التعليقات تاعكم لقيت بلي العرض تاع gaming بدلوه على خطرش كيفاش كان العرض بكري تاع gaming deja الفرق
C:\Users\dell\Desktop\laststation\Audio_augmented\speed\audio_001080__aug_speed_01.wav,شفت التعليقات تاعكم لقيت بلي العرض تاع gaming بدلوه على خطرش كيفاش كان العرض بكري تاع gaming deja الفرق
C:\Users\dell\Desktop\laststation\Audio_augmented\compression\audio_001080__aug_compression_01.wav,شفت التعليقات تاعكم لقيت بلي العرض تاع gaming بدلوه على خطرش كيفاش كان العرض بكري تاع gaming deja الفرق
C:\Users\dell\Desktop\laststation\Audio_augmented\noise\audio_001081__aug_noise_01.wav,زيادة مثال انا نخلص ربعمية الف fibre عادية ثلاثمية mega لوكان نردها gaming نولي نخلص خمسمية الف
C:\Users\dell\Desktop\laststation\Audio_augmented\speed\audio_001081__aug_speed_01.wav,زيادة مثال انا نخلص ربعمية الف fibre عادية ثلاثمية mega لوكان نردها gaming نولي نخلص خمسمية الف
C:\Users\dell\Desktop\laststation\Audio_augmented\compression\audio_001081__aug_compression_01.wav,زيادة مثال انا نخلص ربعمية الف fibre عادية ثلاثمية mega لوكان نردها gaming نولي نخلص خمسمية الف
C:\Users\dell\Desktop\laststation\Audio_augmented\noise\audio_001082__aug_noise_01.wav,ping هابط كنت نشم في القروسية فيها مانكدبش عليكم على خطرش لاحظت مع اصحابي و كلش فهمت بلي انسان كيما انا
C:\Users\dell\Desktop\laststation\Audio_augmented\speed\audio_001082__aug_speed_01.wav,ping هابط كنت نشم في القروسية فيها مانكدبش عليكم على خطرش لاحظت مع اصحابي و كلش فهمت بلي انسان كيما انا
C:\Users\dell\Desktop\laststation\Audio_augmented\compression\audio_001082__aug_compression_01.wav,ping هابط كنت نشم في القروسية فيها مانكدبش عليكم على خطرش لاحظت مع اصحابي و كلش فهمت بلي انسان كيما انا
C:\Users\dell\Desktop\laststation\Audio_augmented\noise\audio_001083__aug_noise_01.wav,بالنسبه للناس الي عندهم la fibre في الجزاير fibre عادية يعني على كل حال و العرض الجديد تاع gaming كيفاش ردوه
C:\Users\dell\Desktop\laststation\Audio_augmented\speed\audio_001083__aug_speed_01.wav,بالنسبه للناس الي عندهم la fibre في الجزاير fibre عادية يعني على كل حال و العرض الجديد تاع gaming كيفاش ردوه
C:\Users\dell\Desktop\laststation\Audio_augmented\compression\audio_001083__aug_compression_01.wav,بالنسبه للناس الي عندهم la fibre في الجزاير fibre عادية يعني على كل حال و العرض الجديد تاع gaming كيفاش ردوه
C:\Users\dell\Desktop\laststation\Audio_augmented\noise\audio_001084__aug_noise_01.wav,العادية و gaming خمسين الف و زادو upload لميتين mega في بلاصة ثمانين mega donc قولت
C:\Users\dell\Desktop\laststation\Audio_augmented\speed\audio_001084__aug_speed_01.wav,العادية و gaming خمسين الف و زادو upload لميتين mega في بلاصة ثمانين mega donc قولت
C:\Users\dell\Desktop\laststation\Audio_augmented\compression\audio_001084__aug_compression_01.wav,العادية و gaming خمسين الف و زادو upload لميتين mega في بلاصة ثمانين mega donc قولت
C:\Users\dell\Desktop\laststation\Audio_augmented\noise\audio_001085__aug_noise_01.wav,اوكي نزيد خمسين الف نرد روحي انا فار التجارب تاعكم و نجرب هذ fibre gaming est ce que تسوا
C:\Users\dell\Desktop\laststation\Audio_augmented\speed\audio_001085__aug_speed_01.wav,اوكي نزيد خمسين الف نرد روحي انا فار التجارب تاعكم و نجرب هذ fibre gaming est ce que تسوا
C:\Users\dell\Desktop\laststation\Audio_augmented\compression\audio_001085__aug_compression_01.wav,اوكي نزيد خمسين الف نرد روحي انا فار التجارب تاعكم و نجرب هذ fibre gaming est ce que تسوا
C:\Users\dell\Desktop\laststation\Audio_augmented\noise\audio_001086__aug_noise_01.wav,كاين بزاف الي قالولي رضا خبي هذ العفسة رام يبيراطيولك l'internet ما عندها حتى معنى تروديمري modem يتبدل مكان حتى
C:\Users\dell\Desktop\laststation\Audio_augmented\speed\audio_001086__aug_speed_01.wav,كاين بزاف الي قالولي رضا خبي هذ العفسة رام يبيراطيولك l'internet ما عندها حتى معنى تروديمري modem يتبدل مكان حتى
C:\Users\dell\Desktop\laststation\Audio_augmented\compression\audio_001086__aug_compression_01.wav,كاين بزاف الي قالولي رضا خبي هذ العفسة رام يبيراطيولك l'internet ما عندها حتى معنى تروديمري modem يتبدل مكان حتى
C:\Users\dell\Desktop\laststation\Audio_augmented\noise\audio_001087__aug_noise_01.wav,على كل حال ندير التجربة تاع fibre gaming ثلاثة زوج واحد راح يمدولنا
C:\Users\dell\Desktop\laststation\Audio_augmented\speed\audio_001087__aug_speed_01.wav,على كل حال ندير التجربة تاع fibre gaming ثلاثة زوج واحد راح يمدولنا
C:\Users\dell\Desktop\laststation\Audio_augmented\compression\audio_001087__aug_compression_01.wav,على كل حال ندير التجربة تاع fibre gaming ثلاثة زوج واحد راح يمدولنا
C:\Users\dell\Desktop\laststation\Audio_augmented\noise\audio_001088__aug_noise_01.wav,كي العادة خوتي ثلاثمية mega تاعنا ثلاثمية mega bon jamais تلحق ثلاثمية
C:\Users\dell\Desktop\laststation\Audio_augmented\speed\audio_001088__aug_speed_01.wav,كي العادة خوتي ثلاثمية mega تاعنا ثلاثمية mega bon jamais تلحق ثلاثمية
C:\Users\dell\Desktop\laststation\Audio_augmented\compression\audio_001088__aug_compression_01.wav,كي العادة خوتي ثلاثمية mega تاعنا ثلاثمية mega bon jamais تلحق ثلاثمية
C:\Users\dell\Desktop\laststation\Audio_augmented\noise\audio_001089__aug_noise_01.wav,تلحق ميتين و ثمانين هكذاك a peu pres صحا و upload يطلع حتى
C:\Users\dell\Desktop\laststation\Audio_augmented\speed\audio_001089__aug_speed_01.wav,تلحق ميتين و ثمانين هكذاك a peu pres صحا و upload يطلع حتى
C:\Users\dell\Desktop\laststation\Audio_augmented\compression\audio_001089__aug_compression_01.wav,تلحق ميتين و ثمانين هكذاك a peu pres صحا و upload يطلع حتى
C:\Users\dell\Desktop\laststation\Audio_augmented\noise\audio_001090__aug_noise_01.wav,ماشي ميتين مية و ستين مية و سبعين معلبليش انا شحال ميتين مية و ثمانين راو صفا صفا نقولو
C:\Users\dell\Desktop\laststation\Audio_augmented\speed\audio_001090__aug_speed_01.wav,ماشي ميتين مية و ستين مية و سبعين معلبليش انا شحال ميتين مية و ثمانين راو صفا صفا نقولو
C:\Users\dell\Desktop\laststation\Audio_augmented\compression\audio_001090__aug_compression_01.wav,ماشي ميتين مية و ستين مية و سبعين معلبليش انا شحال ميتين مية و ثمانين راو صفا صفا نقولو
C:\Users\dell\Desktop\laststation\Audio_augmented\noise\audio_001091__aug_noise_01.wav,speed مايهمش ping يهم في الالعاب شحال راك تلعب انا نقوللكم الحمد لله كان كاين شوية تحسن valo
C:\Users\dell\Desktop\laststation\Audio_augmented\speed\audio_001091__aug_speed_01.wav,speed مايهمش ping يهم في الالعاب شحال راك تلعب انا نقوللكم الحمد لله كان كاين شوية تحسن valo
C:\Users\dell\Desktop\laststation\Audio_augmented\compression\audio_001091__aug_compression_01.wav,speed مايهمش ping يهم في الالعاب شحال راك تلعب انا نقوللكم الحمد لله كان كاين شوية تحسن valo
C:\Users\dell\Desktop\laststation\Audio_augmented\noise\audio_001092__aug_noise_01.wav,بلي كنت نلعب خمسين وليت نلعب ثنين و عشرين اني نكذب راني نكذب خوتي حتى حاجة ماتبدلت في ping
C:\Users\dell\Desktop\laststation\Audio_augmented\speed\audio_001092__aug_speed_01.wav,بلي كنت نلعب خمسين وليت نلعب ثنين و عشرين اني نكذب راني نكذب خوتي حتى حاجة ماتبدلت في ping
C:\Users\dell\Desktop\laststation\Audio_augmented\compression\audio_001092__aug_compression_01.wav,بلي كنت نلعب خمسين وليت نلعب ثنين و عشرين اني نكذب راني نكذب خوتي حتى حاجة ماتبدلت في ping
C:\Users\dell\Desktop\laststation\Audio_augmented\noise\audio_001093__aug_noise_01.wav,تاع upload الي راح نجربوها دوك شوية كيما جربناها في video الاولى و الحاجة الثانية الي على جالها اني درت fibre gaming
C:\Users\dell\Desktop\laststation\Audio_augmented\speed\audio_001093__aug_speed_01.wav,تاع upload الي راح نجربوها دوك شوية كيما جربناها في video الاولى و الحاجة الثانية الي على جالها اني درت fibre gaming
C:\Users\dell\Desktop\laststation\Audio_augmented\compression\audio_001093__aug_compression_01.wav,تاع upload الي راح نجربوها دوك شوية كيما جربناها في video الاولى و الحاجة الثانية الي على جالها اني درت fibre gaming
C:\Users\dell\Desktop\laststation\Audio_augmented\noise\audio_001094__aug_noise_01.wav,تبانلي حاجة مليحة c'est que fibre العادية هنا في بجاية على كل حال تتكوبا نقولو خمسطاش حتى لثلاثين
C:\Users\dell\Desktop\laststation\Audio_augmented\speed\audio_001094__aug_speed_01.wav,تبانلي حاجة مليحة c'est que fibre العادية هنا في بجاية على كل حال تتكوبا نقولو خمسطاش حتى لثلاثين
C:\Users\dell\Desktop\laststation\Audio_augmented\compression\audio_001094__aug_compression_01.wav,تبانلي حاجة مليحة c'est que fibre العادية هنا في بجاية على كل حال تتكوبا نقولو خمسطاش حتى لثلاثين
C:\Users\dell\Desktop\laststation\Audio_augmented\noise\audio_001095__aug_noise_01.wav,ثانية يومين ثلاثة ايام في السمانة ماشي كل سمانة ca depend بصح تتكوبا يعني كانت
C:\Users\dell\Desktop\laststation\Audio_augmented\speed\audio_001095__aug_speed_01.wav,ثانية يومين ثلاثة ايام في السمانة ماشي كل سمانة ca depend بصح تتكوبا يعني كانت
C:\Users\dell\Desktop\laststation\Audio_augmented\compression\audio_001095__aug_compression_01.wav,ثانية يومين ثلاثة ايام في السمانة ماشي كل سمانة ca depend بصح تتكوبا يعني كانت
C:\Users\dell\Desktop\laststation\Audio_augmented\noise\audio_001096__aug_noise_01.wav,تتكوبالي انا و قلت تاني كي ندير gaming نجرب هذ العفسة est ce que راهي تتكوبا ولا لالا وعندي a peu pres عشرة ايام ملي درت
C:\Users\dell\Desktop\laststation\Audio_augmented\speed\audio_001096__aug_speed_01.wav,تتكوبالي انا و قلت تاني كي ندير gaming نجرب هذ العفسة est ce que راهي تتكوبا ولا لالا وعندي a peu pres عشرة ايام ملي درت
C:\Users\dell\Desktop\laststation\Audio_augmented\compression\audio_001096__aug_compression_01.wav,تتكوبالي انا و قلت تاني كي ندير gaming نجرب هذ العفسة est ce que راهي تتكوبا ولا لالا وعندي a peu pres عشرة ايام ملي درت
C:\Users\dell\Desktop\laststation\Audio_augmented\noise\audio_001097__aug_noise_01.wav,هذ العرض تاع gaming تكوباتلي خطرة بلاك واحد خمس ثواني برك و على حساب واش سمعت الله اعلم ليكيب
C:\Users\dell\Desktop\laststation\Audio_augmented\speed\audio_001097__aug_speed_01.wav,هذ العرض تاع gaming تكوباتلي خطرة بلاك واحد خمس ثواني برك و على حساب واش سمعت الله اعلم ليكيب
C:\Users\dell\Desktop\laststation\Audio_augmented\compression\audio_001097__aug_compression_01.wav,هذ العرض تاع gaming تكوباتلي خطرة بلاك واحد خمس ثواني برك و على حساب واش سمعت الله اعلم ليكيب
C:\Users\dell\Desktop\laststation\Audio_augmented\noise\audio_001098__aug_noise_01.wav,معلبليش ادا كان panne generale تاع خمس ثواني في الجزاير كاملة ولا غير عندي على كل حال هذ العفسة تاع stabilite ماتروحش
C:\Users\dell\Desktop\laststation\Audio_augmented\speed\audio_001098__aug_speed_01.wav,معلبليش ادا كان panne generale تاع خمس ثواني في الجزاير كاملة ولا غير عندي على كل حال هذ العفسة تاع stabilite ماتروحش
C:\Users\dell\Desktop\laststation\Audio_augmented\compression\audio_001098__aug_compression_01.wav,معلبليش ادا كان panne generale تاع خمس ثواني في الجزاير كاملة ولا غير عندي على كل حال هذ العفسة تاع stabilite ماتروحش
C:\Users\dell\Desktop\laststation\Audio_augmented\noise\audio_001099__aug_noise_01.wav,ماتوليش تحسنت في هذ الجهة على كل حال ليكيب اذا كان حسيت بتحسن من ناحية ping ولا latence كيما يقولوها algerie telecom
C:\Users\dell\Desktop\laststation\Audio_augmented\speed\audio_001099__aug_speed_01.wav,ماتوليش تحسنت في هذ الجهة على كل حال ليكيب اذا كان حسيت بتحسن من ناحية ping ولا latence كيما يقولوها algerie telecom
C:\Users\dell\Desktop\laststation\Audio_augmented\compression\audio_001099__aug_compression_01.wav,ماتوليش تحسنت في هذ الجهة على كل حال ليكيب اذا كان حسيت بتحسن من ناحية ping ولا latence كيما يقولوها algerie telecom
C:\Users\dell\Desktop\laststation\Audio_augmented\noise\audio_001100__aug_noise_01.wav,ابدا راح نقوللكم بالي ممكن نقص ping تاعي بواحد ولا زوج ولا ثلاثة mais ما نقصش بعشرة ولا محسيتش
C:\Users\dell\Desktop\laststation\Audio_augmented\speed\audio_001100__aug_speed_01.wav,ابدا راح نقوللكم بالي ممكن نقص ping تاعي بواحد ولا زوج ولا ثلاثة mais ما نقصش بعشرة ولا محسيتش
C:\Users\dell\Desktop\laststation\Audio_augmented\compression\audio_001100__aug_compression_01.wav,ابدا راح نقوللكم بالي ممكن نقص ping تاعي بواحد ولا زوج ولا ثلاثة mais ما نقصش بعشرة ولا محسيتش
C:\Users\dell\Desktop\laststation\Audio_augmented\noise\audio_001101__aug_noise_01.wav,كل شهر زيادة donc بالك ديرو العرض gaming a part اذا كان تخدمو حاجة professionnel نتوما
C:\Users\dell\Desktop\laststation\Audio_augmented\speed\audio_001101__aug_speed_01.wav,كل شهر زيادة donc بالك ديرو العرض gaming a part اذا كان تخدمو حاجة professionnel نتوما
C:\Users\dell\Desktop\laststation\Audio_augmented\compression\audio_001101__aug_compression_01.wav,كل شهر زيادة donc بالك ديرو العرض gaming a part اذا كان تخدمو حاجة professionnel نتوما
C:\Users\dell\Desktop\laststation\Audio_augmented\noise\audio_001102__aug_noise_01.wav,و لازم يبعتها لكاش شركة ولا يدير العرض gaming باش يبروفيتي من upload
C:\Users\dell\Desktop\laststation\Audio_augmented\speed\audio_001102__aug_speed_01.wav,و لازم يبعتها لكاش شركة ولا يدير العرض gaming باش يبروفيتي من upload
C:\Users\dell\Desktop\laststation\Audio_augmented\compression\audio_001102__aug_compression_01.wav,و لازم يبعتها لكاش شركة ولا يدير العرض gaming باش يبروفيتي من upload
C:\Users\dell\Desktop\laststation\Audio_augmented\noise\audio_001103__aug_noise_01.wav,ميتين mega يتسمى العرض gaming ماولاش gamer ولا للشركات ولا الخدمات المحترفة plus
C:\Users\dell\Desktop\laststation\Audio_augmented\speed\audio_001103__aug_speed_01.wav,ميتين mega يتسمى العرض gaming ماولاش gamer ولا للشركات ولا الخدمات المحترفة plus
C:\Users\dell\Desktop\laststation\Audio_augmented\compression\audio_001103__aug_compression_01.wav,ميتين mega يتسمى العرض gaming ماولاش gamer ولا للشركات ولا الخدمات المحترفة plus
C:\Users\dell\Desktop\laststation\Audio_augmented\noise\audio_001104__aug_noise_01.wav,واحد des fois زوج بالمية mais vrai بلخف يروح مايديرونجيش كيما fibre العادية donc
C:\Users\dell\Desktop\laststation\Audio_augmented\speed\audio_001104__aug_speed_01.wav,واحد des fois زوج بالمية mais vrai بلخف يروح مايديرونجيش كيما fibre العادية donc
C:\Users\dell\Desktop\laststation\Audio_augmented\compression\audio_001104__aug_compression_01.wav,واحد des fois زوج بالمية mais vrai بلخف يروح مايديرونجيش كيما fibre العادية donc
C:\Users\dell\Desktop\laststation\Audio_augmented\noise\audio_001105__aug_noise_01.wav,paris ping الهابط كامل داخل game في paris كيما راكم تشوفو ثمانية و ثلاثين تسعة و ثلاثين حاجة مليحة بصح كيما قلتلكم
C:\Users\dell\Desktop\laststation\Audio_augmented\speed\audio_001105__aug_speed_01.wav,paris ping الهابط كامل داخل game في paris كيما راكم تشوفو ثمانية و ثلاثين تسعة و ثلاثين حاجة مليحة بصح كيما قلتلكم
C:\Users\dell\Desktop\laststation\Audio_augmented\compression\audio_001105__aug_compression_01.wav,paris ping الهابط كامل داخل game في paris كيما راكم تشوفو ثمانية و ثلاثين تسعة و ثلاثين حاجة مليحة بصح كيما قلتلكم
C:\Users\dell\Desktop\laststation\Audio_augmented\noise\audio_001106__aug_noise_01.wav,في video الاولى meme بل fibre العادية في paris في serveur تاع paris des fois نلعب بخمسة و ثلاثين
C:\Users\dell\Desktop\laststation\Audio_augmented\speed\audio_001106__aug_speed_01.wav,في video الاولى meme بل fibre العادية في paris في serveur تاع paris des fois نلعب بخمسة و ثلاثين
C:\Users\dell\Desktop\laststation\Audio_augmented\compression\audio_001106__aug_compression_01.wav,في video الاولى meme بل fibre العادية في paris في serveur تاع paris des fois نلعب بخمسة و ثلاثين
C:\Users\dell\Desktop\laststation\Audio_augmented\noise\audio_001107__aug_noise_01.wav,ربعين mais الاغلبية تاع الوقت كنت نلعب مابين خمسين لستين شو شو ثمانية و ثلاثين تسعة و ثلاثين يبقى غير ثمانية و ثلاثين تسعة و ثلاثين و حاجة
C:\Users\dell\Desktop\laststation\Audio_augmented\speed\audio_001107__aug_speed_01.wav,ربعين mais الاغلبية تاع الوقت كنت نلعب مابين خمسين لستين شو شو ثمانية و ثلاثين تسعة و ثلاثين يبقى غير ثمانية و ثلاثين تسعة و ثلاثين و حاجة
C:\Users\dell\Desktop\laststation\Audio_augmented\compression\audio_001107__aug_compression_01.wav,ربعين mais الاغلبية تاع الوقت كنت نلعب مابين خمسين لستين شو شو ثمانية و ثلاثين تسعة و ثلاثين يبقى غير ثمانية و ثلاثين تسعة و ثلاثين و حاجة
C:\Users\dell\Desktop\laststation\Audio_augmented\noise\audio_001108__aug_noise_01.wav,كيما قلتلكم ليكيب des fois نلعب في الثلاثينات و des fois نلعب في الخمسينات حتى ستين راكم تشوفو هذا ping راهو ستين
C:\Users\dell\Desktop\laststation\Audio_augmented\speed\audio_001108__aug_speed_01.wav,كيما قلتلكم ليكيب des fois نلعب في الثلاثينات و des fois نلعب في الخمسينات حتى ستين راكم تشوفو هذا ping راهو ستين
C:\Users\dell\Desktop\laststation\Audio_augmented\compression\audio_001108__aug_compression_01.wav,كيما قلتلكم ليكيب des fois نلعب في الثلاثينات و des fois نلعب في الخمسينات حتى ستين راكم تشوفو هذا ping راهو ستين
C:\Users\dell\Desktop\laststation\Audio_augmented\noise\audio_001109__aug_noise_01.wav,خير هاو deja عاود ولا فرانكفورت هو الاول خمسة و خمسين يبقى stable مرة اخرى كيما fibre العادي
C:\Users\dell\Desktop\laststation\Audio_augmented\speed\audio_001109__aug_speed_01.wav,خير هاو deja عاود ولا فرانكفورت هو الاول خمسة و خمسين يبقى stable مرة اخرى كيما fibre العادي
C:\Users\dell\Desktop\laststation\Audio_augmented\compression\audio_001109__aug_compression_01.wav,خير هاو deja عاود ولا فرانكفورت هو الاول خمسة و خمسين يبقى stable مرة اخرى كيما fibre العادي
C:\Users\dell\Desktop\laststation\Audio_augmented\noise\audio_001110__aug_noise_01.wav,اوكي ليكيب دك راح نجربو سرعة البعث ولا upload كيما على بالكم من ثمانين mega طلعوهالي
C:\Users\dell\Desktop\laststation\Audio_augmented\speed\audio_001110__aug_speed_01.wav,اوكي ليكيب دك راح نجربو سرعة البعث ولا upload كيما على بالكم من ثمانين mega طلعوهالي
C:\Users\dell\Desktop\laststation\Audio_augmented\compression\audio_001110__aug_compression_01.wav,اوكي ليكيب دك راح نجربو سرعة البعث ولا upload كيما على بالكم من ثمانين mega طلعوهالي
C:\Users\dell\Desktop\laststation\Audio_augmented\noise\audio_001111__aug_noise_01.wav,حتى الميتين و في video الاولى جربنا باش نبعتو fichier فيها ربعة فاصل سبعة و سبعين giga استغرقلنا البعث تاعو
C:\Users\dell\Desktop\laststation\Audio_augmented\speed\audio_001111__aug_speed_01.wav,حتى الميتين و في video الاولى جربنا باش نبعتو fichier فيها ربعة فاصل سبعة و سبعين giga استغرقلنا البعث تاعو
C:\Users\dell\Desktop\laststation\Audio_augmented\compression\audio_001111__aug_compression_01.wav,حتى الميتين و في video الاولى جربنا باش نبعتو fichier فيها ربعة فاصل سبعة و سبعين giga استغرقلنا البعث تاعو
C:\Users\dell\Desktop\laststation\Audio_augmented\noise\audio_001112__aug_noise_01.wav,حداش دقيقة وبعض الثواني و سرعة البعث كانت خمسة و خمسين mega راح نديرو تجربة بي fichier فيه ربعة فاصل ربعطاش giga
C:\Users\dell\Desktop\laststation\Audio_augmented\speed\audio_001112__aug_speed_01.wav,حداش دقيقة وبعض الثواني و سرعة البعث كانت خمسة و خمسين mega راح نديرو تجربة بي fichier فيه ربعة فاصل ربعطاش giga
C:\Users\dell\Desktop\laststation\Audio_augmented\compression\audio_001112__aug_compression_01.wav,حداش دقيقة وبعض الثواني و سرعة البعث كانت خمسة و خمسين mega راح نديرو تجربة بي fichier فيه ربعة فاصل ربعطاش giga
C:\Users\dell\Desktop\laststation\Audio_augmented\noise\audio_001113__aug_noise_01.wav,سرعة تاع البعث راهي فوق المية mega راهي غير تطلع مية و حداش مية و طناش مية
C:\Users\dell\Desktop\laststation\Audio_augmented\speed\audio_001113__aug_speed_01.wav,سرعة تاع البعث راهي فوق المية mega راهي غير تطلع مية و حداش مية و طناش مية
C:\Users\dell\Desktop\laststation\Audio_augmented\compression\audio_001113__aug_compression_01.wav,سرعة تاع البعث راهي فوق المية mega راهي غير تطلع مية و حداش مية و طناش مية
C:\Users\dell\Desktop\laststation\Audio_augmented\noise\audio_001114__aug_noise_01.wav,مية و عشرين bon مازال تطلع راهي دوك مية و ثلاثين و هذ الشي استغرقنا ربعة دقايق
C:\Users\dell\Desktop\laststation\Audio_augmented\speed\audio_001114__aug_speed_01.wav,مية و عشرين bon مازال تطلع راهي دوك مية و ثلاثين و هذ الشي استغرقنا ربعة دقايق
C:\Users\dell\Desktop\laststation\Audio_augmented\compression\audio_001114__aug_compression_01.wav,مية و عشرين bon مازال تطلع راهي دوك مية و ثلاثين و هذ الشي استغرقنا ربعة دقايق
C:\Users\dell\Desktop\laststation\Audio_augmented\noise\audio_001115__aug_noise_01.wav,fibre العادي الحمد لله هذ تمشي ليك شوفو مشاءالله هدرنا شوية deja راهي تسعمية mega تبعت و هدشي حاجة هايلة
C:\Users\dell\Desktop\laststation\Audio_augmented\speed\audio_001115__aug_speed_01.wav,fibre العادي الحمد لله هذ تمشي ليك شوفو مشاءالله هدرنا شوية deja راهي تسعمية mega تبعت و هدشي حاجة هايلة
C:\Users\dell\Desktop\laststation\Audio_augmented\compression\audio_001115__aug_compression_01.wav,fibre العادي الحمد لله هذ تمشي ليك شوفو مشاءالله هدرنا شوية deja راهي تسعمية mega تبعت و هدشي حاجة هايلة
C:\Users\dell\Desktop\laststation\Audio_augmented\noise\audio_001116__aug_noise_01.wav,قلتلكم مع الاول تاع video جبدت بعض الاسئلة تاعكم الي راح نجاوب عليها و ان شاءالله نكون
C:\Users\dell\Desktop\laststation\Audio_augmented\speed\audio_001116__aug_speed_01.wav,قلتلكم مع الاول تاع video جبدت بعض الاسئلة تاعكم الي راح نجاوب عليها و ان شاءالله نكون
C:\Users\dell\Desktop\laststation\Audio_augmented\compression\audio_001116__aug_compression_01.wav,قلتلكم مع الاول تاع video جبدت بعض الاسئلة تاعكم الي راح نجاوب عليها و ان شاءالله نكون
C:\Users\dell\Desktop\laststation\Audio_augmented\noise\audio_001117__aug_noise_01.wav,فدتكم بهذ la video خوتي ديرولنا like الله يستركم باش يجي عليك دير like يازح بارطاجيه ما تبارطاجيهش مكله
C:\Users\dell\Desktop\laststation\Audio_augmented\speed\audio_001117__aug_speed_01.wav,فدتكم بهذ la video خوتي ديرولنا like الله يستركم باش يجي عليك دير like يازح بارطاجيه ما تبارطاجيهش مكله
C:\Users\dell\Desktop\laststation\Audio_augmented\compression\audio_001117__aug_compression_01.wav,فدتكم بهذ la video خوتي ديرولنا like الله يستركم باش يجي عليك دير like يازح بارطاجيه ما تبارطاجيهش مكله
C:\Users\dell\Desktop\laststation\Audio_augmented\noise\audio_001118__aug_noise_01.wav,طناش شهر ولا حداش شهر ولا شهر واحد يستقاملك نفس السعر وليت نخلص ربعمية و خمسين الف
C:\Users\dell\Desktop\laststation\Audio_augmented\speed\audio_001118__aug_speed_01.wav,طناش شهر ولا حداش شهر ولا شهر واحد يستقاملك نفس السعر وليت نخلص ربعمية و خمسين الف
C:\Users\dell\Desktop\laststation\Audio_augmented\compression\audio_001118__aug_compression_01.wav,طناش شهر ولا حداش شهر ولا شهر واحد يستقاملك نفس السعر وليت نخلص ربعمية و خمسين الف
C:\Users\dell\Desktop\laststation\Audio_augmented\noise\audio_001119__aug_noise_01.wav,على كل حال نخلص ربعمية و خمسين الف في الشهر و لوكان نخلص عام complet ولا شهرين ولا شهر تسقاملي كيف كيف exacte
C:\Users\dell\Desktop\laststation\Audio_augmented\speed\audio_001119__aug_speed_01.wav,على كل حال نخلص ربعمية و خمسين الف في الشهر و لوكان نخلص عام complet ولا شهرين ولا شهر تسقاملي كيف كيف exacte
C:\Users\dell\Desktop\laststation\Audio_augmented\compression\audio_001119__aug_compression_01.wav,على كل حال نخلص ربعمية و خمسين الف في الشهر و لوكان نخلص عام complet ولا شهرين ولا شهر تسقاملي كيف كيف exacte
C:\Users\dell\Desktop\laststation\Audio_augmented\noise\audio_001120__aug_noise_01.wav,بصح صح بكري كانوا دايرين هذي على كل حال تخيل تسافر في زمن الفين و تسعطاش
C:\Users\dell\Desktop\laststation\Audio_augmented\speed\audio_001120__aug_speed_01.wav,بصح صح بكري كانوا دايرين هذي على كل حال تخيل تسافر في زمن الفين و تسعطاش
C:\Users\dell\Desktop\laststation\Audio_augmented\compression\audio_001120__aug_compression_01.wav,بصح صح بكري كانوا دايرين هذي على كل حال تخيل تسافر في زمن الفين و تسعطاش
C:\Users\dell\Desktop\laststation\Audio_augmented\noise\audio_001121__aug_noise_01.wav,internet في الجزاير و نتمنى كامل الناس الي عندهم l'adsl و vdsl تدخلكم la fibre
C:\Users\dell\Desktop\laststation\Audio_augmented\speed\audio_001121__aug_speed_01.wav,internet في الجزاير و نتمنى كامل الناس الي عندهم l'adsl و vdsl تدخلكم la fibre
C:\Users\dell\Desktop\laststation\Audio_augmented\compression\audio_001121__aug_compression_01.wav,internet في الجزاير و نتمنى كامل الناس الي عندهم l'adsl و vdsl تدخلكم la fibre
C:\Users\dell\Desktop\laststation\Audio_augmented\noise\audio_001122__aug_noise_01.wav,و هذاك ping ميطلعش زعما ميتين و ربعمية من بعد يولي فهمتني هذو les pique مكاش و هذي حاجة متعة
C:\Users\dell\Desktop\laststation\Audio_augmented\speed\audio_001122__aug_speed_01.wav,و هذاك ping ميطلعش زعما ميتين و ربعمية من بعد يولي فهمتني هذو les pique مكاش و هذي حاجة متعة
C:\Users\dell\Desktop\laststation\Audio_augmented\compression\audio_001122__aug_compression_01.wav,و هذاك ping ميطلعش زعما ميتين و ربعمية من بعد يولي فهمتني هذو les pique مكاش و هذي حاجة متعة
C:\Users\dell\Desktop\laststation\Audio_augmented\noise\audio_001123__aug_noise_01.wav,جدا جدا هذا قالي في الفين و ثلاثة و راك demander في الناس باش ماتستعملش الطرق
C:\Users\dell\Desktop\laststation\Audio_augmented\speed\audio_001123__aug_speed_01.wav,جدا جدا هذا قالي في الفين و ثلاثة و راك demander في الناس باش ماتستعملش الطرق
C:\Users\dell\Desktop\laststation\Audio_augmented\compression\audio_001123__aug_compression_01.wav,جدا جدا هذا قالي في الفين و ثلاثة و راك demander في الناس باش ماتستعملش الطرق
C:\Users\dell\Desktop\laststation\Audio_augmented\noise\audio_001124__aug_noise_01.wav,تحية ليه هو عندو vdsl و شاف بالي الطريق تاعو فيها
C:\Users\dell\Desktop\laststation\Audio_augmented\speed\audio_001124__aug_speed_01.wav,تحية ليه هو عندو vdsl و شاف بالي الطريق تاعو فيها
C:\Users\dell\Desktop\laststation\Audio_augmented\compression\audio_001124__aug_compression_01.wav,تحية ليه هو عندو vdsl و شاف بالي الطريق تاعو فيها
C:\Users\dell\Desktop\laststation\Audio_augmented\noise\audio_001125__aug_noise_01.wav,و شاف بالي دارو كاينة فيها la fibre في هذاك site و يقدر يدير demande بطريقة عصرية
C:\Users\dell\Desktop\laststation\Audio_augmented\speed\audio_001125__aug_speed_01.wav,و شاف بالي دارو كاينة فيها la fibre في هذاك site و يقدر يدير demande بطريقة عصرية
C:\Users\dell\Desktop\laststation\Audio_augmented\compression\audio_001125__aug_compression_01.wav,و شاف بالي دارو كاينة فيها la fibre في هذاك site و يقدر يدير demande بطريقة عصرية
C:\Users\dell\Desktop\laststation\Audio_augmented\noise\audio_001126__aug_noise_01.wav,اوتوماتيكية كيما راك تقول mais دارها مكان حتى خبر حتى راح عندهم و قالولو اه هذي البلاصة non مازال مافيهاش la fibre
C:\Users\dell\Desktop\laststation\Audio_augmented\speed\audio_001126__aug_speed_01.wav,اوتوماتيكية كيما راك تقول mais دارها مكان حتى خبر حتى راح عندهم و قالولو اه هذي البلاصة non مازال مافيهاش la fibre
C:\Users\dell\Desktop\laststation\Audio_augmented\compression\audio_001126__aug_compression_01.wav,اوتوماتيكية كيما راك تقول mais دارها مكان حتى خبر حتى راح عندهم و قالولو اه هذي البلاصة non مازال مافيهاش la fibre
C:\Users\dell\Desktop\laststation\Audio_augmented\noise\audio_001127__aug_noise_01.wav,بزاف بزاف الي صرتلهم هكذا انا شخصيا نهدر direct الجزاير ماشي اتصالات الجزاير كاين ثمانية تاع les facture تاع الماء تخلصو عبر
C:\Users\dell\Desktop\laststation\Audio_augmented\speed\audio_001127__aug_speed_01.wav,بزاف بزاف الي صرتلهم هكذا انا شخصيا نهدر direct الجزاير ماشي اتصالات الجزاير كاين ثمانية تاع les facture تاع الماء تخلصو عبر
C:\Users\dell\Desktop\laststation\Audio_augmented\compression\audio_001127__aug_compression_01.wav,بزاف بزاف الي صرتلهم هكذا انا شخصيا نهدر direct الجزاير ماشي اتصالات الجزاير كاين ثمانية تاع les facture تاع الماء تخلصو عبر
C:\Users\dell\Desktop\laststation\Audio_augmented\noise\audio_001128__aug_noise_01.wav,internet و عندهم ماتخلصوش معلبليش وين راحوا الدراهم ليكيب عاود خلصت
C:\Users\dell\Desktop\laststation\Audio_augmented\speed\audio_001128__aug_speed_01.wav,internet و عندهم ماتخلصوش معلبليش وين راحوا الدراهم ليكيب عاود خلصت
C:\Users\dell\Desktop\laststation\Audio_augmented\compression\audio_001128__aug_compression_01.wav,internet و عندهم ماتخلصوش معلبليش وين راحوا الدراهم ليكيب عاود خلصت
C:\Users\dell\Desktop\laststation\Audio_augmented\noise\audio_001129__aug_noise_01.wav,و النصيحة تاعي مازال نقولكم لازم تروحو عند الوكالة و ماتتكلوش على الرقمنة
C:\Users\dell\Desktop\laststation\Audio_augmented\speed\audio_001129__aug_speed_01.wav,و النصيحة تاعي مازال نقولكم لازم تروحو عند الوكالة و ماتتكلوش على الرقمنة
C:\Users\dell\Desktop\laststation\Audio_augmented\compression\audio_001129__aug_compression_01.wav,و النصيحة تاعي مازال نقولكم لازم تروحو عند الوكالة و ماتتكلوش على الرقمنة
C:\Users\dell\Desktop\laststation\Audio_augmented\noise\audio_001130__aug_noise_01.wav,في الجزاير deja ديرو في بالكم بلي كل واحد فينا عندو la carte d'identite biomitrique بصح كي تروح
C:\Users\dell\Desktop\laststation\Audio_augmented\speed\audio_001130__aug_speed_01.wav,في الجزاير deja ديرو في بالكم بلي كل واحد فينا عندو la carte d'identite biomitrique بصح كي تروح
C:\Users\dell\Desktop\laststation\Audio_augmented\compression\audio_001130__aug_compression_01.wav,في الجزاير deja ديرو في بالكم بلي كل واحد فينا عندو la carte d'identite biomitrique بصح كي تروح
C:\Users\dell\Desktop\laststation\Audio_augmented\noise\audio_001131__aug_noise_01.wav,تقضي بها حاجة يقولك ديرو photo copie عليها و جيب معك extrait de naissance كان يدخل
C:\Users\dell\Desktop\laststation\Audio_augmented\speed\audio_001131__aug_speed_01.wav,تقضي بها حاجة يقولك ديرو photo copie عليها و جيب معك extrait de naissance كان يدخل
C:\Users\dell\Desktop\laststation\Audio_augmented\compression\audio_001131__aug_compression_01.wav,تقضي بها حاجة يقولك ديرو photo copie عليها و جيب معك extrait de naissance كان يدخل
C:\Users\dell\Desktop\laststation\Audio_augmented\noise\audio_001132__aug_noise_01.wav,الرقمنة في الجزاير على كل حال ماحكيتلناش على routeur شكون خير و مليح الناس الي مازال ماشافوش video الاول خوتي روحو شوفوها vrai
C:\Users\dell\Desktop\laststation\Audio_augmented\speed\audio_001132__aug_speed_01.wav,الرقمنة في الجزاير على كل حال ماحكيتلناش على routeur شكون خير و مليح الناس الي مازال ماشافوش video الاول خوتي روحو شوفوها vrai
C:\Users\dell\Desktop\laststation\Audio_augmented\compression\audio_001132__aug_compression_01.wav,الرقمنة في الجزاير على كل حال ماحكيتلناش على routeur شكون خير و مليح الناس الي مازال ماشافوش video الاول خوتي روحو شوفوها vrai
C:\Users\dell\Desktop\laststation\Audio_augmented\noise\audio_001133__aug_noise_01.wav,نشعلو بيدي على كل حال انا يكفي و يوفي كيما يقولو يجيو الدار يكونيكتيو كامل انا مانحسش
C:\Users\dell\Desktop\laststation\Audio_augmented\speed\audio_001133__aug_speed_01.wav,نشعلو بيدي على كل حال انا يكفي و يوفي كيما يقولو يجيو الدار يكونيكتيو كامل انا مانحسش
C:\Users\dell\Desktop\laststation\Audio_augmented\compression\audio_001133__aug_compression_01.wav,نشعلو بيدي على كل حال انا يكفي و يوفي كيما يقولو يجيو الدار يكونيكتيو كامل انا مانحسش
C:\Users\dell\Desktop\laststation\Audio_augmented\noise\audio_001134__aug_noise_01.wav,و لوكان نحكم في الشنابر الاخرين تلحقني غير خمسطاش mega عشرين mega في بلاصة ثلاثمية الي عندي
C:\Users\dell\Desktop\laststation\Audio_augmented\speed\audio_001134__aug_speed_01.wav,و لوكان نحكم في الشنابر الاخرين تلحقني غير خمسطاش mega عشرين mega في بلاصة ثلاثمية الي عندي
C:\Users\dell\Desktop\laststation\Audio_augmented\compression\audio_001134__aug_compression_01.wav,و لوكان نحكم في الشنابر الاخرين تلحقني غير خمسطاش mega عشرين mega في بلاصة ثلاثمية الي عندي
C:\Users\dell\Desktop\laststation\Audio_augmented\noise\audio_001135__aug_noise_01.wav,donc هذي الحاجة الوحيدة الي ماشي مليحة فيه و انا شريتو justement باش يبعث لڨاع الدار mais للاسف واقيل لازم نشري هذاك
C:\Users\dell\Desktop\laststation\Audio_augmented\speed\audio_001135__aug_speed_01.wav,donc هذي الحاجة الوحيدة الي ماشي مليحة فيه و انا شريتو justement باش يبعث لڨاع الدار mais للاسف واقيل لازم نشري هذاك
C:\Users\dell\Desktop\laststation\Audio_augmented\compression\audio_001135__aug_compression_01.wav,donc هذي الحاجة الوحيدة الي ماشي مليحة فيه و انا شريتو justement باش يبعث لڨاع الدار mais للاسف واقيل لازم نشري هذاك
C:\Users\dell\Desktop\laststation\Audio_augmented\noise\audio_001136__aug_noise_01.wav,و راحوا و معودوش ولاو ماشي انت الوحيد حنا تاني في الدار القديمة كانوا هكذا ca fait عندهم عامين ملي حفرو
C:\Users\dell\Desktop\laststation\Audio_augmented\speed\audio_001136__aug_speed_01.wav,و راحوا و معودوش ولاو ماشي انت الوحيد حنا تاني في الدار القديمة كانوا هكذا ca fait عندهم عامين ملي حفرو
C:\Users\dell\Desktop\laststation\Audio_augmented\compression\audio_001136__aug_compression_01.wav,و راحوا و معودوش ولاو ماشي انت الوحيد حنا تاني في الدار القديمة كانوا هكذا ca fait عندهم عامين ملي حفرو
C:\Users\dell\Desktop\laststation\Audio_augmented\noise\audio_001137__aug_noise_01.wav,دارو الخيوط تاع la fibre و ماشي تيوات عندي meme صاحبي gld واش راك حفرولهم و دارولهم الخيوط
C:\Users\dell\Desktop\laststation\Audio_augmented\speed\audio_001137__aug_speed_01.wav,دارو الخيوط تاع la fibre و ماشي تيوات عندي meme صاحبي gld واش راك حفرولهم و دارولهم الخيوط
C:\Users\dell\Desktop\laststation\Audio_augmented\compression\audio_001137__aug_compression_01.wav,دارو الخيوط تاع la fibre و ماشي تيوات عندي meme صاحبي gld واش راك حفرولهم و دارولهم الخيوط
C:\Users\dell\Desktop\laststation\Audio_augmented\noise\audio_001138__aug_noise_01.wav,الي في هذ السمانة و كي راح سقسا قالولو في البدية تاع العام الجاي والله اعلم حبيت نسالك الى كان ندخل الخيط
C:\Users\dell\Desktop\laststation\Audio_augmented\speed\audio_001138__aug_speed_01.wav,الي في هذ السمانة و كي راح سقسا قالولو في البدية تاع العام الجاي والله اعلم حبيت نسالك الى كان ندخل الخيط
C:\Users\dell\Desktop\laststation\Audio_augmented\compression\audio_001138__aug_compression_01.wav,الي في هذ السمانة و كي راح سقسا قالولو في البدية تاع العام الجاي والله اعلم حبيت نسالك الى كان ندخل الخيط
C:\Users\dell\Desktop\laststation\Audio_augmented\noise\audio_001139__aug_noise_01.wav,تاع fibre في pc بلا modem راح نستفاد من connexion كاملة ولا لازم نشري modem جديد
C:\Users\dell\Desktop\laststation\Audio_augmented\speed\audio_001139__aug_speed_01.wav,تاع fibre في pc بلا modem راح نستفاد من connexion كاملة ولا لازم نشري modem جديد
C:\Users\dell\Desktop\laststation\Audio_augmented\compression\audio_001139__aug_compression_01.wav,تاع fibre في pc بلا modem راح نستفاد من connexion كاملة ولا لازم نشري modem جديد
C:\Users\dell\Desktop\laststation\Audio_augmented\noise\audio_001140__aug_noise_01.wav,مافهمتش السوال تاعك بصح بالك راك تهدرلي على لوكان تجيب الخيط تدخلو في modem
C:\Users\dell\Desktop\laststation\Audio_augmented\speed\audio_001140__aug_speed_01.wav,مافهمتش السوال تاعك بصح بالك راك تهدرلي على لوكان تجيب الخيط تدخلو في modem
C:\Users\dell\Desktop\laststation\Audio_augmented\compression\audio_001140__aug_compression_01.wav,مافهمتش السوال تاعك بصح بالك راك تهدرلي على لوكان تجيب الخيط تدخلو في modem
C:\Users\dell\Desktop\laststation\Audio_augmented\noise\audio_001141__aug_noise_01.wav,و من modem للي pc direct ماشي كيما انا درت switcheur ولا routeur هذا هذا وين راهو الفايدة تاعو
C:\Users\dell\Desktop\laststation\Audio_augmented\speed\audio_001141__aug_speed_01.wav,و من modem للي pc direct ماشي كيما انا درت switcheur ولا routeur هذا هذا وين راهو الفايدة تاعو
C:\Users\dell\Desktop\laststation\Audio_augmented\compression\audio_001141__aug_compression_01.wav,و من modem للي pc direct ماشي كيما انا درت switcheur ولا routeur هذا هذا وين راهو الفايدة تاعو
C:\Users\dell\Desktop\laststation\Audio_augmented\noise\audio_001142__aug_noise_01.wav,ثلاثمية mega درت تجربة و راح نديروها دوك ليكيب راح نحيو الخيط من routeur و نديروه في modem direct و نديرو test
C:\Users\dell\Desktop\laststation\Audio_augmented\speed\audio_001142__aug_speed_01.wav,ثلاثمية mega درت تجربة و راح نديروها دوك ليكيب راح نحيو الخيط من routeur و نديروه في modem direct و نديرو test
C:\Users\dell\Desktop\laststation\Audio_augmented\compression\audio_001142__aug_compression_01.wav,ثلاثمية mega درت تجربة و راح نديروها دوك ليكيب راح نحيو الخيط من routeur و نديروه في modem direct و نديرو test
C:\Users\dell\Desktop\laststation\Audio_augmented\noise\audio_001143__aug_noise_01.wav,تجربة deja و مدولي ثمانين برك اصبر نطفي routeur en cas وين راني داير خيط معلبليش نطفيه
C:\Users\dell\Desktop\laststation\Audio_augmented\speed\audio_001143__aug_speed_01.wav,تجربة deja و مدولي ثمانين برك اصبر نطفي routeur en cas وين راني داير خيط معلبليش نطفيه
C:\Users\dell\Desktop\laststation\Audio_augmented\compression\audio_001143__aug_compression_01.wav,تجربة deja و مدولي ثمانين برك اصبر نطفي routeur en cas وين راني داير خيط معلبليش نطفيه
C:\Users\dell\Desktop\laststation\Audio_augmented\noise\audio_001144__aug_noise_01.wav,قالولي لازم لازملك routeur لازملك switcheur واش اكبر حشوة في العالم ولا وشنو خوتي عندي switcheur للبيع
C:\Users\dell\Desktop\laststation\Audio_augmented\speed\audio_001144__aug_speed_01.wav,قالولي لازم لازملك routeur لازملك switcheur واش اكبر حشوة في العالم ولا وشنو خوتي عندي switcheur للبيع
C:\Users\dell\Desktop\laststation\Audio_augmented\compression\audio_001144__aug_compression_01.wav,قالولي لازم لازملك routeur لازملك switcheur واش اكبر حشوة في العالم ولا وشنو خوتي عندي switcheur للبيع
C:\Users\dell\Desktop\laststation\Audio_augmented\noise\audio_001145__aug_noise_01.wav,فرانكفورت هبط لثمانية و ربعين لاول مرة نشوف ثمانية و ربعين فرانكفورت لثمانية و ربعين فرانكفورت paris واحد و خمسين راح ندخلو
C:\Users\dell\Desktop\laststation\Audio_augmented\speed\audio_001145__aug_speed_01.wav,فرانكفورت هبط لثمانية و ربعين لاول مرة نشوف ثمانية و ربعين فرانكفورت لثمانية و ربعين فرانكفورت paris واحد و خمسين راح ندخلو
C:\Users\dell\Desktop\laststation\Audio_augmented\compression\audio_001145__aug_compression_01.wav,فرانكفورت هبط لثمانية و ربعين لاول مرة نشوف ثمانية و ربعين فرانكفورت لثمانية و ربعين فرانكفورت paris واحد و خمسين راح ندخلو
C:\Users\dell\Desktop\laststation\Audio_augmented\noise\audio_001146__aug_noise_01.wav,خطرش هو الي جربناه الاول راني ندير بل modem وحدو او ربعة و سبعين ping مهبول ping طالع بزاف ليكيب
C:\Users\dell\Desktop\laststation\Audio_augmented\speed\audio_001146__aug_speed_01.wav,خطرش هو الي جربناه الاول راني ندير بل modem وحدو او ربعة و سبعين ping مهبول ping طالع بزاف ليكيب
C:\Users\dell\Desktop\laststation\Audio_augmented\compression\audio_001146__aug_compression_01.wav,خطرش هو الي جربناه الاول راني ندير بل modem وحدو او ربعة و سبعين ping مهبول ping طالع بزاف ليكيب
C:\Users\dell\Desktop\laststation\Audio_augmented\noise\audio_001147__aug_noise_01.wav,بزاف بزاف ربعة و سبعين بزاف نعاودو نخرج نعاودو ندخل paris مرة اخرى واحد مايكذبش ربعة و سبعين غير مقبولة
C:\Users\dell\Desktop\laststation\Audio_augmented\speed\audio_001147__aug_speed_01.wav,بزاف بزاف ربعة و سبعين بزاف نعاودو نخرج نعاودو ندخل paris مرة اخرى واحد مايكذبش ربعة و سبعين غير مقبولة
C:\Users\dell\Desktop\laststation\Audio_augmented\compression\audio_001147__aug_compression_01.wav,بزاف بزاف ربعة و سبعين بزاف نعاودو نخرج نعاودو ندخل paris مرة اخرى واحد مايكذبش ربعة و سبعين غير مقبولة
C:\Users\dell\Desktop\laststation\Audio_augmented\noise\audio_001148__aug_noise_01.wav,ثمانية و ثلاثين اواه كيف كيف ليكيب ماشي كيف كيف خير راو نقصلي ping واحد ياك كنا ثمانية و ثلاثين تسعة و ثلاثين دوك
C:\Users\dell\Desktop\laststation\Audio_augmented\speed\audio_001148__aug_speed_01.wav,ثمانية و ثلاثين اواه كيف كيف ليكيب ماشي كيف كيف خير راو نقصلي ping واحد ياك كنا ثمانية و ثلاثين تسعة و ثلاثين دوك
C:\Users\dell\Desktop\laststation\Audio_augmented\compression\audio_001148__aug_compression_01.wav,ثمانية و ثلاثين اواه كيف كيف ليكيب ماشي كيف كيف خير راو نقصلي ping واحد ياك كنا ثمانية و ثلاثين تسعة و ثلاثين دوك
C:\Users\dell\Desktop\laststation\Audio_augmented\noise\audio_001149__aug_noise_01.wav,ولا سبعة و ثلاثين ثمانية و ثلاثين ليكيب اني حاب نبكي بصح مافهمتش علاش علاش دارو هكذا مافهمتش علبالكم نجربو ping في
C:\Users\dell\Desktop\laststation\Audio_augmented\speed\audio_001149__aug_speed_01.wav,ولا سبعة و ثلاثين ثمانية و ثلاثين ليكيب اني حاب نبكي بصح مافهمتش علاش علاش دارو هكذا مافهمتش علبالكم نجربو ping في
C:\Users\dell\Desktop\laststation\Audio_augmented\compression\audio_001149__aug_compression_01.wav,ولا سبعة و ثلاثين ثمانية و ثلاثين ليكيب اني حاب نبكي بصح مافهمتش علاش علاش دارو هكذا مافهمتش علبالكم نجربو ping في
C:\Users\dell\Desktop\laststation\Audio_augmented\noise\audio_001150__aug_noise_01.wav,لتما ping يبان مليح اهبط ping لعبت بيه في fc vingt quatre هو ثلاثين c'est bon
C:\Users\dell\Desktop\laststation\Audio_augmented\speed\audio_001150__aug_speed_01.wav,لتما ping يبان مليح اهبط ping لعبت بيه في fc vingt quatre هو ثلاثين c'est bon
C:\Users\dell\Desktop\laststation\Audio_augmented\compression\audio_001150__aug_compression_01.wav,لتما ping يبان مليح اهبط ping لعبت بيه في fc vingt quatre هو ثلاثين c'est bon
C:\Users\dell\Desktop\laststation\Audio_augmented\noise\audio_001151__aug_noise_01.wav,باش نجاوب نقولو الله اعلم ممكن نوع تاع modem تعك على خطرش كيما على بالكم بلي فالجزاير
C:\Users\dell\Desktop\laststation\Audio_augmented\speed\audio_001151__aug_speed_01.wav,باش نجاوب نقولو الله اعلم ممكن نوع تاع modem تعك على خطرش كيما على بالكم بلي فالجزاير
C:\Users\dell\Desktop\laststation\Audio_augmented\compression\audio_001151__aug_compression_01.wav,باش نجاوب نقولو الله اعلم ممكن نوع تاع modem تعك على خطرش كيما على بالكم بلي فالجزاير
C:\Users\dell\Desktop\laststation\Audio_augmented\noise\audio_001152__aug_noise_01.wav,internet والله غير نحط video هكذا ليكيب شفافية ليكيب والله شفافية ليكيب ايا نبدلو شوية الموضوع على خطرش بديت نهبل والله غير عندي
C:\Users\dell\Desktop\laststation\Audio_augmented\speed\audio_001152__aug_speed_01.wav,internet والله غير نحط video هكذا ليكيب شفافية ليكيب والله شفافية ليكيب ايا نبدلو شوية الموضوع على خطرش بديت نهبل والله غير عندي
C:\Users\dell\Desktop\laststation\Audio_augmented\compression\audio_001152__aug_compression_01.wav,internet والله غير نحط video هكذا ليكيب شفافية ليكيب والله شفافية ليكيب ايا نبدلو شوية الموضوع على خطرش بديت نهبل والله غير عندي
C:\Users\dell\Desktop\laststation\Audio_augmented\noise\audio_001153__aug_noise_01.wav,خطرة في الدنيا الاغلبية ربعة و ثلاثين خمسة و ثلاثين ستة و ثلاثين سبعة و ثلاثين حتى لثمانية ربعين شوفو هنا ثنين و ربعين اوكي
C:\Users\dell\Desktop\laststation\Audio_augmented\speed\audio_001153__aug_speed_01.wav,خطرة في الدنيا الاغلبية ربعة و ثلاثين خمسة و ثلاثين ستة و ثلاثين سبعة و ثلاثين حتى لثمانية ربعين شوفو هنا ثنين و ربعين اوكي
C:\Users\dell\Desktop\laststation\Audio_augmented\compression\audio_001153__aug_compression_01.wav,خطرة في الدنيا الاغلبية ربعة و ثلاثين خمسة و ثلاثين ستة و ثلاثين سبعة و ثلاثين حتى لثمانية ربعين شوفو هنا ثنين و ربعين اوكي
C:\Users\dell\Desktop\laststation\Audio_augmented\noise\audio_001154__aug_noise_01.wav,اصبر تشوف نجربو نجربو نجربو نديرو test نعاود نديرو test في تاع الاخر على
C:\Users\dell\Desktop\laststation\Audio_augmented\speed\audio_001154__aug_speed_01.wav,اصبر تشوف نجربو نجربو نجربو نديرو test نعاود نديرو test في تاع الاخر على
C:\Users\dell\Desktop\laststation\Audio_augmented\compression\audio_001154__aug_compression_01.wav,اصبر تشوف نجربو نجربو نجربو نديرو test نعاود نديرو test في تاع الاخر على
C:\Users\dell\Desktop\laststation\Audio_augmented\noise\audio_001155__aug_noise_01.wav,تاعك تسما مكله routeur و الله اعلم هذيك الخطرة بلا routeur كانت ثمانين mega برك و دورك راك تشوف راهي زاهية ماتقدرش
C:\Users\dell\Desktop\laststation\Audio_augmented\speed\audio_001155__aug_speed_01.wav,تاعك تسما مكله routeur و الله اعلم هذيك الخطرة بلا routeur كانت ثمانين mega برك و دورك راك تشوف راهي زاهية ماتقدرش
C:\Users\dell\Desktop\laststation\Audio_augmented\compression\audio_001155__aug_compression_01.wav,تاعك تسما مكله routeur و الله اعلم هذيك الخطرة بلا routeur كانت ثمانين mega برك و دورك راك تشوف راهي زاهية ماتقدرش
C:\Users\dell\Desktop\laststation\Audio_augmented\noise\audio_001156__aug_noise_01.wav,على كل حال سوال جديد هل اذا كانت للمنطقة لم يتم تغطيتنا بي internet fibre
C:\Users\dell\Desktop\laststation\Audio_augmented\speed\audio_001156__aug_speed_01.wav,على كل حال سوال جديد هل اذا كانت للمنطقة لم يتم تغطيتنا بي internet fibre
C:\Users\dell\Desktop\laststation\Audio_augmented\compression\audio_001156__aug_compression_01.wav,على كل حال سوال جديد هل اذا كانت للمنطقة لم يتم تغطيتنا بي internet fibre
C:\Users\dell\Desktop\laststation\Audio_augmented\noise\audio_001157__aug_noise_01.wav,و تدخل رقم الهاتف في الموقع يقولك internet الي تقدر ديرها هي adsl عشرين mega الي عندو معلومات
C:\Users\dell\Desktop\laststation\Audio_augmented\speed\audio_001157__aug_speed_01.wav,و تدخل رقم الهاتف في الموقع يقولك internet الي تقدر ديرها هي adsl عشرين mega الي عندو معلومات
C:\Users\dell\Desktop\laststation\Audio_augmented\compression\audio_001157__aug_compression_01.wav,و تدخل رقم الهاتف في الموقع يقولك internet الي تقدر ديرها هي adsl عشرين mega الي عندو معلومات
C:\Users\dell\Desktop\laststation\Audio_augmented\noise\audio_001158__aug_noise_01.wav,على كل حال تشوفو يحفرو ولا ما يحفروش نهار الي تجيكم la fibre راحين يدقدقولكم في
C:\Users\dell\Desktop\laststation\Audio_augmented\speed\audio_001158__aug_speed_01.wav,على كل حال تشوفو يحفرو ولا ما يحفروش نهار الي تجيكم la fibre راحين يدقدقولكم في
C:\Users\dell\Desktop\laststation\Audio_augmented\compression\audio_001158__aug_compression_01.wav,على كل حال تشوفو يحفرو ولا ما يحفروش نهار الي تجيكم la fibre راحين يدقدقولكم في
C:\Users\dell\Desktop\laststation\Audio_augmented\noise\audio_001159__aug_noise_01.wav,في الباب و يقولولكم اذا كان مهتمين بل fibre باش يبيعولكم modem و باش نجيبهلكم من الاخر الارقام تاع fix
C:\Users\dell\Desktop\laststation\Audio_augmented\speed\audio_001159__aug_speed_01.wav,في الباب و يقولولكم اذا كان مهتمين بل fibre باش يبيعولكم modem و باش نجيبهلكم من الاخر الارقام تاع fix
C:\Users\dell\Desktop\laststation\Audio_augmented\compression\audio_001159__aug_compression_01.wav,في الباب و يقولولكم اذا كان مهتمين بل fibre باش يبيعولكم modem و باش نجيبهلكم من الاخر الارقام تاع fix
C:\Users\dell\Desktop\laststation\Audio_augmented\noise\audio_001160__aug_noise_01.wav,القديمة كامل راهي عشرين mega الجدد الي داروهم جدد هذ الاعوام الخرين هما الي ممكن فيهم la fibre
C:\Users\dell\Desktop\laststation\Audio_augmented\speed\audio_001160__aug_speed_01.wav,القديمة كامل راهي عشرين mega الجدد الي داروهم جدد هذ الاعوام الخرين هما الي ممكن فيهم la fibre
C:\Users\dell\Desktop\laststation\Audio_augmented\compression\audio_001160__aug_compression_01.wav,القديمة كامل راهي عشرين mega الجدد الي داروهم جدد هذ الاعوام الخرين هما الي ممكن فيهم la fibre
C:\Users\dell\Desktop\laststation\Audio_augmented\noise\audio_001161__aug_noise_01.wav,مية و تسعة و تسعين الف و تسعمسة المهم ميتين الف فيها خمسطاش mega السلام عليكم والاغلى فيها ربعمية وخمسين الف
C:\Users\dell\Desktop\laststation\Audio_augmented\speed\audio_001161__aug_speed_01.wav,مية و تسعة و تسعين الف و تسعمسة المهم ميتين الف فيها خمسطاش mega السلام عليكم والاغلى فيها ربعمية وخمسين الف
C:\Users\dell\Desktop\laststation\Audio_augmented\compression\audio_001161__aug_compression_01.wav,مية و تسعة و تسعين الف و تسعمسة المهم ميتين الف فيها خمسطاش mega السلام عليكم والاغلى فيها ربعمية وخمسين الف
C:\Users\dell\Desktop\laststation\Audio_augmented\noise\audio_001162__aug_noise_01.wav,internet fibre كاين gamer ping اصغر و كاين العادي كاينة منها
C:\Users\dell\Desktop\laststation\Audio_augmented\speed\audio_001162__aug_speed_01.wav,internet fibre كاين gamer ping اصغر و كاين العادي كاينة منها
C:\Users\dell\Desktop\laststation\Audio_augmented\compression\audio_001162__aug_compression_01.wav,internet fibre كاين gamer ping اصغر و كاين العادي كاينة منها
C:\Users\dell\Desktop\laststation\Audio_augmented\noise\audio_001163__aug_noise_01.wav,يعطيك المعلومة كيما في video الاولى قلتلكم على vdsl قلتلكم معلبليش واش فيها بالك الخيوط مخلطين بزجاج والله معلبلى
C:\Users\dell\Desktop\laststation\Audio_augmented\speed\audio_001163__aug_speed_01.wav,يعطيك المعلومة كيما في video الاولى قلتلكم على vdsl قلتلكم معلبليش واش فيها بالك الخيوط مخلطين بزجاج والله معلبلى
C:\Users\dell\Desktop\laststation\Audio_augmented\compression\audio_001163__aug_compression_01.wav,يعطيك المعلومة كيما في video الاولى قلتلكم على vdsl قلتلكم معلبليش واش فيها بالك الخيوط مخلطين بزجاج والله معلبلى
C:\Users\dell\Desktop\laststation\Audio_augmented\noise\audio_001164__aug_noise_01.wav,و هذا صححلي قالي vdsl هي نفسها adsl mais مابين دارك و الدار تاع internet
C:\Users\dell\Desktop\laststation\Audio_augmented\speed\audio_001164__aug_speed_01.wav,و هذا صححلي قالي vdsl هي نفسها adsl mais مابين دارك و الدار تاع internet
C:\Users\dell\Desktop\laststation\Audio_augmented\compression\audio_001164__aug_compression_01.wav,و هذا صححلي قالي vdsl هي نفسها adsl mais مابين دارك و الدار تاع internet
C:\Users\dell\Desktop\laststation\Audio_augmented\noise\audio_001165__aug_noise_01.wav,ماتجاوزش سبعمية mega راح يمدولك la vdsl ماشي l'adsl لوكان فوق سبعمية mega راح تولي adsl
C:\Users\dell\Desktop\laststation\Audio_augmented\speed\audio_001165__aug_speed_01.wav,ماتجاوزش سبعمية mega راح يمدولك la vdsl ماشي l'adsl لوكان فوق سبعمية mega راح تولي adsl
C:\Users\dell\Desktop\laststation\Audio_augmented\compression\audio_001165__aug_compression_01.wav,ماتجاوزش سبعمية mega راح يمدولك la vdsl ماشي l'adsl لوكان فوق سبعمية mega راح تولي adsl
C:\Users\dell\Desktop\laststation\Audio_augmented\noise\audio_001166__aug_noise_01.wav,عشرة mega تيليشارجي في خمسة دقايق ولا اكثر بشوية بلاك ستة دقايق و كنت نجبد بثلاثين mega par seconde و عندي هذي تاني
C:\Users\dell\Desktop\laststation\Audio_augmented\speed\audio_001166__aug_speed_01.wav,عشرة mega تيليشارجي في خمسة دقايق ولا اكثر بشوية بلاك ستة دقايق و كنت نجبد بثلاثين mega par seconde و عندي هذي تاني
C:\Users\dell\Desktop\laststation\Audio_augmented\compression\audio_001166__aug_compression_01.wav,عشرة mega تيليشارجي في خمسة دقايق ولا اكثر بشوية بلاك ستة دقايق و كنت نجبد بثلاثين mega par seconde و عندي هذي تاني
C:\Users\dell\Desktop\laststation\Audio_augmented\noise\audio_001167__aug_noise_01.wav,la capture كي تيليشارجيت fc ربعة و عشرين فيه ربعين giga تطلعلي في عشرين دقيقة و كنت نجبد بخمسة و ثلاثين mega par seconde
C:\Users\dell\Desktop\laststation\Audio_augmented\speed\audio_001167__aug_speed_01.wav,la capture كي تيليشارجيت fc ربعة و عشرين فيه ربعين giga تطلعلي في عشرين دقيقة و كنت نجبد بخمسة و ثلاثين mega par seconde
C:\Users\dell\Desktop\laststation\Audio_augmented\compression\audio_001167__aug_compression_01.wav,la capture كي تيليشارجيت fc ربعة و عشرين فيه ربعين giga تطلعلي في عشرين دقيقة و كنت نجبد بخمسة و ثلاثين mega par seconde
C:\Users\dell\Desktop\laststation\Audio_augmented\noise\audio_001168__aug_noise_01.wav,ping يهبط بزاف و درنا test علاش تفكروني علاش و ping مهبطش
C:\Users\dell\Desktop\laststation\Audio_augmented\speed\audio_001168__aug_speed_01.wav,ping يهبط بزاف و درنا test علاش تفكروني علاش و ping مهبطش
C:\Users\dell\Desktop\laststation\Audio_augmented\compression\audio_001168__aug_compression_01.wav,ping يهبط بزاف و درنا test علاش تفكروني علاش و ping مهبطش
C:\Users\dell\Desktop\laststation\Audio_augmented\noise\audio_001169__aug_noise_01.wav,video هايل بصح كاين نقطة وحدة راك غالط فيها خويا ريديكس مش لازم تجيب switcheur ولا modem الثاني هذا هو الانسان
C:\Users\dell\Desktop\laststation\Audio_augmented\speed\audio_001169__aug_speed_01.wav,video هايل بصح كاين نقطة وحدة راك غالط فيها خويا ريديكس مش لازم تجيب switcheur ولا modem الثاني هذا هو الانسان
C:\Users\dell\Desktop\laststation\Audio_augmented\compression\audio_001169__aug_compression_01.wav,video هايل بصح كاين نقطة وحدة راك غالط فيها خويا ريديكس مش لازم تجيب switcheur ولا modem الثاني هذا هو الانسان
C:\Users\dell\Desktop\laststation\Audio_augmented\noise\audio_001170__aug_noise_01.wav,السوال خوتي قالي ماشي لازم تجيب switcheur ولا modem الثاني باش يلحقك ثلاثمية mega
C:\Users\dell\Desktop\laststation\Audio_augmented\speed\audio_001170__aug_speed_01.wav,السوال خوتي قالي ماشي لازم تجيب switcheur ولا modem الثاني باش يلحقك ثلاثمية mega
C:\Users\dell\Desktop\laststation\Audio_augmented\compression\audio_001170__aug_compression_01.wav,السوال خوتي قالي ماشي لازم تجيب switcheur ولا modem الثاني باش يلحقك ثلاثمية mega
C:\Users\dell\Desktop\laststation\Audio_augmented\noise\audio_001171__aug_noise_01.wav,و لقيتها لالا و درت capture باش نقولك بلي راني درت تجربة و لقيتها لالا و بلاك عندك modem zte ولا هواوي ماشي كيما تاعي
C:\Users\dell\Desktop\laststation\Audio_augmented\speed\audio_001171__aug_speed_01.wav,و لقيتها لالا و درت capture باش نقولك بلي راني درت تجربة و لقيتها لالا و بلاك عندك modem zte ولا هواوي ماشي كيما تاعي
C:\Users\dell\Desktop\laststation\Audio_augmented\compression\audio_001171__aug_compression_01.wav,و لقيتها لالا و درت capture باش نقولك بلي راني درت تجربة و لقيتها لالا و بلاك عندك modem zte ولا هواوي ماشي كيما تاعي
C:\Users\dell\Desktop\laststation\Audio_augmented\noise\audio_001172__aug_noise_01.wav,nokia ليكيب بلاكو ثم بلاكو تبلاصيو fibre بدراهمكم راهم يبلاصيوها باطل وحدهم جاو بلاصوهلنا
C:\Users\dell\Desktop\laststation\Audio_augmented\speed\audio_001172__aug_speed_01.wav,nokia ليكيب بلاكو ثم بلاكو تبلاصيو fibre بدراهمكم راهم يبلاصيوها باطل وحدهم جاو بلاصوهلنا
C:\Users\dell\Desktop\laststation\Audio_augmented\compression\audio_001172__aug_compression_01.wav,nokia ليكيب بلاكو ثم بلاكو تبلاصيو fibre بدراهمكم راهم يبلاصيوها باطل وحدهم جاو بلاصوهلنا
C:\Users\dell\Desktop\laststation\Audio_augmented\noise\audio_001173__aug_noise_01.wav,مازال ماطلقوهاش حتى يكملو ڨاع الحومة c'est que بلاكو ديرو الغلطة و تخلصو دراهمكم باش تجيكم la fibre صح des fois
C:\Users\dell\Desktop\laststation\Audio_augmented\speed\audio_001173__aug_speed_01.wav,مازال ماطلقوهاش حتى يكملو ڨاع الحومة c'est que بلاكو ديرو الغلطة و تخلصو دراهمكم باش تجيكم la fibre صح des fois
C:\Users\dell\Desktop\laststation\Audio_augmented\compression\audio_001173__aug_compression_01.wav,مازال ماطلقوهاش حتى يكملو ڨاع الحومة c'est que بلاكو ديرو الغلطة و تخلصو دراهمكم باش تجيكم la fibre صح des fois
C:\Users\dell\Desktop\laststation\Audio_augmented\noise\audio_001174__aug_noise_01.wav,يديرو هكذك تاع باطل على خاطر عندهم ضغط باش الجزاير كامل تدير la fibre des fois تاني يديرو عروض par example العرض الي كان
C:\Users\dell\Desktop\laststation\Audio_augmented\speed\audio_001174__aug_speed_01.wav,يديرو هكذك تاع باطل على خاطر عندهم ضغط باش الجزاير كامل تدير la fibre des fois تاني يديرو عروض par example العرض الي كان
C:\Users\dell\Desktop\laststation\Audio_augmented\compression\audio_001174__aug_compression_01.wav,يديرو هكذك تاع باطل على خاطر عندهم ضغط باش الجزاير كامل تدير la fibre des fois تاني يديرو عروض par example العرض الي كان
C:\Users\dell\Desktop\laststation\Audio_augmented\noise\audio_001175__aug_noise_01.wav,اذا كان خلاص ولا لالا مية الف يمدولك internet ميتين mega لمدة شهر و يمدولك modem و يديرولك installation كلش كلش
C:\Users\dell\Desktop\laststation\Audio_augmented\speed\audio_001175__aug_speed_01.wav,اذا كان خلاص ولا لالا مية الف يمدولك internet ميتين mega لمدة شهر و يمدولك modem و يديرولك installation كلش كلش
C:\Users\dell\Desktop\laststation\Audio_augmented\compression\audio_001175__aug_compression_01.wav,اذا كان خلاص ولا لالا مية الف يمدولك internet ميتين mega لمدة شهر و يمدولك modem و يديرولك installation كلش كلش
C:\Users\dell\Desktop\laststation\Audio_augmented\noise\audio_001176__aug_noise_01.wav,شهر deuxieme تهبطها خمسطاش mega ولا عشرين mega ولا كيما حبيت mais هدو يبقاو عروض par example انا كي دخلت l'internet
C:\Users\dell\Desktop\laststation\Audio_augmented\speed\audio_001176__aug_speed_01.wav,شهر deuxieme تهبطها خمسطاش mega ولا عشرين mega ولا كيما حبيت mais هدو يبقاو عروض par example انا كي دخلت l'internet
C:\Users\dell\Desktop\laststation\Audio_augmented\compression\audio_001176__aug_compression_01.wav,شهر deuxieme تهبطها خمسطاش mega ولا عشرين mega ولا كيما حبيت mais هدو يبقاو عروض par example انا كي دخلت l'internet
C:\Users\dell\Desktop\laststation\Audio_augmented\noise\audio_001177__aug_noise_01.wav,لاول مرة خلصت ربعمية وشي مدولي modem انصطالوهلي باطل و كانني خلصت شهر تاع ربعمية و خمسطاش الف
C:\Users\dell\Desktop\laststation\Audio_augmented\speed\audio_001177__aug_speed_01.wav,لاول مرة خلصت ربعمية وشي مدولي modem انصطالوهلي باطل و كانني خلصت شهر تاع ربعمية و خمسطاش الف
C:\Users\dell\Desktop\laststation\Audio_augmented\compression\audio_001177__aug_compression_01.wav,لاول مرة خلصت ربعمية وشي مدولي modem انصطالوهلي باطل و كانني خلصت شهر تاع ربعمية و خمسطاش الف
C:\Users\dell\Desktop\laststation\Audio_augmented\noise\audio_001178__aug_noise_01.wav,التمبر ولا معلبش وشنو ثلاثمية mega تخلص سبعمية الف ماشي ربعمية الف هذي بكري و الحمد لله راهم ينقصوا في le prix ان شاءالله يزيدوا ينقصولنا
C:\Users\dell\Desktop\laststation\Audio_augmented\speed\audio_001178__aug_speed_01.wav,التمبر ولا معلبش وشنو ثلاثمية mega تخلص سبعمية الف ماشي ربعمية الف هذي بكري و الحمد لله راهم ينقصوا في le prix ان شاءالله يزيدوا ينقصولنا
C:\Users\dell\Desktop\laststation\Audio_augmented\compression\audio_001178__aug_compression_01.wav,التمبر ولا معلبش وشنو ثلاثمية mega تخلص سبعمية الف ماشي ربعمية الف هذي بكري و الحمد لله راهم ينقصوا في le prix ان شاءالله يزيدوا ينقصولنا
C:\Users\dell\Desktop\laststation\Audio_augmented\noise\audio_001179__aug_noise_01.wav,يولي ميتين الف خوتي ثلاثمية mega فور على كل حال بكري كانت سبعمية الف صح و دوك ولات ربعمية الف دوك راني نخلص ربعمية و خمسين الف
C:\Users\dell\Desktop\laststation\Audio_augmented\speed\audio_001179__aug_speed_01.wav,يولي ميتين الف خوتي ثلاثمية mega فور على كل حال بكري كانت سبعمية الف صح و دوك ولات ربعمية الف دوك راني نخلص ربعمية و خمسين الف
C:\Users\dell\Desktop\laststation\Audio_augmented\compression\audio_001179__aug_compression_01.wav,يولي ميتين الف خوتي ثلاثمية mega فور على كل حال بكري كانت سبعمية الف صح و دوك ولات ربعمية الف دوك راني نخلص ربعمية و خمسين الف
C:\Users\dell\Desktop\laststation\Audio_augmented\noise\audio_001180__aug_noise_01.wav,mega octet par seconde مرة اخرى خوتي يعطيكم الصحة على التعليقات في هذيك video المليحة ماشي كيما هذا هذا يهدر برك
C:\Users\dell\Desktop\laststation\Audio_augmented\speed\audio_001180__aug_speed_01.wav,mega octet par seconde مرة اخرى خوتي يعطيكم الصحة على التعليقات في هذيك video المليحة ماشي كيما هذا هذا يهدر برك
C:\Users\dell\Desktop\laststation\Audio_augmented\compression\audio_001180__aug_compression_01.wav,mega octet par seconde مرة اخرى خوتي يعطيكم الصحة على التعليقات في هذيك video المليحة ماشي كيما هذا هذا يهدر برك
C:\Users\dell\Desktop\laststation\Audio_augmented\noise\audio_001181__aug_noise_01.wav,زعما راو طايح خشين بين قوسين en plus قلتلكم في video الاولى مع الاول قلتلكم بالي انا مانيش مختص في internet مانفهملهاش مليون
C:\Users\dell\Desktop\laststation\Audio_augmented\speed\audio_001181__aug_speed_01.wav,زعما راو طايح خشين بين قوسين en plus قلتلكم في video الاولى مع الاول قلتلكم بالي انا مانيش مختص في internet مانفهملهاش مليون
C:\Users\dell\Desktop\laststation\Audio_augmented\compression\audio_001181__aug_compression_01.wav,زعما راو طايح خشين بين قوسين en plus قلتلكم في video الاولى مع الاول قلتلكم بالي انا مانيش مختص في internet مانفهملهاش مليون
C:\Users\dell\Desktop\laststation\Audio_augmented\noise\audio_001182__aug_noise_01.wav,في المية انا كيما نتوما انسان دخلولو la fibre عندي قناة تاع youtube ماذبيا نبارطاجيلكم
C:\Users\dell\Desktop\laststation\Audio_augmented\speed\audio_001182__aug_speed_01.wav,في المية انا كيما نتوما انسان دخلولو la fibre عندي قناة تاع youtube ماذبيا نبارطاجيلكم
C:\Users\dell\Desktop\laststation\Audio_augmented\compression\audio_001182__aug_compression_01.wav,في المية انا كيما نتوما انسان دخلولو la fibre عندي قناة تاع youtube ماذبيا نبارطاجيلكم
C:\Users\dell\Desktop\laststation\Audio_augmented\noise\audio_001183__aug_noise_01.wav,كلش واش راني نشوف mais بالتعليقات تاعكم فهمت الفرق مابيناتهم mega byte par seconde هي سرعة التدفق
C:\Users\dell\Desktop\laststation\Audio_augmented\speed\audio_001183__aug_speed_01.wav,كلش واش راني نشوف mais بالتعليقات تاعكم فهمت الفرق مابيناتهم mega byte par seconde هي سرعة التدفق
C:\Users\dell\Desktop\laststation\Audio_augmented\compression\audio_001183__aug_compression_01.wav,كلش واش راني نشوف mais بالتعليقات تاعكم فهمت الفرق مابيناتهم mega byte par seconde هي سرعة التدفق
C:\Users\dell\Desktop\laststation\Audio_augmented\noise\audio_001184__aug_noise_01.wav,التحميل كيما انا وريتلكم من قبيل كنت نحمل خمسة و ثلاثين mega octet يعطيهم الصحة مرة اخرى الناس لي
C:\Users\dell\Desktop\laststation\Audio_augmented\speed\audio_001184__aug_speed_01.wav,التحميل كيما انا وريتلكم من قبيل كنت نحمل خمسة و ثلاثين mega octet يعطيهم الصحة مرة اخرى الناس لي
C:\Users\dell\Desktop\laststation\Audio_augmented\compression\audio_001184__aug_compression_01.wav,التحميل كيما انا وريتلكم من قبيل كنت نحمل خمسة و ثلاثين mega octet يعطيهم الصحة مرة اخرى الناس لي
C:\Users\dell\Desktop\laststation\Audio_augmented\noise\audio_001185__aug_noise_01.wav,حسنة هكذا و على كل حال ليكيب والله غير كانت صدمة صدمة اكتشفناها مع بعض سمحولي اذا كان la video جات
C:\Users\dell\Desktop\laststation\Audio_augmented\speed\audio_001185__aug_speed_01.wav,حسنة هكذا و على كل حال ليكيب والله غير كانت صدمة صدمة اكتشفناها مع بعض سمحولي اذا كان la video جات
C:\Users\dell\Desktop\laststation\Audio_augmented\compression\audio_001185__aug_compression_01.wav,حسنة هكذا و على كل حال ليكيب والله غير كانت صدمة صدمة اكتشفناها مع بعض سمحولي اذا كان la video جات
C:\Users\dell\Desktop\laststation\Audio_augmented\noise\audio_001186__aug_noise_01.wav,نبدل شوية الفيديوهات في هذ القناة راح تشوفو يعجبكم الحال انشاءالله و اعطيونا التعليقات تاعكم اعطيونا اسئلة بلاك
C:\Users\dell\Desktop\laststation\Audio_augmented\speed\audio_001186__aug_speed_01.wav,نبدل شوية الفيديوهات في هذ القناة راح تشوفو يعجبكم الحال انشاءالله و اعطيونا التعليقات تاعكم اعطيونا اسئلة بلاك
C:\Users\dell\Desktop\laststation\Audio_augmented\compression\audio_001186__aug_compression_01.wav,نبدل شوية الفيديوهات في هذ القناة راح تشوفو يعجبكم الحال انشاءالله و اعطيونا التعليقات تاعكم اعطيونا اسئلة بلاك
C:\Users\dell\Desktop\laststation\Audio_augmented\noise\audio_001187__aug_noise_01.wav,fibre نزيد ندير video باش نجاوب على الاسئلة تاعكم ماتنساوش like المورال راه هابط مليار فار التجارب انا طلعولي
C:\Users\dell\Desktop\laststation\Audio_augmented\speed\audio_001187__aug_speed_01.wav,fibre نزيد ندير video باش نجاوب على الاسئلة تاعكم ماتنساوش like المورال راه هابط مليار فار التجارب انا طلعولي
C:\Users\dell\Desktop\laststation\Audio_augmented\compression\audio_001187__aug_compression_01.wav,fibre نزيد ندير video باش نجاوب على الاسئلة تاعكم ماتنساوش like المورال راه هابط مليار فار التجارب انا طلعولي
C:\Users\dell\Desktop\laststation\Audio_augmented\noise\audio_001188__aug_noise_01.wav,السلام عليكم مرحبا بكم في video جديدة في la video هذي انشاءالله راح نحكيو على le modem
C:\Users\dell\Desktop\laststation\Audio_augmented\speed\audio_001188__aug_speed_01.wav,السلام عليكم مرحبا بكم في video جديدة في la video هذي انشاءالله راح نحكيو على le modem
C:\Users\dell\Desktop\laststation\Audio_augmented\compression\audio_001188__aug_compression_01.wav,السلام عليكم مرحبا بكم في video جديدة في la video هذي انشاءالله راح نحكيو على le modem
C:\Users\dell\Desktop\laststation\Audio_augmented\noise\audio_001189__aug_noise_01.wav,تاع algerie telecom le modem 4g donc le modem هذا شريتو البارح و حبيت نبارطاجي معكم l'experience تاعي
C:\Users\dell\Desktop\laststation\Audio_augmented\speed\audio_001189__aug_speed_01.wav,تاع algerie telecom le modem 4g donc le modem هذا شريتو البارح و حبيت نبارطاجي معكم l'experience تاعي
C:\Users\dell\Desktop\laststation\Audio_augmented\compression\audio_001189__aug_compression_01.wav,تاع algerie telecom le modem 4g donc le modem هذا شريتو البارح و حبيت نبارطاجي معكم l'experience تاعي
C:\Users\dell\Desktop\laststation\Audio_augmented\noise\audio_001190__aug_noise_01.wav,مع هذ le modem donc راح نبداوها من الاول كيفاه شريتو واش ديتلهم comme papier حتى الاخر خلاص
C:\Users\dell\Desktop\laststation\Audio_augmented\speed\audio_001190__aug_speed_01.wav,مع هذ le modem donc راح نبداوها من الاول كيفاه شريتو واش ديتلهم comme papier حتى الاخر خلاص
C:\Users\dell\Desktop\laststation\Audio_augmented\compression\audio_001190__aug_compression_01.wav,مع هذ le modem donc راح نبداوها من الاول كيفاه شريتو واش ديتلهم comme papier حتى الاخر خلاص
C:\Users\dell\Desktop\laststation\Audio_augmented\noise\audio_001191__aug_noise_01.wav,donc voila عطاولي le modem و عطاولي معه هذ le boitier
C:\Users\dell\Desktop\laststation\Audio_augmented\speed\audio_001191__aug_speed_01.wav,donc voila عطاولي le modem و عطاولي معه هذ le boitier
C:\Users\dell\Desktop\laststation\Audio_augmented\compression\audio_001191__aug_compression_01.wav,donc voila عطاولي le modem و عطاولي معه هذ le boitier
C:\Users\dell\Desktop\laststation\Audio_augmented\noise\audio_001192__aug_noise_01.wav,donc le boitier هذا واش فيه donc فيه un cable rg quarante cinq هذا اذا حبيتوا تبرونشيو
C:\Users\dell\Desktop\laststation\Audio_augmented\speed\audio_001192__aug_speed_01.wav,donc le boitier هذا واش فيه donc فيه un cable rg quarante cinq هذا اذا حبيتوا تبرونشيو
C:\Users\dell\Desktop\laststation\Audio_augmented\compression\audio_001192__aug_compression_01.wav,donc le boitier هذا واش فيه donc فيه un cable rg quarante cinq هذا اذا حبيتوا تبرونشيو
C:\Users\dell\Desktop\laststation\Audio_augmented\noise\audio_001193__aug_noise_01.wav,un ordinateur directement في modem surtout اذا كان un ordinateur لي ماعندوش wifi
C:\Users\dell\Desktop\laststation\Audio_augmented\speed\audio_001193__aug_speed_01.wav,un ordinateur directement في modem surtout اذا كان un ordinateur لي ماعندوش wifi
C:\Users\dell\Desktop\laststation\Audio_augmented\compression\audio_001193__aug_compression_01.wav,un ordinateur directement في modem surtout اذا كان un ordinateur لي ماعندوش wifi
C:\Users\dell\Desktop\laststation\Audio_augmented\noise\audio_001194__aug_noise_01.wav,عطاولي معاه le cable هذا telephonique هذا اذا حبيتو تبرونشيو telephone fix directement في modem
C:\Users\dell\Desktop\laststation\Audio_augmented\speed\audio_001194__aug_speed_01.wav,عطاولي معاه le cable هذا telephonique هذا اذا حبيتو تبرونشيو telephone fix directement في modem
C:\Users\dell\Desktop\laststation\Audio_augmented\compression\audio_001194__aug_compression_01.wav,عطاولي معاه le cable هذا telephonique هذا اذا حبيتو تبرونشيو telephone fix directement في modem
C:\Users\dell\Desktop\laststation\Audio_augmented\noise\audio_001195__aug_noise_01.wav,et oui تقدرو تستعملوا un telephone fix مع هذا le modem
C:\Users\dell\Desktop\laststation\Audio_augmented\speed\audio_001195__aug_speed_01.wav,et oui تقدرو تستعملوا un telephone fix مع هذا le modem
C:\Users\dell\Desktop\laststation\Audio_augmented\compression\audio_001195__aug_compression_01.wav,et oui تقدرو تستعملوا un telephone fix مع هذا le modem
C:\Users\dell\Desktop\laststation\Audio_augmented\noise\audio_001196__aug_noise_01.wav,و bien sur عطاوني les guide d'utilisation تاعو
C:\Users\dell\Desktop\laststation\Audio_augmented\speed\audio_001196__aug_speed_01.wav,و bien sur عطاوني les guide d'utilisation تاعو
C:\Users\dell\Desktop\laststation\Audio_augmented\compression\audio_001196__aug_compression_01.wav,و bien sur عطاوني les guide d'utilisation تاعو
C:\Users\dell\Desktop\laststation\Audio_augmented\noise\audio_001197__aug_noise_01.wav,و عطاوني la puce bon la puce ماراهيش هنايا parce que راهي راكبة deja في le modem donc دورك نشوفو
C:\Users\dell\Desktop\laststation\Audio_augmented\speed\audio_001197__aug_speed_01.wav,و عطاوني la puce bon la puce ماراهيش هنايا parce que راهي راكبة deja في le modem donc دورك نشوفو
C:\Users\dell\Desktop\laststation\Audio_augmented\compression\audio_001197__aug_compression_01.wav,و عطاوني la puce bon la puce ماراهيش هنايا parce que راهي راكبة deja في le modem donc دورك نشوفو
C:\Users\dell\Desktop\laststation\Audio_augmented\noise\audio_001198__aug_noise_01.wav,دوك كي تدي هذ le modem تلحق لدار واش دير
C:\Users\dell\Desktop\laststation\Audio_augmented\speed\audio_001198__aug_speed_01.wav,دوك كي تدي هذ le modem تلحق لدار واش دير
C:\Users\dell\Desktop\laststation\Audio_augmented\compression\audio_001198__aug_compression_01.wav,دوك كي تدي هذ le modem تلحق لدار واش دير
C:\Users\dell\Desktop\laststation\Audio_augmented\noise\audio_001199__aug_noise_01.wav,اول حاجة تجبد هذ la puce تنحيها منا تركبها في modem كيفاش تركبها donc مور modem
C:\Users\dell\Desktop\laststation\Audio_augmented\speed\audio_001199__aug_speed_01.wav,اول حاجة تجبد هذ la puce تنحيها منا تركبها في modem كيفاش تركبها donc مور modem
C:\Users\dell\Desktop\laststation\Audio_augmented\compression\audio_001199__aug_compression_01.wav,اول حاجة تجبد هذ la puce تنحيها منا تركبها في modem كيفاش تركبها donc مور modem
C:\Users\dell\Desktop\laststation\Audio_augmented\noise\audio_001200__aug_noise_01.wav,كاين هذ l'endroit وين كاين هذ la fleche donc تنحيو هذ le truc
C:\Users\dell\Desktop\laststation\Audio_augmented\speed\audio_001200__aug_speed_01.wav,كاين هذ l'endroit وين كاين هذ la fleche donc تنحيو هذ le truc
C:\Users\dell\Desktop\laststation\Audio_augmented\compression\audio_001200__aug_compression_01.wav,كاين هذ l'endroit وين كاين هذ la fleche donc تنحيو هذ le truc
C:\Users\dell\Desktop\laststation\Audio_augmented\noise\audio_001201__aug_noise_01.wav,تاع l'ordinateur و كاين هذا تاع telephone donc هذا واش عندكم telephone ordinateur chargeur
C:\Users\dell\Desktop\laststation\Audio_augmented\speed\audio_001201__aug_speed_01.wav,تاع l'ordinateur و كاين هذا تاع telephone donc هذا واش عندكم telephone ordinateur chargeur
C:\Users\dell\Desktop\laststation\Audio_augmented\compression\audio_001201__aug_compression_01.wav,تاع l'ordinateur و كاين هذا تاع telephone donc هذا واش عندكم telephone ordinateur chargeur
C:\Users\dell\Desktop\laststation\Audio_augmented\noise\audio_001202__aug_noise_01.wav,donc كي تبرونشيوه apres ماتشريوه مش راح يمشي directement
C:\Users\dell\Desktop\laststation\Audio_augmented\speed\audio_001202__aug_speed_01.wav,donc كي تبرونشيوه apres ماتشريوه مش راح يمشي directement
C:\Users\dell\Desktop\laststation\Audio_augmented\compression\audio_001202__aug_compression_01.wav,donc كي تبرونشيوه apres ماتشريوه مش راح يمشي directement
C:\Users\dell\Desktop\laststation\Audio_augmented\noise\audio_001203__aug_noise_01.wav,donc بقات حمرا هكذا une demi journee من بعد مع العشية خلاص
C:\Users\dell\Desktop\laststation\Audio_augmented\speed\audio_001203__aug_speed_01.wav,donc بقات حمرا هكذا une demi journee من بعد مع العشية خلاص
C:\Users\dell\Desktop\laststation\Audio_augmented\compression\audio_001203__aug_compression_01.wav,donc بقات حمرا هكذا une demi journee من بعد مع العشية خلاص
C:\Users\dell\Desktop\laststation\Audio_augmented\noise\audio_001204__aug_noise_01.wav,ولات خضرا و كونيكتا le reseau خضرا ولا زرڨا
C:\Users\dell\Desktop\laststation\Audio_augmented\speed\audio_001204__aug_speed_01.wav,ولات خضرا و كونيكتا le reseau خضرا ولا زرڨا
C:\Users\dell\Desktop\laststation\Audio_augmented\compression\audio_001204__aug_compression_01.wav,ولات خضرا و كونيكتا le reseau خضرا ولا زرڨا
C:\Users\dell\Desktop\laststation\Audio_augmented\noise\audio_001205__aug_noise_01.wav,كيما راكم تشوفو انا هكذا ca veut dire راني مكونيكتي le reseau كي تكون حمرا ca veut dire ماراكمش كونيكتي le reseau 4g
C:\Users\dell\Desktop\laststation\Audio_augmented\speed\audio_001205__aug_speed_01.wav,كيما راكم تشوفو انا هكذا ca veut dire راني مكونيكتي le reseau كي تكون حمرا ca veut dire ماراكمش كونيكتي le reseau 4g
C:\Users\dell\Desktop\laststation\Audio_augmented\compression\audio_001205__aug_compression_01.wav,كيما راكم تشوفو انا هكذا ca veut dire راني مكونيكتي le reseau كي تكون حمرا ca veut dire ماراكمش كونيكتي le reseau 4g
C:\Users\dell\Desktop\laststation\Audio_augmented\noise\audio_001206__aug_noise_01.wav,اذا طولت و ماكونيكتاش modem تاعكم le reseau و بقات هذي حمرا par example deux jour ولا trois jour لازم تروحو عندهم
C:\Users\dell\Desktop\laststation\Audio_augmented\speed\audio_001206__aug_speed_01.wav,اذا طولت و ماكونيكتاش modem تاعكم le reseau و بقات هذي حمرا par example deux jour ولا trois jour لازم تروحو عندهم
C:\Users\dell\Desktop\laststation\Audio_augmented\compression\audio_001206__aug_compression_01.wav,اذا طولت و ماكونيكتاش modem تاعكم le reseau و بقات هذي حمرا par example deux jour ولا trois jour لازم تروحو عندهم
C:\Users\dell\Desktop\laststation\Audio_augmented\noise\audio_001207__aug_noise_01.wav,بلاك نساو ياكتيفيولكم la puce ولا حاجة كيما هكذا mais affaire تاع نص نهار ولا نهار maximum normalement
C:\Users\dell\Desktop\laststation\Audio_augmented\speed\audio_001207__aug_speed_01.wav,بلاك نساو ياكتيفيولكم la puce ولا حاجة كيما هكذا mais affaire تاع نص نهار ولا نهار maximum normalement
C:\Users\dell\Desktop\laststation\Audio_augmented\compression\audio_001207__aug_compression_01.wav,بلاك نساو ياكتيفيولكم la puce ولا حاجة كيما هكذا mais affaire تاع نص نهار ولا نهار maximum normalement
C:\Users\dell\Desktop\laststation\Audio_augmented\noise\audio_001208__aug_noise_01.wav,maximum vingt quatre heure اذا فاتت vingt quatre heure ارجعوا عندهم ولا عيطولهم
C:\Users\dell\Desktop\laststation\Audio_augmented\speed\audio_001208__aug_speed_01.wav,maximum vingt quatre heure اذا فاتت vingt quatre heure ارجعوا عندهم ولا عيطولهم
C:\Users\dell\Desktop\laststation\Audio_augmented\compression\audio_001208__aug_compression_01.wav,maximum vingt quatre heure اذا فاتت vingt quatre heure ارجعوا عندهم ولا عيطولهم
C:\Users\dell\Desktop\laststation\Audio_augmented\noise\audio_001209__aug_noise_01.wav,قوللهم ياكتيفيولكم la puce و في la fature راهو كاين un numero fix تقدرو تعيطو
C:\Users\dell\Desktop\laststation\Audio_augmented\speed\audio_001209__aug_speed_01.wav,قوللهم ياكتيفيولكم la puce و في la fature راهو كاين un numero fix تقدرو تعيطو
C:\Users\dell\Desktop\laststation\Audio_augmented\compression\audio_001209__aug_compression_01.wav,قوللهم ياكتيفيولكم la puce و في la fature راهو كاين un numero fix تقدرو تعيطو
C:\Users\dell\Desktop\laststation\Audio_augmented\noise\audio_001210__aug_noise_01.wav,دوك نحكوا على les condition d'utilisation تاع هذ le modem et oui هذle modem عندو des condition d'utilisation
C:\Users\dell\Desktop\laststation\Audio_augmented\speed\audio_001210__aug_speed_01.wav,دوك نحكوا على les condition d'utilisation تاع هذ le modem et oui هذle modem عندو des condition d'utilisation
C:\Users\dell\Desktop\laststation\Audio_augmented\compression\audio_001210__aug_compression_01.wav,دوك نحكوا على les condition d'utilisation تاع هذ le modem et oui هذle modem عندو des condition d'utilisation
C:\Users\dell\Desktop\laststation\Audio_augmented\noise\audio_001211__aug_noise_01.wav,فيه un engagement تاع طناش شهر الي لازم تعرفوه واش معنتها engagement تاع طناش شهر
C:\Users\dell\Desktop\laststation\Audio_augmented\speed\audio_001211__aug_speed_01.wav,فيه un engagement تاع طناش شهر الي لازم تعرفوه واش معنتها engagement تاع طناش شهر
C:\Users\dell\Desktop\laststation\Audio_augmented\compression\audio_001211__aug_compression_01.wav,فيه un engagement تاع طناش شهر الي لازم تعرفوه واش معنتها engagement تاع طناش شهر
C:\Users\dell\Desktop\laststation\Audio_augmented\noise\audio_001212__aug_noise_01.wav,algerie telecom تقوللكم بالي هذ le modem العام الاول ماهوش تاعكم تاعهم
C:\Users\dell\Desktop\laststation\Audio_augmented\speed\audio_001212__aug_speed_01.wav,algerie telecom تقوللكم بالي هذ le modem العام الاول ماهوش تاعكم تاعهم
C:\Users\dell\Desktop\laststation\Audio_augmented\compression\audio_001212__aug_compression_01.wav,algerie telecom تقوللكم بالي هذ le modem العام الاول ماهوش تاعكم تاعهم
C:\Users\dell\Desktop\laststation\Audio_augmented\noise\audio_001213__aug_noise_01.wav,راهو ملك algerie telecom و لوكان ماتريسبيكتيوش les condition تاعهم
C:\Users\dell\Desktop\laststation\Audio_augmented\speed\audio_001213__aug_speed_01.wav,راهو ملك algerie telecom و لوكان ماتريسبيكتيوش les condition تاعهم
C:\Users\dell\Desktop\laststation\Audio_augmented\compression\audio_001213__aug_compression_01.wav,راهو ملك algerie telecom و لوكان ماتريسبيكتيوش les condition تاعهم
C:\Users\dell\Desktop\laststation\Audio_augmented\noise\audio_001214__aug_noise_01.wav,راح يدومونديولكم انكم ترجعولهم le modem d'accord و بلاك يرمبورسيولكم الراهم
C:\Users\dell\Desktop\laststation\Audio_augmented\speed\audio_001214__aug_speed_01.wav,راح يدومونديولكم انكم ترجعولهم le modem d'accord و بلاك يرمبورسيولكم الراهم
C:\Users\dell\Desktop\laststation\Audio_augmented\compression\audio_001214__aug_compression_01.wav,راح يدومونديولكم انكم ترجعولهم le modem d'accord و بلاك يرمبورسيولكم الراهم
C:\Users\dell\Desktop\laststation\Audio_augmented\noise\audio_001215__aug_noise_01.wav,وقتاش يصرا هذا le cas تاع يدمونديو انكم ترجعولهم le modem
C:\Users\dell\Desktop\laststation\Audio_augmented\speed\audio_001215__aug_speed_01.wav,وقتاش يصرا هذا le cas تاع يدمونديو انكم ترجعولهم le modem
C:\Users\dell\Desktop\laststation\Audio_augmented\compression\audio_001215__aug_compression_01.wav,وقتاش يصرا هذا le cas تاع يدمونديو انكم ترجعولهم le modem
C:\Users\dell\Desktop\laststation\Audio_augmented\noise\audio_001216__aug_noise_01.wav,لازملكم العام الاول au moins deux rechargement واحد في six mois الاولين و واحد في six mois الثانيين هذ العام الاول
C:\Users\dell\Desktop\laststation\Audio_augmented\speed\audio_001216__aug_speed_01.wav,لازملكم العام الاول au moins deux rechargement واحد في six mois الاولين و واحد في six mois الثانيين هذ العام الاول
C:\Users\dell\Desktop\laststation\Audio_augmented\compression\audio_001216__aug_compression_01.wav,لازملكم العام الاول au moins deux rechargement واحد في six mois الاولين و واحد في six mois الثانيين هذ العام الاول
C:\Users\dell\Desktop\laststation\Audio_augmented\noise\audio_001217__aug_noise_01.wav,كي يفوت العام الاول le modem يولي c'est bon تاعكم donc ماهوش تاع algerie telecom راهو تاعكم
C:\Users\dell\Desktop\laststation\Audio_augmented\speed\audio_001217__aug_speed_01.wav,كي يفوت العام الاول le modem يولي c'est bon تاعكم donc ماهوش تاع algerie telecom راهو تاعكم
C:\Users\dell\Desktop\laststation\Audio_augmented\compression\audio_001217__aug_compression_01.wav,كي يفوت العام الاول le modem يولي c'est bon تاعكم donc ماهوش تاع algerie telecom راهو تاعكم
C:\Users\dell\Desktop\laststation\Audio_augmented\noise\audio_001218__aug_noise_01.wav,بصح la condition تاع rechargement تاع chaque six mois لازم تبقاو تريسبيكتيوها
C:\Users\dell\Desktop\laststation\Audio_augmented\speed\audio_001218__aug_speed_01.wav,بصح la condition تاع rechargement تاع chaque six mois لازم تبقاو تريسبيكتيوها
C:\Users\dell\Desktop\laststation\Audio_augmented\compression\audio_001218__aug_compression_01.wav,بصح la condition تاع rechargement تاع chaque six mois لازم تبقاو تريسبيكتيوها
C:\Users\dell\Desktop\laststation\Audio_augmented\noise\audio_001219__aug_noise_01.wav,chaque six mois تروشارجيو au moins خطرة واش يصرا لوكان ماتروشارجيوش
C:\Users\dell\Desktop\laststation\Audio_augmented\speed\audio_001219__aug_speed_01.wav,chaque six mois تروشارجيو au moins خطرة واش يصرا لوكان ماتروشارجيوش
C:\Users\dell\Desktop\laststation\Audio_augmented\compression\audio_001219__aug_compression_01.wav,chaque six mois تروشارجيو au moins خطرة واش يصرا لوكان ماتروشارجيوش
C:\Users\dell\Desktop\laststation\Audio_augmented\noise\audio_001220__aug_noise_01.wav,d'accord و اذا صرالكم هذ le cas في deuixeme mois
C:\Users\dell\Desktop\laststation\Audio_augmented\speed\audio_001220__aug_speed_01.wav,d'accord و اذا صرالكم هذ le cas في deuixeme mois
C:\Users\dell\Desktop\laststation\Audio_augmented\compression\audio_001220__aug_compression_01.wav,d'accord و اذا صرالكم هذ le cas في deuixeme mois
C:\Users\dell\Desktop\laststation\Audio_augmented\noise\audio_001221__aug_noise_01.wav,و مارشارجيتوش و حبست la puce لازم تروحو لعندهم soit يعاودوا ياكتيفيولكم la puce تاعكم soit
C:\Users\dell\Desktop\laststation\Audio_augmented\speed\audio_001221__aug_speed_01.wav,و مارشارجيتوش و حبست la puce لازم تروحو لعندهم soit يعاودوا ياكتيفيولكم la puce تاعكم soit
C:\Users\dell\Desktop\laststation\Audio_augmented\compression\audio_001221__aug_compression_01.wav,و مارشارجيتوش و حبست la puce لازم تروحو لعندهم soit يعاودوا ياكتيفيولكم la puce تاعكم soit
C:\Users\dell\Desktop\laststation\Audio_augmented\noise\audio_001222__aug_noise_01.wav,قبل مانحكوا على كيفاش نكونيكتيو wifi تاع هذ le modem وين راه mot de passe تاعو و كذا etcetera
C:\Users\dell\Desktop\laststation\Audio_augmented\speed\audio_001222__aug_speed_01.wav,قبل مانحكوا على كيفاش نكونيكتيو wifi تاع هذ le modem وين راه mot de passe تاعو و كذا etcetera
C:\Users\dell\Desktop\laststation\Audio_augmented\compression\audio_001222__aug_compression_01.wav,قبل مانحكوا على كيفاش نكونيكتيو wifi تاع هذ le modem وين راه mot de passe تاعو و كذا etcetera
C:\Users\dell\Desktop\laststation\Audio_augmented\noise\audio_001223__aug_noise_01.wav,حبيت نحكيلكم على les offre تاع 4g تاع algerie telecom donc
C:\Users\dell\Desktop\laststation\Audio_augmented\speed\audio_001223__aug_speed_01.wav,حبيت نحكيلكم على les offre تاع 4g تاع algerie telecom donc
C:\Users\dell\Desktop\laststation\Audio_augmented\compression\audio_001223__aug_compression_01.wav,حبيت نحكيلكم على les offre تاع 4g تاع algerie telecom donc
C:\Users\dell\Desktop\laststation\Audio_augmented\noise\audio_001224__aug_noise_01.wav,كي تروحو le site تاع algerie telecom تروحو internet من بعد تروحو
C:\Users\dell\Desktop\laststation\Audio_augmented\speed\audio_001224__aug_speed_01.wav,كي تروحو le site تاع algerie telecom تروحو internet من بعد تروحو
C:\Users\dell\Desktop\laststation\Audio_augmented\compression\audio_001224__aug_compression_01.wav,كي تروحو le site تاع algerie telecom تروحو internet من بعد تروحو
C:\Users\dell\Desktop\laststation\Audio_augmented\noise\audio_001225__aug_noise_01.wav,تروحو tarif donc هنا تلقاو كامل les offre
C:\Users\dell\Desktop\laststation\Audio_augmented\speed\audio_001225__aug_speed_01.wav,تروحو tarif donc هنا تلقاو كامل les offre
C:\Users\dell\Desktop\laststation\Audio_augmented\compression\audio_001225__aug_compression_01.wav,تروحو tarif donc هنا تلقاو كامل les offre
C:\Users\dell\Desktop\laststation\Audio_augmented\noise\audio_001226__aug_noise_01.wav,quinze giga بخمسين الف chaque quinze jour valable quinze jour كاينة تاع quarante giga بمية الف valable شهر
C:\Users\dell\Desktop\laststation\Audio_augmented\speed\audio_001226__aug_speed_01.wav,quinze giga بخمسين الف chaque quinze jour valable quinze jour كاينة تاع quarante giga بمية الف valable شهر
C:\Users\dell\Desktop\laststation\Audio_augmented\compression\audio_001226__aug_compression_01.wav,quinze giga بخمسين الف chaque quinze jour valable quinze jour كاينة تاع quarante giga بمية الف valable شهر
C:\Users\dell\Desktop\laststation\Audio_augmented\noise\audio_001227__aug_noise_01.wav,و كاينة تاع cent cinquante giga بمية و خمسين الف valable شهر ثاني
C:\Users\dell\Desktop\laststation\Audio_augmented\speed\audio_001227__aug_speed_01.wav,و كاينة تاع cent cinquante giga بمية و خمسين الف valable شهر ثاني
C:\Users\dell\Desktop\laststation\Audio_augmented\compression\audio_001227__aug_compression_01.wav,و كاينة تاع cent cinquante giga بمية و خمسين الف valable شهر ثاني
C:\Users\dell\Desktop\laststation\Audio_augmented\noise\audio_001228__aug_noise_01.wav,كاينة تاع trois cent giga بميتين و خمسين الف valable deux mois كاينة تاع quatre cent giga
C:\Users\dell\Desktop\laststation\Audio_augmented\speed\audio_001228__aug_speed_01.wav,كاينة تاع trois cent giga بميتين و خمسين الف valable deux mois كاينة تاع quatre cent giga
C:\Users\dell\Desktop\laststation\Audio_augmented\compression\audio_001228__aug_compression_01.wav,كاينة تاع trois cent giga بميتين و خمسين الف valable deux mois كاينة تاع quatre cent giga
C:\Users\dell\Desktop\laststation\Audio_augmented\noise\audio_001229__aug_noise_01.wav,تخيروا l'offre الي تساعدكم هذ le modem كي تشريوه la premier fois
C:\Users\dell\Desktop\laststation\Audio_augmented\speed\audio_001229__aug_speed_01.wav,تخيروا l'offre الي تساعدكم هذ le modem كي تشريوه la premier fois
C:\Users\dell\Desktop\laststation\Audio_augmented\compression\audio_001229__aug_compression_01.wav,تخيروا l'offre الي تساعدكم هذ le modem كي تشريوه la premier fois
C:\Users\dell\Desktop\laststation\Audio_augmented\noise\audio_001230__aug_noise_01.wav,راه فيه هذ فيه cent cinquante giga الي هي valable pour un mois
C:\Users\dell\Desktop\laststation\Audio_augmented\speed\audio_001230__aug_speed_01.wav,راه فيه هذ فيه cent cinquante giga الي هي valable pour un mois
C:\Users\dell\Desktop\laststation\Audio_augmented\compression\audio_001230__aug_compression_01.wav,راه فيه هذ فيه cent cinquante giga الي هي valable pour un mois
C:\Users\dell\Desktop\laststation\Audio_augmented\noise\audio_001231__aug_noise_01.wav,عندكم cent cinquante giga تقدرو تستعملوها pendant un mois و الى فات un mois و مستعملتوهاش ولا بقى منها شوية c'est bon
C:\Users\dell\Desktop\laststation\Audio_augmented\speed\audio_001231__aug_speed_01.wav,عندكم cent cinquante giga تقدرو تستعملوها pendant un mois و الى فات un mois و مستعملتوهاش ولا بقى منها شوية c'est bon
C:\Users\dell\Desktop\laststation\Audio_augmented\compression\audio_001231__aug_compression_01.wav,عندكم cent cinquante giga تقدرو تستعملوها pendant un mois و الى فات un mois و مستعملتوهاش ولا بقى منها شوية c'est bon
C:\Users\dell\Desktop\laststation\Audio_augmented\noise\audio_001232__aug_noise_01.wav,وفيها mille dinar vers le reseau moblie
C:\Users\dell\Desktop\laststation\Audio_augmented\speed\audio_001232__aug_speed_01.wav,وفيها mille dinar vers le reseau moblie
C:\Users\dell\Desktop\laststation\Audio_augmented\compression\audio_001232__aug_compression_01.wav,وفيها mille dinar vers le reseau moblie
C:\Users\dell\Desktop\laststation\Audio_augmented\noise\audio_001233__aug_noise_01.wav,تاع quatre cent cinquante giga فيها deux mille dinar ميتين الف تاع les appel
C:\Users\dell\Desktop\laststation\Audio_augmented\speed\audio_001233__aug_speed_01.wav,تاع quatre cent cinquante giga فيها deux mille dinar ميتين الف تاع les appel
C:\Users\dell\Desktop\laststation\Audio_augmented\compression\audio_001233__aug_compression_01.wav,تاع quatre cent cinquante giga فيها deux mille dinar ميتين الف تاع les appel
C:\Users\dell\Desktop\laststation\Audio_augmented\noise\audio_001234__aug_noise_01.wav,les reseau mobile donc هذا c'est un avantage الي عندو apparail fix ماذبيه يبروفيتي من هذ les avantage
C:\Users\dell\Desktop\laststation\Audio_augmented\speed\audio_001234__aug_speed_01.wav,les reseau mobile donc هذا c'est un avantage الي عندو apparail fix ماذبيه يبروفيتي من هذ les avantage
C:\Users\dell\Desktop\laststation\Audio_augmented\compression\audio_001234__aug_compression_01.wav,les reseau mobile donc هذا c'est un avantage الي عندو apparail fix ماذبيه يبروفيتي من هذ les avantage
C:\Users\dell\Desktop\laststation\Audio_augmented\noise\audio_001235__aug_noise_01.wav,و اذا حبيتوا تشوفو كامل les offre الي كاينين تقدرو توكنسولتيو هذ la page في le site تاع algerie telecom و تشوفو كامل les offre الي عندهم
C:\Users\dell\Desktop\laststation\Audio_augmented\speed\audio_001235__aug_speed_01.wav,و اذا حبيتوا تشوفو كامل les offre الي كاينين تقدرو توكنسولتيو هذ la page في le site تاع algerie telecom و تشوفو كامل les offre الي عندهم
C:\Users\dell\Desktop\laststation\Audio_augmented\compression\audio_001235__aug_compression_01.wav,و اذا حبيتوا تشوفو كامل les offre الي كاينين تقدرو توكنسولتيو هذ la page في le site تاع algerie telecom و تشوفو كامل les offre الي عندهم
C:\Users\dell\Desktop\laststation\Audio_augmented\noise\audio_001236__aug_noise_01.wav,و كيما راكم تشوفو تحت modem راح تلقاو les information تاع le modem
C:\Users\dell\Desktop\laststation\Audio_augmented\speed\audio_001236__aug_speed_01.wav,و كيما راكم تشوفو تحت modem راح تلقاو les information تاع le modem
C:\Users\dell\Desktop\laststation\Audio_augmented\compression\audio_001236__aug_compression_01.wav,و كيما راكم تشوفو تحت modem راح تلقاو les information تاع le modem
C:\Users\dell\Desktop\laststation\Audio_augmented\noise\audio_001237__aug_noise_01.wav,راح تلڨاو الاسم تاع wifi تاعو كيفاش راح تلڨاو le mot de passe
C:\Users\dell\Desktop\laststation\Audio_augmented\speed\audio_001237__aug_speed_01.wav,راح تلڨاو الاسم تاع wifi تاعو كيفاش راح تلڨاو le mot de passe
C:\Users\dell\Desktop\laststation\Audio_augmented\compression\audio_001237__aug_compression_01.wav,راح تلڨاو الاسم تاع wifi تاعو كيفاش راح تلڨاو le mot de passe
C:\Users\dell\Desktop\laststation\Audio_augmented\noise\audio_001238__aug_noise_01.wav,و راح تلڨاو l'adresse ip تاع le modem c'est a dire باش تدخلو la configuration تاعو و راح تلڨاو le mot de passe
C:\Users\dell\Desktop\laststation\Audio_augmented\speed\audio_001238__aug_speed_01.wav,و راح تلڨاو l'adresse ip تاع le modem c'est a dire باش تدخلو la configuration تاعو و راح تلڨاو le mot de passe
C:\Users\dell\Desktop\laststation\Audio_augmented\compression\audio_001238__aug_compression_01.wav,و راح تلڨاو l'adresse ip تاع le modem c'est a dire باش تدخلو la configuration تاعو و راح تلڨاو le mot de passe
C:\Users\dell\Desktop\laststation\Audio_augmented\noise\audio_001239__aug_noise_01.wav,تاع la configuration تاع modem الي هو هنايا admin انا راني بدلتو
C:\Users\dell\Desktop\laststation\Audio_augmented\speed\audio_001239__aug_speed_01.wav,تاع la configuration تاع modem الي هو هنايا admin انا راني بدلتو
C:\Users\dell\Desktop\laststation\Audio_augmented\compression\audio_001239__aug_compression_01.wav,تاع la configuration تاع modem الي هو هنايا admin انا راني بدلتو
C:\Users\dell\Desktop\laststation\Audio_augmented\noise\audio_001240__aug_noise_01.wav,voila donc هنا الي تقدرو تلڨاو le mot de passe تاعكم
C:\Users\dell\Desktop\laststation\Audio_augmented\speed\audio_001240__aug_speed_01.wav,voila donc هنا الي تقدرو تلڨاو le mot de passe تاعكم
C:\Users\dell\Desktop\laststation\Audio_augmented\compression\audio_001240__aug_compression_01.wav,voila donc هنا الي تقدرو تلڨاو le mot de passe تاعكم
C:\Users\dell\Desktop\laststation\Audio_augmented\noise\audio_001241__aug_noise_01.wav,تكونيكتيو من micro تاعكم modem بل wifi ولا بل cable donc
C:\Users\dell\Desktop\laststation\Audio_augmented\speed\audio_001241__aug_speed_01.wav,تكونيكتيو من micro تاعكم modem بل wifi ولا بل cable donc
C:\Users\dell\Desktop\laststation\Audio_augmented\compression\audio_001241__aug_compression_01.wav,تكونيكتيو من micro تاعكم modem بل wifi ولا بل cable donc
C:\Users\dell\Desktop\laststation\Audio_augmented\noise\audio_001242__aug_noise_01.wav,اذا تحبوا تكونيكتيو la configuration تاعو ديرو l'adresse ip في navigateur
C:\Users\dell\Desktop\laststation\Audio_augmented\speed\audio_001242__aug_speed_01.wav,اذا تحبوا تكونيكتيو la configuration تاعو ديرو l'adresse ip في navigateur
C:\Users\dell\Desktop\laststation\Audio_augmented\compression\audio_001242__aug_compression_01.wav,اذا تحبوا تكونيكتيو la configuration تاعو ديرو l'adresse ip في navigateur
C:\Users\dell\Desktop\laststation\Audio_augmented\noise\audio_001243__aug_noise_01.wav,الي هي بالنسبة ليا انا هي cent quatre vingt douze cent soixante huit huit un
C:\Users\dell\Desktop\laststation\Audio_augmented\speed\audio_001243__aug_speed_01.wav,الي هي بالنسبة ليا انا هي cent quatre vingt douze cent soixante huit huit un
C:\Users\dell\Desktop\laststation\Audio_augmented\compression\audio_001243__aug_compression_01.wav,الي هي بالنسبة ليا انا هي cent quatre vingt douze cent soixante huit huit un
C:\Users\dell\Desktop\laststation\Audio_augmented\noise\audio_001244__aug_noise_01.wav,4g تاع algerie telecom و راكم عندكم un apparail الي راه مكونيكتي
C:\Users\dell\Desktop\laststation\Audio_augmented\speed\audio_001244__aug_speed_01.wav,4g تاع algerie telecom و راكم عندكم un apparail الي راه مكونيكتي
C:\Users\dell\Desktop\laststation\Audio_augmented\compression\audio_001244__aug_compression_01.wav,4g تاع algerie telecom و راكم عندكم un apparail الي راه مكونيكتي
C:\Users\dell\Desktop\laststation\Audio_augmented\noise\audio_001245__aug_noise_01.wav,على هذ les chiffre هذو راح يديكم la page هذي الي توريلكم la consommation تاعكم تاع la 4g
C:\Users\dell\Desktop\laststation\Audio_augmented\speed\audio_001245__aug_speed_01.wav,على هذ les chiffre هذو راح يديكم la page هذي الي توريلكم la consommation تاعكم تاع la 4g
C:\Users\dell\Desktop\laststation\Audio_augmented\compression\audio_001245__aug_compression_01.wav,على هذ les chiffre هذو راح يديكم la page هذي الي توريلكم la consommation تاعكم تاع la 4g
C:\Users\dell\Desktop\laststation\Audio_augmented\noise\audio_001246__aug_noise_01.wav,donc من البارح لليوم كونسوميت six giga من هذ
C:\Users\dell\Desktop\laststation\Audio_augmented\speed\audio_001246__aug_speed_01.wav,donc من البارح لليوم كونسوميت six giga من هذ
C:\Users\dell\Desktop\laststation\Audio_augmented\compression\audio_001246__aug_compression_01.wav,donc من البارح لليوم كونسوميت six giga من هذ
C:\Users\dell\Desktop\laststation\Audio_augmented\noise\audio_001247__aug_noise_01.wav,كون ترجعوا la page d'acceuill و تكليكيو على les appareil هنايا
C:\Users\dell\Desktop\laststation\Audio_augmented\speed\audio_001247__aug_speed_01.wav,كون ترجعوا la page d'acceuill و تكليكيو على les appareil هنايا
C:\Users\dell\Desktop\laststation\Audio_augmented\compression\audio_001247__aug_compression_01.wav,كون ترجعوا la page d'acceuill و تكليكيو على les appareil هنايا
C:\Users\dell\Desktop\laststation\Audio_augmented\noise\audio_001248__aug_noise_01.wav,تقدرو تبدلو les information تاع wifi تاعكم par example تبدلو الاسم تاع wifi ولا تبدلو mot de passe
C:\Users\dell\Desktop\laststation\Audio_augmented\speed\audio_001248__aug_speed_01.wav,تقدرو تبدلو les information تاع wifi تاعكم par example تبدلو الاسم تاع wifi ولا تبدلو mot de passe
C:\Users\dell\Desktop\laststation\Audio_augmented\compression\audio_001248__aug_compression_01.wav,تقدرو تبدلو les information تاع wifi تاعكم par example تبدلو الاسم تاع wifi ولا تبدلو mot de passe
C:\Users\dell\Desktop\laststation\Audio_augmented\noise\audio_001249__aug_noise_01.wav,و اذا بدلتوهم ديرو enregistrer باش يتوريجيستراو les changement تاعكم
C:\Users\dell\Desktop\laststation\Audio_augmented\speed\audio_001249__aug_speed_01.wav,و اذا بدلتوهم ديرو enregistrer باش يتوريجيستراو les changement تاعكم
C:\Users\dell\Desktop\laststation\Audio_augmented\compression\audio_001249__aug_compression_01.wav,و اذا بدلتوهم ديرو enregistrer باش يتوريجيستراو les changement تاعكم
C:\Users\dell\Desktop\laststation\Audio_augmented\noise\audio_001250__aug_noise_01.wav,اذا حبيتو ديزاكتيفيو le wifi و تكونيكتيو غير بل cable اكليكيو هنا يتديزاكتيفا
C:\Users\dell\Desktop\laststation\Audio_augmented\speed\audio_001250__aug_speed_01.wav,اذا حبيتو ديزاكتيفيو le wifi و تكونيكتيو غير بل cable اكليكيو هنا يتديزاكتيفا
C:\Users\dell\Desktop\laststation\Audio_augmented\compression\audio_001250__aug_compression_01.wav,اذا حبيتو ديزاكتيفيو le wifi و تكونيكتيو غير بل cable اكليكيو هنا يتديزاكتيفا
C:\Users\dell\Desktop\laststation\Audio_augmented\noise\audio_001251__aug_noise_01.wav,عندكم les parametre de securiter عندكم filtre
C:\Users\dell\Desktop\laststation\Audio_augmented\speed\audio_001251__aug_speed_01.wav,عندكم les parametre de securiter عندكم filtre
C:\Users\dell\Desktop\laststation\Audio_augmented\compression\audio_001251__aug_compression_01.wav,عندكم les parametre de securiter عندكم filtre
C:\Users\dell\Desktop\laststation\Audio_augmented\noise\audio_001252__aug_noise_01.wav,بي l'adresse mac etcetera عندكم mise a jour اذا حبيتوا ديرولو mise a jour modem تاعكم انا actuellement modem تاعي راهو a jour
C:\Users\dell\Desktop\laststation\Audio_augmented\speed\audio_001252__aug_speed_01.wav,بي l'adresse mac etcetera عندكم mise a jour اذا حبيتوا ديرولو mise a jour modem تاعكم انا actuellement modem تاعي راهو a jour
C:\Users\dell\Desktop\laststation\Audio_augmented\compression\audio_001252__aug_compression_01.wav,بي l'adresse mac etcetera عندكم mise a jour اذا حبيتوا ديرولو mise a jour modem تاعكم انا actuellement modem تاعي راهو a jour
C:\Users\dell\Desktop\laststation\Audio_augmented\noise\audio_001253__aug_noise_01.wav,ما نحتاجش نديرو mise a jour و عندكم بزاف les option الي حب يديكوفري
C:\Users\dell\Desktop\laststation\Audio_augmented\speed\audio_001253__aug_speed_01.wav,ما نحتاجش نديرو mise a jour و عندكم بزاف les option الي حب يديكوفري
C:\Users\dell\Desktop\laststation\Audio_augmented\compression\audio_001253__aug_compression_01.wav,ما نحتاجش نديرو mise a jour و عندكم بزاف les option الي حب يديكوفري
C:\Users\dell\Desktop\laststation\Audio_augmented\noise\audio_001254__aug_noise_01.wav,عندكم les information تاع le modem تاعكم هنايا information sur l'appareil
C:\Users\dell\Desktop\laststation\Audio_augmented\speed\audio_001254__aug_speed_01.wav,عندكم les information تاع le modem تاعكم هنايا information sur l'appareil
C:\Users\dell\Desktop\laststation\Audio_augmented\compression\audio_001254__aug_compression_01.wav,عندكم les information تاع le modem تاعكم هنايا information sur l'appareil
C:\Users\dell\Desktop\laststation\Audio_augmented\noise\audio_001255__aug_noise_01.wav,تقدرو تروديماريو modem تاعكم منا من la configuration تقدرو تديرو restauration
C:\Users\dell\Desktop\laststation\Audio_augmented\speed\audio_001255__aug_speed_01.wav,تقدرو تروديماريو modem تاعكم منا من la configuration تقدرو تديرو restauration
C:\Users\dell\Desktop\laststation\Audio_augmented\compression\audio_001255__aug_compression_01.wav,تقدرو تروديماريو modem تاعكم منا من la configuration تقدرو تديرو restauration
C:\Users\dell\Desktop\laststation\Audio_augmented\noise\audio_001256__aug_noise_01.wav,و bien sur تقدرو تبدلو le mot de passe تقدرو باش تبدلو mot de passe لازم تسيزيو mot de passe actuelle
C:\Users\dell\Desktop\laststation\Audio_augmented\speed\audio_001256__aug_speed_01.wav,و bien sur تقدرو تبدلو le mot de passe تقدرو باش تبدلو mot de passe لازم تسيزيو mot de passe actuelle
C:\Users\dell\Desktop\laststation\Audio_augmented\compression\audio_001256__aug_compression_01.wav,و bien sur تقدرو تبدلو le mot de passe تقدرو باش تبدلو mot de passe لازم تسيزيو mot de passe actuelle
C:\Users\dell\Desktop\laststation\Audio_augmented\noise\audio_001257__aug_noise_01.wav,تسيزيو mot de passe الجديد و تكونفيرميوه donc انا هكذا درت جيت هنايا كتبت هنا admin
C:\Users\dell\Desktop\laststation\Audio_augmented\speed\audio_001257__aug_speed_01.wav,تسيزيو mot de passe الجديد و تكونفيرميوه donc انا هكذا درت جيت هنايا كتبت هنا admin
C:\Users\dell\Desktop\laststation\Audio_augmented\compression\audio_001257__aug_compression_01.wav,تسيزيو mot de passe الجديد و تكونفيرميوه donc انا هكذا درت جيت هنايا كتبت هنا admin
C:\Users\dell\Desktop\laststation\Audio_augmented\noise\audio_001258__aug_noise_01.wav,donc voila درتلكم un petit tour مش راح ندخل في les detail كامل
C:\Users\dell\Desktop\laststation\Audio_augmented\speed\audio_001258__aug_speed_01.wav,donc voila درتلكم un petit tour مش راح ندخل في les detail كامل
C:\Users\dell\Desktop\laststation\Audio_augmented\compression\audio_001258__aug_compression_01.wav,donc voila درتلكم un petit tour مش راح ندخل في les detail كامل
C:\Users\dell\Desktop\laststation\Audio_augmented\noise\audio_001259__aug_noise_01.wav,هذ video بغيت نختمها بحاجة الي هي ندير une comparaison مابين
C:\Users\dell\Desktop\laststation\Audio_augmented\speed\audio_001259__aug_speed_01.wav,هذ video بغيت نختمها بحاجة الي هي ندير une comparaison مابين
C:\Users\dell\Desktop\laststation\Audio_augmented\compression\audio_001259__aug_compression_01.wav,هذ video بغيت نختمها بحاجة الي هي ندير une comparaison مابين
C:\Users\dell\Desktop\laststation\Audio_augmented\noise\audio_001260__aug_noise_01.wav,دوك نشوفوها par rapport modem هذا دوك نروح le site هذا
C:\Users\dell\Desktop\laststation\Audio_augmented\speed\audio_001260__aug_speed_01.wav,دوك نشوفوها par rapport modem هذا دوك نروح le site هذا
C:\Users\dell\Desktop\laststation\Audio_augmented\compression\audio_001260__aug_compression_01.wav,دوك نشوفوها par rapport modem هذا دوك نروح le site هذا
C:\Users\dell\Desktop\laststation\Audio_augmented\noise\audio_001261__aug_noise_01.wav,الي هو اسمو fast تاع twitter خدمتو twitter
C:\Users\dell\Desktop\laststation\Audio_augmented\speed\audio_001261__aug_speed_01.wav,الي هو اسمو fast تاع twitter خدمتو twitter
C:\Users\dell\Desktop\laststation\Audio_augmented\compression\audio_001261__aug_compression_01.wav,الي هو اسمو fast تاع twitter خدمتو twitter
C:\Users\dell\Desktop\laststation\Audio_augmented\noise\audio_001262__aug_noise_01.wav,bon قليلة هي normalment تطلع تفوت تفوت
C:\Users\dell\Desktop\laststation\Audio_augmented\speed\audio_001262__aug_speed_01.wav,bon قليلة هي normalment تطلع تفوت تفوت
C:\Users\dell\Desktop\laststation\Audio_augmented\compression\audio_001262__aug_compression_01.wav,bon قليلة هي normalment تطلع تفوت تفوت
C:\Users\dell\Desktop\laststation\Audio_augmented\noise\audio_001263__aug_noise_01.wav,تقدر تلحق حتى cinquante mega على حساب le moment الي
C:\Users\dell\Desktop\laststation\Audio_augmented\speed\audio_001263__aug_speed_01.wav,تقدر تلحق حتى cinquante mega على حساب le moment الي
C:\Users\dell\Desktop\laststation\Audio_augmented\compression\audio_001263__aug_compression_01.wav,تقدر تلحق حتى cinquante mega على حساب le moment الي
C:\Users\dell\Desktop\laststation\Audio_augmented\noise\audio_001264__aug_noise_01.wav,اليوم راني مع العشية donc راكم تشوفو شوية ضعيفة
C:\Users\dell\Desktop\laststation\Audio_augmented\speed\audio_001264__aug_speed_01.wav,اليوم راني مع العشية donc راكم تشوفو شوية ضعيفة
C:\Users\dell\Desktop\laststation\Audio_augmented\compression\audio_001264__aug_compression_01.wav,اليوم راني مع العشية donc راكم تشوفو شوية ضعيفة
C:\Users\dell\Desktop\laststation\Audio_augmented\noise\audio_001265__aug_noise_01.wav,و هذا وين راني غلطت قلتلكم بلي site هذا راه developper par twitter هو
C:\Users\dell\Desktop\laststation\Audio_augmented\speed\audio_001265__aug_speed_01.wav,و هذا وين راني غلطت قلتلكم بلي site هذا راه developper par twitter هو
C:\Users\dell\Desktop\laststation\Audio_augmented\compression\audio_001265__aug_compression_01.wav,و هذا وين راني غلطت قلتلكم بلي site هذا راه developper par twitter هو
C:\Users\dell\Desktop\laststation\Audio_augmented\noise\audio_001266__aug_noise_01.wav,نلقاو telecommande bluetooth الي راكم متعودين تشوفوها و المهم كامل في هذي العلبة هو twinbox هذو كامل من عند dlink معالج
C:\Users\dell\Desktop\laststation\Audio_augmented\speed\audio_001266__aug_speed_01.wav,نلقاو telecommande bluetooth الي راكم متعودين تشوفوها و المهم كامل في هذي العلبة هو twinbox هذو كامل من عند dlink معالج
C:\Users\dell\Desktop\laststation\Audio_augmented\compression\audio_001266__aug_compression_01.wav,نلقاو telecommande bluetooth الي راكم متعودين تشوفوها و المهم كامل في هذي العلبة هو twinbox هذو كامل من عند dlink معالج
C:\Users\dell\Desktop\laststation\Audio_augmented\noise\audio_001267__aug_noise_01.wav,logique فيها ثنين giga ram و ثنين و ثلاثين giga memoire و باش تعرف كلش عليها تبع هذا video حتى الاخر
C:\Users\dell\Desktop\laststation\Audio_augmented\speed\audio_001267__aug_speed_01.wav,logique فيها ثنين giga ram و ثنين و ثلاثين giga memoire و باش تعرف كلش عليها تبع هذا video حتى الاخر
C:\Users\dell\Desktop\laststation\Audio_augmented\compression\audio_001267__aug_compression_01.wav,logique فيها ثنين giga ram و ثنين و ثلاثين giga memoire و باش تعرف كلش عليها تبع هذا video حتى الاخر
C:\Users\dell\Desktop\laststation\Audio_augmented\noise\audio_001268__aug_noise_01.wav,من هنا المنفذ الي تدخل فيه la puce تاع djezzy او تبرونشيه direct مع modem
C:\Users\dell\Desktop\laststation\Audio_augmented\speed\audio_001268__aug_speed_01.wav,من هنا المنفذ الي تدخل فيه la puce تاع djezzy او تبرونشيه direct مع modem
C:\Users\dell\Desktop\laststation\Audio_augmented\compression\audio_001268__aug_compression_01.wav,من هنا المنفذ الي تدخل فيه la puce تاع djezzy او تبرونشيه direct مع modem
C:\Users\dell\Desktop\laststation\Audio_augmented\noise\audio_001269__aug_noise_01.wav,هذا الي يفسرلكم واش يجمع algerie telecom مع djezzy في box واحدة بسم الله نشغلوها
C:\Users\dell\Desktop\laststation\Audio_augmented\speed\audio_001269__aug_speed_01.wav,هذا الي يفسرلكم واش يجمع algerie telecom مع djezzy في box واحدة بسم الله نشغلوها
C:\Users\dell\Desktop\laststation\Audio_augmented\compression\audio_001269__aug_compression_01.wav,هذا الي يفسرلكم واش يجمع algerie telecom مع djezzy في box واحدة بسم الله نشغلوها
C:\Users\dell\Desktop\laststation\Audio_augmented\noise\audio_001270__aug_noise_01.wav,تشوفو مدعومة رسميا من عند google المهم كامل تدعم quatre k على هذي جربتها في moniteur professionelle
C:\Users\dell\Desktop\laststation\Audio_augmented\speed\audio_001270__aug_speed_01.wav,تشوفو مدعومة رسميا من عند google المهم كامل تدعم quatre k على هذي جربتها في moniteur professionelle
C:\Users\dell\Desktop\laststation\Audio_augmented\compression\audio_001270__aug_compression_01.wav,تشوفو مدعومة رسميا من عند google المهم كامل تدعم quatre k على هذي جربتها في moniteur professionelle
C:\Users\dell\Desktop\laststation\Audio_augmented\noise\audio_001271__aug_noise_01.wav,كيما تشوفو تمشي على version douze تاع android tv pour هذ modele twinbox
C:\Users\dell\Desktop\laststation\Audio_augmented\speed\audio_001271__aug_speed_01.wav,كيما تشوفو تمشي على version douze تاع android tv pour هذ modele twinbox
C:\Users\dell\Desktop\laststation\Audio_augmented\compression\audio_001271__aug_compression_01.wav,كيما تشوفو تمشي على version douze تاع android tv pour هذ modele twinbox
C:\Users\dell\Desktop\laststation\Audio_augmented\noise\audio_001272__aug_noise_01.wav,modele quatre k و دوك نتاكدو بلي تمشي هذ resolution و l'installation تاعها سهلة خلاص تبرونشي chargeur في la prise و تبرونشي cable
C:\Users\dell\Desktop\laststation\Audio_augmented\speed\audio_001272__aug_speed_01.wav,modele quatre k و دوك نتاكدو بلي تمشي هذ resolution و l'installation تاعها سهلة خلاص تبرونشي chargeur في la prise و تبرونشي cable
C:\Users\dell\Desktop\laststation\Audio_augmented\compression\audio_001272__aug_compression_01.wav,modele quatre k و دوك نتاكدو بلي تمشي هذ resolution و l'installation تاعها سهلة خلاص تبرونشي chargeur في la prise و تبرونشي cable
C:\Users\dell\Desktop\laststation\Audio_augmented\noise\audio_001273__aug_noise_01.wav,hdmi مع television ديالك bon هذا هو home تاع la twinbox
C:\Users\dell\Desktop\laststation\Audio_augmented\speed\audio_001273__aug_speed_01.wav,hdmi مع television ديالك bon هذا هو home تاع la twinbox
C:\Users\dell\Desktop\laststation\Audio_augmented\compression\audio_001273__aug_compression_01.wav,hdmi مع television ديالك bon هذا هو home تاع la twinbox
C:\Users\dell\Desktop\laststation\Audio_augmented\noise\audio_001274__aug_noise_01.wav,تشوفو فيها بزاف les application حنا ندخلو direct في المفيد هذي la twinbox هي tvbox كيما راكم تشوفو هذي حاجة باينة مفروغ منها و كيما اي
C:\Users\dell\Desktop\laststation\Audio_augmented\speed\audio_001274__aug_speed_01.wav,تشوفو فيها بزاف les application حنا ندخلو direct في المفيد هذي la twinbox هي tvbox كيما راكم تشوفو هذي حاجة باينة مفروغ منها و كيما اي
C:\Users\dell\Desktop\laststation\Audio_augmented\compression\audio_001274__aug_compression_01.wav,تشوفو فيها بزاف les application حنا ندخلو direct في المفيد هذي la twinbox هي tvbox كيما راكم تشوفو هذي حاجة باينة مفروغ منها و كيما اي
C:\Users\dell\Desktop\laststation\Audio_augmented\noise\audio_001275__aug_noise_01.wav,tvbox راهو موجود في marcher حاليا تقدر تكونيكتيه مع wifi الي راهو في داركم يعني احكم wifi دير mot de passe ابدا تكونيكي في la tvbox
C:\Users\dell\Desktop\laststation\Audio_augmented\speed\audio_001275__aug_speed_01.wav,tvbox راهو موجود في marcher حاليا تقدر تكونيكتيه مع wifi الي راهو في داركم يعني احكم wifi دير mot de passe ابدا تكونيكي في la tvbox
C:\Users\dell\Desktop\laststation\Audio_augmented\compression\audio_001275__aug_compression_01.wav,tvbox راهو موجود في marcher حاليا تقدر تكونيكتيه مع wifi الي راهو في داركم يعني احكم wifi دير mot de passe ابدا تكونيكي في la tvbox
C:\Users\dell\Desktop\laststation\Audio_augmented\noise\audio_001276__aug_noise_01.wav,تفرج mais هذا tvbox فيه حاجات جديد اول حاجة يخدم modem 4g تاع djezzy معنتها ديرلو la puce djezzy تبدا تكونيكتي 4g
C:\Users\dell\Desktop\laststation\Audio_augmented\speed\audio_001276__aug_speed_01.wav,تفرج mais هذا tvbox فيه حاجات جديد اول حاجة يخدم modem 4g تاع djezzy معنتها ديرلو la puce djezzy تبدا تكونيكتي 4g
C:\Users\dell\Desktop\laststation\Audio_augmented\compression\audio_001276__aug_compression_01.wav,تفرج mais هذا tvbox فيه حاجات جديد اول حاجة يخدم modem 4g تاع djezzy معنتها ديرلو la puce djezzy تبدا تكونيكتي 4g
C:\Users\dell\Desktop\laststation\Audio_augmented\noise\audio_001277__aug_noise_01.wav,و من غير هذي تقدر تربطو directement مع modem تعكم تاع داركم عن طريق cable
C:\Users\dell\Desktop\laststation\Audio_augmented\speed\audio_001277__aug_speed_01.wav,و من غير هذي تقدر تربطو directement مع modem تعكم تاع داركم عن طريق cable
C:\Users\dell\Desktop\laststation\Audio_augmented\compression\audio_001277__aug_compression_01.wav,و من غير هذي تقدر تربطو directement مع modem تعكم تاع داركم عن طريق cable
C:\Users\dell\Desktop\laststation\Audio_augmented\noise\audio_001278__aug_noise_01.wav,يخدم modem لانو راح يمدلك شبكة مزدوجة تاع wifi عن طريق هذوك les antenne هكذا يرجع يخدم modem 4g او routeur
C:\Users\dell\Desktop\laststation\Audio_augmented\speed\audio_001278__aug_speed_01.wav,يخدم modem لانو راح يمدلك شبكة مزدوجة تاع wifi عن طريق هذوك les antenne هكذا يرجع يخدم modem 4g او routeur
C:\Users\dell\Desktop\laststation\Audio_augmented\compression\audio_001278__aug_compression_01.wav,يخدم modem لانو راح يمدلك شبكة مزدوجة تاع wifi عن طريق هذوك les antenne هكذا يرجع يخدم modem 4g او routeur
C:\Users\dell\Desktop\laststation\Audio_augmented\noise\audio_001279__aug_noise_01.wav,نستناو شوية حتى ياكيفي معنا هذا العرض نديرو دوكا mot de passe l'application و نتكي على suivant
C:\Users\dell\Desktop\laststation\Audio_augmented\speed\audio_001279__aug_speed_01.wav,نستناو شوية حتى ياكيفي معنا هذا العرض نديرو دوكا mot de passe l'application و نتكي على suivant
C:\Users\dell\Desktop\laststation\Audio_augmented\compression\audio_001279__aug_compression_01.wav,نستناو شوية حتى ياكيفي معنا هذا العرض نديرو دوكا mot de passe l'application و نتكي على suivant
C:\Users\dell\Desktop\laststation\Audio_augmented\noise\audio_001280__aug_noise_01.wav,هكذا felicitation اكتيفينا العرض تاع quatre k على deux ecran يعني تقدر تشريها انت وصاحبك
C:\Users\dell\Desktop\laststation\Audio_augmented\speed\audio_001280__aug_speed_01.wav,هكذا felicitation اكتيفينا العرض تاع quatre k على deux ecran يعني تقدر تشريها انت وصاحبك
C:\Users\dell\Desktop\laststation\Audio_augmented\compression\audio_001280__aug_compression_01.wav,هكذا felicitation اكتيفينا العرض تاع quatre k على deux ecran يعني تقدر تشريها انت وصاحبك
C:\Users\dell\Desktop\laststation\Audio_augmented\noise\audio_001281__aug_noise_01.wav,meme تقدر تتفرج فيها les film كيما تشوفو نروحو لتطبيقات ندخلو google play تقدر installer بزاف les application
C:\Users\dell\Desktop\laststation\Audio_augmented\speed\audio_001281__aug_speed_01.wav,meme تقدر تتفرج فيها les film كيما تشوفو نروحو لتطبيقات ندخلو google play تقدر installer بزاف les application
C:\Users\dell\Desktop\laststation\Audio_augmented\compression\audio_001281__aug_compression_01.wav,meme تقدر تتفرج فيها les film كيما تشوفو نروحو لتطبيقات ندخلو google play تقدر installer بزاف les application
C:\Users\dell\Desktop\laststation\Audio_augmented\noise\audio_001282__aug_noise_01.wav,عندك netfilx prime video و مع هذيا كاين des application من تطوير فريق فينك الجزايري كيما تشوفو دوخرا
C:\Users\dell\Desktop\laststation\Audio_augmented\speed\audio_001282__aug_speed_01.wav,عندك netfilx prime video و مع هذيا كاين des application من تطوير فريق فينك الجزايري كيما تشوفو دوخرا
C:\Users\dell\Desktop\laststation\Audio_augmented\compression\audio_001282__aug_compression_01.wav,عندك netfilx prime video و مع هذيا كاين des application من تطوير فريق فينك الجزايري كيما تشوفو دوخرا
C:\Users\dell\Desktop\laststation\Audio_augmented\noise\audio_001283__aug_noise_01.wav,الجزاير و djezzy و فيها بزاف les cour en ligne هكذا يقدر وليدك ولا بنتك يتبع les cour تاعو direct من هذي la tvbox يعني ماهيش
C:\Users\dell\Desktop\laststation\Audio_augmented\speed\audio_001283__aug_speed_01.wav,الجزاير و djezzy و فيها بزاف les cour en ligne هكذا يقدر وليدك ولا بنتك يتبع les cour تاعو direct من هذي la tvbox يعني ماهيش
C:\Users\dell\Desktop\laststation\Audio_augmented\compression\audio_001283__aug_compression_01.wav,الجزاير و djezzy و فيها بزاف les cour en ligne هكذا يقدر وليدك ولا بنتك يتبع les cour تاعو direct من هذي la tvbox يعني ماهيش
C:\Users\dell\Desktop\laststation\Audio_augmented\noise\audio_001284__aug_noise_01.wav,غير بي commande vocal دير la recherche تاعك بلى ماتستعمل clavier باستخدام هذي la telecommande و فيها هذا bouton تاع hi google كيما تشوفو
C:\Users\dell\Desktop\laststation\Audio_augmented\speed\audio_001284__aug_speed_01.wav,غير بي commande vocal دير la recherche تاعك بلى ماتستعمل clavier باستخدام هذي la telecommande و فيها هذا bouton تاع hi google كيما تشوفو
C:\Users\dell\Desktop\laststation\Audio_augmented\compression\audio_001284__aug_compression_01.wav,غير بي commande vocal دير la recherche تاعك بلى ماتستعمل clavier باستخدام هذي la telecommande و فيها هذا bouton تاع hi google كيما تشوفو
C:\Users\dell\Desktop\laststation\Audio_augmented\noise\audio_001285__aug_noise_01.wav,على la tvbox راهي تمشى quatre k بسم الله مشاءالله و كان هذا هو كل شي على la twinbox الي راهي دايرة ضجة كبيرة
C:\Users\dell\Desktop\laststation\Audio_augmented\speed\audio_001285__aug_speed_01.wav,على la tvbox راهي تمشى quatre k بسم الله مشاءالله و كان هذا هو كل شي على la twinbox الي راهي دايرة ضجة كبيرة
C:\Users\dell\Desktop\laststation\Audio_augmented\compression\audio_001285__aug_compression_01.wav,على la tvbox راهي تمشى quatre k بسم الله مشاءالله و كان هذا هو كل شي على la twinbox الي راهي دايرة ضجة كبيرة
C:\Users\dell\Desktop\laststation\Audio_augmented\noise\audio_001286__aug_noise_01.wav,رايكم فيها في التعليقات تحت هذا video سلام عليكم و دمتم في رعاية الله
C:\Users\dell\Desktop\laststation\Audio_augmented\speed\audio_001286__aug_speed_01.wav,رايكم فيها في التعليقات تحت هذا video سلام عليكم و دمتم في رعاية الله
C:\Users\dell\Desktop\laststation\Audio_augmented\compression\audio_001286__aug_compression_01.wav,رايكم فيها في التعليقات تحت هذا video سلام عليكم و دمتم في رعاية الله
C:\Users\dell\Desktop\laststation\Audio_augmented\noise\audio_001287__aug_noise_01.wav,connexion راها مقطوعة في حداش نيوم عندي
C:\Users\dell\Desktop\laststation\Audio_augmented\speed\audio_001287__aug_speed_01.wav,connexion راها مقطوعة في حداش نيوم عندي
C:\Users\dell\Desktop\laststation\Audio_augmented\compression\audio_001287__aug_compression_01.wav,connexion راها مقطوعة في حداش نيوم عندي
C:\Users\dell\Desktop\laststation\Audio_augmented\noise\audio_001288__aug_noise_01.wav,اليوم هبلتو connexion تمشي دقيقتين و تروح ساعة ريڨلو جدها
C:\Users\dell\Desktop\laststation\Audio_augmented\speed\audio_001288__aug_speed_01.wav,اليوم هبلتو connexion تمشي دقيقتين و تروح ساعة ريڨلو جدها
C:\Users\dell\Desktop\laststation\Audio_augmented\compression\audio_001288__aug_compression_01.wav,اليوم هبلتو connexion تمشي دقيقتين و تروح ساعة ريڨلو جدها
C:\Users\dell\Desktop\laststation\Audio_augmented\noise\audio_001289__aug_noise_01.wav,راهي كاينة مشكلة في internet فالدزاير كامل و علابلكمش ريڨلولنا ياك رانا نخلصو
C:\Users\dell\Desktop\laststation\Audio_augmented\speed\audio_001289__aug_speed_01.wav,راهي كاينة مشكلة في internet فالدزاير كامل و علابلكمش ريڨلولنا ياك رانا نخلصو
C:\Users\dell\Desktop\laststation\Audio_augmented\compression\audio_001289__aug_compression_01.wav,راهي كاينة مشكلة في internet فالدزاير كامل و علابلكمش ريڨلولنا ياك رانا نخلصو
C:\Users\dell\Desktop\laststation\Audio_augmented\noise\audio_001290__aug_noise_01.wav,حتى تخدمو internet ثقيلة و تنقطع بزاف و ثقيلة راكم دخلو دراهم عودوا ديرو تجديد من وقت عبدالقادر مزالوا
C:\Users\dell\Desktop\laststation\Audio_augmented\speed\audio_001290__aug_speed_01.wav,حتى تخدمو internet ثقيلة و تنقطع بزاف و ثقيلة راكم دخلو دراهم عودوا ديرو تجديد من وقت عبدالقادر مزالوا
C:\Users\dell\Desktop\laststation\Audio_augmented\compression\audio_001290__aug_compression_01.wav,حتى تخدمو internet ثقيلة و تنقطع بزاف و ثقيلة راكم دخلو دراهم عودوا ديرو تجديد من وقت عبدالقادر مزالوا
C:\Users\dell\Desktop\laststation\Audio_augmented\noise\audio_001291__aug_noise_01.wav,علاه هكذا لواحد دخل internet باه يخدم بيها رانا في عشر ايام مازال مطلقتوهاش والله بزاف
C:\Users\dell\Desktop\laststation\Audio_augmented\speed\audio_001291__aug_speed_01.wav,علاه هكذا لواحد دخل internet باه يخدم بيها رانا في عشر ايام مازال مطلقتوهاش والله بزاف
C:\Users\dell\Desktop\laststation\Audio_augmented\compression\audio_001291__aug_compression_01.wav,علاه هكذا لواحد دخل internet باه يخدم بيها رانا في عشر ايام مازال مطلقتوهاش والله بزاف
C:\Users\dell\Desktop\laststation\Audio_augmented\noise\audio_001292__aug_noise_01.wav,fibre راح يوصلنا في deux mille quatre vingt حتى نموتو
C:\Users\dell\Desktop\laststation\Audio_augmented\speed\audio_001292__aug_speed_01.wav,fibre راح يوصلنا في deux mille quatre vingt حتى نموتو
C:\Users\dell\Desktop\laststation\Audio_augmented\compression\audio_001292__aug_compression_01.wav,fibre راح يوصلنا في deux mille quatre vingt حتى نموتو
C:\Users\dell\Desktop\laststation\Audio_augmented\noise\audio_001293__aug_noise_01.wav,ياودي عندي شهر ملي ركبولي modem و راني مخلص و مازال مطلقتوليش internet
C:\Users\dell\Desktop\laststation\Audio_augmented\speed\audio_001293__aug_speed_01.wav,ياودي عندي شهر ملي ركبولي modem و راني مخلص و مازال مطلقتوليش internet
C:\Users\dell\Desktop\laststation\Audio_augmented\compression\audio_001293__aug_compression_01.wav,ياودي عندي شهر ملي ركبولي modem و راني مخلص و مازال مطلقتوليش internet
C:\Users\dell\Desktop\laststation\Audio_augmented\noise\audio_001294__aug_noise_01.wav,نتوما ربي غير حنا لي معندناش wifi ولا حتى نتوما ملبارح مكانش connexion وين المشكل
C:\Users\dell\Desktop\laststation\Audio_augmented\speed\audio_001294__aug_speed_01.wav,نتوما ربي غير حنا لي معندناش wifi ولا حتى نتوما ملبارح مكانش connexion وين المشكل
C:\Users\dell\Desktop\laststation\Audio_augmented\compression\audio_001294__aug_compression_01.wav,نتوما ربي غير حنا لي معندناش wifi ولا حتى نتوما ملبارح مكانش connexion وين المشكل
C:\Users\dell\Desktop\laststation\Audio_augmented\noise\audio_001295__aug_noise_01.wav,ربي يهديكم و خلاص شهرين و حنا حابسين modem راكب ماقيمتونا ماجاء حتى واحد خدم ولا حتى هدر معانا
C:\Users\dell\Desktop\laststation\Audio_augmented\speed\audio_001295__aug_speed_01.wav,ربي يهديكم و خلاص شهرين و حنا حابسين modem راكب ماقيمتونا ماجاء حتى واحد خدم ولا حتى هدر معانا
C:\Users\dell\Desktop\laststation\Audio_augmented\compression\audio_001295__aug_compression_01.wav,ربي يهديكم و خلاص شهرين و حنا حابسين modem راكب ماقيمتونا ماجاء حتى واحد خدم ولا حتى هدر معانا
C:\Users\dell\Desktop\laststation\Audio_augmented\noise\audio_001296__aug_noise_01.wav,ليش internet مازالت مقطوعة عندنا نتوم لم تفتحوها
C:\Users\dell\Desktop\laststation\Audio_augmented\speed\audio_001296__aug_speed_01.wav,ليش internet مازالت مقطوعة عندنا نتوم لم تفتحوها
C:\Users\dell\Desktop\laststation\Audio_augmented\compression\audio_001296__aug_compression_01.wav,ليش internet مازالت مقطوعة عندنا نتوم لم تفتحوها
C:\Users\dell\Desktop\laststation\Audio_augmented\noise\audio_001297__aug_noise_01.wav,علاه internet راهي مقطوعة مع العلم راني مخلص
C:\Users\dell\Desktop\laststation\Audio_augmented\speed\audio_001297__aug_speed_01.wav,علاه internet راهي مقطوعة مع العلم راني مخلص
C:\Users\dell\Desktop\laststation\Audio_augmented\compression\audio_001297__aug_compression_01.wav,علاه internet راهي مقطوعة مع العلم راني مخلص
C:\Users\dell\Desktop\laststation\Audio_augmented\noise\audio_001298__aug_noise_01.wav,رانا مخلصين fibre و نستناو باش يركبو المقاول محبش يجي ساكنة عين الملح حي راس العين و القدس
C:\Users\dell\Desktop\laststation\Audio_augmented\speed\audio_001298__aug_speed_01.wav,رانا مخلصين fibre و نستناو باش يركبو المقاول محبش يجي ساكنة عين الملح حي راس العين و القدس
C:\Users\dell\Desktop\laststation\Audio_augmented\compression\audio_001298__aug_compression_01.wav,رانا مخلصين fibre و نستناو باش يركبو المقاول محبش يجي ساكنة عين الملح حي راس العين و القدس
C:\Users\dell\Desktop\laststation\Audio_augmented\noise\audio_001299__aug_noise_01.wav,لكن التغطية الجيل الرابع منعدمة رغم عدة شكاوى
C:\Users\dell\Desktop\laststation\Audio_augmented\speed\audio_001299__aug_speed_01.wav,لكن التغطية الجيل الرابع منعدمة رغم عدة شكاوى
C:\Users\dell\Desktop\laststation\Audio_augmented\compression\audio_001299__aug_compression_01.wav,لكن التغطية الجيل الرابع منعدمة رغم عدة شكاوى
C:\Users\dell\Desktop\laststation\Audio_augmented\noise\audio_001300__aug_noise_01.wav,الجلفة عندنا عام ملي خلصنا و مازال modem مكانش كيفاش الحل
C:\Users\dell\Desktop\laststation\Audio_augmented\speed\audio_001300__aug_speed_01.wav,الجلفة عندنا عام ملي خلصنا و مازال modem مكانش كيفاش الحل
C:\Users\dell\Desktop\laststation\Audio_augmented\compression\audio_001300__aug_compression_01.wav,الجلفة عندنا عام ملي خلصنا و مازال modem مكانش كيفاش الحل
C:\Users\dell\Desktop\laststation\Audio_augmented\noise\audio_001301__aug_noise_01.wav,لا تجد عندنا شبكة الجيل الرابع اتصلات الجزاير مقطوعة منذ ثمانية ايام
C:\Users\dell\Desktop\laststation\Audio_augmented\speed\audio_001301__aug_speed_01.wav,لا تجد عندنا شبكة الجيل الرابع اتصلات الجزاير مقطوعة منذ ثمانية ايام
C:\Users\dell\Desktop\laststation\Audio_augmented\compression\audio_001301__aug_compression_01.wav,لا تجد عندنا شبكة الجيل الرابع اتصلات الجزاير مقطوعة منذ ثمانية ايام
C:\Users\dell\Desktop\laststation\Audio_augmented\noise\audio_001302__aug_noise_01.wav,تخلصهم و تدي modem يجيو يركبولك بعد شهرين
C:\Users\dell\Desktop\laststation\Audio_augmented\speed\audio_001302__aug_speed_01.wav,تخلصهم و تدي modem يجيو يركبولك بعد شهرين
C:\Users\dell\Desktop\laststation\Audio_augmented\compression\audio_001302__aug_compression_01.wav,تخلصهم و تدي modem يجيو يركبولك بعد شهرين
C:\Users\dell\Desktop\laststation\Audio_augmented\noise\audio_001303__aug_noise_01.wav,ريڨلولنا مشكل internet لي راهي مكوبية من الجمعة لا خبر عيينا شكينا جرينا النافع ربي
C:\Users\dell\Desktop\laststation\Audio_augmented\speed\audio_001303__aug_speed_01.wav,ريڨلولنا مشكل internet لي راهي مكوبية من الجمعة لا خبر عيينا شكينا جرينا النافع ربي
C:\Users\dell\Desktop\laststation\Audio_augmented\compression\audio_001303__aug_compression_01.wav,ريڨلولنا مشكل internet لي راهي مكوبية من الجمعة لا خبر عيينا شكينا جرينا النافع ربي
C:\Users\dell\Desktop\laststation\Audio_augmented\noise\audio_001304__aug_noise_01.wav,internet من الصباح مكاش و حنا مسلكين
C:\Users\dell\Desktop\laststation\Audio_augmented\speed\audio_001304__aug_speed_01.wav,internet من الصباح مكاش و حنا مسلكين
C:\Users\dell\Desktop\laststation\Audio_augmented\compression\audio_001304__aug_compression_01.wav,internet من الصباح مكاش و حنا مسلكين
C:\Users\dell\Desktop\laststation\Audio_augmented\noise\audio_001305__aug_noise_01.wav,يالخرا internet مكانش منذ عشرة تاع صباح حابين نكفرو عليكم ولا كيفاه
C:\Users\dell\Desktop\laststation\Audio_augmented\speed\audio_001305__aug_speed_01.wav,يالخرا internet مكانش منذ عشرة تاع صباح حابين نكفرو عليكم ولا كيفاه
C:\Users\dell\Desktop\laststation\Audio_augmented\compression\audio_001305__aug_compression_01.wav,يالخرا internet مكانش منذ عشرة تاع صباح حابين نكفرو عليكم ولا كيفاه
C:\Users\dell\Desktop\laststation\Audio_augmented\noise\audio_001306__aug_noise_01.wav,واش من اتصالات عندنا واحد سنة ملي جبنا modem و مكانش بوطو تاع البواطة كل مانشتكوا تقولولنا رانا جايين حداش ديسمبر
C:\Users\dell\Desktop\laststation\Audio_augmented\speed\audio_001306__aug_speed_01.wav,واش من اتصالات عندنا واحد سنة ملي جبنا modem و مكانش بوطو تاع البواطة كل مانشتكوا تقولولنا رانا جايين حداش ديسمبر
C:\Users\dell\Desktop\laststation\Audio_augmented\compression\audio_001306__aug_compression_01.wav,واش من اتصالات عندنا واحد سنة ملي جبنا modem و مكانش بوطو تاع البواطة كل مانشتكوا تقولولنا رانا جايين حداش ديسمبر
C:\Users\dell\Desktop\laststation\Audio_augmented\noise\audio_001307__aug_noise_01.wav,زيدولنا امكانية خفض السعر في فضاء الزبون
C:\Users\dell\Desktop\laststation\Audio_augmented\speed\audio_001307__aug_speed_01.wav,زيدولنا امكانية خفض السعر في فضاء الزبون
C:\Users\dell\Desktop\laststation\Audio_augmented\compression\audio_001307__aug_compression_01.wav,زيدولنا امكانية خفض السعر في فضاء الزبون
C:\Users\dell\Desktop\laststation\Audio_augmented\noise\audio_001308__aug_noise_01.wav,ياو connexion في حالة يومين هادو ريڨلو رواحكم و قولونا واش راه صاري
C:\Users\dell\Desktop\laststation\Audio_augmented\speed\audio_001308__aug_speed_01.wav,ياو connexion في حالة يومين هادو ريڨلو رواحكم و قولونا واش راه صاري
C:\Users\dell\Desktop\laststation\Audio_augmented\compression\audio_001308__aug_compression_01.wav,ياو connexion في حالة يومين هادو ريڨلو رواحكم و قولونا واش راه صاري
C:\Users\dell\Desktop\laststation\Audio_augmented\noise\audio_001309__aug_noise_01.wav,رانا في يومين بلا internet malgre connexion خالصة و fix كيف كيف
C:\Users\dell\Desktop\laststation\Audio_augmented\speed\audio_001309__aug_speed_01.wav,رانا في يومين بلا internet malgre connexion خالصة و fix كيف كيف
C:\Users\dell\Desktop\laststation\Audio_augmented\compression\audio_001309__aug_compression_01.wav,رانا في يومين بلا internet malgre connexion خالصة و fix كيف كيف
C:\Users\dell\Desktop\laststation\Audio_augmented\noise\audio_001310__aug_noise_01.wav,واش كاين عندي تقريب ربعة ايام internet ضعيف متذبذب كل عشر دقايق تروح الاشارة و تولى نقدر غير نتفرج youtube
C:\Users\dell\Desktop\laststation\Audio_augmented\speed\audio_001310__aug_speed_01.wav,واش كاين عندي تقريب ربعة ايام internet ضعيف متذبذب كل عشر دقايق تروح الاشارة و تولى نقدر غير نتفرج youtube
C:\Users\dell\Desktop\laststation\Audio_augmented\compression\audio_001310__aug_compression_01.wav,واش كاين عندي تقريب ربعة ايام internet ضعيف متذبذب كل عشر دقايق تروح الاشارة و تولى نقدر غير نتفرج youtube
C:\Users\dell\Desktop\laststation\Audio_augmented\noise\audio_001311__aug_noise_01.wav,راه في علمكم بالي internet هذ ثلاثة ايام راها كارثة ولا لالا
C:\Users\dell\Desktop\laststation\Audio_augmented\speed\audio_001311__aug_speed_01.wav,راه في علمكم بالي internet هذ ثلاثة ايام راها كارثة ولا لالا
C:\Users\dell\Desktop\laststation\Audio_augmented\compression\audio_001311__aug_compression_01.wav,راه في علمكم بالي internet هذ ثلاثة ايام راها كارثة ولا لالا
C:\Users\dell\Desktop\laststation\Audio_augmented\noise\audio_001312__aug_noise_01.wav,لماذا لا تردون في الخاص لقد طرحت انشغالي و لكن لا حياة لمن تنادي للاسف
C:\Users\dell\Desktop\laststation\Audio_augmented\speed\audio_001312__aug_speed_01.wav,لماذا لا تردون في الخاص لقد طرحت انشغالي و لكن لا حياة لمن تنادي للاسف
C:\Users\dell\Desktop\laststation\Audio_augmented\compression\audio_001312__aug_compression_01.wav,لماذا لا تردون في الخاص لقد طرحت انشغالي و لكن لا حياة لمن تنادي للاسف
C:\Users\dell\Desktop\laststation\Audio_augmented\noise\audio_001313__aug_noise_01.wav,عند رفع من سرعة تدفق internet بالالياف لا تلزمو الزبون
C:\Users\dell\Desktop\laststation\Audio_augmented\speed\audio_001313__aug_speed_01.wav,عند رفع من سرعة تدفق internet بالالياف لا تلزمو الزبون
C:\Users\dell\Desktop\laststation\Audio_augmented\compression\audio_001313__aug_compression_01.wav,عند رفع من سرعة تدفق internet بالالياف لا تلزمو الزبون
C:\Users\dell\Desktop\laststation\Audio_augmented\noise\audio_001314__aug_noise_01.wav,ياو سيبولنا connexion برك والله حرام ياسر والله
C:\Users\dell\Desktop\laststation\Audio_augmented\speed\audio_001314__aug_speed_01.wav,ياو سيبولنا connexion برك والله حرام ياسر والله
C:\Users\dell\Desktop\laststation\Audio_augmented\compression\audio_001314__aug_compression_01.wav,ياو سيبولنا connexion برك والله حرام ياسر والله
C:\Users\dell\Desktop\laststation\Audio_augmented\noise\audio_001315__aug_noise_01.wav,ردو بريفي اني مخلص و connexion مكانش
C:\Users\dell\Desktop\laststation\Audio_augmented\speed\audio_001315__aug_speed_01.wav,ردو بريفي اني مخلص و connexion مكانش
C:\Users\dell\Desktop\laststation\Audio_augmented\compression\audio_001315__aug_compression_01.wav,ردو بريفي اني مخلص و connexion مكانش
C:\Users\dell\Desktop\laststation\Audio_augmented\noise\audio_001316__aug_noise_01.wav,الخيط مقطوع في سيمانة رانا بلا connexion في بشار حي الف و خمسمية
C:\Users\dell\Desktop\laststation\Audio_augmented\speed\audio_001316__aug_speed_01.wav,الخيط مقطوع في سيمانة رانا بلا connexion في بشار حي الف و خمسمية
C:\Users\dell\Desktop\laststation\Audio_augmented\compression\audio_001316__aug_compression_01.wav,الخيط مقطوع في سيمانة رانا بلا connexion في بشار حي الف و خمسمية
C:\Users\dell\Desktop\laststation\Audio_augmented\noise\audio_001317__aug_noise_01.wav,انا راه خالص ليا الشهر الاول و حاب نفليكسي هل استفيد من العرض هذا
C:\Users\dell\Desktop\laststation\Audio_augmented\speed\audio_001317__aug_speed_01.wav,انا راه خالص ليا الشهر الاول و حاب نفليكسي هل استفيد من العرض هذا
C:\Users\dell\Desktop\laststation\Audio_augmented\compression\audio_001317__aug_compression_01.wav,انا راه خالص ليا الشهر الاول و حاب نفليكسي هل استفيد من العرض هذا
C:\Users\dell\Desktop\laststation\Audio_augmented\noise\audio_001318__aug_noise_01.wav,نفس المشكل رانا في خمسطاش نيوم نستناك في internet واش حكاية douze
C:\Users\dell\Desktop\laststation\Audio_augmented\speed\audio_001318__aug_speed_01.wav,نفس المشكل رانا في خمسطاش نيوم نستناك في internet واش حكاية douze
C:\Users\dell\Desktop\laststation\Audio_augmented\compression\audio_001318__aug_compression_01.wav,نفس المشكل رانا في خمسطاش نيوم نستناك في internet واش حكاية douze
C:\Users\dell\Desktop\laststation\Audio_augmented\noise\audio_001319__aug_noise_01.wav,ديرو لمة كيما هذي باش غدوا تحبسوا connexion
C:\Users\dell\Desktop\laststation\Audio_augmented\speed\audio_001319__aug_speed_01.wav,ديرو لمة كيما هذي باش غدوا تحبسوا connexion
C:\Users\dell\Desktop\laststation\Audio_augmented\compression\audio_001319__aug_compression_01.wav,ديرو لمة كيما هذي باش غدوا تحبسوا connexion
C:\Users\dell\Desktop\laststation\Audio_augmented\noise\audio_001320__aug_noise_01.wav,عندهم مدة ملي مدولنا modem مازال مجاوش مونطاولنا علاه هكذا رانا من ديسمبر ملي خلصنا واش هذ المنكر
C:\Users\dell\Desktop\laststation\Audio_augmented\speed\audio_001320__aug_speed_01.wav,عندهم مدة ملي مدولنا modem مازال مجاوش مونطاولنا علاه هكذا رانا من ديسمبر ملي خلصنا واش هذ المنكر
C:\Users\dell\Desktop\laststation\Audio_augmented\compression\audio_001320__aug_compression_01.wav,عندهم مدة ملي مدولنا modem مازال مجاوش مونطاولنا علاه هكذا رانا من ديسمبر ملي خلصنا واش هذ المنكر
C:\Users\dell\Desktop\laststation\Audio_augmented\noise\audio_001321__aug_noise_01.wav,connexion تاعكم على العام ماتخليناش ندخلو لحتى site
C:\Users\dell\Desktop\laststation\Audio_augmented\speed\audio_001321__aug_speed_01.wav,connexion تاعكم على العام ماتخليناش ندخلو لحتى site
C:\Users\dell\Desktop\laststation\Audio_augmented\compression\audio_001321__aug_compression_01.wav,connexion تاعكم على العام ماتخليناش ندخلو لحتى site
C:\Users\dell\Desktop\laststation\Audio_augmented\noise\audio_001322__aug_noise_01.wav,رانا في ربعة شهر بلا internet رغم شكاوي متكررة والله مابغاو يخدموهنا
C:\Users\dell\Desktop\laststation\Audio_augmented\speed\audio_001322__aug_speed_01.wav,رانا في ربعة شهر بلا internet رغم شكاوي متكررة والله مابغاو يخدموهنا
C:\Users\dell\Desktop\laststation\Audio_augmented\compression\audio_001322__aug_compression_01.wav,رانا في ربعة شهر بلا internet رغم شكاوي متكررة والله مابغاو يخدموهنا
C:\Users\dell\Desktop\laststation\Audio_augmented\noise\audio_001323__aug_noise_01.wav,المشكل رانا في عامين ملي درت طلب و هوما يقولولنا مكانش modem
C:\Users\dell\Desktop\laststation\Audio_augmented\speed\audio_001323__aug_speed_01.wav,المشكل رانا في عامين ملي درت طلب و هوما يقولولنا مكانش modem
C:\Users\dell\Desktop\laststation\Audio_augmented\compression\audio_001323__aug_compression_01.wav,المشكل رانا في عامين ملي درت طلب و هوما يقولولنا مكانش modem
C:\Users\dell\Desktop\laststation\Audio_augmented\noise\audio_001324__aug_noise_01.wav,ياودي عيتونا كل يوم طوال اليل تتقطع خسارة ميتين الف كل شهر برك
C:\Users\dell\Desktop\laststation\Audio_augmented\speed\audio_001324__aug_speed_01.wav,ياودي عيتونا كل يوم طوال اليل تتقطع خسارة ميتين الف كل شهر برك
C:\Users\dell\Desktop\laststation\Audio_augmented\compression\audio_001324__aug_compression_01.wav,ياودي عيتونا كل يوم طوال اليل تتقطع خسارة ميتين الف كل شهر برك
C:\Users\dell\Desktop\laststation\Audio_augmented\noise\audio_001325__aug_noise_01.wav,اساتذة شحال يخلصو فشهر واش هوا ملف مطلوب
C:\Users\dell\Desktop\laststation\Audio_augmented\speed\audio_001325__aug_speed_01.wav,اساتذة شحال يخلصو فشهر واش هوا ملف مطلوب
C:\Users\dell\Desktop\laststation\Audio_augmented\compression\audio_001325__aug_compression_01.wav,اساتذة شحال يخلصو فشهر واش هوا ملف مطلوب
C:\Users\dell\Desktop\laststation\Audio_augmented\noise\audio_001326__aug_noise_01.wav,هذي سمانة internet راهي كارثة عندنا fibre و راهي ثقيلة بزاف
C:\Users\dell\Desktop\laststation\Audio_augmented\speed\audio_001326__aug_speed_01.wav,هذي سمانة internet راهي كارثة عندنا fibre و راهي ثقيلة بزاف
C:\Users\dell\Desktop\laststation\Audio_augmented\compression\audio_001326__aug_compression_01.wav,هذي سمانة internet راهي كارثة عندنا fibre و راهي ثقيلة بزاف
C:\Users\dell\Desktop\laststation\Audio_augmented\noise\audio_001327__aug_noise_01.wav,مكان والوا لواحد راه كره حياتو من connexion نتاعكم ثقيلة رهج
C:\Users\dell\Desktop\laststation\Audio_augmented\speed\audio_001327__aug_speed_01.wav,مكان والوا لواحد راه كره حياتو من connexion نتاعكم ثقيلة رهج
C:\Users\dell\Desktop\laststation\Audio_augmented\compression\audio_001327__aug_compression_01.wav,مكان والوا لواحد راه كره حياتو من connexion نتاعكم ثقيلة رهج
C:\Users\dell\Desktop\laststation\Audio_augmented\noise\audio_001328__aug_noise_01.wav,ديرو تطبيق بلا internet نخلصو بيه الفواتير
C:\Users\dell\Desktop\laststation\Audio_augmented\speed\audio_001328__aug_speed_01.wav,ديرو تطبيق بلا internet نخلصو بيه الفواتير
C:\Users\dell\Desktop\laststation\Audio_augmented\compression\audio_001328__aug_compression_01.wav,ديرو تطبيق بلا internet نخلصو بيه الفواتير
C:\Users\dell\Desktop\laststation\Audio_augmented\noise\audio_001329__aug_noise_01.wav,اخطيك روح جرب ادفع اشتراك internet trois cent dinar يخرجلك رقم الزبون فالفاتورة
C:\Users\dell\Desktop\laststation\Audio_augmented\speed\audio_001329__aug_speed_01.wav,اخطيك روح جرب ادفع اشتراك internet trois cent dinar يخرجلك رقم الزبون فالفاتورة
C:\Users\dell\Desktop\laststation\Audio_augmented\compression\audio_001329__aug_compression_01.wav,اخطيك روح جرب ادفع اشتراك internet trois cent dinar يخرجلك رقم الزبون فالفاتورة
C:\Users\dell\Desktop\laststation\Audio_augmented\noise\audio_001330__aug_noise_01.wav,كيفاه حبيتو تسمعو هدرة شابة من الزبون و هو مخلص
C:\Users\dell\Desktop\laststation\Audio_augmented\speed\audio_001330__aug_speed_01.wav,كيفاه حبيتو تسمعو هدرة شابة من الزبون و هو مخلص
C:\Users\dell\Desktop\laststation\Audio_augmented\compression\audio_001330__aug_compression_01.wav,كيفاه حبيتو تسمعو هدرة شابة من الزبون و هو مخلص
C:\Users\dell\Desktop\laststation\Audio_augmented\noise\audio_001331__aug_noise_01.wav,حنا رانا اقرب الى العاصمة لا توجد internet
C:\Users\dell\Desktop\laststation\Audio_augmented\speed\audio_001331__aug_speed_01.wav,حنا رانا اقرب الى العاصمة لا توجد internet
C:\Users\dell\Desktop\laststation\Audio_augmented\compression\audio_001331__aug_compression_01.wav,حنا رانا اقرب الى العاصمة لا توجد internet
C:\Users\dell\Desktop\laststation\Audio_augmented\noise\audio_001332__aug_noise_01.wav,نسقسيكم fibre عادي الي بلا اشتراك زيادة السرعة كم mega
C:\Users\dell\Desktop\laststation\Audio_augmented\speed\audio_001332__aug_speed_01.wav,نسقسيكم fibre عادي الي بلا اشتراك زيادة السرعة كم mega
C:\Users\dell\Desktop\laststation\Audio_augmented\compression\audio_001332__aug_compression_01.wav,نسقسيكم fibre عادي الي بلا اشتراك زيادة السرعة كم mega
C:\Users\dell\Desktop\laststation\Audio_augmented\noise\audio_001333__aug_noise_01.wav,عندنا شبكة internet معطلة من البارح فلما لم تنظروا في المشكلة
C:\Users\dell\Desktop\laststation\Audio_augmented\speed\audio_001333__aug_speed_01.wav,عندنا شبكة internet معطلة من البارح فلما لم تنظروا في المشكلة
C:\Users\dell\Desktop\laststation\Audio_augmented\compression\audio_001333__aug_compression_01.wav,عندنا شبكة internet معطلة من البارح فلما لم تنظروا في المشكلة
C:\Users\dell\Desktop\laststation\Audio_augmented\noise\audio_001334__aug_noise_01.wav,دفعت dossier تاع fibre و مدولي المدام شهر للان مجاوش ركبولنا
C:\Users\dell\Desktop\laststation\Audio_augmented\speed\audio_001334__aug_speed_01.wav,دفعت dossier تاع fibre و مدولي المدام شهر للان مجاوش ركبولنا
C:\Users\dell\Desktop\laststation\Audio_augmented\compression\audio_001334__aug_compression_01.wav,دفعت dossier تاع fibre و مدولي المدام شهر للان مجاوش ركبولنا
C:\Users\dell\Desktop\laststation\Audio_augmented\noise\audio_001335__aug_noise_01.wav,طلقو connexion والله بزاف يومين ملي خلصتها و مكان والوا
C:\Users\dell\Desktop\laststation\Audio_augmented\speed\audio_001335__aug_speed_01.wav,طلقو connexion والله بزاف يومين ملي خلصتها و مكان والوا
C:\Users\dell\Desktop\laststation\Audio_augmented\compression\audio_001335__aug_compression_01.wav,طلقو connexion والله بزاف يومين ملي خلصتها و مكان والوا
C:\Users\dell\Desktop\laststation\Audio_augmented\noise\audio_001336__aug_noise_01.wav,راكم هلكتونا ping طالع packet loss عندها قريب خمسطاش نيوم مانقدرو نديرو والوا
C:\Users\dell\Desktop\laststation\Audio_augmented\speed\audio_001336__aug_speed_01.wav,راكم هلكتونا ping طالع packet loss عندها قريب خمسطاش نيوم مانقدرو نديرو والوا
C:\Users\dell\Desktop\laststation\Audio_augmented\compression\audio_001336__aug_compression_01.wav,راكم هلكتونا ping طالع packet loss عندها قريب خمسطاش نيوم مانقدرو نديرو والوا
C:\Users\dell\Desktop\laststation\Audio_augmented\noise\audio_001337__aug_noise_01.wav,لا اعرف لماذا لا تتركون سرعة التنزيل مثلها مثل سرعة التحميل مثل باقي الشركات المحترمة في العالم
C:\Users\dell\Desktop\laststation\Audio_augmented\speed\audio_001337__aug_speed_01.wav,لا اعرف لماذا لا تتركون سرعة التنزيل مثلها مثل سرعة التحميل مثل باقي الشركات المحترمة في العالم
C:\Users\dell\Desktop\laststation\Audio_augmented\compression\audio_001337__aug_compression_01.wav,لا اعرف لماذا لا تتركون سرعة التنزيل مثلها مثل سرعة التحميل مثل باقي الشركات المحترمة في العالم
C:\Users\dell\Desktop\laststation\Audio_augmented\noise\audio_001338__aug_noise_01.wav,انا كل منروح نسقسي يقولولي قريب توصل توالكم راني في ثلاثة سنين
C:\Users\dell\Desktop\laststation\Audio_augmented\speed\audio_001338__aug_speed_01.wav,انا كل منروح نسقسي يقولولي قريب توصل توالكم راني في ثلاثة سنين
C:\Users\dell\Desktop\laststation\Audio_augmented\compression\audio_001338__aug_compression_01.wav,انا كل منروح نسقسي يقولولي قريب توصل توالكم راني في ثلاثة سنين
C:\Users\dell\Desktop\laststation\Audio_augmented\noise\audio_001339__aug_noise_01.wav,راني كثرت عليكم كل مرة شكوى وقتاش تطلقو internet راني دخلت للشهر الثالث و راكم ديرو هاك زكارة فينا
C:\Users\dell\Desktop\laststation\Audio_augmented\speed\audio_001339__aug_speed_01.wav,راني كثرت عليكم كل مرة شكوى وقتاش تطلقو internet راني دخلت للشهر الثالث و راكم ديرو هاك زكارة فينا
C:\Users\dell\Desktop\laststation\Audio_augmented\compression\audio_001339__aug_compression_01.wav,راني كثرت عليكم كل مرة شكوى وقتاش تطلقو internet راني دخلت للشهر الثالث و راكم ديرو هاك زكارة فينا
C:\Users\dell\Desktop\laststation\Audio_augmented\noise\audio_001340__aug_noise_01.wav,معندناش connexion في يومين دوك زعما الياف بصرية و منعرف
C:\Users\dell\Desktop\laststation\Audio_augmented\speed\audio_001340__aug_speed_01.wav,معندناش connexion في يومين دوك زعما الياف بصرية و منعرف
C:\Users\dell\Desktop\laststation\Audio_augmented\compression\audio_001340__aug_compression_01.wav,معندناش connexion في يومين دوك زعما الياف بصرية و منعرف
C:\Users\dell\Desktop\laststation\Audio_augmented\noise\audio_001341__aug_noise_01.wav,واش من فايدة تقدم طلب و من بعد modem مكانش تبقى تستنى عندنا قريب عشرين يوم ملي خلصنا و مازال مكان والوا
C:\Users\dell\Desktop\laststation\Audio_augmented\speed\audio_001341__aug_speed_01.wav,واش من فايدة تقدم طلب و من بعد modem مكانش تبقى تستنى عندنا قريب عشرين يوم ملي خلصنا و مازال مكان والوا
C:\Users\dell\Desktop\laststation\Audio_augmented\compression\audio_001341__aug_compression_01.wav,واش من فايدة تقدم طلب و من بعد modem مكانش تبقى تستنى عندنا قريب عشرين يوم ملي خلصنا و مازال مكان والوا
C:\Users\dell\Desktop\laststation\Audio_augmented\noise\audio_001342__aug_noise_01.wav,انا عندي عطب ولاية الجلفة في قطع خيط مقطوع لم يتم اصلاحه منذ اسبوع
C:\Users\dell\Desktop\laststation\Audio_augmented\speed\audio_001342__aug_speed_01.wav,انا عندي عطب ولاية الجلفة في قطع خيط مقطوع لم يتم اصلاحه منذ اسبوع
C:\Users\dell\Desktop\laststation\Audio_augmented\compression\audio_001342__aug_compression_01.wav,انا عندي عطب ولاية الجلفة في قطع خيط مقطوع لم يتم اصلاحه منذ اسبوع
C:\Users\dell\Desktop\laststation\Audio_augmented\noise\audio_001343__aug_noise_01.wav,شهرين و حنا في نفس المشكلة و مكانش حل نهائيا مسلكين وكلش كاين و connexion ماش مطلوقة
C:\Users\dell\Desktop\laststation\Audio_augmented\speed\audio_001343__aug_speed_01.wav,شهرين و حنا في نفس المشكلة و مكانش حل نهائيا مسلكين وكلش كاين و connexion ماش مطلوقة
C:\Users\dell\Desktop\laststation\Audio_augmented\compression\audio_001343__aug_compression_01.wav,شهرين و حنا في نفس المشكلة و مكانش حل نهائيا مسلكين وكلش كاين و connexion ماش مطلوقة
C:\Users\dell\Desktop\laststation\Audio_augmented\noise\audio_001344__aug_noise_01.wav,اي وقتاش توصلولنا الالياف البصرية قالو مبروك البكالوريا
C:\Users\dell\Desktop\laststation\Audio_augmented\speed\audio_001344__aug_speed_01.wav,اي وقتاش توصلولنا الالياف البصرية قالو مبروك البكالوريا
C:\Users\dell\Desktop\laststation\Audio_augmented\compression\audio_001344__aug_compression_01.wav,اي وقتاش توصلولنا الالياف البصرية قالو مبروك البكالوريا
C:\Users\dell\Desktop\laststation\Audio_augmented\noise\audio_001345__aug_noise_01.wav,صراحة افضل عرض لكن يجب تحديد سعر افضل من هذا
C:\Users\dell\Desktop\laststation\Audio_augmented\speed\audio_001345__aug_speed_01.wav,صراحة افضل عرض لكن يجب تحديد سعر افضل من هذا
C:\Users\dell\Desktop\laststation\Audio_augmented\compression\audio_001345__aug_compression_01.wav,صراحة افضل عرض لكن يجب تحديد سعر افضل من هذا
C:\Users\dell\Desktop\laststation\Audio_augmented\noise\audio_001346__aug_noise_01.wav,للاسف اتصلت بالرقم طناش اكثر من عشر مرات بدون رد
C:\Users\dell\Desktop\laststation\Audio_augmented\speed\audio_001346__aug_speed_01.wav,للاسف اتصلت بالرقم طناش اكثر من عشر مرات بدون رد
C:\Users\dell\Desktop\laststation\Audio_augmented\compression\audio_001346__aug_compression_01.wav,للاسف اتصلت بالرقم طناش اكثر من عشر مرات بدون رد
C:\Users\dell\Desktop\laststation\Audio_augmented\noise\audio_001347__aug_noise_01.wav,وسوال ثاني شريتها اول مرة و فليكسيتلها برا direct
C:\Users\dell\Desktop\laststation\Audio_augmented\speed\audio_001347__aug_speed_01.wav,وسوال ثاني شريتها اول مرة و فليكسيتلها برا direct
C:\Users\dell\Desktop\laststation\Audio_augmented\compression\audio_001347__aug_compression_01.wav,وسوال ثاني شريتها اول مرة و فليكسيتلها برا direct
C:\Users\dell\Desktop\laststation\Audio_augmented\noise\audio_001348__aug_noise_01.wav,راحت في ڨاع الولايات ريڨلو جد connexion تعكم
C:\Users\dell\Desktop\laststation\Audio_augmented\speed\audio_001348__aug_speed_01.wav,راحت في ڨاع الولايات ريڨلو جد connexion تعكم
C:\Users\dell\Desktop\laststation\Audio_augmented\compression\audio_001348__aug_compression_01.wav,راحت في ڨاع الولايات ريڨلو جد connexion تعكم
C:\Users\dell\Desktop\laststation\Audio_augmented\noise\audio_001349__aug_noise_01.wav,وشبيها connexion راهي ثقيلة ليامات اعطولنا تفسير
C:\Users\dell\Desktop\laststation\Audio_augmented\speed\audio_001349__aug_speed_01.wav,وشبيها connexion راهي ثقيلة ليامات اعطولنا تفسير
C:\Users\dell\Desktop\laststation\Audio_augmented\compression\audio_001349__aug_compression_01.wav,وشبيها connexion راهي ثقيلة ليامات اعطولنا تفسير
C:\Users\dell\Desktop\laststation\Audio_augmented\noise\audio_001350__aug_noise_01.wav,واش من تدفق و modem قريب شهر و هو على نفس الحالة internet منعدمة تماما
C:\Users\dell\Desktop\laststation\Audio_augmented\speed\audio_001350__aug_speed_01.wav,واش من تدفق و modem قريب شهر و هو على نفس الحالة internet منعدمة تماما
C:\Users\dell\Desktop\laststation\Audio_augmented\compression\audio_001350__aug_compression_01.wav,واش من تدفق و modem قريب شهر و هو على نفس الحالة internet منعدمة تماما
C:\Users\dell\Desktop\laststation\Audio_augmented\noise\audio_001351__aug_noise_01.wav,انقطاع internet عندي ولا حياة لمن تنادي مع ضعف تدفق internet المصلحة التقنية اين هي اولاد لحلال
C:\Users\dell\Desktop\laststation\Audio_augmented\speed\audio_001351__aug_speed_01.wav,انقطاع internet عندي ولا حياة لمن تنادي مع ضعف تدفق internet المصلحة التقنية اين هي اولاد لحلال
C:\Users\dell\Desktop\laststation\Audio_augmented\compression\audio_001351__aug_compression_01.wav,انقطاع internet عندي ولا حياة لمن تنادي مع ضعف تدفق internet المصلحة التقنية اين هي اولاد لحلال
C:\Users\dell\Desktop\laststation\Audio_augmented\noise\audio_001352__aug_noise_01.wav,عندنا ثلاثة ايام و internet فيها مشكل كبير حاجة ماتمشي
C:\Users\dell\Desktop\laststation\Audio_augmented\speed\audio_001352__aug_speed_01.wav,عندنا ثلاثة ايام و internet فيها مشكل كبير حاجة ماتمشي
C:\Users\dell\Desktop\laststation\Audio_augmented\compression\audio_001352__aug_compression_01.wav,عندنا ثلاثة ايام و internet فيها مشكل كبير حاجة ماتمشي
C:\Users\dell\Desktop\laststation\Audio_augmented\noise\audio_001353__aug_noise_01.wav,انقطاع شبكات internet لثالث يوم و لى غاية هذه اللحظة
C:\Users\dell\Desktop\laststation\Audio_augmented\speed\audio_001353__aug_speed_01.wav,انقطاع شبكات internet لثالث يوم و لى غاية هذه اللحظة
C:\Users\dell\Desktop\laststation\Audio_augmented\compression\audio_001353__aug_compression_01.wav,انقطاع شبكات internet لثالث يوم و لى غاية هذه اللحظة
C:\Users\dell\Desktop\laststation\Audio_augmented\noise\audio_001354__aug_noise_01.wav,التدفق عندي zero mega byte ارجو الرد بسرعة
C:\Users\dell\Desktop\laststation\Audio_augmented\speed\audio_001354__aug_speed_01.wav,التدفق عندي zero mega byte ارجو الرد بسرعة
C:\Users\dell\Desktop\laststation\Audio_augmented\compression\audio_001354__aug_compression_01.wav,التدفق عندي zero mega byte ارجو الرد بسرعة
C:\Users\dell\Desktop\laststation\Audio_augmented\noise\audio_001355__aug_noise_01.wav,رجعولنا connexion راهي من الوحدة تاع العشية مقطوعة واش هذ الجياحة
C:\Users\dell\Desktop\laststation\Audio_augmented\speed\audio_001355__aug_speed_01.wav,رجعولنا connexion راهي من الوحدة تاع العشية مقطوعة واش هذ الجياحة
C:\Users\dell\Desktop\laststation\Audio_augmented\compression\audio_001355__aug_compression_01.wav,رجعولنا connexion راهي من الوحدة تاع العشية مقطوعة واش هذ الجياحة
C:\Users\dell\Desktop\laststation\Audio_augmented\noise\audio_001356__aug_noise_01.wav,نتوما واش تسناو يسبونا connexion اكتر من شهر و مكان والوا
C:\Users\dell\Desktop\laststation\Audio_augmented\speed\audio_001356__aug_speed_01.wav,نتوما واش تسناو يسبونا connexion اكتر من شهر و مكان والوا
C:\Users\dell\Desktop\laststation\Audio_augmented\compression\audio_001356__aug_compression_01.wav,نتوما واش تسناو يسبونا connexion اكتر من شهر و مكان والوا
C:\Users\dell\Desktop\laststation\Audio_augmented\noise\audio_001357__aug_noise_01.wav,طلعت غير لينار اما connexion راهي ربعة شهر و ماطلقتوهاش
C:\Users\dell\Desktop\laststation\Audio_augmented\speed\audio_001357__aug_speed_01.wav,طلعت غير لينار اما connexion راهي ربعة شهر و ماطلقتوهاش
C:\Users\dell\Desktop\laststation\Audio_augmented\compression\audio_001357__aug_compression_01.wav,طلعت غير لينار اما connexion راهي ربعة شهر و ماطلقتوهاش
C:\Users\dell\Desktop\laststation\Audio_augmented\noise\audio_001358__aug_noise_01.wav,راكم تتقاعدو بينا ولا كيفاش في بوفاريك بعض الاحياء قريب ثمانية شهر مكانش internet
C:\Users\dell\Desktop\laststation\Audio_augmented\speed\audio_001358__aug_speed_01.wav,راكم تتقاعدو بينا ولا كيفاش في بوفاريك بعض الاحياء قريب ثمانية شهر مكانش internet
C:\Users\dell\Desktop\laststation\Audio_augmented\compression\audio_001358__aug_compression_01.wav,راكم تتقاعدو بينا ولا كيفاش في بوفاريك بعض الاحياء قريب ثمانية شهر مكانش internet
C:\Users\dell\Desktop\laststation\Audio_augmented\noise\audio_001359__aug_noise_01.wav,وينتا يوصل لڨديل في وهران و شعال تاع cent mega
C:\Users\dell\Desktop\laststation\Audio_augmented\speed\audio_001359__aug_speed_01.wav,وينتا يوصل لڨديل في وهران و شعال تاع cent mega
C:\Users\dell\Desktop\laststation\Audio_augmented\compression\audio_001359__aug_compression_01.wav,وينتا يوصل لڨديل في وهران و شعال تاع cent mega
C:\Users\dell\Desktop\laststation\Audio_augmented\noise\audio_001360__aug_noise_01.wav,بالتوفيق للمترشحين لكن ما ذنب الشعب كي تتوقف internet عل الاقل عوضونا من ثمانية مكانش حتى ستة تقريبا اسبوع لازم تعوضوها
C:\Users\dell\Desktop\laststation\Audio_augmented\speed\audio_001360__aug_speed_01.wav,بالتوفيق للمترشحين لكن ما ذنب الشعب كي تتوقف internet عل الاقل عوضونا من ثمانية مكانش حتى ستة تقريبا اسبوع لازم تعوضوها
C:\Users\dell\Desktop\laststation\Audio_augmented\compression\audio_001360__aug_compression_01.wav,بالتوفيق للمترشحين لكن ما ذنب الشعب كي تتوقف internet عل الاقل عوضونا من ثمانية مكانش حتى ستة تقريبا اسبوع لازم تعوضوها
C:\Users\dell\Desktop\laststation\Audio_augmented\noise\audio_001361__aug_noise_01.wav,رانا نعيطولكم ردو علينا راه internet مقطوعة عندي
C:\Users\dell\Desktop\laststation\Audio_augmented\speed\audio_001361__aug_speed_01.wav,رانا نعيطولكم ردو علينا راه internet مقطوعة عندي
C:\Users\dell\Desktop\laststation\Audio_augmented\compression\audio_001361__aug_compression_01.wav,رانا نعيطولكم ردو علينا راه internet مقطوعة عندي
C:\Users\dell\Desktop\laststation\Audio_augmented\noise\audio_001362__aug_noise_01.wav,مستغانم مزغران الشهر الي فات ركبتولنا بميتين و عشرين الف لا promotion لا شهر باطل
C:\Users\dell\Desktop\laststation\Audio_augmented\speed\audio_001362__aug_speed_01.wav,مستغانم مزغران الشهر الي فات ركبتولنا بميتين و عشرين الف لا promotion لا شهر باطل
C:\Users\dell\Desktop\laststation\Audio_augmented\compression\audio_001362__aug_compression_01.wav,مستغانم مزغران الشهر الي فات ركبتولنا بميتين و عشرين الف لا promotion لا شهر باطل
C:\Users\dell\Desktop\laststation\Audio_augmented\noise\audio_001363__aug_noise_01.wav,اشتراك مية و عشرين mega منذ اكثر من عام و نص و تلحقني اكثر شي خمسمية او ستمية mega و في المتوسط ثلاثمية mega
C:\Users\dell\Desktop\laststation\Audio_augmented\speed\audio_001363__aug_speed_01.wav,اشتراك مية و عشرين mega منذ اكثر من عام و نص و تلحقني اكثر شي خمسمية او ستمية mega و في المتوسط ثلاثمية mega
C:\Users\dell\Desktop\laststation\Audio_augmented\compression\audio_001363__aug_compression_01.wav,اشتراك مية و عشرين mega منذ اكثر من عام و نص و تلحقني اكثر شي خمسمية او ستمية mega و في المتوسط ثلاثمية mega
C:\Users\dell\Desktop\laststation\Audio_augmented\noise\audio_001364__aug_noise_01.wav,اي ريڨلو internet بهدلتونا قدام لجناس نسلك ميتين و تسعين الف كل شهر باه تجيني internet ثقيلة على البوفكران
C:\Users\dell\Desktop\laststation\Audio_augmented\speed\audio_001364__aug_speed_01.wav,اي ريڨلو internet بهدلتونا قدام لجناس نسلك ميتين و تسعين الف كل شهر باه تجيني internet ثقيلة على البوفكران
C:\Users\dell\Desktop\laststation\Audio_augmented\compression\audio_001364__aug_compression_01.wav,اي ريڨلو internet بهدلتونا قدام لجناس نسلك ميتين و تسعين الف كل شهر باه تجيني internet ثقيلة على البوفكران
C:\Users\dell\Desktop\laststation\Audio_augmented\noise\audio_001365__aug_noise_01.wav,connexion تقيلة و راني نتصل بالرقم طناش و ماراهمش يردوا
C:\Users\dell\Desktop\laststation\Audio_augmented\speed\audio_001365__aug_speed_01.wav,connexion تقيلة و راني نتصل بالرقم طناش و ماراهمش يردوا
C:\Users\dell\Desktop\laststation\Audio_augmented\compression\audio_001365__aug_compression_01.wav,connexion تقيلة و راني نتصل بالرقم طناش و ماراهمش يردوا
C:\Users\dell\Desktop\laststation\Audio_augmented\noise\audio_001366__aug_noise_01.wav,سڨمو سرعة تدفق راه عندي شهر ملي شريتو jamais فاتت سرعة نصف mega
C:\Users\dell\Desktop\laststation\Audio_augmented\speed\audio_001366__aug_speed_01.wav,سڨمو سرعة تدفق راه عندي شهر ملي شريتو jamais فاتت سرعة نصف mega
C:\Users\dell\Desktop\laststation\Audio_augmented\compression\audio_001366__aug_compression_01.wav,سڨمو سرعة تدفق راه عندي شهر ملي شريتو jamais فاتت سرعة نصف mega
C:\Users\dell\Desktop\laststation\Audio_augmented\noise\audio_001367__aug_noise_01.wav,سلام عليكم est ce que لي عندو اشتراك cent mega fibre و يجب يطلع التدفق من ثلاثين mega او فوق يستفاد من modem الجديد او لا و شكرا
C:\Users\dell\Desktop\laststation\Audio_augmented\speed\audio_001367__aug_speed_01.wav,سلام عليكم est ce que لي عندو اشتراك cent mega fibre و يجب يطلع التدفق من ثلاثين mega او فوق يستفاد من modem الجديد او لا و شكرا
C:\Users\dell\Desktop\laststation\Audio_augmented\compression\audio_001367__aug_compression_01.wav,سلام عليكم est ce que لي عندو اشتراك cent mega fibre و يجب يطلع التدفق من ثلاثين mega او فوق يستفاد من modem الجديد او لا و شكرا
C:\Users\dell\Desktop\laststation\Audio_augmented\noise\audio_001368__aug_noise_01.wav,شكون هو الاخر راهم يقطعولو internet ايام البكالوريا من الثامنة صباحا الى السابعة مساء من يوم الاحد راها يوميا هكذا
C:\Users\dell\Desktop\laststation\Audio_augmented\speed\audio_001368__aug_speed_01.wav,شكون هو الاخر راهم يقطعولو internet ايام البكالوريا من الثامنة صباحا الى السابعة مساء من يوم الاحد راها يوميا هكذا
C:\Users\dell\Desktop\laststation\Audio_augmented\compression\audio_001368__aug_compression_01.wav,شكون هو الاخر راهم يقطعولو internet ايام البكالوريا من الثامنة صباحا الى السابعة مساء من يوم الاحد راها يوميا هكذا
C:\Users\dell\Desktop\laststation\Audio_augmented\noise\audio_001369__aug_noise_01.wav,اعدلولنا تقطع internet المستمر في خروب قسنطينة كلما يروح التيار الكهربايي تروح internet و مترجعش علاه يعني المعاناة هذي
C:\Users\dell\Desktop\laststation\Audio_augmented\speed\audio_001369__aug_speed_01.wav,اعدلولنا تقطع internet المستمر في خروب قسنطينة كلما يروح التيار الكهربايي تروح internet و مترجعش علاه يعني المعاناة هذي
C:\Users\dell\Desktop\laststation\Audio_augmented\compression\audio_001369__aug_compression_01.wav,اعدلولنا تقطع internet المستمر في خروب قسنطينة كلما يروح التيار الكهربايي تروح internet و مترجعش علاه يعني المعاناة هذي
C:\Users\dell\Desktop\laststation\Audio_augmented\noise\audio_001370__aug_noise_01.wav,رانا راسلناكم في الخاص عندي مشكل في الخط انتاعي راني في غرداية في انتظار الرد و شكرا لكم
C:\Users\dell\Desktop\laststation\Audio_augmented\speed\audio_001370__aug_speed_01.wav,رانا راسلناكم في الخاص عندي مشكل في الخط انتاعي راني في غرداية في انتظار الرد و شكرا لكم
C:\Users\dell\Desktop\laststation\Audio_augmented\compression\audio_001370__aug_compression_01.wav,رانا راسلناكم في الخاص عندي مشكل في الخط انتاعي راني في غرداية في انتظار الرد و شكرا لكم
C:\Users\dell\Desktop\laststation\Audio_augmented\noise\audio_001371__aug_noise_01.wav,منذ عشرة ايام تذبذب كبير و ضعف في fibre في بلدية البسباس ولاية اولاد جلال ضعيف
C:\Users\dell\Desktop\laststation\Audio_augmented\speed\audio_001371__aug_speed_01.wav,منذ عشرة ايام تذبذب كبير و ضعف في fibre في بلدية البسباس ولاية اولاد جلال ضعيف
C:\Users\dell\Desktop\laststation\Audio_augmented\compression\audio_001371__aug_compression_01.wav,منذ عشرة ايام تذبذب كبير و ضعف في fibre في بلدية البسباس ولاية اولاد جلال ضعيف
C:\Users\dell\Desktop\laststation\Audio_augmented\noise\audio_001372__aug_noise_01.wav,ثلاثة ايام تم توصيل الخيط و لحد الان مكانش connexion
C:\Users\dell\Desktop\laststation\Audio_augmented\speed\audio_001372__aug_speed_01.wav,ثلاثة ايام تم توصيل الخيط و لحد الان مكانش connexion
C:\Users\dell\Desktop\laststation\Audio_augmented\compression\audio_001372__aug_compression_01.wav,ثلاثة ايام تم توصيل الخيط و لحد الان مكانش connexion
C:\Users\dell\Desktop\laststation\Audio_augmented\noise\audio_001373__aug_noise_01.wav,cable عندو شهر مقطوع مكاش الي شاف فيه
C:\Users\dell\Desktop\laststation\Audio_augmented\speed\audio_001373__aug_speed_01.wav,cable عندو شهر مقطوع مكاش الي شاف فيه
C:\Users\dell\Desktop\laststation\Audio_augmented\compression\audio_001373__aug_compression_01.wav,cable عندو شهر مقطوع مكاش الي شاف فيه
C:\Users\dell\Desktop\laststation\Audio_augmented\noise\audio_001374__aug_noise_01.wav,شوفولنا internet متذبذبة في باتنة من الصباح الى حد الوقت هذا
C:\Users\dell\Desktop\laststation\Audio_augmented\speed\audio_001374__aug_speed_01.wav,شوفولنا internet متذبذبة في باتنة من الصباح الى حد الوقت هذا
C:\Users\dell\Desktop\laststation\Audio_augmented\compression\audio_001374__aug_compression_01.wav,شوفولنا internet متذبذبة في باتنة من الصباح الى حد الوقت هذا
C:\Users\dell\Desktop\laststation\Audio_augmented\noise\audio_001375__aug_noise_01.wav,لو يتم تخفيض السعر ستكون المبيعات افضل
C:\Users\dell\Desktop\laststation\Audio_augmented\speed\audio_001375__aug_speed_01.wav,لو يتم تخفيض السعر ستكون المبيعات افضل
C:\Users\dell\Desktop\laststation\Audio_augmented\compression\audio_001375__aug_compression_01.wav,لو يتم تخفيض السعر ستكون المبيعات افضل
C:\Users\dell\Desktop\laststation\Audio_augmented\noise\audio_001376__aug_noise_01.wav,ام المونسات الغاليات راهي علينا كامل و بدون اي توضيح او بيان من عندهم شركة متواضعة و ضعيفة جدا كمعاملة او كخدمة
C:\Users\dell\Desktop\laststation\Audio_augmented\speed\audio_001376__aug_speed_01.wav,ام المونسات الغاليات راهي علينا كامل و بدون اي توضيح او بيان من عندهم شركة متواضعة و ضعيفة جدا كمعاملة او كخدمة
C:\Users\dell\Desktop\laststation\Audio_augmented\compression\audio_001376__aug_compression_01.wav,ام المونسات الغاليات راهي علينا كامل و بدون اي توضيح او بيان من عندهم شركة متواضعة و ضعيفة جدا كمعاملة او كخدمة
C:\Users\dell\Desktop\laststation\Audio_augmented\noise\audio_001377__aug_noise_01.wav,السلام عليكم متوقف منذ ثلاثة ايام في دوار اولاد سيدي اعمر بلدية
C:\Users\dell\Desktop\laststation\Audio_augmented\speed\audio_001377__aug_speed_01.wav,السلام عليكم متوقف منذ ثلاثة ايام في دوار اولاد سيدي اعمر بلدية
C:\Users\dell\Desktop\laststation\Audio_augmented\compression\audio_001377__aug_compression_01.wav,السلام عليكم متوقف منذ ثلاثة ايام في دوار اولاد سيدي اعمر بلدية
C:\Users\dell\Desktop\laststation\Audio_augmented\noise\audio_001378__aug_noise_01.wav,وعلاه راكم تقطعولنا connexion فنهار و ترجعوها فليل ساعة مكانش خلاص ساعة modem متصل و connexion مكانش وقتاه تريڨلوها رانا نعانو منها بزاف
C:\Users\dell\Desktop\laststation\Audio_augmented\speed\audio_001378__aug_speed_01.wav,وعلاه راكم تقطعولنا connexion فنهار و ترجعوها فليل ساعة مكانش خلاص ساعة modem متصل و connexion مكانش وقتاه تريڨلوها رانا نعانو منها بزاف
C:\Users\dell\Desktop\laststation\Audio_augmented\compression\audio_001378__aug_compression_01.wav,وعلاه راكم تقطعولنا connexion فنهار و ترجعوها فليل ساعة مكانش خلاص ساعة modem متصل و connexion مكانش وقتاه تريڨلوها رانا نعانو منها بزاف
C:\Users\dell\Desktop\laststation\Audio_augmented\noise\audio_001379__aug_noise_01.wav,متزيدوش تقطعولنا connexion في 4g برك مارانا نحوسو على ولوا
C:\Users\dell\Desktop\laststation\Audio_augmented\speed\audio_001379__aug_speed_01.wav,متزيدوش تقطعولنا connexion في 4g برك مارانا نحوسو على ولوا
C:\Users\dell\Desktop\laststation\Audio_augmented\compression\audio_001379__aug_compression_01.wav,متزيدوش تقطعولنا connexion في 4g برك مارانا نحوسو على ولوا
C:\Users\dell\Desktop\laststation\Audio_augmented\noise\audio_001380__aug_noise_01.wav,الانترت ناقصة خلاص fibre في ولاية خنشلة من ثلاث ايام
C:\Users\dell\Desktop\laststation\Audio_augmented\speed\audio_001380__aug_speed_01.wav,الانترت ناقصة خلاص fibre في ولاية خنشلة من ثلاث ايام
C:\Users\dell\Desktop\laststation\Audio_augmented\compression\audio_001380__aug_compression_01.wav,الانترت ناقصة خلاص fibre في ولاية خنشلة من ثلاث ايام
C:\Users\dell\Desktop\laststation\Audio_augmented\noise\audio_001381__aug_noise_01.wav,انا درت تعبئة بالبطاقة الذهبية و لم اجد bonus
C:\Users\dell\Desktop\laststation\Audio_augmented\speed\audio_001381__aug_speed_01.wav,انا درت تعبئة بالبطاقة الذهبية و لم اجد bonus
C:\Users\dell\Desktop\laststation\Audio_augmented\compression\audio_001381__aug_compression_01.wav,انا درت تعبئة بالبطاقة الذهبية و لم اجد bonus
C:\Users\dell\Desktop\laststation\Audio_augmented\noise\audio_001382__aug_noise_01.wav,انا عندي شهر ملي خلصة و اعطاوني modem و لحد الساعة مجاوش لربط
C:\Users\dell\Desktop\laststation\Audio_augmented\speed\audio_001382__aug_speed_01.wav,انا عندي شهر ملي خلصة و اعطاوني modem و لحد الساعة مجاوش لربط
C:\Users\dell\Desktop\laststation\Audio_augmented\compression\audio_001382__aug_compression_01.wav,انا عندي شهر ملي خلصة و اعطاوني modem و لحد الساعة مجاوش لربط
C:\Users\dell\Desktop\laststation\Audio_augmented\noise\audio_001383__aug_noise_01.wav,بعد التجارب لي درتوها السرعة صارت بطيئة مشترك ثلاثتين mega تطلع عندي سبعة mega
C:\Users\dell\Desktop\laststation\Audio_augmented\speed\audio_001383__aug_speed_01.wav,بعد التجارب لي درتوها السرعة صارت بطيئة مشترك ثلاثتين mega تطلع عندي سبعة mega
C:\Users\dell\Desktop\laststation\Audio_augmented\compression\audio_001383__aug_compression_01.wav,بعد التجارب لي درتوها السرعة صارت بطيئة مشترك ثلاثتين mega تطلع عندي سبعة mega
C:\Users\dell\Desktop\laststation\Audio_augmented\noise\audio_001384__aug_noise_01.wav,انا اني نخلص باطل و عيت نشتكي لكن لا حياة لمن تنادي يهديكم ربي
C:\Users\dell\Desktop\laststation\Audio_augmented\speed\audio_001384__aug_speed_01.wav,انا اني نخلص باطل و عيت نشتكي لكن لا حياة لمن تنادي يهديكم ربي
C:\Users\dell\Desktop\laststation\Audio_augmented\compression\audio_001384__aug_compression_01.wav,انا اني نخلص باطل و عيت نشتكي لكن لا حياة لمن تنادي يهديكم ربي
C:\Users\dell\Desktop\laststation\Audio_augmented\noise\audio_001385__aug_noise_01.wav,هذا هوا بدل حياتك بي fibre facebook مراهش ڨاع يفتح ريڨلو connexion هبلتونا
C:\Users\dell\Desktop\laststation\Audio_augmented\speed\audio_001385__aug_speed_01.wav,هذا هوا بدل حياتك بي fibre facebook مراهش ڨاع يفتح ريڨلو connexion هبلتونا
C:\Users\dell\Desktop\laststation\Audio_augmented\compression\audio_001385__aug_compression_01.wav,هذا هوا بدل حياتك بي fibre facebook مراهش ڨاع يفتح ريڨلو connexion هبلتونا
C:\Users\dell\Desktop\laststation\Audio_augmented\noise\audio_001386__aug_noise_01.wav,نخلص طول jamais مدتيولنا زوج ايام bonus ونخلص ببطاقة الذهبية bonus هذا مكانش
C:\Users\dell\Desktop\laststation\Audio_augmented\speed\audio_001386__aug_speed_01.wav,نخلص طول jamais مدتيولنا زوج ايام bonus ونخلص ببطاقة الذهبية bonus هذا مكانش
C:\Users\dell\Desktop\laststation\Audio_augmented\compression\audio_001386__aug_compression_01.wav,نخلص طول jamais مدتيولنا زوج ايام bonus ونخلص ببطاقة الذهبية bonus هذا مكانش
C:\Users\dell\Desktop\laststation\Audio_augmented\noise\audio_001387__aug_noise_01.wav,يعني الكهلنة لازم كاينة لازم تتصل بالثابت الي الدول المتقدمة تخلصت منو باه يكون مجاني
C:\Users\dell\Desktop\laststation\Audio_augmented\speed\audio_001387__aug_speed_01.wav,يعني الكهلنة لازم كاينة لازم تتصل بالثابت الي الدول المتقدمة تخلصت منو باه يكون مجاني
C:\Users\dell\Desktop\laststation\Audio_augmented\compression\audio_001387__aug_compression_01.wav,يعني الكهلنة لازم كاينة لازم تتصل بالثابت الي الدول المتقدمة تخلصت منو باه يكون مجاني
C:\Users\dell\Desktop\laststation\Audio_augmented\noise\audio_001388__aug_noise_01.wav,للاسف عروض ليست بالمقنعة مثلا عرض مية الف ينتهي بلمح البصر و عرض مية و خمسين سعره مرتفع
C:\Users\dell\Desktop\laststation\Audio_augmented\speed\audio_001388__aug_speed_01.wav,للاسف عروض ليست بالمقنعة مثلا عرض مية الف ينتهي بلمح البصر و عرض مية و خمسين سعره مرتفع
C:\Users\dell\Desktop\laststation\Audio_augmented\compression\audio_001388__aug_compression_01.wav,للاسف عروض ليست بالمقنعة مثلا عرض مية الف ينتهي بلمح البصر و عرض مية و خمسين سعره مرتفع
C:\Users\dell\Desktop\laststation\Audio_augmented\noise\audio_001389__aug_noise_01.wav,الهاتف لا يستقبل ولا استطيع اجراء مكالمات مع انه بقيت سبعة دقائق هدية و فاتورة واحد غير مسدودة اين المشكل
C:\Users\dell\Desktop\laststation\Audio_augmented\speed\audio_001389__aug_speed_01.wav,الهاتف لا يستقبل ولا استطيع اجراء مكالمات مع انه بقيت سبعة دقائق هدية و فاتورة واحد غير مسدودة اين المشكل
C:\Users\dell\Desktop\laststation\Audio_augmented\compression\audio_001389__aug_compression_01.wav,الهاتف لا يستقبل ولا استطيع اجراء مكالمات مع انه بقيت سبعة دقائق هدية و فاتورة واحد غير مسدودة اين المشكل
C:\Users\dell\Desktop\laststation\Audio_augmented\noise\audio_001390__aug_noise_01.wav,هل مكرر wifi متوفر في مصالحكم للبيع و كم السعر
C:\Users\dell\Desktop\laststation\Audio_augmented\speed\audio_001390__aug_speed_01.wav,هل مكرر wifi متوفر في مصالحكم للبيع و كم السعر
C:\Users\dell\Desktop\laststation\Audio_augmented\compression\audio_001390__aug_compression_01.wav,هل مكرر wifi متوفر في مصالحكم للبيع و كم السعر
C:\Users\dell\Desktop\laststation\Audio_augmented\noise\audio_001391__aug_noise_01.wav,مشكل تاع التدفق راهو كارثي باتم المعني قدمت الف شكوي و لكن مكان حتي تغيير
C:\Users\dell\Desktop\laststation\Audio_augmented\speed\audio_001391__aug_speed_01.wav,مشكل تاع التدفق راهو كارثي باتم المعني قدمت الف شكوي و لكن مكان حتي تغيير
C:\Users\dell\Desktop\laststation\Audio_augmented\compression\audio_001391__aug_compression_01.wav,مشكل تاع التدفق راهو كارثي باتم المعني قدمت الف شكوي و لكن مكان حتي تغيير
C:\Users\dell\Desktop\laststation\Audio_augmented\noise\audio_001392__aug_noise_01.wav,شوفو الخاص بعثتلكم الشكاوي و اتصلت و مكاين والوا كل المعلومات راهي عندكم ارفعولي من سرعة الرفع للنت راهي من لزدتو تدفق و هي كارثية
C:\Users\dell\Desktop\laststation\Audio_augmented\speed\audio_001392__aug_speed_01.wav,شوفو الخاص بعثتلكم الشكاوي و اتصلت و مكاين والوا كل المعلومات راهي عندكم ارفعولي من سرعة الرفع للنت راهي من لزدتو تدفق و هي كارثية
C:\Users\dell\Desktop\laststation\Audio_augmented\compression\audio_001392__aug_compression_01.wav,شوفو الخاص بعثتلكم الشكاوي و اتصلت و مكاين والوا كل المعلومات راهي عندكم ارفعولي من سرعة الرفع للنت راهي من لزدتو تدفق و هي كارثية
C:\Users\dell\Desktop\laststation\Audio_augmented\noise\audio_001393__aug_noise_01.wav,ياو رجعو connexion رانا نخلصو بدراهمنا اومبعد تقطعو connexion
C:\Users\dell\Desktop\laststation\Audio_augmented\speed\audio_001393__aug_speed_01.wav,ياو رجعو connexion رانا نخلصو بدراهمنا اومبعد تقطعو connexion
C:\Users\dell\Desktop\laststation\Audio_augmented\compression\audio_001393__aug_compression_01.wav,ياو رجعو connexion رانا نخلصو بدراهمنا اومبعد تقطعو connexion
C:\Users\dell\Desktop\laststation\Audio_augmented\noise\audio_001394__aug_noise_01.wav,احمد سيد المرابط يا اخي كل مانزيدوا رفع تدفق internet مراحش يزودلك السعر تبقى بنفس السعر الي كنت تخلص بيه
C:\Users\dell\Desktop\laststation\Audio_augmented\speed\audio_001394__aug_speed_01.wav,احمد سيد المرابط يا اخي كل مانزيدوا رفع تدفق internet مراحش يزودلك السعر تبقى بنفس السعر الي كنت تخلص بيه
C:\Users\dell\Desktop\laststation\Audio_augmented\compression\audio_001394__aug_compression_01.wav,احمد سيد المرابط يا اخي كل مانزيدوا رفع تدفق internet مراحش يزودلك السعر تبقى بنفس السعر الي كنت تخلص بيه
C:\Users\dell\Desktop\laststation\Audio_augmented\noise\audio_001395__aug_noise_01.wav,انا فعلت weekend مية و عشرين mega post توصلني تسعين برك
C:\Users\dell\Desktop\laststation\Audio_augmented\speed\audio_001395__aug_speed_01.wav,انا فعلت weekend مية و عشرين mega post توصلني تسعين برك
C:\Users\dell\Desktop\laststation\Audio_augmented\compression\audio_001395__aug_compression_01.wav,انا فعلت weekend مية و عشرين mega post توصلني تسعين برك
C:\Users\dell\Desktop\laststation\Audio_augmented\noise\audio_001396__aug_noise_01.wav,عندي خمسطاش نيوم ملي خلصت و ركبولي و مازال ماطلقوش
C:\Users\dell\Desktop\laststation\Audio_augmented\speed\audio_001396__aug_speed_01.wav,عندي خمسطاش نيوم ملي خلصت و ركبولي و مازال ماطلقوش
C:\Users\dell\Desktop\laststation\Audio_augmented\compression\audio_001396__aug_compression_01.wav,عندي خمسطاش نيوم ملي خلصت و ركبولي و مازال ماطلقوش
C:\Users\dell\Desktop\laststation\Audio_augmented\noise\audio_001397__aug_noise_01.wav,نقص فالتغطية التدفق ضعيف جدا سرعة لا تتجاوز مية kilo byte
C:\Users\dell\Desktop\laststation\Audio_augmented\speed\audio_001397__aug_speed_01.wav,نقص فالتغطية التدفق ضعيف جدا سرعة لا تتجاوز مية kilo byte
C:\Users\dell\Desktop\laststation\Audio_augmented\compression\audio_001397__aug_compression_01.wav,نقص فالتغطية التدفق ضعيف جدا سرعة لا تتجاوز مية kilo byte
C:\Users\dell\Desktop\laststation\Audio_augmented\noise\audio_001398__aug_noise_01.wav,خويا في غليزان مكانش connexion تحسب رنا عهد فرنسا مكانش ڨاع connexion شوفلنا حل
C:\Users\dell\Desktop\laststation\Audio_augmented\speed\audio_001398__aug_speed_01.wav,خويا في غليزان مكانش connexion تحسب رنا عهد فرنسا مكانش ڨاع connexion شوفلنا حل
C:\Users\dell\Desktop\laststation\Audio_augmented\compression\audio_001398__aug_compression_01.wav,خويا في غليزان مكانش connexion تحسب رنا عهد فرنسا مكانش ڨاع connexion شوفلنا حل
C:\Users\dell\Desktop\laststation\Audio_augmented\noise\audio_001399__aug_noise_01.wav,اخاف ربي راه connexion 4g راها مكانش راه عندنا سمانة و حنا نعانو
C:\Users\dell\Desktop\laststation\Audio_augmented\speed\audio_001399__aug_speed_01.wav,اخاف ربي راه connexion 4g راها مكانش راه عندنا سمانة و حنا نعانو
C:\Users\dell\Desktop\laststation\Audio_augmented\compression\audio_001399__aug_compression_01.wav,اخاف ربي راه connexion 4g راها مكانش راه عندنا سمانة و حنا نعانو
C:\Users\dell\Desktop\laststation\Audio_augmented\noise\audio_001400__aug_noise_01.wav,المشكل حاجة بسيطة خلاص ماشي صعيبة ولا
C:\Users\dell\Desktop\laststation\Audio_augmented\speed\audio_001400__aug_speed_01.wav,المشكل حاجة بسيطة خلاص ماشي صعيبة ولا
C:\Users\dell\Desktop\laststation\Audio_augmented\compression\audio_001400__aug_compression_01.wav,المشكل حاجة بسيطة خلاص ماشي صعيبة ولا
C:\Users\dell\Desktop\laststation\Audio_augmented\noise\audio_001401__aug_noise_01.wav,عندي يومين connexion ضعيفة بزاف تمشي بنسبة ربعين بلمية
C:\Users\dell\Desktop\laststation\Audio_augmented\speed\audio_001401__aug_speed_01.wav,عندي يومين connexion ضعيفة بزاف تمشي بنسبة ربعين بلمية
C:\Users\dell\Desktop\laststation\Audio_augmented\compression\audio_001401__aug_compression_01.wav,عندي يومين connexion ضعيفة بزاف تمشي بنسبة ربعين بلمية
C:\Users\dell\Desktop\laststation\Audio_augmented\noise\audio_001402__aug_noise_01.wav,السلام عليكم حنا وصلو للحومة حبسو و كملو حومة الي مورانا و حنا خلاونا هاك
C:\Users\dell\Desktop\laststation\Audio_augmented\speed\audio_001402__aug_speed_01.wav,السلام عليكم حنا وصلو للحومة حبسو و كملو حومة الي مورانا و حنا خلاونا هاك
C:\Users\dell\Desktop\laststation\Audio_augmented\compression\audio_001402__aug_compression_01.wav,السلام عليكم حنا وصلو للحومة حبسو و كملو حومة الي مورانا و حنا خلاونا هاك
C:\Users\dell\Desktop\laststation\Audio_augmented\noise\audio_001403__aug_noise_01.wav,لقد طرحت عليكم مشكلتي في الخاص لكن لا يوجد رد
C:\Users\dell\Desktop\laststation\Audio_augmented\speed\audio_001403__aug_speed_01.wav,لقد طرحت عليكم مشكلتي في الخاص لكن لا يوجد رد
C:\Users\dell\Desktop\laststation\Audio_augmented\compression\audio_001403__aug_compression_01.wav,لقد طرحت عليكم مشكلتي في الخاص لكن لا يوجد رد
C:\Users\dell\Desktop\laststation\Audio_augmented\noise\audio_001404__aug_noise_01.wav,اي راحت connexion اغبياء على الاقل كي تروح خبرونا قبل
C:\Users\dell\Desktop\laststation\Audio_augmented\speed\audio_001404__aug_speed_01.wav,اي راحت connexion اغبياء على الاقل كي تروح خبرونا قبل
C:\Users\dell\Desktop\laststation\Audio_augmented\compression\audio_001404__aug_compression_01.wav,اي راحت connexion اغبياء على الاقل كي تروح خبرونا قبل
C:\Users\dell\Desktop\laststation\Audio_augmented\noise\audio_001405__aug_noise_01.wav,خاصنا modem wifi ستة غالي بزاف ديرولنا فيه عرض كيما درتوه في رمضان
C:\Users\dell\Desktop\laststation\Audio_augmented\speed\audio_001405__aug_speed_01.wav,خاصنا modem wifi ستة غالي بزاف ديرولنا فيه عرض كيما درتوه في رمضان
C:\Users\dell\Desktop\laststation\Audio_augmented\compression\audio_001405__aug_compression_01.wav,خاصنا modem wifi ستة غالي بزاف ديرولنا فيه عرض كيما درتوه في رمضان
C:\Users\dell\Desktop\laststation\Audio_augmented\noise\audio_001406__aug_noise_01.wav,اين هيا هذ internet الي تتحدثون عنها منذ سنين
C:\Users\dell\Desktop\laststation\Audio_augmented\speed\audio_001406__aug_speed_01.wav,اين هيا هذ internet الي تتحدثون عنها منذ سنين
C:\Users\dell\Desktop\laststation\Audio_augmented\compression\audio_001406__aug_compression_01.wav,اين هيا هذ internet الي تتحدثون عنها منذ سنين
C:\Users\dell\Desktop\laststation\Audio_augmented\noise\audio_001407__aug_noise_01.wav,دخلولنا la fibre للدار بالسبت و دورك مازال مكانش connexion
C:\Users\dell\Desktop\laststation\Audio_augmented\speed\audio_001407__aug_speed_01.wav,دخلولنا la fibre للدار بالسبت و دورك مازال مكانش connexion
C:\Users\dell\Desktop\laststation\Audio_augmented\compression\audio_001407__aug_compression_01.wav,دخلولنا la fibre للدار بالسبت و دورك مازال مكانش connexion
C:\Users\dell\Desktop\laststation\Audio_augmented\noise\audio_001408__aug_noise_01.wav,عندي فايت شهر ملي خلصت و مدولي modem و مازال مجاوش يبرونشولي
C:\Users\dell\Desktop\laststation\Audio_augmented\speed\audio_001408__aug_speed_01.wav,عندي فايت شهر ملي خلصت و مدولي modem و مازال مجاوش يبرونشولي
C:\Users\dell\Desktop\laststation\Audio_augmented\compression\audio_001408__aug_compression_01.wav,عندي فايت شهر ملي خلصت و مدولي modem و مازال مجاوش يبرونشولي
C:\Users\dell\Desktop\laststation\Audio_augmented\noise\audio_001409__aug_noise_01.wav,عندي مشكل في wifi مكانش رهو من ربعة تاع لعشية حتا دوك راهي طناش مازال مطلقتوهش كفاه دوك معكم
C:\Users\dell\Desktop\laststation\Audio_augmented\speed\audio_001409__aug_speed_01.wav,عندي مشكل في wifi مكانش رهو من ربعة تاع لعشية حتا دوك راهي طناش مازال مطلقتوهش كفاه دوك معكم
C:\Users\dell\Desktop\laststation\Audio_augmented\compression\audio_001409__aug_compression_01.wav,عندي مشكل في wifi مكانش رهو من ربعة تاع لعشية حتا دوك راهي طناش مازال مطلقتوهش كفاه دوك معكم
C:\Users\dell\Desktop\laststation\Audio_augmented\noise\audio_001410__aug_noise_01.wav,نفس الشيء تقريبا عام ملي ركبو في الخارج و كل مانروحو ليهم يقلونا modem مكانش
C:\Users\dell\Desktop\laststation\Audio_augmented\speed\audio_001410__aug_speed_01.wav,نفس الشيء تقريبا عام ملي ركبو في الخارج و كل مانروحو ليهم يقلونا modem مكانش
C:\Users\dell\Desktop\laststation\Audio_augmented\compression\audio_001410__aug_compression_01.wav,نفس الشيء تقريبا عام ملي ركبو في الخارج و كل مانروحو ليهم يقلونا modem مكانش
C:\Users\dell\Desktop\laststation\Audio_augmented\noise\audio_001411__aug_noise_01.wav,تم ارسالها للمرة العشرين من فضلكم ارجو ايجاد حل سريع
C:\Users\dell\Desktop\laststation\Audio_augmented\speed\audio_001411__aug_speed_01.wav,تم ارسالها للمرة العشرين من فضلكم ارجو ايجاد حل سريع
C:\Users\dell\Desktop\laststation\Audio_augmented\compression\audio_001411__aug_compression_01.wav,تم ارسالها للمرة العشرين من فضلكم ارجو ايجاد حل سريع
C:\Users\dell\Desktop\laststation\Audio_augmented\noise\audio_001412__aug_noise_01.wav,تقطعت l'internet من ثلاثة تاع صباح حتى لدوك ماجاتش
C:\Users\dell\Desktop\laststation\Audio_augmented\speed\audio_001412__aug_speed_01.wav,تقطعت l'internet من ثلاثة تاع صباح حتى لدوك ماجاتش
C:\Users\dell\Desktop\laststation\Audio_augmented\compression\audio_001412__aug_compression_01.wav,تقطعت l'internet من ثلاثة تاع صباح حتى لدوك ماجاتش
C:\Users\dell\Desktop\laststation\Audio_augmented\noise\audio_001413__aug_noise_01.wav,عندنا خمسة شهر ملي خلصنا مزالوا ممدولناش modem
C:\Users\dell\Desktop\laststation\Audio_augmented\speed\audio_001413__aug_speed_01.wav,عندنا خمسة شهر ملي خلصنا مزالوا ممدولناش modem
C:\Users\dell\Desktop\laststation\Audio_augmented\compression\audio_001413__aug_compression_01.wav,عندنا خمسة شهر ملي خلصنا مزالوا ممدولناش modem
C:\Users\dell\Desktop\laststation\Audio_augmented\noise\audio_001414__aug_noise_01.wav,عندي كثر من شهر درت demande la fibre و مخلص كلشي و عطاوني modem و مازال مجاوش يركبولي
C:\Users\dell\Desktop\laststation\Audio_augmented\speed\audio_001414__aug_speed_01.wav,عندي كثر من شهر درت demande la fibre و مخلص كلشي و عطاوني modem و مازال مجاوش يركبولي
C:\Users\dell\Desktop\laststation\Audio_augmented\compression\audio_001414__aug_compression_01.wav,عندي كثر من شهر درت demande la fibre و مخلص كلشي و عطاوني modem و مازال مجاوش يركبولي
C:\Users\dell\Desktop\laststation\Audio_augmented\noise\audio_001415__aug_noise_01.wav,عندي شهر و انا بلا internet اطلقوليnumero fix راهو مبلوكي
C:\Users\dell\Desktop\laststation\Audio_augmented\speed\audio_001415__aug_speed_01.wav,عندي شهر و انا بلا internet اطلقوليnumero fix راهو مبلوكي
C:\Users\dell\Desktop\laststation\Audio_augmented\compression\audio_001415__aug_compression_01.wav,عندي شهر و انا بلا internet اطلقوليnumero fix راهو مبلوكي
C:\Users\dell\Desktop\laststation\Audio_augmented\noise\audio_001416__aug_noise_01.wav,انقطاع كارثي في internet اخدمو خدمتكم و ريڨلونا المشكل راه ثلاث ايام راحت باطل كون غير تعوضوها معليش
C:\Users\dell\Desktop\laststation\Audio_augmented\speed\audio_001416__aug_speed_01.wav,انقطاع كارثي في internet اخدمو خدمتكم و ريڨلونا المشكل راه ثلاث ايام راحت باطل كون غير تعوضوها معليش
C:\Users\dell\Desktop\laststation\Audio_augmented\compression\audio_001416__aug_compression_01.wav,انقطاع كارثي في internet اخدمو خدمتكم و ريڨلونا المشكل راه ثلاث ايام راحت باطل كون غير تعوضوها معليش
C:\Users\dell\Desktop\laststation\Audio_augmented\noise\audio_001417__aug_noise_01.wav,لا استطيع التسجيل يقول لي رقم الزبون خاطىء و انا متاكد انه صحيح موضح في الفاتورة
C:\Users\dell\Desktop\laststation\Audio_augmented\speed\audio_001417__aug_speed_01.wav,لا استطيع التسجيل يقول لي رقم الزبون خاطىء و انا متاكد انه صحيح موضح في الفاتورة
C:\Users\dell\Desktop\laststation\Audio_augmented\compression\audio_001417__aug_compression_01.wav,لا استطيع التسجيل يقول لي رقم الزبون خاطىء و انا متاكد انه صحيح موضح في الفاتورة
C:\Users\dell\Desktop\laststation\Audio_augmented\noise\audio_001418__aug_noise_01.wav,اتصلت على رقم mille cinq cent و قالولي الرقم خاطئ
C:\Users\dell\Desktop\laststation\Audio_augmented\speed\audio_001418__aug_speed_01.wav,اتصلت على رقم mille cinq cent و قالولي الرقم خاطئ
C:\Users\dell\Desktop\laststation\Audio_augmented\compression\audio_001418__aug_compression_01.wav,اتصلت على رقم mille cinq cent و قالولي الرقم خاطئ
C:\Users\dell\Desktop\laststation\Audio_augmented\noise\audio_001419__aug_noise_01.wav,راني مسلك حق ثلاثمية mega راه توصل غير عشرين mega
C:\Users\dell\Desktop\laststation\Audio_augmented\speed\audio_001419__aug_speed_01.wav,راني مسلك حق ثلاثمية mega راه توصل غير عشرين mega
C:\Users\dell\Desktop\laststation\Audio_augmented\compression\audio_001419__aug_compression_01.wav,راني مسلك حق ثلاثمية mega راه توصل غير عشرين mega
C:\Users\dell\Desktop\laststation\Audio_augmented\noise\audio_001420__aug_noise_01.wav,راهي هالكتنا نخلص خدمات و نتلقى خدمات اخرى عن ضعف internet تتحدث خدمة الجيل الرابع التدفق كارثة
C:\Users\dell\Desktop\laststation\Audio_augmented\speed\audio_001420__aug_speed_01.wav,راهي هالكتنا نخلص خدمات و نتلقى خدمات اخرى عن ضعف internet تتحدث خدمة الجيل الرابع التدفق كارثة
C:\Users\dell\Desktop\laststation\Audio_augmented\compression\audio_001420__aug_compression_01.wav,راهي هالكتنا نخلص خدمات و نتلقى خدمات اخرى عن ضعف internet تتحدث خدمة الجيل الرابع التدفق كارثة
C:\Users\dell\Desktop\laststation\Audio_augmented\noise\audio_001421__aug_noise_01.wav,امس عمرت البطاقة الذهبية internet و هاتف ماعطاوني والوا
C:\Users\dell\Desktop\laststation\Audio_augmented\speed\audio_001421__aug_speed_01.wav,امس عمرت البطاقة الذهبية internet و هاتف ماعطاوني والوا
C:\Users\dell\Desktop\laststation\Audio_augmented\compression\audio_001421__aug_compression_01.wav,امس عمرت البطاقة الذهبية internet و هاتف ماعطاوني والوا
C:\Users\dell\Desktop\laststation\Audio_augmented\noise\audio_001422__aug_noise_01.wav,مكانش les modem fibre رانا في عام و نص نستناو والوا
C:\Users\dell\Desktop\laststation\Audio_augmented\speed\audio_001422__aug_speed_01.wav,مكانش les modem fibre رانا في عام و نص نستناو والوا
C:\Users\dell\Desktop\laststation\Audio_augmented\compression\audio_001422__aug_compression_01.wav,مكانش les modem fibre رانا في عام و نص نستناو والوا
C:\Users\dell\Desktop\laststation\Audio_augmented\noise\audio_001423__aug_noise_01.wav,المشكل خلصناه و ركبوه راه في ثلاث ايام مازال مامشاش
C:\Users\dell\Desktop\laststation\Audio_augmented\speed\audio_001423__aug_speed_01.wav,المشكل خلصناه و ركبوه راه في ثلاث ايام مازال مامشاش
C:\Users\dell\Desktop\laststation\Audio_augmented\compression\audio_001423__aug_compression_01.wav,المشكل خلصناه و ركبوه راه في ثلاث ايام مازال مامشاش
C:\Users\dell\Desktop\laststation\Audio_augmented\noise\audio_001424__aug_noise_01.wav,عشرين mega واش واصلني منها الا عشرة mega
C:\Users\dell\Desktop\laststation\Audio_augmented\speed\audio_001424__aug_speed_01.wav,عشرين mega واش واصلني منها الا عشرة mega
C:\Users\dell\Desktop\laststation\Audio_augmented\compression\audio_001424__aug_compression_01.wav,عشرين mega واش واصلني منها الا عشرة mega
C:\Users\dell\Desktop\laststation\Audio_augmented\noise\audio_001425__aug_noise_01.wav,غرداية مية mega ناقصا بزاف و تذبذب في التدفق نرجعوها عشرين mega احسن
C:\Users\dell\Desktop\laststation\Audio_augmented\speed\audio_001425__aug_speed_01.wav,غرداية مية mega ناقصا بزاف و تذبذب في التدفق نرجعوها عشرين mega احسن
C:\Users\dell\Desktop\laststation\Audio_augmented\compression\audio_001425__aug_compression_01.wav,غرداية مية mega ناقصا بزاف و تذبذب في التدفق نرجعوها عشرين mega احسن
C:\Users\dell\Desktop\laststation\Audio_augmented\noise\audio_001426__aug_noise_01.wav,حتي يوصل la fibre و ساهل تشوف اعلانات تقول الجزاير كامل رهي بي fibre
C:\Users\dell\Desktop\laststation\Audio_augmented\speed\audio_001426__aug_speed_01.wav,حتي يوصل la fibre و ساهل تشوف اعلانات تقول الجزاير كامل رهي بي fibre
C:\Users\dell\Desktop\laststation\Audio_augmented\compression\audio_001426__aug_compression_01.wav,حتي يوصل la fibre و ساهل تشوف اعلانات تقول الجزاير كامل رهي بي fibre
C:\Users\dell\Desktop\laststation\Audio_augmented\noise\audio_001427__aug_noise_01.wav,عندها تقريب اسبوع هي ضعيفة واش من يوم عالمي
C:\Users\dell\Desktop\laststation\Audio_augmented\speed\audio_001427__aug_speed_01.wav,عندها تقريب اسبوع هي ضعيفة واش من يوم عالمي
C:\Users\dell\Desktop\laststation\Audio_augmented\compression\audio_001427__aug_compression_01.wav,عندها تقريب اسبوع هي ضعيفة واش من يوم عالمي
C:\Users\dell\Desktop\laststation\Audio_augmented\noise\audio_001428__aug_noise_01.wav,درنا العرض انتاع خمسمية dinar و مازال مستفدناش منو حتى هذي اللحظة عندي ستة شهر نستنا في modem
C:\Users\dell\Desktop\laststation\Audio_augmented\speed\audio_001428__aug_speed_01.wav,درنا العرض انتاع خمسمية dinar و مازال مستفدناش منو حتى هذي اللحظة عندي ستة شهر نستنا في modem
C:\Users\dell\Desktop\laststation\Audio_augmented\compression\audio_001428__aug_compression_01.wav,درنا العرض انتاع خمسمية dinar و مازال مستفدناش منو حتى هذي اللحظة عندي ستة شهر نستنا في modem
C:\Users\dell\Desktop\laststation\Audio_augmented\noise\audio_001429__aug_noise_01.wav,عدم وجود internet رغم عدة شكاوى عبر مصالحكم
C:\Users\dell\Desktop\laststation\Audio_augmented\speed\audio_001429__aug_speed_01.wav,عدم وجود internet رغم عدة شكاوى عبر مصالحكم
C:\Users\dell\Desktop\laststation\Audio_augmented\compression\audio_001429__aug_compression_01.wav,عدم وجود internet رغم عدة شكاوى عبر مصالحكم
C:\Users\dell\Desktop\laststation\Audio_augmented\noise\audio_001430__aug_noise_01.wav,عندها خمسة ايام connexion مكانش ناس تقدم لقدام حنا نولو للور
C:\Users\dell\Desktop\laststation\Audio_augmented\speed\audio_001430__aug_speed_01.wav,عندها خمسة ايام connexion مكانش ناس تقدم لقدام حنا نولو للور
C:\Users\dell\Desktop\laststation\Audio_augmented\compression\audio_001430__aug_compression_01.wav,عندها خمسة ايام connexion مكانش ناس تقدم لقدام حنا نولو للور
C:\Users\dell\Desktop\laststation\Audio_augmented\noise\audio_001431__aug_noise_01.wav,ستة اشهر مكانش connexion كلش راكب متصلحو لوالوا
C:\Users\dell\Desktop\laststation\Audio_augmented\speed\audio_001431__aug_speed_01.wav,ستة اشهر مكانش connexion كلش راكب متصلحو لوالوا
C:\Users\dell\Desktop\laststation\Audio_augmented\compression\audio_001431__aug_compression_01.wav,ستة اشهر مكانش connexion كلش راكب متصلحو لوالوا
C:\Users\dell\Desktop\laststation\Audio_augmented\noise\audio_001432__aug_noise_01.wav,كيف يمكنني ان اطلب تخفيض السرعة من ثلاثمية mega الى ستين
C:\Users\dell\Desktop\laststation\Audio_augmented\speed\audio_001432__aug_speed_01.wav,كيف يمكنني ان اطلب تخفيض السرعة من ثلاثمية mega الى ستين
C:\Users\dell\Desktop\laststation\Audio_augmented\compression\audio_001432__aug_compression_01.wav,كيف يمكنني ان اطلب تخفيض السرعة من ثلاثمية mega الى ستين
C:\Users\dell\Desktop\laststation\Audio_augmented\noise\audio_001433__aug_noise_01.wav,واش بيها connexion راحت تقريب نص ساعة شاعلة علامة صفراء طفيت و عاودت والوا
C:\Users\dell\Desktop\laststation\Audio_augmented\speed\audio_001433__aug_speed_01.wav,واش بيها connexion راحت تقريب نص ساعة شاعلة علامة صفراء طفيت و عاودت والوا
C:\Users\dell\Desktop\laststation\Audio_augmented\compression\audio_001433__aug_compression_01.wav,واش بيها connexion راحت تقريب نص ساعة شاعلة علامة صفراء طفيت و عاودت والوا
C:\Users\dell\Desktop\laststation\Audio_augmented\noise\audio_001434__aug_noise_01.wav,عندي مشكل internet ماتمشيش خلاص عندي زوج سوايع فليل و بعد مكانش رحت عند اتصالات مادارولي والوا
C:\Users\dell\Desktop\laststation\Audio_augmented\speed\audio_001434__aug_speed_01.wav,عندي مشكل internet ماتمشيش خلاص عندي زوج سوايع فليل و بعد مكانش رحت عند اتصالات مادارولي والوا
C:\Users\dell\Desktop\laststation\Audio_augmented\compression\audio_001434__aug_compression_01.wav,عندي مشكل internet ماتمشيش خلاص عندي زوج سوايع فليل و بعد مكانش رحت عند اتصالات مادارولي والوا
C:\Users\dell\Desktop\laststation\Audio_augmented\noise\audio_001435__aug_noise_01.wav,عندي ربعة ايام بدون internet fibre قالولي كاين مشكل في la ligne
C:\Users\dell\Desktop\laststation\Audio_augmented\speed\audio_001435__aug_speed_01.wav,عندي ربعة ايام بدون internet fibre قالولي كاين مشكل في la ligne
C:\Users\dell\Desktop\laststation\Audio_augmented\compression\audio_001435__aug_compression_01.wav,عندي ربعة ايام بدون internet fibre قالولي كاين مشكل في la ligne
C:\Users\dell\Desktop\laststation\Audio_augmented\noise\audio_001436__aug_noise_01.wav,حسنو الجودة و سرعولنا في fibre اذا حبيتو ماتقربوش غير ماتقربوش لينا
C:\Users\dell\Desktop\laststation\Audio_augmented\speed\audio_001436__aug_speed_01.wav,حسنو الجودة و سرعولنا في fibre اذا حبيتو ماتقربوش غير ماتقربوش لينا
C:\Users\dell\Desktop\laststation\Audio_augmented\compression\audio_001436__aug_compression_01.wav,حسنو الجودة و سرعولنا في fibre اذا حبيتو ماتقربوش غير ماتقربوش لينا
C:\Users\dell\Desktop\laststation\Audio_augmented\noise\audio_001437__aug_noise_01.wav,و التدفق مخليكش بذيك الاريحية لي راكم تقولولنا عليها
C:\Users\dell\Desktop\laststation\Audio_augmented\speed\audio_001437__aug_speed_01.wav,و التدفق مخليكش بذيك الاريحية لي راكم تقولولنا عليها
C:\Users\dell\Desktop\laststation\Audio_augmented\compression\audio_001437__aug_compression_01.wav,و التدفق مخليكش بذيك الاريحية لي راكم تقولولنا عليها
C:\Users\dell\Desktop\laststation\Audio_augmented\noise\audio_001438__aug_noise_01.wav,بعد تسديد الفواتير بالدفع الالكتروني لم يتم فتح الخط
C:\Users\dell\Desktop\laststation\Audio_augmented\speed\audio_001438__aug_speed_01.wav,بعد تسديد الفواتير بالدفع الالكتروني لم يتم فتح الخط
C:\Users\dell\Desktop\laststation\Audio_augmented\compression\audio_001438__aug_compression_01.wav,بعد تسديد الفواتير بالدفع الالكتروني لم يتم فتح الخط
C:\Users\dell\Desktop\laststation\Audio_augmented\noise\audio_001439__aug_noise_01.wav,راه عندي قريب شهرين ملي جبت modem و دفعت تكاليف التركيب الى حد الان مركبوليش عن وكالة باب الوادي اتحدث
C:\Users\dell\Desktop\laststation\Audio_augmented\speed\audio_001439__aug_speed_01.wav,راه عندي قريب شهرين ملي جبت modem و دفعت تكاليف التركيب الى حد الان مركبوليش عن وكالة باب الوادي اتحدث
C:\Users\dell\Desktop\laststation\Audio_augmented\compression\audio_001439__aug_compression_01.wav,راه عندي قريب شهرين ملي جبت modem و دفعت تكاليف التركيب الى حد الان مركبوليش عن وكالة باب الوادي اتحدث
C:\Users\dell\Desktop\laststation\Audio_augmented\noise\audio_001440__aug_noise_01.wav,خلصنا و جبنا modem و مازال مجايش المقاول باه يركب
C:\Users\dell\Desktop\laststation\Audio_augmented\speed\audio_001440__aug_speed_01.wav,خلصنا و جبنا modem و مازال مجايش المقاول باه يركب
C:\Users\dell\Desktop\laststation\Audio_augmented\compression\audio_001440__aug_compression_01.wav,خلصنا و جبنا modem و مازال مجايش المقاول باه يركب
C:\Users\dell\Desktop\laststation\Audio_augmented\noise\audio_001441__aug_noise_01.wav,رانا نفليكسي بدراهمنا اعطونا سبب وعلاش connexion مكانش في 4g راه عندها سمانة
C:\Users\dell\Desktop\laststation\Audio_augmented\speed\audio_001441__aug_speed_01.wav,رانا نفليكسي بدراهمنا اعطونا سبب وعلاش connexion مكانش في 4g راه عندها سمانة
C:\Users\dell\Desktop\laststation\Audio_augmented\compression\audio_001441__aug_compression_01.wav,رانا نفليكسي بدراهمنا اعطونا سبب وعلاش connexion مكانش في 4g راه عندها سمانة
C:\Users\dell\Desktop\laststation\Audio_augmented\noise\audio_001442__aug_noise_01.wav,من فضلكم يااتصالات الجزاير اعطاوني رقم الهاتف الثابت الجديد و لا حياة لمن تنادي
C:\Users\dell\Desktop\laststation\Audio_augmented\speed\audio_001442__aug_speed_01.wav,من فضلكم يااتصالات الجزاير اعطاوني رقم الهاتف الثابت الجديد و لا حياة لمن تنادي
C:\Users\dell\Desktop\laststation\Audio_augmented\compression\audio_001442__aug_compression_01.wav,من فضلكم يااتصالات الجزاير اعطاوني رقم الهاتف الثابت الجديد و لا حياة لمن تنادي
C:\Users\dell\Desktop\laststation\Audio_augmented\noise\audio_001443__aug_noise_01.wav,تاعش الخدمة انا خلصت و شريت modem غير باه يديرولي الربط ثلاثة اسابيع مكان والوا
C:\Users\dell\Desktop\laststation\Audio_augmented\speed\audio_001443__aug_speed_01.wav,تاعش الخدمة انا خلصت و شريت modem غير باه يديرولي الربط ثلاثة اسابيع مكان والوا
C:\Users\dell\Desktop\laststation\Audio_augmented\compression\audio_001443__aug_compression_01.wav,تاعش الخدمة انا خلصت و شريت modem غير باه يديرولي الربط ثلاثة اسابيع مكان والوا
C:\Users\dell\Desktop\laststation\Audio_augmented\noise\audio_001444__aug_noise_01.wav,ماهيش فارية معاكم لوكان تقطعو internet راني بدراهمي مانيش نطلب فيكم
C:\Users\dell\Desktop\laststation\Audio_augmented\speed\audio_001444__aug_speed_01.wav,ماهيش فارية معاكم لوكان تقطعو internet راني بدراهمي مانيش نطلب فيكم
C:\Users\dell\Desktop\laststation\Audio_augmented\compression\audio_001444__aug_compression_01.wav,ماهيش فارية معاكم لوكان تقطعو internet راني بدراهمي مانيش نطلب فيكم
C:\Users\dell\Desktop\laststation\Audio_augmented\noise\audio_001445__aug_noise_01.wav,الكوابل معلقة بدون internet مافهمت اذا عاملينها لزينة ولا واش
C:\Users\dell\Desktop\laststation\Audio_augmented\speed\audio_001445__aug_speed_01.wav,الكوابل معلقة بدون internet مافهمت اذا عاملينها لزينة ولا واش
C:\Users\dell\Desktop\laststation\Audio_augmented\compression\audio_001445__aug_compression_01.wav,الكوابل معلقة بدون internet مافهمت اذا عاملينها لزينة ولا واش
C:\Users\dell\Desktop\laststation\Audio_augmented\noise\audio_001446__aug_noise_01.wav,و لي عندو ثلاثين mega من الاول كيفاش
C:\Users\dell\Desktop\laststation\Audio_augmented\speed\audio_001446__aug_speed_01.wav,و لي عندو ثلاثين mega من الاول كيفاش
C:\Users\dell\Desktop\laststation\Audio_augmented\compression\audio_001446__aug_compression_01.wav,و لي عندو ثلاثين mega من الاول كيفاش
C:\Users\dell\Desktop\laststation\Audio_augmented\noise\audio_001447__aug_noise_01.wav,كفاه نرفع تدفق تاعي لمية و عشرين mega برك واش المطلوب
C:\Users\dell\Desktop\laststation\Audio_augmented\speed\audio_001447__aug_speed_01.wav,كفاه نرفع تدفق تاعي لمية و عشرين mega برك واش المطلوب
C:\Users\dell\Desktop\laststation\Audio_augmented\compression\audio_001447__aug_compression_01.wav,كفاه نرفع تدفق تاعي لمية و عشرين mega برك واش المطلوب
C:\Users\dell\Desktop\laststation\Audio_augmented\noise\audio_001448__aug_noise_01.wav,اين انتم يااتصالات الجزاير راسلتكم في الخاص ولا جديد ابصط شيئ عدم تكلمت الشوارع بشبكة اتصلت بالرقم طناش ماترفدوش
C:\Users\dell\Desktop\laststation\Audio_augmented\speed\audio_001448__aug_speed_01.wav,اين انتم يااتصالات الجزاير راسلتكم في الخاص ولا جديد ابصط شيئ عدم تكلمت الشوارع بشبكة اتصلت بالرقم طناش ماترفدوش
C:\Users\dell\Desktop\laststation\Audio_augmented\compression\audio_001448__aug_compression_01.wav,اين انتم يااتصالات الجزاير راسلتكم في الخاص ولا جديد ابصط شيئ عدم تكلمت الشوارع بشبكة اتصلت بالرقم طناش ماترفدوش
C:\Users\dell\Desktop\laststation\Audio_augmented\noise\audio_001449__aug_noise_01.wav,بالتوفيق انشاء الله و اللهم سدد الخطى و ثبت الاقدام
C:\Users\dell\Desktop\laststation\Audio_augmented\speed\audio_001449__aug_speed_01.wav,بالتوفيق انشاء الله و اللهم سدد الخطى و ثبت الاقدام
C:\Users\dell\Desktop\laststation\Audio_augmented\compression\audio_001449__aug_compression_01.wav,بالتوفيق انشاء الله و اللهم سدد الخطى و ثبت الاقدام
C:\Users\dell\Desktop\laststation\Audio_augmented\noise\audio_001450__aug_noise_01.wav,عماد بدة انا راني في ثمانية اشهر خلصت و نستنا و كي تروح ليهم يقولك modem مكانش
C:\Users\dell\Desktop\laststation\Audio_augmented\speed\audio_001450__aug_speed_01.wav,عماد بدة انا راني في ثمانية اشهر خلصت و نستنا و كي تروح ليهم يقولك modem مكانش
C:\Users\dell\Desktop\laststation\Audio_augmented\compression\audio_001450__aug_compression_01.wav,عماد بدة انا راني في ثمانية اشهر خلصت و نستنا و كي تروح ليهم يقولك modem مكانش
C:\Users\dell\Desktop\laststation\Audio_augmented\noise\audio_001451__aug_noise_01.wav,انا اعطوني غير حقي عشرين بدون انقطاع بزاف عليا
C:\Users\dell\Desktop\laststation\Audio_augmented\speed\audio_001451__aug_speed_01.wav,انا اعطوني غير حقي عشرين بدون انقطاع بزاف عليا
C:\Users\dell\Desktop\laststation\Audio_augmented\compression\audio_001451__aug_compression_01.wav,انا اعطوني غير حقي عشرين بدون انقطاع بزاف عليا
C:\Users\dell\Desktop\laststation\Audio_augmented\noise\audio_001452__aug_noise_01.wav,بعثلكم في الخاص رقم الهاتف و اسم و لقب و طلبتم مني ندير video قصير درت و مجاوبتونيش هاطلقونا connexion
C:\Users\dell\Desktop\laststation\Audio_augmented\speed\audio_001452__aug_speed_01.wav,بعثلكم في الخاص رقم الهاتف و اسم و لقب و طلبتم مني ندير video قصير درت و مجاوبتونيش هاطلقونا connexion
C:\Users\dell\Desktop\laststation\Audio_augmented\compression\audio_001452__aug_compression_01.wav,بعثلكم في الخاص رقم الهاتف و اسم و لقب و طلبتم مني ندير video قصير درت و مجاوبتونيش هاطلقونا connexion
C:\Users\dell\Desktop\laststation\Audio_augmented\noise\audio_001453__aug_noise_01.wav,رجاء الرد في الخاص رانا بلا connexion في سمانة
C:\Users\dell\Desktop\laststation\Audio_augmented\speed\audio_001453__aug_speed_01.wav,رجاء الرد في الخاص رانا بلا connexion في سمانة
C:\Users\dell\Desktop\laststation\Audio_augmented\compression\audio_001453__aug_compression_01.wav,رجاء الرد في الخاص رانا بلا connexion في سمانة
C:\Users\dell\Desktop\laststation\Audio_augmented\noise\audio_001454__aug_noise_01.wav,شكرا لكم على سرعة الاصلاح اخر مرة لعقوبة لي fibre
C:\Users\dell\Desktop\laststation\Audio_augmented\speed\audio_001454__aug_speed_01.wav,شكرا لكم على سرعة الاصلاح اخر مرة لعقوبة لي fibre
C:\Users\dell\Desktop\laststation\Audio_augmented\compression\audio_001454__aug_compression_01.wav,شكرا لكم على سرعة الاصلاح اخر مرة لعقوبة لي fibre
C:\Users\dell\Desktop\laststation\Audio_augmented\noise\audio_001455__aug_noise_01.wav,اتصالات الجزاير لا اتصالات و لا خدمات ومستوى zero zero zero و الشيء الوحيد البارعين فيه قطع internet
C:\Users\dell\Desktop\laststation\Audio_augmented\speed\audio_001455__aug_speed_01.wav,اتصالات الجزاير لا اتصالات و لا خدمات ومستوى zero zero zero و الشيء الوحيد البارعين فيه قطع internet
C:\Users\dell\Desktop\laststation\Audio_augmented\compression\audio_001455__aug_compression_01.wav,اتصالات الجزاير لا اتصالات و لا خدمات ومستوى zero zero zero و الشيء الوحيد البارعين فيه قطع internet
C:\Users\dell\Desktop\laststation\Audio_augmented\noise\audio_001456__aug_noise_01.wav,عشرين mega تلحقني لعشرة الخدمة من السيئ للاسوء
C:\Users\dell\Desktop\laststation\Audio_augmented\speed\audio_001456__aug_speed_01.wav,عشرين mega تلحقني لعشرة الخدمة من السيئ للاسوء
C:\Users\dell\Desktop\laststation\Audio_augmented\compression\audio_001456__aug_compression_01.wav,عشرين mega تلحقني لعشرة الخدمة من السيئ للاسوء
C:\Users\dell\Desktop\laststation\Audio_augmented\noise\audio_001457__aug_noise_01.wav,شكون عندو فكرة كيفاه نهبط تدفق internet من عشرين الى عشرة من فضلكم
C:\Users\dell\Desktop\laststation\Audio_augmented\speed\audio_001457__aug_speed_01.wav,شكون عندو فكرة كيفاه نهبط تدفق internet من عشرين الى عشرة من فضلكم
C:\Users\dell\Desktop\laststation\Audio_augmented\compression\audio_001457__aug_compression_01.wav,شكون عندو فكرة كيفاه نهبط تدفق internet من عشرين الى عشرة من فضلكم
C:\Users\dell\Desktop\laststation\Audio_augmented\noise\audio_001458__aug_noise_01.wav,رانا في خمسطاش نيوم خلصنا و جبنا modem و مازال مركبولناش
C:\Users\dell\Desktop\laststation\Audio_augmented\speed\audio_001458__aug_speed_01.wav,رانا في خمسطاش نيوم خلصنا و جبنا modem و مازال مركبولناش
C:\Users\dell\Desktop\laststation\Audio_augmented\compression\audio_001458__aug_compression_01.wav,رانا في خمسطاش نيوم خلصنا و جبنا modem و مازال مركبولناش
C:\Users\dell\Desktop\laststation\Audio_augmented\noise\audio_001459__aug_noise_01.wav,علاش تتمسخرو كيما قالو الهدرة ساهلة mais الخدمة مكانش
C:\Users\dell\Desktop\laststation\Audio_augmented\speed\audio_001459__aug_speed_01.wav,علاش تتمسخرو كيما قالو الهدرة ساهلة mais الخدمة مكانش
C:\Users\dell\Desktop\laststation\Audio_augmented\compression\audio_001459__aug_compression_01.wav,علاش تتمسخرو كيما قالو الهدرة ساهلة mais الخدمة مكانش
C:\Users\dell\Desktop\laststation\Audio_augmented\noise\audio_001460__aug_noise_01.wav,عندكم برك نهار الي توصلولنا la fibre يحبسو العروض هذا اذا وصلتونا fibre
C:\Users\dell\Desktop\laststation\Audio_augmented\speed\audio_001460__aug_speed_01.wav,عندكم برك نهار الي توصلولنا la fibre يحبسو العروض هذا اذا وصلتونا fibre
C:\Users\dell\Desktop\laststation\Audio_augmented\compression\audio_001460__aug_compression_01.wav,عندكم برك نهار الي توصلولنا la fibre يحبسو العروض هذا اذا وصلتونا fibre
C:\Users\dell\Desktop\laststation\Audio_augmented\noise\audio_001461__aug_noise_01.wav,انت اقطعلي internet ديرلي تعويض ميش تاخذونا و تقللهم الله ينجحكم
C:\Users\dell\Desktop\laststation\Audio_augmented\speed\audio_001461__aug_speed_01.wav,انت اقطعلي internet ديرلي تعويض ميش تاخذونا و تقللهم الله ينجحكم
C:\Users\dell\Desktop\laststation\Audio_augmented\compression\audio_001461__aug_compression_01.wav,انت اقطعلي internet ديرلي تعويض ميش تاخذونا و تقللهم الله ينجحكم
C:\Users\dell\Desktop\laststation\Audio_augmented\noise\audio_001462__aug_noise_01.wav,المشكلة انني تقدمت بملف طلب ربط بي internet من حوالي شهر ولا شي يذكر لحد الان
C:\Users\dell\Desktop\laststation\Audio_augmented\speed\audio_001462__aug_speed_01.wav,المشكلة انني تقدمت بملف طلب ربط بي internet من حوالي شهر ولا شي يذكر لحد الان
C:\Users\dell\Desktop\laststation\Audio_augmented\compression\audio_001462__aug_compression_01.wav,المشكلة انني تقدمت بملف طلب ربط بي internet من حوالي شهر ولا شي يذكر لحد الان
C:\Users\dell\Desktop\laststation\Audio_augmented\noise\audio_001463__aug_noise_01.wav,قمت بارسال كافة معلوماتي في الخاص و لم يرد احد
C:\Users\dell\Desktop\laststation\Audio_augmented\speed\audio_001463__aug_speed_01.wav,قمت بارسال كافة معلوماتي في الخاص و لم يرد احد
C:\Users\dell\Desktop\laststation\Audio_augmented\compression\audio_001463__aug_compression_01.wav,قمت بارسال كافة معلوماتي في الخاص و لم يرد احد
C:\Users\dell\Desktop\laststation\Audio_augmented\noise\audio_001464__aug_noise_01.wav,بصح غالي على الاقل لو عملتو واحد للناس لي عندهم internet بدون مدخل sim يكون بسعر اقل
C:\Users\dell\Desktop\laststation\Audio_augmented\speed\audio_001464__aug_speed_01.wav,بصح غالي على الاقل لو عملتو واحد للناس لي عندهم internet بدون مدخل sim يكون بسعر اقل
C:\Users\dell\Desktop\laststation\Audio_augmented\compression\audio_001464__aug_compression_01.wav,بصح غالي على الاقل لو عملتو واحد للناس لي عندهم internet بدون مدخل sim يكون بسعر اقل
C:\Users\dell\Desktop\laststation\Audio_augmented\noise\audio_001465__aug_noise_01.wav,العفرون مكانش فيها fibre نهار ديروه مدولنا هذو العروض
C:\Users\dell\Desktop\laststation\Audio_augmented\speed\audio_001465__aug_speed_01.wav,العفرون مكانش فيها fibre نهار ديروه مدولنا هذو العروض
C:\Users\dell\Desktop\laststation\Audio_augmented\compression\audio_001465__aug_compression_01.wav,العفرون مكانش فيها fibre نهار ديروه مدولنا هذو العروض
C:\Users\dell\Desktop\laststation\Audio_augmented\noise\audio_001466__aug_noise_01.wav,علابالي كاين انقطاع في internet و الهاتف الثابت غير منذ قرابة ثنين و سبعين ساعة الى حد الان بجاية
C:\Users\dell\Desktop\laststation\Audio_augmented\speed\audio_001466__aug_speed_01.wav,علابالي كاين انقطاع في internet و الهاتف الثابت غير منذ قرابة ثنين و سبعين ساعة الى حد الان بجاية
C:\Users\dell\Desktop\laststation\Audio_augmented\compression\audio_001466__aug_compression_01.wav,علابالي كاين انقطاع في internet و الهاتف الثابت غير منذ قرابة ثنين و سبعين ساعة الى حد الان بجاية
C:\Users\dell\Desktop\laststation\Audio_augmented\noise\audio_001467__aug_noise_01.wav,انا تبانلي راهي مثقلينها من عندهم علاجال الامتحان توقع كلش من الشركة هذي
C:\Users\dell\Desktop\laststation\Audio_augmented\speed\audio_001467__aug_speed_01.wav,انا تبانلي راهي مثقلينها من عندهم علاجال الامتحان توقع كلش من الشركة هذي
C:\Users\dell\Desktop\laststation\Audio_augmented\compression\audio_001467__aug_compression_01.wav,انا تبانلي راهي مثقلينها من عندهم علاجال الامتحان توقع كلش من الشركة هذي
C:\Users\dell\Desktop\laststation\Audio_augmented\noise\audio_001468__aug_noise_01.wav,ياو اطلقونا internet خلصنا كلش دورك قريب عشرة ايام و حنا نستناو مكان والوا
C:\Users\dell\Desktop\laststation\Audio_augmented\speed\audio_001468__aug_speed_01.wav,ياو اطلقونا internet خلصنا كلش دورك قريب عشرة ايام و حنا نستناو مكان والوا
C:\Users\dell\Desktop\laststation\Audio_augmented\compression\audio_001468__aug_compression_01.wav,ياو اطلقونا internet خلصنا كلش دورك قريب عشرة ايام و حنا نستناو مكان والوا
C:\Users\dell\Desktop\laststation\Audio_augmented\noise\audio_001469__aug_noise_01.wav,ريڨلونا connexion برك راها يوم مش normal ڨاع كارثة تاع صح
C:\Users\dell\Desktop\laststation\Audio_augmented\speed\audio_001469__aug_speed_01.wav,ريڨلونا connexion برك راها يوم مش normal ڨاع كارثة تاع صح
C:\Users\dell\Desktop\laststation\Audio_augmented\compression\audio_001469__aug_compression_01.wav,ريڨلونا connexion برك راها يوم مش normal ڨاع كارثة تاع صح
C:\Users\dell\Desktop\laststation\Audio_augmented\noise\audio_001470__aug_noise_01.wav,و wifi علاه مقطوع حتى لوقت هذا ياسبحان لله
C:\Users\dell\Desktop\laststation\Audio_augmented\speed\audio_001470__aug_speed_01.wav,و wifi علاه مقطوع حتى لوقت هذا ياسبحان لله
C:\Users\dell\Desktop\laststation\Audio_augmented\compression\audio_001470__aug_compression_01.wav,و wifi علاه مقطوع حتى لوقت هذا ياسبحان لله
C:\Users\dell\Desktop\laststation\Audio_augmented\noise\audio_001471__aug_noise_01.wav,عندي فايتة اسبوع بدون internet والله مجاوش يخذموه لا حول و لا قوة الا بالله
C:\Users\dell\Desktop\laststation\Audio_augmented\speed\audio_001471__aug_speed_01.wav,عندي فايتة اسبوع بدون internet والله مجاوش يخذموه لا حول و لا قوة الا بالله
C:\Users\dell\Desktop\laststation\Audio_augmented\compression\audio_001471__aug_compression_01.wav,عندي فايتة اسبوع بدون internet والله مجاوش يخذموه لا حول و لا قوة الا بالله
C:\Users\dell\Desktop\laststation\Audio_augmented\noise\audio_001472__aug_noise_01.wav,المسيلة راهي مقطوعة internet عندها من نصف رمضان
C:\Users\dell\Desktop\laststation\Audio_augmented\speed\audio_001472__aug_speed_01.wav,المسيلة راهي مقطوعة internet عندها من نصف رمضان
C:\Users\dell\Desktop\laststation\Audio_augmented\compression\audio_001472__aug_compression_01.wav,المسيلة راهي مقطوعة internet عندها من نصف رمضان
C:\Users\dell\Desktop\laststation\Audio_augmented\noise\audio_001473__aug_noise_01.wav,ريڨلولنا مشكل تاع internet رانا كرهنا ثلاث ايام fibre مكانش
C:\Users\dell\Desktop\laststation\Audio_augmented\speed\audio_001473__aug_speed_01.wav,ريڨلولنا مشكل تاع internet رانا كرهنا ثلاث ايام fibre مكانش
C:\Users\dell\Desktop\laststation\Audio_augmented\compression\audio_001473__aug_compression_01.wav,ريڨلولنا مشكل تاع internet رانا كرهنا ثلاث ايام fibre مكانش
C:\Users\dell\Desktop\laststation\Audio_augmented\noise\audio_001474__aug_noise_01.wav,اسامة connexion تاعي كانت تمشي عادي من خمسة ايام امس تقطعت مفهمتش وين راه مشكل
C:\Users\dell\Desktop\laststation\Audio_augmented\speed\audio_001474__aug_speed_01.wav,اسامة connexion تاعي كانت تمشي عادي من خمسة ايام امس تقطعت مفهمتش وين راه مشكل
C:\Users\dell\Desktop\laststation\Audio_augmented\compression\audio_001474__aug_compression_01.wav,اسامة connexion تاعي كانت تمشي عادي من خمسة ايام امس تقطعت مفهمتش وين راه مشكل
C:\Users\dell\Desktop\laststation\Audio_augmented\noise\audio_001475__aug_noise_01.wav,انا خلصت باش يخدمولي fibre بصح لحد الان مكان والوا خلصت عندي شهرين
C:\Users\dell\Desktop\laststation\Audio_augmented\speed\audio_001475__aug_speed_01.wav,انا خلصت باش يخدمولي fibre بصح لحد الان مكان والوا خلصت عندي شهرين
C:\Users\dell\Desktop\laststation\Audio_augmented\compression\audio_001475__aug_compression_01.wav,انا خلصت باش يخدمولي fibre بصح لحد الان مكان والوا خلصت عندي شهرين
C:\Users\dell\Desktop\laststation\Audio_augmented\noise\audio_001476__aug_noise_01.wav,كل الفواتير و التعبيات ادفعها عبر الدفع الالكتروني و لم يسبق لي الاستفادة من دقيقة مجانية
C:\Users\dell\Desktop\laststation\Audio_augmented\speed\audio_001476__aug_speed_01.wav,كل الفواتير و التعبيات ادفعها عبر الدفع الالكتروني و لم يسبق لي الاستفادة من دقيقة مجانية
C:\Users\dell\Desktop\laststation\Audio_augmented\compression\audio_001476__aug_compression_01.wav,كل الفواتير و التعبيات ادفعها عبر الدفع الالكتروني و لم يسبق لي الاستفادة من دقيقة مجانية
C:\Users\dell\Desktop\laststation\Audio_augmented\noise\audio_001477__aug_noise_01.wav,ميتين الف dinar لشهر مايعادل ستمية dinar لثلاثي اكثر بكثير من فاتورة الكهرباء و الغاز التي تعتبر اكثر اهمية
C:\Users\dell\Desktop\laststation\Audio_augmented\speed\audio_001477__aug_speed_01.wav,ميتين الف dinar لشهر مايعادل ستمية dinar لثلاثي اكثر بكثير من فاتورة الكهرباء و الغاز التي تعتبر اكثر اهمية
C:\Users\dell\Desktop\laststation\Audio_augmented\compression\audio_001477__aug_compression_01.wav,ميتين الف dinar لشهر مايعادل ستمية dinar لثلاثي اكثر بكثير من فاتورة الكهرباء و الغاز التي تعتبر اكثر اهمية
C:\Users\dell\Desktop\laststation\Audio_augmented\noise\audio_001478__aug_noise_01.wav,مشترك عشرين mega تلحقنا عشرة عامين و انا نشكي مازال ماحبوش يخفضو التدفق راكم تاكلو في حق الناس
C:\Users\dell\Desktop\laststation\Audio_augmented\speed\audio_001478__aug_speed_01.wav,مشترك عشرين mega تلحقنا عشرة عامين و انا نشكي مازال ماحبوش يخفضو التدفق راكم تاكلو في حق الناس
C:\Users\dell\Desktop\laststation\Audio_augmented\compression\audio_001478__aug_compression_01.wav,مشترك عشرين mega تلحقنا عشرة عامين و انا نشكي مازال ماحبوش يخفضو التدفق راكم تاكلو في حق الناس
C:\Users\dell\Desktop\laststation\Audio_augmented\noise\audio_001479__aug_noise_01.wav,رانا في يومين بلا connexion رحت ليهم يومين و مازال نفس المشكل
C:\Users\dell\Desktop\laststation\Audio_augmented\speed\audio_001479__aug_speed_01.wav,رانا في يومين بلا connexion رحت ليهم يومين و مازال نفس المشكل
C:\Users\dell\Desktop\laststation\Audio_augmented\compression\audio_001479__aug_compression_01.wav,رانا في يومين بلا connexion رحت ليهم يومين و مازال نفس المشكل
C:\Users\dell\Desktop\laststation\Audio_augmented\noise\audio_001480__aug_noise_01.wav,ماسبب تردي الخدمة هذه الايام الهاتف الارضي مقطوع و internet متوقفة
C:\Users\dell\Desktop\laststation\Audio_augmented\speed\audio_001480__aug_speed_01.wav,ماسبب تردي الخدمة هذه الايام الهاتف الارضي مقطوع و internet متوقفة
C:\Users\dell\Desktop\laststation\Audio_augmented\compression\audio_001480__aug_compression_01.wav,ماسبب تردي الخدمة هذه الايام الهاتف الارضي مقطوع و internet متوقفة
C:\Users\dell\Desktop\laststation\Audio_augmented\noise\audio_001481__aug_noise_01.wav,عندي اسبوع ملي خلصت عطاوني modem رانا نستناو التوصيل مازال ماجاو بيرتوتة الجزاير حي الشعايبية
C:\Users\dell\Desktop\laststation\Audio_augmented\speed\audio_001481__aug_speed_01.wav,عندي اسبوع ملي خلصت عطاوني modem رانا نستناو التوصيل مازال ماجاو بيرتوتة الجزاير حي الشعايبية
C:\Users\dell\Desktop\laststation\Audio_augmented\compression\audio_001481__aug_compression_01.wav,عندي اسبوع ملي خلصت عطاوني modem رانا نستناو التوصيل مازال ماجاو بيرتوتة الجزاير حي الشعايبية
C:\Users\dell\Desktop\laststation\Audio_augmented\noise\audio_001482__aug_noise_01.wav,من لبارح على تلاثة تاع عشية نقطعت internet حتى الوقت الحالي مازال مجاتش
C:\Users\dell\Desktop\laststation\Audio_augmented\speed\audio_001482__aug_speed_01.wav,من لبارح على تلاثة تاع عشية نقطعت internet حتى الوقت الحالي مازال مجاتش
C:\Users\dell\Desktop\laststation\Audio_augmented\compression\audio_001482__aug_compression_01.wav,من لبارح على تلاثة تاع عشية نقطعت internet حتى الوقت الحالي مازال مجاتش
C:\Users\dell\Desktop\laststation\Audio_augmented\noise\audio_001483__aug_noise_01.wav,خفضولنا الاسعار هذي الاسعار في متناول بلايلي
C:\Users\dell\Desktop\laststation\Audio_augmented\speed\audio_001483__aug_speed_01.wav,خفضولنا الاسعار هذي الاسعار في متناول بلايلي
C:\Users\dell\Desktop\laststation\Audio_augmented\compression\audio_001483__aug_compression_01.wav,خفضولنا الاسعار هذي الاسعار في متناول بلايلي
C:\Users\dell\Desktop\laststation\Audio_augmented\noise\audio_001484__aug_noise_01.wav,وراه modem جاو دارو installation modem مكاتش
C:\Users\dell\Desktop\laststation\Audio_augmented\speed\audio_001484__aug_speed_01.wav,وراه modem جاو دارو installation modem مكاتش
C:\Users\dell\Desktop\laststation\Audio_augmented\compression\audio_001484__aug_compression_01.wav,وراه modem جاو دارو installation modem مكاتش
C:\Users\dell\Desktop\laststation\Audio_augmented\noise\audio_001485__aug_noise_01.wav,راني رسلت معلوماتي في للخاص شوفولي علاه تقطعت نت
C:\Users\dell\Desktop\laststation\Audio_augmented\speed\audio_001485__aug_speed_01.wav,راني رسلت معلوماتي في للخاص شوفولي علاه تقطعت نت
C:\Users\dell\Desktop\laststation\Audio_augmented\compression\audio_001485__aug_compression_01.wav,راني رسلت معلوماتي في للخاص شوفولي علاه تقطعت نت
C:\Users\dell\Desktop\laststation\Audio_augmented\noise\audio_001486__aug_noise_01.wav,واش راه صاري سمانة بلا internet و طناش مكانش الي يرفد
C:\Users\dell\Desktop\laststation\Audio_augmented\speed\audio_001486__aug_speed_01.wav,واش راه صاري سمانة بلا internet و طناش مكانش الي يرفد
C:\Users\dell\Desktop\laststation\Audio_augmented\compression\audio_001486__aug_compression_01.wav,واش راه صاري سمانة بلا internet و طناش مكانش الي يرفد
C:\Users\dell\Desktop\laststation\Audio_augmented\noise\audio_001487__aug_noise_01.wav,يجب مراجعة الاسعار ليستمتع جميع الزماين خمسين mega بميتين و عشرين مليحة
C:\Users\dell\Desktop\laststation\Audio_augmented\speed\audio_001487__aug_speed_01.wav,يجب مراجعة الاسعار ليستمتع جميع الزماين خمسين mega بميتين و عشرين مليحة
C:\Users\dell\Desktop\laststation\Audio_augmented\compression\audio_001487__aug_compression_01.wav,يجب مراجعة الاسعار ليستمتع جميع الزماين خمسين mega بميتين و عشرين مليحة
C:\Users\dell\Desktop\laststation\Audio_augmented\noise\audio_001488__aug_noise_01.wav,افشل شركة في تاريخ الجزاير نخلصوكم بدراهمنا و تتكبروا علينا
C:\Users\dell\Desktop\laststation\Audio_augmented\speed\audio_001488__aug_speed_01.wav,افشل شركة في تاريخ الجزاير نخلصوكم بدراهمنا و تتكبروا علينا
C:\Users\dell\Desktop\laststation\Audio_augmented\compression\audio_001488__aug_compression_01.wav,افشل شركة في تاريخ الجزاير نخلصوكم بدراهمنا و تتكبروا علينا
C:\Users\dell\Desktop\laststation\Audio_augmented\noise\audio_001489__aug_noise_01.wav,خدمة ضعيفة و مستوى تدفق ضعيف ارجو ان تحسنو من التدفق للافضل
C:\Users\dell\Desktop\laststation\Audio_augmented\speed\audio_001489__aug_speed_01.wav,خدمة ضعيفة و مستوى تدفق ضعيف ارجو ان تحسنو من التدفق للافضل
C:\Users\dell\Desktop\laststation\Audio_augmented\compression\audio_001489__aug_compression_01.wav,خدمة ضعيفة و مستوى تدفق ضعيف ارجو ان تحسنو من التدفق للافضل
C:\Users\dell\Desktop\laststation\Audio_augmented\noise\audio_001490__aug_noise_01.wav,التدفق ضعيف جدا شارجيتها من قبل والله كيف كيف هي و تاع مية الف
C:\Users\dell\Desktop\laststation\Audio_augmented\speed\audio_001490__aug_speed_01.wav,التدفق ضعيف جدا شارجيتها من قبل والله كيف كيف هي و تاع مية الف
C:\Users\dell\Desktop\laststation\Audio_augmented\compression\audio_001490__aug_compression_01.wav,التدفق ضعيف جدا شارجيتها من قبل والله كيف كيف هي و تاع مية الف
C:\Users\dell\Desktop\laststation\Audio_augmented\noise\audio_001491__aug_noise_01.wav,سلام عليكم حنا مركب كلش عندنا و لكن internet مكانش تقريب شهر حاليا
C:\Users\dell\Desktop\laststation\Audio_augmented\speed\audio_001491__aug_speed_01.wav,سلام عليكم حنا مركب كلش عندنا و لكن internet مكانش تقريب شهر حاليا
C:\Users\dell\Desktop\laststation\Audio_augmented\compression\audio_001491__aug_compression_01.wav,سلام عليكم حنا مركب كلش عندنا و لكن internet مكانش تقريب شهر حاليا
C:\Users\dell\Desktop\laststation\Audio_augmented\noise\audio_001492__aug_noise_01.wav,من الصباح connexion مكانش في سحاولة رانا مخلصين يهديكم ربي
C:\Users\dell\Desktop\laststation\Audio_augmented\speed\audio_001492__aug_speed_01.wav,من الصباح connexion مكانش في سحاولة رانا مخلصين يهديكم ربي
C:\Users\dell\Desktop\laststation\Audio_augmented\compression\audio_001492__aug_compression_01.wav,من الصباح connexion مكانش في سحاولة رانا مخلصين يهديكم ربي
C:\Users\dell\Desktop\laststation\Audio_augmented\noise\audio_001493__aug_noise_01.wav,كيفاه هوا راهو قالك المشكل تاعو نتا تقولو الرجاء مشاركتنا انشغالكم ياخويا رد direct و خلاص
C:\Users\dell\Desktop\laststation\Audio_augmented\speed\audio_001493__aug_speed_01.wav,كيفاه هوا راهو قالك المشكل تاعو نتا تقولو الرجاء مشاركتنا انشغالكم ياخويا رد direct و خلاص
C:\Users\dell\Desktop\laststation\Audio_augmented\compression\audio_001493__aug_compression_01.wav,كيفاه هوا راهو قالك المشكل تاعو نتا تقولو الرجاء مشاركتنا انشغالكم ياخويا رد direct و خلاص
C:\Users\dell\Desktop\laststation\Audio_augmented\noise\audio_001494__aug_noise_01.wav,لازم تنقصو سرعة internet حبيت نرجعها deux mille onze
C:\Users\dell\Desktop\laststation\Audio_augmented\speed\audio_001494__aug_speed_01.wav,لازم تنقصو سرعة internet حبيت نرجعها deux mille onze
C:\Users\dell\Desktop\laststation\Audio_augmented\compression\audio_001494__aug_compression_01.wav,لازم تنقصو سرعة internet حبيت نرجعها deux mille onze
C:\Users\dell\Desktop\laststation\Audio_augmented\noise\audio_001495__aug_noise_01.wav,مكان والوا عندنا قريب عام بلا internet و خدمتكم خاطئ
C:\Users\dell\Desktop\laststation\Audio_augmented\speed\audio_001495__aug_speed_01.wav,مكان والوا عندنا قريب عام بلا internet و خدمتكم خاطئ
C:\Users\dell\Desktop\laststation\Audio_augmented\compression\audio_001495__aug_compression_01.wav,مكان والوا عندنا قريب عام بلا internet و خدمتكم خاطئ
C:\Users\dell\Desktop\laststation\Audio_augmented\noise\audio_001496__aug_noise_01.wav,في ولاية معسكر جيتوا ركبتوا modem و خلصناكم في ثمانية ايام درنا شحال من طلب والوا نريكلاميو والوا
C:\Users\dell\Desktop\laststation\Audio_augmented\speed\audio_001496__aug_speed_01.wav,في ولاية معسكر جيتوا ركبتوا modem و خلصناكم في ثمانية ايام درنا شحال من طلب والوا نريكلاميو والوا
C:\Users\dell\Desktop\laststation\Audio_augmented\compression\audio_001496__aug_compression_01.wav,في ولاية معسكر جيتوا ركبتوا modem و خلصناكم في ثمانية ايام درنا شحال من طلب والوا نريكلاميو والوا
C:\Users\dell\Desktop\laststation\Audio_augmented\noise\audio_001497__aug_noise_01.wav,خلطي السيرفرات اطلقونا connexion برك هذا هو الفال
C:\Users\dell\Desktop\laststation\Audio_augmented\speed\audio_001497__aug_speed_01.wav,خلطي السيرفرات اطلقونا connexion برك هذا هو الفال
C:\Users\dell\Desktop\laststation\Audio_augmented\compression\audio_001497__aug_compression_01.wav,خلطي السيرفرات اطلقونا connexion برك هذا هو الفال
C:\Users\dell\Desktop\laststation\Audio_augmented\noise\audio_001498__aug_noise_01.wav,ديرو مزايا للدفع الالكتروني باه تشجعوا الزباين يسلكو بهذ الطريقة
C:\Users\dell\Desktop\laststation\Audio_augmented\speed\audio_001498__aug_speed_01.wav,ديرو مزايا للدفع الالكتروني باه تشجعوا الزباين يسلكو بهذ الطريقة
C:\Users\dell\Desktop\laststation\Audio_augmented\compression\audio_001498__aug_compression_01.wav,ديرو مزايا للدفع الالكتروني باه تشجعوا الزباين يسلكو بهذ الطريقة
C:\Users\dell\Desktop\laststation\Audio_augmented\noise\audio_001499__aug_noise_01.wav,السلام عليكم منذ شهر رمضان و انا معنديش internet في la fibre
C:\Users\dell\Desktop\laststation\Audio_augmented\speed\audio_001499__aug_speed_01.wav,السلام عليكم منذ شهر رمضان و انا معنديش internet في la fibre
C:\Users\dell\Desktop\laststation\Audio_augmented\compression\audio_001499__aug_compression_01.wav,السلام عليكم منذ شهر رمضان و انا معنديش internet في la fibre
C:\Users\dell\Desktop\laststation\Audio_augmented\noise\audio_001500__aug_noise_01.wav,اصلحونا internet لي راهي مكانش من يومين و من بعد ساهل
C:\Users\dell\Desktop\laststation\Audio_augmented\speed\audio_001500__aug_speed_01.wav,اصلحونا internet لي راهي مكانش من يومين و من بعد ساهل
C:\Users\dell\Desktop\laststation\Audio_augmented\compression\audio_001500__aug_compression_01.wav,اصلحونا internet لي راهي مكانش من يومين و من بعد ساهل
C:\Users\dell\Desktop\laststation\Audio_augmented\noise\audio_001501__aug_noise_01.wav,قمت بتسديد فاتورة الهاتف لكن لم استفد من يوم اضافي internet
C:\Users\dell\Desktop\laststation\Audio_augmented\speed\audio_001501__aug_speed_01.wav,قمت بتسديد فاتورة الهاتف لكن لم استفد من يوم اضافي internet
C:\Users\dell\Desktop\laststation\Audio_augmented\compression\audio_001501__aug_compression_01.wav,قمت بتسديد فاتورة الهاتف لكن لم استفد من يوم اضافي internet
C:\Users\dell\Desktop\laststation\Audio_augmented\noise\audio_001502__aug_noise_01.wav,عندي ثلاثين mega راي تلحقني غير سبعة mega تقولي مية الف
C:\Users\dell\Desktop\laststation\Audio_augmented\speed\audio_001502__aug_speed_01.wav,عندي ثلاثين mega راي تلحقني غير سبعة mega تقولي مية الف
C:\Users\dell\Desktop\laststation\Audio_augmented\compression\audio_001502__aug_compression_01.wav,عندي ثلاثين mega راي تلحقني غير سبعة mega تقولي مية الف
C:\Users\dell\Desktop\laststation\Audio_augmented\noise\audio_001503__aug_noise_01.wav,wifi البارح كان normal و اليوم مكانش مافهمتش علاش
C:\Users\dell\Desktop\laststation\Audio_augmented\speed\audio_001503__aug_speed_01.wav,wifi البارح كان normal و اليوم مكانش مافهمتش علاش
C:\Users\dell\Desktop\laststation\Audio_augmented\compression\audio_001503__aug_compression_01.wav,wifi البارح كان normal و اليوم مكانش مافهمتش علاش
C:\Users\dell\Desktop\laststation\Audio_augmented\noise\audio_001504__aug_noise_01.wav,مشترك من deux mille neuf الى يوم هذا مازال موصلتش عندنا
C:\Users\dell\Desktop\laststation\Audio_augmented\speed\audio_001504__aug_speed_01.wav,مشترك من deux mille neuf الى يوم هذا مازال موصلتش عندنا
C:\Users\dell\Desktop\laststation\Audio_augmented\compression\audio_001504__aug_compression_01.wav,مشترك من deux mille neuf الى يوم هذا مازال موصلتش عندنا
C:\Users\dell\Desktop\laststation\Audio_augmented\noise\audio_001505__aug_noise_01.wav,عندي سرعة ستين شحال يخصمو مني ايام كي نطلعها
C:\Users\dell\Desktop\laststation\Audio_augmented\speed\audio_001505__aug_speed_01.wav,عندي سرعة ستين شحال يخصمو مني ايام كي نطلعها
C:\Users\dell\Desktop\laststation\Audio_augmented\compression\audio_001505__aug_compression_01.wav,عندي سرعة ستين شحال يخصمو مني ايام كي نطلعها
C:\Users\dell\Desktop\laststation\Audio_augmented\noise\audio_001506__aug_noise_01.wav,حسنو من تدفق internet و ساهل الحال
C:\Users\dell\Desktop\laststation\Audio_augmented\speed\audio_001506__aug_speed_01.wav,حسنو من تدفق internet و ساهل الحال
C:\Users\dell\Desktop\laststation\Audio_augmented\compression\audio_001506__aug_compression_01.wav,حسنو من تدفق internet و ساهل الحال
C:\Users\dell\Desktop\laststation\Audio_augmented\noise\audio_001507__aug_noise_01.wav,عندنا شهر و internet مقطوعة مالحل ارجو الرد
C:\Users\dell\Desktop\laststation\Audio_augmented\speed\audio_001507__aug_speed_01.wav,عندنا شهر و internet مقطوعة مالحل ارجو الرد
C:\Users\dell\Desktop\laststation\Audio_augmented\compression\audio_001507__aug_compression_01.wav,عندنا شهر و internet مقطوعة مالحل ارجو الرد
C:\Users\dell\Desktop\laststation\Audio_augmented\noise\audio_001508__aug_noise_01.wav,اتصالات الجزاير تلتزم بتحسين جودة الخدمات و تقريبها من المواطن
C:\Users\dell\Desktop\laststation\Audio_augmented\speed\audio_001508__aug_speed_01.wav,اتصالات الجزاير تلتزم بتحسين جودة الخدمات و تقريبها من المواطن
C:\Users\dell\Desktop\laststation\Audio_augmented\compression\audio_001508__aug_compression_01.wav,اتصالات الجزاير تلتزم بتحسين جودة الخدمات و تقريبها من المواطن
C:\Users\dell\Desktop\laststation\Audio_augmented\noise\audio_001509__aug_noise_01.wav,سڨمو connexion في ولاد فايت راهي قريب عشر ايام مكانش
C:\Users\dell\Desktop\laststation\Audio_augmented\speed\audio_001509__aug_speed_01.wav,سڨمو connexion في ولاد فايت راهي قريب عشر ايام مكانش
C:\Users\dell\Desktop\laststation\Audio_augmented\compression\audio_001509__aug_compression_01.wav,سڨمو connexion في ولاد فايت راهي قريب عشر ايام مكانش
C:\Users\dell\Desktop\laststation\Audio_augmented\noise\audio_001510__aug_noise_01.wav,ياليلى يهديك ربي راني ثلاثمية mega
C:\Users\dell\Desktop\laststation\Audio_augmented\speed\audio_001510__aug_speed_01.wav,ياليلى يهديك ربي راني ثلاثمية mega
C:\Users\dell\Desktop\laststation\Audio_augmented\compression\audio_001510__aug_compression_01.wav,ياليلى يهديك ربي راني ثلاثمية mega
C:\Users\dell\Desktop\laststation\Audio_augmented\noise\audio_001511__aug_noise_01.wav,ماهو اقل سعر اشتراك فالشهر و كم فيه
C:\Users\dell\Desktop\laststation\Audio_augmented\speed\audio_001511__aug_speed_01.wav,ماهو اقل سعر اشتراك فالشهر و كم فيه
C:\Users\dell\Desktop\laststation\Audio_augmented\compression\audio_001511__aug_compression_01.wav,ماهو اقل سعر اشتراك فالشهر و كم فيه
C:\Users\dell\Desktop\laststation\Audio_augmented\noise\audio_001512__aug_noise_01.wav,متى تلحقني الالياف البصرية اريد اجابة مباشرة
C:\Users\dell\Desktop\laststation\Audio_augmented\speed\audio_001512__aug_speed_01.wav,متى تلحقني الالياف البصرية اريد اجابة مباشرة
C:\Users\dell\Desktop\laststation\Audio_augmented\compression\audio_001512__aug_compression_01.wav,متى تلحقني الالياف البصرية اريد اجابة مباشرة
C:\Users\dell\Desktop\laststation\Audio_augmented\noise\audio_001513__aug_noise_01.wav,internet ضعيفة بزاف نرجو منكم تحسين الخدمة و زيادة التدفق
C:\Users\dell\Desktop\laststation\Audio_augmented\speed\audio_001513__aug_speed_01.wav,internet ضعيفة بزاف نرجو منكم تحسين الخدمة و زيادة التدفق
C:\Users\dell\Desktop\laststation\Audio_augmented\compression\audio_001513__aug_compression_01.wav,internet ضعيفة بزاف نرجو منكم تحسين الخدمة و زيادة التدفق
C:\Users\dell\Desktop\laststation\Audio_augmented\noise\audio_001514__aug_noise_01.wav,علاه ماعلابالهمش وين راه كاين fibre و مكاش و وين محتاجين fibre و وين لالا
C:\Users\dell\Desktop\laststation\Audio_augmented\speed\audio_001514__aug_speed_01.wav,علاه ماعلابالهمش وين راه كاين fibre و مكاش و وين محتاجين fibre و وين لالا
C:\Users\dell\Desktop\laststation\Audio_augmented\compression\audio_001514__aug_compression_01.wav,علاه ماعلابالهمش وين راه كاين fibre و مكاش و وين محتاجين fibre و وين لالا
C:\Users\dell\Desktop\laststation\Audio_augmented\noise\audio_001515__aug_noise_01.wav,مزية راني محبسها افشل شريكة مكانش منافس يديروا رايهم فشعب
C:\Users\dell\Desktop\laststation\Audio_augmented\speed\audio_001515__aug_speed_01.wav,مزية راني محبسها افشل شريكة مكانش منافس يديروا رايهم فشعب
C:\Users\dell\Desktop\laststation\Audio_augmented\compression\audio_001515__aug_compression_01.wav,مزية راني محبسها افشل شريكة مكانش منافس يديروا رايهم فشعب
C:\Users\dell\Desktop\laststation\Audio_augmented\noise\audio_001516__aug_noise_01.wav,ياو جاوبونا مقدرتش نخرج رقم الزبون معنديش الفاتورة و كي بعتولي رابط مقدرتش ندخل
C:\Users\dell\Desktop\laststation\Audio_augmented\speed\audio_001516__aug_speed_01.wav,ياو جاوبونا مقدرتش نخرج رقم الزبون معنديش الفاتورة و كي بعتولي رابط مقدرتش ندخل
C:\Users\dell\Desktop\laststation\Audio_augmented\compression\audio_001516__aug_compression_01.wav,ياو جاوبونا مقدرتش نخرج رقم الزبون معنديش الفاتورة و كي بعتولي رابط مقدرتش ندخل
C:\Users\dell\Desktop\laststation\Audio_augmented\noise\audio_001517__aug_noise_01.wav,اخي بعتلكم شكوى في الخاص ولا يوجد اي رد
C:\Users\dell\Desktop\laststation\Audio_augmented\speed\audio_001517__aug_speed_01.wav,اخي بعتلكم شكوى في الخاص ولا يوجد اي رد
C:\Users\dell\Desktop\laststation\Audio_augmented\compression\audio_001517__aug_compression_01.wav,اخي بعتلكم شكوى في الخاص ولا يوجد اي رد
C:\Users\dell\Desktop\laststation\Audio_augmented\noise\audio_001518__aug_noise_01.wav,شريت واحد و من بعد رميتو ميصلحش zero zero zero
C:\Users\dell\Desktop\laststation\Audio_augmented\speed\audio_001518__aug_speed_01.wav,شريت واحد و من بعد رميتو ميصلحش zero zero zero
C:\Users\dell\Desktop\laststation\Audio_augmented\compression\audio_001518__aug_compression_01.wav,شريت واحد و من بعد رميتو ميصلحش zero zero zero
C:\Users\dell\Desktop\laststation\Audio_augmented\noise\audio_001519__aug_noise_01.wav,اريد تفسير لماذا هناك تماطل كبير في ربط internet مع العلم انا طالب internet دافع اكثر من خمسة شهر
C:\Users\dell\Desktop\laststation\Audio_augmented\speed\audio_001519__aug_speed_01.wav,اريد تفسير لماذا هناك تماطل كبير في ربط internet مع العلم انا طالب internet دافع اكثر من خمسة شهر
C:\Users\dell\Desktop\laststation\Audio_augmented\compression\audio_001519__aug_compression_01.wav,اريد تفسير لماذا هناك تماطل كبير في ربط internet مع العلم انا طالب internet دافع اكثر من خمسة شهر
C:\Users\dell\Desktop\laststation\Audio_augmented\noise\audio_001520__aug_noise_01.wav,internet العادية فقط مقطوعة حي الاخوة بوحجة سكيكدة يقولونا قريب قريب رانا غير نستناو و لا جديد
C:\Users\dell\Desktop\laststation\Audio_augmented\speed\audio_001520__aug_speed_01.wav,internet العادية فقط مقطوعة حي الاخوة بوحجة سكيكدة يقولونا قريب قريب رانا غير نستناو و لا جديد
C:\Users\dell\Desktop\laststation\Audio_augmented\compression\audio_001520__aug_compression_01.wav,internet العادية فقط مقطوعة حي الاخوة بوحجة سكيكدة يقولونا قريب قريب رانا غير نستناو و لا جديد
C:\Users\dell\Desktop\laststation\Audio_augmented\noise\audio_001521__aug_noise_01.wav,مظنيتش مع السخانة هذي رانا نعومو برك
C:\Users\dell\Desktop\laststation\Audio_augmented\speed\audio_001521__aug_speed_01.wav,مظنيتش مع السخانة هذي رانا نعومو برك
C:\Users\dell\Desktop\laststation\Audio_augmented\compression\audio_001521__aug_compression_01.wav,مظنيتش مع السخانة هذي رانا نعومو برك
C:\Users\dell\Desktop\laststation\Audio_augmented\noise\audio_001522__aug_noise_01.wav,ياو جاوبونا internet في حالة و انتم في حالة
C:\Users\dell\Desktop\laststation\Audio_augmented\speed\audio_001522__aug_speed_01.wav,ياو جاوبونا internet في حالة و انتم في حالة
C:\Users\dell\Desktop\laststation\Audio_augmented\compression\audio_001522__aug_compression_01.wav,ياو جاوبونا internet في حالة و انتم في حالة
C:\Users\dell\Desktop\laststation\Audio_augmented\noise\audio_001523__aug_noise_01.wav,نقصو ربعمية dinar و خلو اصحاب ثلاثين mega و ستين mega يطلعو debit لمية و عشرين mega
C:\Users\dell\Desktop\laststation\Audio_augmented\speed\audio_001523__aug_speed_01.wav,نقصو ربعمية dinar و خلو اصحاب ثلاثين mega و ستين mega يطلعو debit لمية و عشرين mega
C:\Users\dell\Desktop\laststation\Audio_augmented\compression\audio_001523__aug_compression_01.wav,نقصو ربعمية dinar و خلو اصحاب ثلاثين mega و ستين mega يطلعو debit لمية و عشرين mega
C:\Users\dell\Desktop\laststation\Audio_augmented\noise\audio_001524__aug_noise_01.wav,حنا في الجلفة قالو مكانش modem و انتم تقولو كاين كيفاه نعرفو خبر رسمي
C:\Users\dell\Desktop\laststation\Audio_augmented\speed\audio_001524__aug_speed_01.wav,حنا في الجلفة قالو مكانش modem و انتم تقولو كاين كيفاه نعرفو خبر رسمي
C:\Users\dell\Desktop\laststation\Audio_augmented\compression\audio_001524__aug_compression_01.wav,حنا في الجلفة قالو مكانش modem و انتم تقولو كاين كيفاه نعرفو خبر رسمي
C:\Users\dell\Desktop\laststation\Audio_augmented\noise\audio_001525__aug_noise_01.wav,متقطعوش internet برك و مكلاه تقولي ماراناش نقطعو
C:\Users\dell\Desktop\laststation\Audio_augmented\speed\audio_001525__aug_speed_01.wav,متقطعوش internet برك و مكلاه تقولي ماراناش نقطعو
C:\Users\dell\Desktop\laststation\Audio_augmented\compression\audio_001525__aug_compression_01.wav,متقطعوش internet برك و مكلاه تقولي ماراناش نقطعو
C:\Users\dell\Desktop\laststation\Audio_augmented\noise\audio_001526__aug_noise_01.wav,بعثت ليكم و راسلتكم قداه من خطرة مكان والوا ديرو ليا حل
C:\Users\dell\Desktop\laststation\Audio_augmented\speed\audio_001526__aug_speed_01.wav,بعثت ليكم و راسلتكم قداه من خطرة مكان والوا ديرو ليا حل
C:\Users\dell\Desktop\laststation\Audio_augmented\compression\audio_001526__aug_compression_01.wav,بعثت ليكم و راسلتكم قداه من خطرة مكان والوا ديرو ليا حل
C:\Users\dell\Desktop\laststation\Audio_augmented\noise\audio_001527__aug_noise_01.wav,ملي ركبوها لحد الان مازال مطلقوش internet
C:\Users\dell\Desktop\laststation\Audio_augmented\speed\audio_001527__aug_speed_01.wav,ملي ركبوها لحد الان مازال مطلقوش internet
C:\Users\dell\Desktop\laststation\Audio_augmented\compression\audio_001527__aug_compression_01.wav,ملي ركبوها لحد الان مازال مطلقوش internet
C:\Users\dell\Desktop\laststation\Audio_augmented\noise\audio_001528__aug_noise_01.wav,الله يهديكم راني من اكتوبر ماركبتوليش حتى internet العادي
C:\Users\dell\Desktop\laststation\Audio_augmented\speed\audio_001528__aug_speed_01.wav,الله يهديكم راني من اكتوبر ماركبتوليش حتى internet العادي
C:\Users\dell\Desktop\laststation\Audio_augmented\compression\audio_001528__aug_compression_01.wav,الله يهديكم راني من اكتوبر ماركبتوليش حتى internet العادي
C:\Users\dell\Desktop\laststation\Audio_augmented\noise\audio_001529__aug_noise_01.wav,اشتراك ستين mega تلحقني ستة و عشرين mega عييت مانريكلامي والوا
C:\Users\dell\Desktop\laststation\Audio_augmented\speed\audio_001529__aug_speed_01.wav,اشتراك ستين mega تلحقني ستة و عشرين mega عييت مانريكلامي والوا
C:\Users\dell\Desktop\laststation\Audio_augmented\compression\audio_001529__aug_compression_01.wav,اشتراك ستين mega تلحقني ستة و عشرين mega عييت مانريكلامي والوا
C:\Users\dell\Desktop\laststation\Audio_augmented\noise\audio_001530__aug_noise_01.wav,نتمنا تنحيو خاصية دفع الهاتف و نحن لا نستعمله
C:\Users\dell\Desktop\laststation\Audio_augmented\speed\audio_001530__aug_speed_01.wav,نتمنا تنحيو خاصية دفع الهاتف و نحن لا نستعمله
C:\Users\dell\Desktop\laststation\Audio_augmented\compression\audio_001530__aug_compression_01.wav,نتمنا تنحيو خاصية دفع الهاتف و نحن لا نستعمله
C:\Users\dell\Desktop\laststation\Audio_augmented\noise\audio_001531__aug_noise_01.wav,internet من صباح مكانش نشعل و نطفي هبلتونا بدراهمنا و زيد تتقلشو علينا خدامتكم zero
C:\Users\dell\Desktop\laststation\Audio_augmented\speed\audio_001531__aug_speed_01.wav,internet من صباح مكانش نشعل و نطفي هبلتونا بدراهمنا و زيد تتقلشو علينا خدامتكم zero
C:\Users\dell\Desktop\laststation\Audio_augmented\compression\audio_001531__aug_compression_01.wav,internet من صباح مكانش نشعل و نطفي هبلتونا بدراهمنا و زيد تتقلشو علينا خدامتكم zero
C:\Users\dell\Desktop\laststation\Audio_augmented\noise\audio_001532__aug_noise_01.wav,زيدو فالابراج عندنا خلاص رجعت كل شبكات النقال خير منها و كامل مايصلحوش الا واحد شوية و غالي
C:\Users\dell\Desktop\laststation\Audio_augmented\speed\audio_001532__aug_speed_01.wav,زيدو فالابراج عندنا خلاص رجعت كل شبكات النقال خير منها و كامل مايصلحوش الا واحد شوية و غالي
C:\Users\dell\Desktop\laststation\Audio_augmented\compression\audio_001532__aug_compression_01.wav,زيدو فالابراج عندنا خلاص رجعت كل شبكات النقال خير منها و كامل مايصلحوش الا واحد شوية و غالي
C:\Users\dell\Desktop\laststation\Audio_augmented\noise\audio_001533__aug_noise_01.wav,internet من البارح مكانش هنا عندنا على الاقل دير بيان
C:\Users\dell\Desktop\laststation\Audio_augmented\speed\audio_001533__aug_speed_01.wav,internet من البارح مكانش هنا عندنا على الاقل دير بيان
C:\Users\dell\Desktop\laststation\Audio_augmented\compression\audio_001533__aug_compression_01.wav,internet من البارح مكانش هنا عندنا على الاقل دير بيان
C:\Users\dell\Desktop\laststation\Audio_augmented\noise\audio_001534__aug_noise_01.wav,ماشفنها ماشفنا السرعة رانا في شهر و connexion مكانش
C:\Users\dell\Desktop\laststation\Audio_augmented\speed\audio_001534__aug_speed_01.wav,ماشفنها ماشفنا السرعة رانا في شهر و connexion مكانش
C:\Users\dell\Desktop\laststation\Audio_augmented\compression\audio_001534__aug_compression_01.wav,ماشفنها ماشفنا السرعة رانا في شهر و connexion مكانش
C:\Users\dell\Desktop\laststation\Audio_augmented\noise\audio_001535__aug_noise_01.wav,عروض و modem باطل واحنا قريب ستة شهر نستناو تمدولنا modem رغم انكم دخلتو لخيوط للديار بصح modem مكانش
C:\Users\dell\Desktop\laststation\Audio_augmented\speed\audio_001535__aug_speed_01.wav,عروض و modem باطل واحنا قريب ستة شهر نستناو تمدولنا modem رغم انكم دخلتو لخيوط للديار بصح modem مكانش
C:\Users\dell\Desktop\laststation\Audio_augmented\compression\audio_001535__aug_compression_01.wav,عروض و modem باطل واحنا قريب ستة شهر نستناو تمدولنا modem رغم انكم دخلتو لخيوط للديار بصح modem مكانش
C:\Users\dell\Desktop\laststation\Audio_augmented\noise\audio_001536__aug_noise_01.wav,دخلت اشتراك جديد و خلصت مية الف و لكن طلقولي فقط ثلاثين mega
C:\Users\dell\Desktop\laststation\Audio_augmented\speed\audio_001536__aug_speed_01.wav,دخلت اشتراك جديد و خلصت مية الف و لكن طلقولي فقط ثلاثين mega
C:\Users\dell\Desktop\laststation\Audio_augmented\compression\audio_001536__aug_compression_01.wav,دخلت اشتراك جديد و خلصت مية الف و لكن طلقولي فقط ثلاثين mega
C:\Users\dell\Desktop\laststation\Audio_augmented\noise\audio_001537__aug_noise_01.wav,كم يبلغ سعر الاشتراك للهاتف الثابث في la fibre
C:\Users\dell\Desktop\laststation\Audio_augmented\speed\audio_001537__aug_speed_01.wav,كم يبلغ سعر الاشتراك للهاتف الثابث في la fibre
C:\Users\dell\Desktop\laststation\Audio_augmented\compression\audio_001537__aug_compression_01.wav,كم يبلغ سعر الاشتراك للهاتف الثابث في la fibre
C:\Users\dell\Desktop\laststation\Audio_augmented\noise\audio_001538__aug_noise_01.wav,عندكم مشكل في internet اين انتم ماهذا الشيء
C:\Users\dell\Desktop\laststation\Audio_augmented\speed\audio_001538__aug_speed_01.wav,عندكم مشكل في internet اين انتم ماهذا الشيء
C:\Users\dell\Desktop\laststation\Audio_augmented\compression\audio_001538__aug_compression_01.wav,عندكم مشكل في internet اين انتم ماهذا الشيء
C:\Users\dell\Desktop\laststation\Audio_augmented\noise\audio_001539__aug_noise_01.wav,نقصولنا في الاسعار deux cent quarante mille في الشهر غالي بزاف
C:\Users\dell\Desktop\laststation\Audio_augmented\speed\audio_001539__aug_speed_01.wav,نقصولنا في الاسعار deux cent quarante mille في الشهر غالي بزاف
C:\Users\dell\Desktop\laststation\Audio_augmented\compression\audio_001539__aug_compression_01.wav,نقصولنا في الاسعار deux cent quarante mille في الشهر غالي بزاف
C:\Users\dell\Desktop\laststation\Audio_augmented\noise\audio_001540__aug_noise_01.wav,قسم بالله الى رانا ناعنو معاكم connexion رهج عندكم
C:\Users\dell\Desktop\laststation\Audio_augmented\speed\audio_001540__aug_speed_01.wav,قسم بالله الى رانا ناعنو معاكم connexion رهج عندكم
C:\Users\dell\Desktop\laststation\Audio_augmented\compression\audio_001540__aug_compression_01.wav,قسم بالله الى رانا ناعنو معاكم connexion رهج عندكم
C:\Users\dell\Desktop\laststation\Audio_augmented\noise\audio_001541__aug_noise_01.wav,les tax بزاف خالصة الكهرباء من بعد شفت الرصيد لقيت خصم ثلاثين الف
C:\Users\dell\Desktop\laststation\Audio_augmented\speed\audio_001541__aug_speed_01.wav,les tax بزاف خالصة الكهرباء من بعد شفت الرصيد لقيت خصم ثلاثين الف
C:\Users\dell\Desktop\laststation\Audio_augmented\compression\audio_001541__aug_compression_01.wav,les tax بزاف خالصة الكهرباء من بعد شفت الرصيد لقيت خصم ثلاثين الف
C:\Users\dell\Desktop\laststation\Audio_augmented\noise\audio_001542__aug_noise_01.wav,ريڨلو connexion راهي كي ودني رانا في deux mille vingt cinq التخلف
C:\Users\dell\Desktop\laststation\Audio_augmented\speed\audio_001542__aug_speed_01.wav,ريڨلو connexion راهي كي ودني رانا في deux mille vingt cinq التخلف
C:\Users\dell\Desktop\laststation\Audio_augmented\compression\audio_001542__aug_compression_01.wav,ريڨلو connexion راهي كي ودني رانا في deux mille vingt cinq التخلف
C:\Users\dell\Desktop\laststation\Audio_augmented\noise\audio_001543__aug_noise_01.wav,قدمت كل المعلومات الخاصة بلحسابي في الخاص و لكن مع الاسف لم تساعدوني
C:\Users\dell\Desktop\laststation\Audio_augmented\speed\audio_001543__aug_speed_01.wav,قدمت كل المعلومات الخاصة بلحسابي في الخاص و لكن مع الاسف لم تساعدوني
C:\Users\dell\Desktop\laststation\Audio_augmented\compression\audio_001543__aug_compression_01.wav,قدمت كل المعلومات الخاصة بلحسابي في الخاص و لكن مع الاسف لم تساعدوني
C:\Users\dell\Desktop\laststation\Audio_augmented\noise\audio_001544__aug_noise_01.wav,يا اخوتي صدقوني عييت من هدي الحالة كل يوم نعيطلكم و نبعثلكم على جال internet و الخط الثابت
C:\Users\dell\Desktop\laststation\Audio_augmented\speed\audio_001544__aug_speed_01.wav,يا اخوتي صدقوني عييت من هدي الحالة كل يوم نعيطلكم و نبعثلكم على جال internet و الخط الثابت
C:\Users\dell\Desktop\laststation\Audio_augmented\compression\audio_001544__aug_compression_01.wav,يا اخوتي صدقوني عييت من هدي الحالة كل يوم نعيطلكم و نبعثلكم على جال internet و الخط الثابت
C:\Users\dell\Desktop\laststation\Audio_augmented\noise\audio_001545__aug_noise_01.wav,هناك احتكار في الاسعار و التلاعب في توزيع سرعات internet مثل الذي يدفع خمسطاش mega و ستين mega بنفس السعر
C:\Users\dell\Desktop\laststation\Audio_augmented\speed\audio_001545__aug_speed_01.wav,هناك احتكار في الاسعار و التلاعب في توزيع سرعات internet مثل الذي يدفع خمسطاش mega و ستين mega بنفس السعر
C:\Users\dell\Desktop\laststation\Audio_augmented\compression\audio_001545__aug_compression_01.wav,هناك احتكار في الاسعار و التلاعب في توزيع سرعات internet مثل الذي يدفع خمسطاش mega و ستين mega بنفس السعر
C:\Users\dell\Desktop\laststation\Audio_augmented\noise\audio_001546__aug_noise_01.wav,عندنا ستة ايام فجباحية بلا wifi و مكاش حتى تدخل من عندكم
C:\Users\dell\Desktop\laststation\Audio_augmented\speed\audio_001546__aug_speed_01.wav,عندنا ستة ايام فجباحية بلا wifi و مكاش حتى تدخل من عندكم
C:\Users\dell\Desktop\laststation\Audio_augmented\compression\audio_001546__aug_compression_01.wav,عندنا ستة ايام فجباحية بلا wifi و مكاش حتى تدخل من عندكم
C:\Users\dell\Desktop\laststation\Audio_augmented\noise\audio_001547__aug_noise_01.wav,يا اميرة ياو cable راهم سرقوه و عندنا عشر ايام مخلصين بلا internet يامخلوقة
C:\Users\dell\Desktop\laststation\Audio_augmented\speed\audio_001547__aug_speed_01.wav,يا اميرة ياو cable راهم سرقوه و عندنا عشر ايام مخلصين بلا internet يامخلوقة
C:\Users\dell\Desktop\laststation\Audio_augmented\compression\audio_001547__aug_compression_01.wav,يا اميرة ياو cable راهم سرقوه و عندنا عشر ايام مخلصين بلا internet يامخلوقة
C:\Users\dell\Desktop\laststation\Audio_augmented\noise\audio_001548__aug_noise_01.wav,التطبيق لي راكم تهدرو عليه راهو حابس
C:\Users\dell\Desktop\laststation\Audio_augmented\speed\audio_001548__aug_speed_01.wav,التطبيق لي راكم تهدرو عليه راهو حابس
C:\Users\dell\Desktop\laststation\Audio_augmented\compression\audio_001548__aug_compression_01.wav,التطبيق لي راكم تهدرو عليه راهو حابس
C:\Users\dell\Desktop\laststation\Audio_augmented\noise\audio_001549__aug_noise_01.wav,عندي استفسار في مايخص رفع سرعة internet
C:\Users\dell\Desktop\laststation\Audio_augmented\speed\audio_001549__aug_speed_01.wav,عندي استفسار في مايخص رفع سرعة internet
C:\Users\dell\Desktop\laststation\Audio_augmented\compression\audio_001549__aug_compression_01.wav,عندي استفسار في مايخص رفع سرعة internet
C:\Users\dell\Desktop\laststation\Audio_augmented\noise\audio_001550__aug_noise_01.wav,انا رحت ليهم قالولي يطلقوها مع السبعة ويحبسوها مع الطناش
C:\Users\dell\Desktop\laststation\Audio_augmented\speed\audio_001550__aug_speed_01.wav,انا رحت ليهم قالولي يطلقوها مع السبعة ويحبسوها مع الطناش
C:\Users\dell\Desktop\laststation\Audio_augmented\compression\audio_001550__aug_compression_01.wav,انا رحت ليهم قالولي يطلقوها مع السبعة ويحبسوها مع الطناش
C:\Users\dell\Desktop\laststation\Audio_augmented\noise\audio_001551__aug_noise_01.wav,رانا في ثلاث ايام internet كارثة لا بيان لا تفسير كلي مكان ولوا
C:\Users\dell\Desktop\laststation\Audio_augmented\speed\audio_001551__aug_speed_01.wav,رانا في ثلاث ايام internet كارثة لا بيان لا تفسير كلي مكان ولوا
C:\Users\dell\Desktop\laststation\Audio_augmented\compression\audio_001551__aug_compression_01.wav,رانا في ثلاث ايام internet كارثة لا بيان لا تفسير كلي مكان ولوا
C:\Users\dell\Desktop\laststation\Audio_augmented\noise\audio_001552__aug_noise_01.wav,واش بيها connexion البارح و اليوم تتقطع و كاين تذبذب
C:\Users\dell\Desktop\laststation\Audio_augmented\speed\audio_001552__aug_speed_01.wav,واش بيها connexion البارح و اليوم تتقطع و كاين تذبذب
C:\Users\dell\Desktop\laststation\Audio_augmented\compression\audio_001552__aug_compression_01.wav,واش بيها connexion البارح و اليوم تتقطع و كاين تذبذب
C:\Users\dell\Desktop\laststation\Audio_augmented\noise\audio_001553__aug_noise_01.wav,و ماذا عن اصحاب modem fibre القديم اريد تغييره بنسخة جديدة ولا يوجد عروض تخفيض لسعره من رمضان الى حد الان
C:\Users\dell\Desktop\laststation\Audio_augmented\speed\audio_001553__aug_speed_01.wav,و ماذا عن اصحاب modem fibre القديم اريد تغييره بنسخة جديدة ولا يوجد عروض تخفيض لسعره من رمضان الى حد الان
C:\Users\dell\Desktop\laststation\Audio_augmented\compression\audio_001553__aug_compression_01.wav,و ماذا عن اصحاب modem fibre القديم اريد تغييره بنسخة جديدة ولا يوجد عروض تخفيض لسعره من رمضان الى حد الان
C:\Users\dell\Desktop\laststation\Audio_augmented\noise\audio_001554__aug_noise_01.wav,رانا نخيرو في دراهمنا في باطل لا internet لا طب
C:\Users\dell\Desktop\laststation\Audio_augmented\speed\audio_001554__aug_speed_01.wav,رانا نخيرو في دراهمنا في باطل لا internet لا طب
C:\Users\dell\Desktop\laststation\Audio_augmented\compression\audio_001554__aug_compression_01.wav,رانا نخيرو في دراهمنا في باطل لا internet لا طب
C:\Users\dell\Desktop\laststation\Audio_augmented\noise\audio_001555__aug_noise_01.wav,اكتيفولي الرقم رجاءا راني بعثتلكم كل المعلومات في الخاص
C:\Users\dell\Desktop\laststation\Audio_augmented\speed\audio_001555__aug_speed_01.wav,اكتيفولي الرقم رجاءا راني بعثتلكم كل المعلومات في الخاص
C:\Users\dell\Desktop\laststation\Audio_augmented\compression\audio_001555__aug_compression_01.wav,اكتيفولي الرقم رجاءا راني بعثتلكم كل المعلومات في الخاص
C:\Users\dell\Desktop\laststation\Audio_augmented\noise\audio_001556__aug_noise_01.wav,السلام عليكم نقصو من الاشتراكات idoom fibre الياف بصرية راهي غالية ميتين الف لشهر ليست في متناول المواطن البسيط و شكرا
C:\Users\dell\Desktop\laststation\Audio_augmented\speed\audio_001556__aug_speed_01.wav,السلام عليكم نقصو من الاشتراكات idoom fibre الياف بصرية راهي غالية ميتين الف لشهر ليست في متناول المواطن البسيط و شكرا
C:\Users\dell\Desktop\laststation\Audio_augmented\compression\audio_001556__aug_compression_01.wav,السلام عليكم نقصو من الاشتراكات idoom fibre الياف بصرية راهي غالية ميتين الف لشهر ليست في متناول المواطن البسيط و شكرا
C:\Users\dell\Desktop\laststation\Audio_augmented\noise\audio_001557__aug_noise_01.wav,رسلتلكم فالخاص و قفولنا الخط حتا تديرولنا حل تعبنا من البلاغات و ارسال الرسائل بدون جدوى و كالاتكم لا تخدمنا بادنى شي
C:\Users\dell\Desktop\laststation\Audio_augmented\speed\audio_001557__aug_speed_01.wav,رسلتلكم فالخاص و قفولنا الخط حتا تديرولنا حل تعبنا من البلاغات و ارسال الرسائل بدون جدوى و كالاتكم لا تخدمنا بادنى شي
C:\Users\dell\Desktop\laststation\Audio_augmented\compression\audio_001557__aug_compression_01.wav,رسلتلكم فالخاص و قفولنا الخط حتا تديرولنا حل تعبنا من البلاغات و ارسال الرسائل بدون جدوى و كالاتكم لا تخدمنا بادنى شي
C:\Users\dell\Desktop\laststation\Audio_augmented\noise\audio_001558__aug_noise_01.wav,ديرولنا الكوراج لينا راح نجوزو سمانة بلا connexion هما مراهمش لاتيين بيكم
C:\Users\dell\Desktop\laststation\Audio_augmented\speed\audio_001558__aug_speed_01.wav,ديرولنا الكوراج لينا راح نجوزو سمانة بلا connexion هما مراهمش لاتيين بيكم
C:\Users\dell\Desktop\laststation\Audio_augmented\compression\audio_001558__aug_compression_01.wav,ديرولنا الكوراج لينا راح نجوزو سمانة بلا connexion هما مراهمش لاتيين بيكم
C:\Users\dell\Desktop\laststation\Audio_augmented\noise\audio_001559__aug_noise_01.wav,واش قصة internet ضعيفة تقول راني في deux mille cinq
C:\Users\dell\Desktop\laststation\Audio_augmented\speed\audio_001559__aug_speed_01.wav,واش قصة internet ضعيفة تقول راني في deux mille cinq
C:\Users\dell\Desktop\laststation\Audio_augmented\compression\audio_001559__aug_compression_01.wav,واش قصة internet ضعيفة تقول راني في deux mille cinq
C:\Users\dell\Desktop\laststation\Audio_augmented\noise\audio_001560__aug_noise_01.wav,سيد الرايس internet راه مقطوع عليا في خمسة شهر
C:\Users\dell\Desktop\laststation\Audio_augmented\speed\audio_001560__aug_speed_01.wav,سيد الرايس internet راه مقطوع عليا في خمسة شهر
C:\Users\dell\Desktop\laststation\Audio_augmented\compression\audio_001560__aug_compression_01.wav,سيد الرايس internet راه مقطوع عليا في خمسة شهر
C:\Users\dell\Desktop\laststation\Audio_augmented\noise\audio_001561__aug_noise_01.wav,كون ماتقطعوش internet غدا نديرلكم اشهار مجاني من عندي
C:\Users\dell\Desktop\laststation\Audio_augmented\speed\audio_001561__aug_speed_01.wav,كون ماتقطعوش internet غدا نديرلكم اشهار مجاني من عندي
C:\Users\dell\Desktop\laststation\Audio_augmented\compression\audio_001561__aug_compression_01.wav,كون ماتقطعوش internet غدا نديرلكم اشهار مجاني من عندي
C:\Users\dell\Desktop\laststation\Audio_augmented\noise\audio_001562__aug_noise_01.wav,هذي لوكان تخلوها بنفس سعر الاشتراك الاصلي مش تنقصو عشر ايام منو
C:\Users\dell\Desktop\laststation\Audio_augmented\speed\audio_001562__aug_speed_01.wav,هذي لوكان تخلوها بنفس سعر الاشتراك الاصلي مش تنقصو عشر ايام منو
C:\Users\dell\Desktop\laststation\Audio_augmented\compression\audio_001562__aug_compression_01.wav,هذي لوكان تخلوها بنفس سعر الاشتراك الاصلي مش تنقصو عشر ايام منو
C:\Users\dell\Desktop\laststation\Audio_augmented\noise\audio_001563__aug_noise_01.wav,modem راكب و internet مكانش اني في شهرين نستنا
C:\Users\dell\Desktop\laststation\Audio_augmented\speed\audio_001563__aug_speed_01.wav,modem راكب و internet مكانش اني في شهرين نستنا
C:\Users\dell\Desktop\laststation\Audio_augmented\compression\audio_001563__aug_compression_01.wav,modem راكب و internet مكانش اني في شهرين نستنا
C:\Users\dell\Desktop\laststation\Audio_augmented\noise\audio_001564__aug_noise_01.wav,حنا من ديسمبر معندناش internet ربي يهديكم
C:\Users\dell\Desktop\laststation\Audio_augmented\speed\audio_001564__aug_speed_01.wav,حنا من ديسمبر معندناش internet ربي يهديكم
C:\Users\dell\Desktop\laststation\Audio_augmented\compression\audio_001564__aug_compression_01.wav,حنا من ديسمبر معندناش internet ربي يهديكم
C:\Users\dell\Desktop\laststation\Audio_augmented\noise\audio_001565__aug_noise_01.wav,خلصنا و جبنا modem بالسبت بصح حد الان مجاوش يركبوه
C:\Users\dell\Desktop\laststation\Audio_augmented\speed\audio_001565__aug_speed_01.wav,خلصنا و جبنا modem بالسبت بصح حد الان مجاوش يركبوه
C:\Users\dell\Desktop\laststation\Audio_augmented\compression\audio_001565__aug_compression_01.wav,خلصنا و جبنا modem بالسبت بصح حد الان مجاوش يركبوه
C:\Users\dell\Desktop\laststation\Audio_augmented\noise\audio_001566__aug_noise_01.wav,التدفق عندي شبه ميت هذي المرة الرابعة و هي تحصل معي هذي الحالة اتمنى الرد بسرعة
C:\Users\dell\Desktop\laststation\Audio_augmented\speed\audio_001566__aug_speed_01.wav,التدفق عندي شبه ميت هذي المرة الرابعة و هي تحصل معي هذي الحالة اتمنى الرد بسرعة
C:\Users\dell\Desktop\laststation\Audio_augmented\compression\audio_001566__aug_compression_01.wav,التدفق عندي شبه ميت هذي المرة الرابعة و هي تحصل معي هذي الحالة اتمنى الرد بسرعة
C:\Users\dell\Desktop\laststation\Audio_augmented\noise\audio_001567__aug_noise_01.wav,هل الاشتراك محسوب من نهار لي دفعت فيه الملف في الوكالة او عند بداية تشغيل الخط
C:\Users\dell\Desktop\laststation\Audio_augmented\speed\audio_001567__aug_speed_01.wav,هل الاشتراك محسوب من نهار لي دفعت فيه الملف في الوكالة او عند بداية تشغيل الخط
C:\Users\dell\Desktop\laststation\Audio_augmented\compression\audio_001567__aug_compression_01.wav,هل الاشتراك محسوب من نهار لي دفعت فيه الملف في الوكالة او عند بداية تشغيل الخط
C:\Users\dell\Desktop\laststation\Audio_augmented\noise\audio_001568__aug_noise_01.wav,ديرولنا la fibre يرحم والديكم غير حنا في بجاية مكانش
C:\Users\dell\Desktop\laststation\Audio_augmented\speed\audio_001568__aug_speed_01.wav,ديرولنا la fibre يرحم والديكم غير حنا في بجاية مكانش
C:\Users\dell\Desktop\laststation\Audio_augmented\compression\audio_001568__aug_compression_01.wav,ديرولنا la fibre يرحم والديكم غير حنا في بجاية مكانش
C:\Users\dell\Desktop\laststation\Audio_augmented\noise\audio_001569__aug_noise_01.wav,حنا في بلدية السبت دايرة عزابة ولاية سكيكدة لا internet ثابت لا fibre و حتى reseau مكانش و ضعيف اذا حضر
C:\Users\dell\Desktop\laststation\Audio_augmented\speed\audio_001569__aug_speed_01.wav,حنا في بلدية السبت دايرة عزابة ولاية سكيكدة لا internet ثابت لا fibre و حتى reseau مكانش و ضعيف اذا حضر
C:\Users\dell\Desktop\laststation\Audio_augmented\compression\audio_001569__aug_compression_01.wav,حنا في بلدية السبت دايرة عزابة ولاية سكيكدة لا internet ثابت لا fibre و حتى reseau مكانش و ضعيف اذا حضر
C:\Users\dell\Desktop\laststation\Audio_augmented\noise\audio_001570__aug_noise_01.wav,من محزن مازلنا توالا في بلدان internet تنقطع و لم تخبرو الناس لماذا و كيف مزالت internet تنقطع في ليل و ترجع نص اليوم عندها ثلاث ايام ماسبب
C:\Users\dell\Desktop\laststation\Audio_augmented\speed\audio_001570__aug_speed_01.wav,من محزن مازلنا توالا في بلدان internet تنقطع و لم تخبرو الناس لماذا و كيف مزالت internet تنقطع في ليل و ترجع نص اليوم عندها ثلاث ايام ماسبب
C:\Users\dell\Desktop\laststation\Audio_augmented\compression\audio_001570__aug_compression_01.wav,من محزن مازلنا توالا في بلدان internet تنقطع و لم تخبرو الناس لماذا و كيف مزالت internet تنقطع في ليل و ترجع نص اليوم عندها ثلاث ايام ماسبب
C:\Users\dell\Desktop\laststation\Audio_augmented\noise\audio_001571__aug_noise_01.wav,يعطيكم الصحة على المجهودات صراحة خدمة فالقمة meme المشاكل تتحل بسرعة ربي يقدركم
C:\Users\dell\Desktop\laststation\Audio_augmented\speed\audio_001571__aug_speed_01.wav,يعطيكم الصحة على المجهودات صراحة خدمة فالقمة meme المشاكل تتحل بسرعة ربي يقدركم
C:\Users\dell\Desktop\laststation\Audio_augmented\compression\audio_001571__aug_compression_01.wav,يعطيكم الصحة على المجهودات صراحة خدمة فالقمة meme المشاكل تتحل بسرعة ربي يقدركم
C:\Users\dell\Desktop\laststation\Audio_augmented\noise\audio_001572__aug_noise_01.wav,حياتنا اصبحت صعبة و لمدة ستة اشهر و نحن محرمون من خدمات internet ياسادة
C:\Users\dell\Desktop\laststation\Audio_augmented\speed\audio_001572__aug_speed_01.wav,حياتنا اصبحت صعبة و لمدة ستة اشهر و نحن محرمون من خدمات internet ياسادة
C:\Users\dell\Desktop\laststation\Audio_augmented\compression\audio_001572__aug_compression_01.wav,حياتنا اصبحت صعبة و لمدة ستة اشهر و نحن محرمون من خدمات internet ياسادة
C:\Users\dell\Desktop\laststation\Audio_augmented\noise\audio_001573__aug_noise_01.wav,راني في يومين بلا connexion يهديكم ربي اخدموهالنا ياو
C:\Users\dell\Desktop\laststation\Audio_augmented\speed\audio_001573__aug_speed_01.wav,راني في يومين بلا connexion يهديكم ربي اخدموهالنا ياو
C:\Users\dell\Desktop\laststation\Audio_augmented\compression\audio_001573__aug_compression_01.wav,راني في يومين بلا connexion يهديكم ربي اخدموهالنا ياو
C:\Users\dell\Desktop\laststation\Audio_augmented\noise\audio_001574__aug_noise_01.wav,عندي internet عندها اكثر من ثمانية ساعات موقفة و راني مخلصتها
C:\Users\dell\Desktop\laststation\Audio_augmented\speed\audio_001574__aug_speed_01.wav,عندي internet عندها اكثر من ثمانية ساعات موقفة و راني مخلصتها
C:\Users\dell\Desktop\laststation\Audio_augmented\compression\audio_001574__aug_compression_01.wav,عندي internet عندها اكثر من ثمانية ساعات موقفة و راني مخلصتها
C:\Users\dell\Desktop\laststation\Audio_augmented\noise\audio_001575__aug_noise_01.wav,و الشبكة مكانش احي احي تضحكو علينا و على رواحكم
C:\Users\dell\Desktop\laststation\Audio_augmented\speed\audio_001575__aug_speed_01.wav,و الشبكة مكانش احي احي تضحكو علينا و على رواحكم
C:\Users\dell\Desktop\laststation\Audio_augmented\compression\audio_001575__aug_compression_01.wav,و الشبكة مكانش احي احي تضحكو علينا و على رواحكم
C:\Users\dell\Desktop\laststation\Audio_augmented\noise\audio_001576__aug_noise_01.wav,تقريبا غادي ينحو عرض تاع quinze mega يبقا ثلاثين و تطلع خاصة لي يكون عندو قبل اشتراك قديم
C:\Users\dell\Desktop\laststation\Audio_augmented\speed\audio_001576__aug_speed_01.wav,تقريبا غادي ينحو عرض تاع quinze mega يبقا ثلاثين و تطلع خاصة لي يكون عندو قبل اشتراك قديم
C:\Users\dell\Desktop\laststation\Audio_augmented\compression\audio_001576__aug_compression_01.wav,تقريبا غادي ينحو عرض تاع quinze mega يبقا ثلاثين و تطلع خاصة لي يكون عندو قبل اشتراك قديم
C:\Users\dell\Desktop\laststation\Audio_augmented\noise\audio_001577__aug_noise_01.wav,تسمى دزاير كامل راحتلكم connexion و نتوما تقولولنا اتهنى
C:\Users\dell\Desktop\laststation\Audio_augmented\speed\audio_001577__aug_speed_01.wav,تسمى دزاير كامل راحتلكم connexion و نتوما تقولولنا اتهنى
C:\Users\dell\Desktop\laststation\Audio_augmented\compression\audio_001577__aug_compression_01.wav,تسمى دزاير كامل راحتلكم connexion و نتوما تقولولنا اتهنى
C:\Users\dell\Desktop\laststation\Audio_augmented\noise\audio_001578__aug_noise_01.wav,رجعولنا internet يهديكم ربي من صباح و internet مكاش
C:\Users\dell\Desktop\laststation\Audio_augmented\speed\audio_001578__aug_speed_01.wav,رجعولنا internet يهديكم ربي من صباح و internet مكاش
C:\Users\dell\Desktop\laststation\Audio_augmented\compression\audio_001578__aug_compression_01.wav,رجعولنا internet يهديكم ربي من صباح و internet مكاش
C:\Users\dell\Desktop\laststation\Audio_augmented\noise\audio_001579__aug_noise_01.wav,في عوض ما نخلصو ميتين الف و نولو نخلصو مية الف
C:\Users\dell\Desktop\laststation\Audio_augmented\speed\audio_001579__aug_speed_01.wav,في عوض ما نخلصو ميتين الف و نولو نخلصو مية الف
C:\Users\dell\Desktop\laststation\Audio_augmented\compression\audio_001579__aug_compression_01.wav,في عوض ما نخلصو ميتين الف و نولو نخلصو مية الف
C:\Users\dell\Desktop\laststation\Audio_augmented\noise\audio_001580__aug_noise_01.wav,internet يومين مكانش و حنا نخدمو بيها والله غير منكر
C:\Users\dell\Desktop\laststation\Audio_augmented\speed\audio_001580__aug_speed_01.wav,internet يومين مكانش و حنا نخدمو بيها والله غير منكر
C:\Users\dell\Desktop\laststation\Audio_augmented\compression\audio_001580__aug_compression_01.wav,internet يومين مكانش و حنا نخدمو بيها والله غير منكر
C:\Users\dell\Desktop\laststation\Audio_augmented\noise\audio_001581__aug_noise_01.wav,عندنا مشكل انقطاع internet منذ مدة لم يتم حله و قد راسلتكم في الخاص
C:\Users\dell\Desktop\laststation\Audio_augmented\speed\audio_001581__aug_speed_01.wav,عندنا مشكل انقطاع internet منذ مدة لم يتم حله و قد راسلتكم في الخاص
C:\Users\dell\Desktop\laststation\Audio_augmented\compression\audio_001581__aug_compression_01.wav,عندنا مشكل انقطاع internet منذ مدة لم يتم حله و قد راسلتكم في الخاص
C:\Users\dell\Desktop\laststation\Audio_augmented\noise\audio_001582__aug_noise_01.wav,انا ليوم سبعة ايام مازال ماطلقوش connexion نحتاجها في اختبارات
C:\Users\dell\Desktop\laststation\Audio_augmented\speed\audio_001582__aug_speed_01.wav,انا ليوم سبعة ايام مازال ماطلقوش connexion نحتاجها في اختبارات
C:\Users\dell\Desktop\laststation\Audio_augmented\compression\audio_001582__aug_compression_01.wav,انا ليوم سبعة ايام مازال ماطلقوش connexion نحتاجها في اختبارات
C:\Users\dell\Desktop\laststation\Audio_augmented\noise\audio_001583__aug_noise_01.wav,وقتاش تجو تخدمولنا internet في اولاد يعيش رانا رحنا شتكينا عندنا عشرين يوم والوا نخلصو و connexion مقطوعة عيتونا
C:\Users\dell\Desktop\laststation\Audio_augmented\speed\audio_001583__aug_speed_01.wav,وقتاش تجو تخدمولنا internet في اولاد يعيش رانا رحنا شتكينا عندنا عشرين يوم والوا نخلصو و connexion مقطوعة عيتونا
C:\Users\dell\Desktop\laststation\Audio_augmented\compression\audio_001583__aug_compression_01.wav,وقتاش تجو تخدمولنا internet في اولاد يعيش رانا رحنا شتكينا عندنا عشرين يوم والوا نخلصو و connexion مقطوعة عيتونا
C:\Users\dell\Desktop\laststation\Audio_augmented\noise\audio_001584__aug_noise_01.wav,حنا مزالنا مكاش connexion في ربعة شهر و خمسطاش نيوم
C:\Users\dell\Desktop\laststation\Audio_augmented\speed\audio_001584__aug_speed_01.wav,حنا مزالنا مكاش connexion في ربعة شهر و خمسطاش نيوم
C:\Users\dell\Desktop\laststation\Audio_augmented\compression\audio_001584__aug_compression_01.wav,حنا مزالنا مكاش connexion في ربعة شهر و خمسطاش نيوم
C:\Users\dell\Desktop\laststation\Audio_augmented\noise\audio_001585__aug_noise_01.wav,انا راني نعاني من انقطاع internet كرهت حياتي معها
C:\Users\dell\Desktop\laststation\Audio_augmented\speed\audio_001585__aug_speed_01.wav,انا راني نعاني من انقطاع internet كرهت حياتي معها
C:\Users\dell\Desktop\laststation\Audio_augmented\compression\audio_001585__aug_compression_01.wav,انا راني نعاني من انقطاع internet كرهت حياتي معها
C:\Users\dell\Desktop\laststation\Audio_augmented\noise\audio_001586__aug_noise_01.wav,اطلقولنا connexion الرب العالي رانا عيينا نحلو فيكم
C:\Users\dell\Desktop\laststation\Audio_augmented\speed\audio_001586__aug_speed_01.wav,اطلقولنا connexion الرب العالي رانا عيينا نحلو فيكم
C:\Users\dell\Desktop\laststation\Audio_augmented\compression\audio_001586__aug_compression_01.wav,اطلقولنا connexion الرب العالي رانا عيينا نحلو فيكم
C:\Users\dell\Desktop\laststation\Audio_augmented\noise\audio_001587__aug_noise_01.wav,اطلقولنا la connexion راني خلصتكم باش تطلقوهالي مجيتش توستلكم
C:\Users\dell\Desktop\laststation\Audio_augmented\speed\audio_001587__aug_speed_01.wav,اطلقولنا la connexion راني خلصتكم باش تطلقوهالي مجيتش توستلكم
C:\Users\dell\Desktop\laststation\Audio_augmented\compression\audio_001587__aug_compression_01.wav,اطلقولنا la connexion راني خلصتكم باش تطلقوهالي مجيتش توستلكم
C:\Users\dell\Desktop\laststation\Audio_augmented\noise\audio_001588__aug_noise_01.wav,انا نفس شي معنديش internet من البارح مكانش
C:\Users\dell\Desktop\laststation\Audio_augmented\speed\audio_001588__aug_speed_01.wav,انا نفس شي معنديش internet من البارح مكانش
C:\Users\dell\Desktop\laststation\Audio_augmented\compression\audio_001588__aug_compression_01.wav,انا نفس شي معنديش internet من البارح مكانش
C:\Users\dell\Desktop\laststation\Audio_augmented\noise\audio_001589__aug_noise_01.wav,من فضلكم علجونا انقطعات internet راهي بكثرة الي متي نقعدو صابرين
C:\Users\dell\Desktop\laststation\Audio_augmented\speed\audio_001589__aug_speed_01.wav,من فضلكم علجونا انقطعات internet راهي بكثرة الي متي نقعدو صابرين
C:\Users\dell\Desktop\laststation\Audio_augmented\compression\audio_001589__aug_compression_01.wav,من فضلكم علجونا انقطعات internet راهي بكثرة الي متي نقعدو صابرين
C:\Users\dell\Desktop\laststation\Audio_augmented\noise\audio_001590__aug_noise_01.wav,ماعليش ديرولنا تعليق بالصورة نورولكم سرعة internet
C:\Users\dell\Desktop\laststation\Audio_augmented\speed\audio_001590__aug_speed_01.wav,ماعليش ديرولنا تعليق بالصورة نورولكم سرعة internet
C:\Users\dell\Desktop\laststation\Audio_augmented\compression\audio_001590__aug_compression_01.wav,ماعليش ديرولنا تعليق بالصورة نورولكم سرعة internet
C:\Users\dell\Desktop\laststation\Audio_augmented\noise\audio_001591__aug_noise_01.wav,internet ماراهيش stable عندي تروح و تجي كل خمسة دقايق
C:\Users\dell\Desktop\laststation\Audio_augmented\speed\audio_001591__aug_speed_01.wav,internet ماراهيش stable عندي تروح و تجي كل خمسة دقايق
C:\Users\dell\Desktop\laststation\Audio_augmented\compression\audio_001591__aug_compression_01.wav,internet ماراهيش stable عندي تروح و تجي كل خمسة دقايق
C:\Users\dell\Desktop\laststation\Audio_augmented\noise\audio_001592__aug_noise_01.wav,ارواحو شوفو فينا راهي connexion ربعة شهر و نص مكانش شكيت مية مرة
C:\Users\dell\Desktop\laststation\Audio_augmented\speed\audio_001592__aug_speed_01.wav,ارواحو شوفو فينا راهي connexion ربعة شهر و نص مكانش شكيت مية مرة
C:\Users\dell\Desktop\laststation\Audio_augmented\compression\audio_001592__aug_compression_01.wav,ارواحو شوفو فينا راهي connexion ربعة شهر و نص مكانش شكيت مية مرة
C:\Users\dell\Desktop\laststation\Audio_augmented\noise\audio_001593__aug_noise_01.wav,في سكيكدة مكانش fibre خلاص نص بلديات سكيكدة مافيهمش fibre خلاص
C:\Users\dell\Desktop\laststation\Audio_augmented\speed\audio_001593__aug_speed_01.wav,في سكيكدة مكانش fibre خلاص نص بلديات سكيكدة مافيهمش fibre خلاص
C:\Users\dell\Desktop\laststation\Audio_augmented\compression\audio_001593__aug_compression_01.wav,في سكيكدة مكانش fibre خلاص نص بلديات سكيكدة مافيهمش fibre خلاص
C:\Users\dell\Desktop\laststation\Audio_augmented\noise\audio_001594__aug_noise_01.wav,حتا تسڨمو reseau internet من بعد ساهل راها كارثة اتصالات الجزاير
C:\Users\dell\Desktop\laststation\Audio_augmented\speed\audio_001594__aug_speed_01.wav,حتا تسڨمو reseau internet من بعد ساهل راها كارثة اتصالات الجزاير
C:\Users\dell\Desktop\laststation\Audio_augmented\compression\audio_001594__aug_compression_01.wav,حتا تسڨمو reseau internet من بعد ساهل راها كارثة اتصالات الجزاير
C:\Users\dell\Desktop\laststation\Audio_augmented\noise\audio_001595__aug_noise_01.wav,كي تلحقنا امبعد ساهل قريب عامين و انا نروح و يقولولي نتوما مازال
C:\Users\dell\Desktop\laststation\Audio_augmented\speed\audio_001595__aug_speed_01.wav,كي تلحقنا امبعد ساهل قريب عامين و انا نروح و يقولولي نتوما مازال
C:\Users\dell\Desktop\laststation\Audio_augmented\compression\audio_001595__aug_compression_01.wav,كي تلحقنا امبعد ساهل قريب عامين و انا نروح و يقولولي نتوما مازال
C:\Users\dell\Desktop\laststation\Audio_augmented\noise\audio_001596__aug_noise_01.wav,وشبيها connexion سمانة هذي ماتوصلش عندي حتى ستة mega
C:\Users\dell\Desktop\laststation\Audio_augmented\speed\audio_001596__aug_speed_01.wav,وشبيها connexion سمانة هذي ماتوصلش عندي حتى ستة mega
C:\Users\dell\Desktop\laststation\Audio_augmented\compression\audio_001596__aug_compression_01.wav,وشبيها connexion سمانة هذي ماتوصلش عندي حتى ستة mega
C:\Users\dell\Desktop\laststation\Audio_augmented\noise\audio_001597__aug_noise_01.wav,شحال نخلص في كل شهر من فضلك
C:\Users\dell\Desktop\laststation\Audio_augmented\speed\audio_001597__aug_speed_01.wav,شحال نخلص في كل شهر من فضلك
C:\Users\dell\Desktop\laststation\Audio_augmented\compression\audio_001597__aug_compression_01.wav,شحال نخلص في كل شهر من فضلك
C:\Users\dell\Desktop\laststation\Audio_augmented\noise\audio_001598__aug_noise_01.wav,كم سعر العرض الشهري لعرض ثلاثين mega
C:\Users\dell\Desktop\laststation\Audio_augmented\speed\audio_001598__aug_speed_01.wav,كم سعر العرض الشهري لعرض ثلاثين mega
C:\Users\dell\Desktop\laststation\Audio_augmented\compression\audio_001598__aug_compression_01.wav,كم سعر العرض الشهري لعرض ثلاثين mega
C:\Users\dell\Desktop\laststation\Audio_augmented\noise\audio_001599__aug_noise_01.wav,يرجى تخفيض الاسعار لان السعر الابتدايي ثلاثين mega ليس في متناول الجميع رجعوه لسعر quinze mega كيما كان
C:\Users\dell\Desktop\laststation\Audio_augmented\speed\audio_001599__aug_speed_01.wav,يرجى تخفيض الاسعار لان السعر الابتدايي ثلاثين mega ليس في متناول الجميع رجعوه لسعر quinze mega كيما كان
C:\Users\dell\Desktop\laststation\Audio_augmented\compression\audio_001599__aug_compression_01.wav,يرجى تخفيض الاسعار لان السعر الابتدايي ثلاثين mega ليس في متناول الجميع رجعوه لسعر quinze mega كيما كان
C:\Users\dell\Desktop\laststation\Audio_augmented\noise\audio_001600__aug_noise_01.wav,لماذا يتم رفع سرعة التدفق و التسعيرة internet من طرفكم بدون طلب من الزبون مع العلم انني اسبوع و انا احاول التواصل مع خدمة الزبائن و لكن دون رد
C:\Users\dell\Desktop\laststation\Audio_augmented\speed\audio_001600__aug_speed_01.wav,لماذا يتم رفع سرعة التدفق و التسعيرة internet من طرفكم بدون طلب من الزبون مع العلم انني اسبوع و انا احاول التواصل مع خدمة الزبائن و لكن دون رد
C:\Users\dell\Desktop\laststation\Audio_augmented\compression\audio_001600__aug_compression_01.wav,لماذا يتم رفع سرعة التدفق و التسعيرة internet من طرفكم بدون طلب من الزبون مع العلم انني اسبوع و انا احاول التواصل مع خدمة الزبائن و لكن دون رد
C:\Users\dell\Desktop\laststation\Audio_augmented\noise\audio_001601__aug_noise_01.wav,fibre ماوصلش تبدا الاشغال و تحبس و الان الاشغال حابسة كامل كل عام اصبر العام جديد
C:\Users\dell\Desktop\laststation\Audio_augmented\speed\audio_001601__aug_speed_01.wav,fibre ماوصلش تبدا الاشغال و تحبس و الان الاشغال حابسة كامل كل عام اصبر العام جديد
C:\Users\dell\Desktop\laststation\Audio_augmented\compression\audio_001601__aug_compression_01.wav,fibre ماوصلش تبدا الاشغال و تحبس و الان الاشغال حابسة كامل كل عام اصبر العام جديد
C:\Users\dell\Desktop\laststation\Audio_augmented\noise\audio_001602__aug_noise_01.wav,مانعرف خو راهم يتمسخرو بينا و خلاص ناس عندهم و ناس ماعندهمش
C:\Users\dell\Desktop\laststation\Audio_augmented\speed\audio_001602__aug_speed_01.wav,مانعرف خو راهم يتمسخرو بينا و خلاص ناس عندهم و ناس ماعندهمش
C:\Users\dell\Desktop\laststation\Audio_augmented\compression\audio_001602__aug_compression_01.wav,مانعرف خو راهم يتمسخرو بينا و خلاص ناس عندهم و ناس ماعندهمش
C:\Users\dell\Desktop\laststation\Audio_augmented\noise\audio_001603__aug_noise_01.wav,واشبيها يامات هذو internet في حالة تروح و تجي واش هو الحل
C:\Users\dell\Desktop\laststation\Audio_augmented\speed\audio_001603__aug_speed_01.wav,واشبيها يامات هذو internet في حالة تروح و تجي واش هو الحل
C:\Users\dell\Desktop\laststation\Audio_augmented\compression\audio_001603__aug_compression_01.wav,واشبيها يامات هذو internet في حالة تروح و تجي واش هو الحل
C:\Users\dell\Desktop\laststation\Audio_augmented\noise\audio_001604__aug_noise_01.wav,وعلاه ماتقولوش بلي لازم فوق ثلاثين mega اعلان احتيالي
C:\Users\dell\Desktop\laststation\Audio_augmented\speed\audio_001604__aug_speed_01.wav,وعلاه ماتقولوش بلي لازم فوق ثلاثين mega اعلان احتيالي
C:\Users\dell\Desktop\laststation\Audio_augmented\compression\audio_001604__aug_compression_01.wav,وعلاه ماتقولوش بلي لازم فوق ثلاثين mega اعلان احتيالي
C:\Users\dell\Desktop\laststation\Audio_augmented\noise\audio_001605__aug_noise_01.wav,راني من يوم السبت ملي ركبتوه مازال لليوم مكانش internet
C:\Users\dell\Desktop\laststation\Audio_augmented\speed\audio_001605__aug_speed_01.wav,راني من يوم السبت ملي ركبتوه مازال لليوم مكانش internet
C:\Users\dell\Desktop\laststation\Audio_augmented\compression\audio_001605__aug_compression_01.wav,راني من يوم السبت ملي ركبتوه مازال لليوم مكانش internet
C:\Users\dell\Desktop\laststation\Audio_augmented\noise\audio_001606__aug_noise_01.wav,عندي اكثر من الف giga و لكن التدفق لا علاقة
C:\Users\dell\Desktop\laststation\Audio_augmented\speed\audio_001606__aug_speed_01.wav,عندي اكثر من الف giga و لكن التدفق لا علاقة
C:\Users\dell\Desktop\laststation\Audio_augmented\compression\audio_001606__aug_compression_01.wav,عندي اكثر من الف giga و لكن التدفق لا علاقة
C:\Users\dell\Desktop\laststation\Audio_augmented\noise\audio_001607__aug_noise_01.wav,انا في ربعة ايام درت تبليغ عن عطب و مكانش رد ياخي فهمونا لكان مايخدموش في سوق اهراس قولوا حتى ارقام نتتاعكم طناش
C:\Users\dell\Desktop\laststation\Audio_augmented\speed\audio_001607__aug_speed_01.wav,انا في ربعة ايام درت تبليغ عن عطب و مكانش رد ياخي فهمونا لكان مايخدموش في سوق اهراس قولوا حتى ارقام نتتاعكم طناش
C:\Users\dell\Desktop\laststation\Audio_augmented\compression\audio_001607__aug_compression_01.wav,انا في ربعة ايام درت تبليغ عن عطب و مكانش رد ياخي فهمونا لكان مايخدموش في سوق اهراس قولوا حتى ارقام نتتاعكم طناش
C:\Users\dell\Desktop\laststation\Audio_augmented\noise\audio_001608__aug_noise_01.wav,و رقم zero vingt et un douze douze مايخدموش
C:\Users\dell\Desktop\laststation\Audio_augmented\speed\audio_001608__aug_speed_01.wav,و رقم zero vingt et un douze douze مايخدموش
C:\Users\dell\Desktop\laststation\Audio_augmented\compression\audio_001608__aug_compression_01.wav,و رقم zero vingt et un douze douze مايخدموش
C:\Users\dell\Desktop\laststation\Audio_augmented\noise\audio_001609__aug_noise_01.wav,يوجد مشكل في هذ internet تنقطع بدون سبب و مصالح اتصالات الجزاير غير موهلين لتسيير هذه المشاكل للاسف
C:\Users\dell\Desktop\laststation\Audio_augmented\speed\audio_001609__aug_speed_01.wav,يوجد مشكل في هذ internet تنقطع بدون سبب و مصالح اتصالات الجزاير غير موهلين لتسيير هذه المشاكل للاسف
C:\Users\dell\Desktop\laststation\Audio_augmented\compression\audio_001609__aug_compression_01.wav,يوجد مشكل في هذ internet تنقطع بدون سبب و مصالح اتصالات الجزاير غير موهلين لتسيير هذه المشاكل للاسف
C:\Users\dell\Desktop\laststation\Audio_augmented\noise\audio_001610__aug_noise_01.wav,بالتوفيق و النجاح انشاءالله اعانكم الله و سدد خطاكم لما فيه خير البلاد و عباد
C:\Users\dell\Desktop\laststation\Audio_augmented\speed\audio_001610__aug_speed_01.wav,بالتوفيق و النجاح انشاءالله اعانكم الله و سدد خطاكم لما فيه خير البلاد و عباد
C:\Users\dell\Desktop\laststation\Audio_augmented\compression\audio_001610__aug_compression_01.wav,بالتوفيق و النجاح انشاءالله اعانكم الله و سدد خطاكم لما فيه خير البلاد و عباد
C:\Users\dell\Desktop\laststation\Audio_augmented\noise\audio_001611__aug_noise_01.wav,كيفاه حنا خلصنا ميتين الف dinar دوك ولات مية الف dinar
C:\Users\dell\Desktop\laststation\Audio_augmented\speed\audio_001611__aug_speed_01.wav,كيفاه حنا خلصنا ميتين الف dinar دوك ولات مية الف dinar
C:\Users\dell\Desktop\laststation\Audio_augmented\compression\audio_001611__aug_compression_01.wav,كيفاه حنا خلصنا ميتين الف dinar دوك ولات مية الف dinar
C:\Users\dell\Desktop\laststation\Audio_augmented\noise\audio_001612__aug_noise_01.wav,راني قريب نلحق الشمس اطلقونا internet رانا في سبعة شهور
C:\Users\dell\Desktop\laststation\Audio_augmented\speed\audio_001612__aug_speed_01.wav,راني قريب نلحق الشمس اطلقونا internet رانا في سبعة شهور
C:\Users\dell\Desktop\laststation\Audio_augmented\compression\audio_001612__aug_compression_01.wav,راني قريب نلحق الشمس اطلقونا internet رانا في سبعة شهور
C:\Users\dell\Desktop\laststation\Audio_augmented\noise\audio_001613__aug_noise_01.wav,السلام عليكم اتمنى منكم التكفل بالانشغالي عبر رسائل الخاصة بالصفحة و شكرا لكم
C:\Users\dell\Desktop\laststation\Audio_augmented\speed\audio_001613__aug_speed_01.wav,السلام عليكم اتمنى منكم التكفل بالانشغالي عبر رسائل الخاصة بالصفحة و شكرا لكم
C:\Users\dell\Desktop\laststation\Audio_augmented\compression\audio_001613__aug_compression_01.wav,السلام عليكم اتمنى منكم التكفل بالانشغالي عبر رسائل الخاصة بالصفحة و شكرا لكم
C:\Users\dell\Desktop\laststation\Audio_augmented\noise\audio_001614__aug_noise_01.wav,ياخي عندنا reseau قريب خمسطاش نيوم مكانش شاعل لون احمر في modem رحنا شكينا محبوش يخدموه
C:\Users\dell\Desktop\laststation\Audio_augmented\speed\audio_001614__aug_speed_01.wav,ياخي عندنا reseau قريب خمسطاش نيوم مكانش شاعل لون احمر في modem رحنا شكينا محبوش يخدموه
C:\Users\dell\Desktop\laststation\Audio_augmented\compression\audio_001614__aug_compression_01.wav,ياخي عندنا reseau قريب خمسطاش نيوم مكانش شاعل لون احمر في modem رحنا شكينا محبوش يخدموه
C:\Users\dell\Desktop\laststation\Audio_augmented\noise\audio_001615__aug_noise_01.wav,في وسط مدينة الشلف لحد الساعة مكانش كامل fibre
C:\Users\dell\Desktop\laststation\Audio_augmented\speed\audio_001615__aug_speed_01.wav,في وسط مدينة الشلف لحد الساعة مكانش كامل fibre
C:\Users\dell\Desktop\laststation\Audio_augmented\compression\audio_001615__aug_compression_01.wav,في وسط مدينة الشلف لحد الساعة مكانش كامل fibre
C:\Users\dell\Desktop\laststation\Audio_augmented\noise\audio_001616__aug_noise_01.wav,علاه راهي مقطوعة مع علم راني مخلص connexion
C:\Users\dell\Desktop\laststation\Audio_augmented\speed\audio_001616__aug_speed_01.wav,علاه راهي مقطوعة مع علم راني مخلص connexion
C:\Users\dell\Desktop\laststation\Audio_augmented\compression\audio_001616__aug_compression_01.wav,علاه راهي مقطوعة مع علم راني مخلص connexion
C:\Users\dell\Desktop\laststation\Audio_augmented\noise\audio_001617__aug_noise_01.wav,وقتاه يوصلولنا fibre دائرة سبدو ولاية تلمسان و خلونا من لغة الخشب
C:\Users\dell\Desktop\laststation\Audio_augmented\speed\audio_001617__aug_speed_01.wav,وقتاه يوصلولنا fibre دائرة سبدو ولاية تلمسان و خلونا من لغة الخشب
C:\Users\dell\Desktop\laststation\Audio_augmented\compression\audio_001617__aug_compression_01.wav,وقتاه يوصلولنا fibre دائرة سبدو ولاية تلمسان و خلونا من لغة الخشب
C:\Users\dell\Desktop\laststation\Audio_augmented\noise\audio_001618__aug_noise_01.wav,علاه ماراكمش تردو internet راهي تتقطع هذي من مدة
C:\Users\dell\Desktop\laststation\Audio_augmented\speed\audio_001618__aug_speed_01.wav,علاه ماراكمش تردو internet راهي تتقطع هذي من مدة
C:\Users\dell\Desktop\laststation\Audio_augmented\compression\audio_001618__aug_compression_01.wav,علاه ماراكمش تردو internet راهي تتقطع هذي من مدة
C:\Users\dell\Desktop\laststation\Audio_augmented\noise\audio_001619__aug_noise_01.wav,ريڨلونا cable راه مقطوع في 20 يوم مازال مادارولوش حل
C:\Users\dell\Desktop\laststation\Audio_augmented\speed\audio_001619__aug_speed_01.wav,ريڨلونا cable راه مقطوع في 20 يوم مازال مادارولوش حل
C:\Users\dell\Desktop\laststation\Audio_augmented\compression\audio_001619__aug_compression_01.wav,ريڨلونا cable راه مقطوع في 20 يوم مازال مادارولوش حل
C:\Users\dell\Desktop\laststation\Audio_augmented\noise\audio_001620__aug_noise_01.wav,تسما مراكش سامعين دزاير ڤاع راهي فهاد probleme اليوم
C:\Users\dell\Desktop\laststation\Audio_augmented\speed\audio_001620__aug_speed_01.wav,تسما مراكش سامعين دزاير ڤاع راهي فهاد probleme اليوم
C:\Users\dell\Desktop\laststation\Audio_augmented\compression\audio_001620__aug_compression_01.wav,تسما مراكش سامعين دزاير ڤاع راهي فهاد probleme اليوم
C:\Users\dell\Desktop\laststation\Audio_augmented\noise\audio_001621__aug_noise_01.wav,راني نبعت message متردوش علبالي الضغط كبير بصح يرجى الرد
C:\Users\dell\Desktop\laststation\Audio_augmented\speed\audio_001621__aug_speed_01.wav,راني نبعت message متردوش علبالي الضغط كبير بصح يرجى الرد
C:\Users\dell\Desktop\laststation\Audio_augmented\compression\audio_001621__aug_compression_01.wav,راني نبعت message متردوش علبالي الضغط كبير بصح يرجى الرد
C:\Users\dell\Desktop\laststation\Audio_augmented\noise\audio_001622__aug_noise_01.wav,ديما نسلك بدفع الكتروني و ماستفدنا من شىء
C:\Users\dell\Desktop\laststation\Audio_augmented\speed\audio_001622__aug_speed_01.wav,ديما نسلك بدفع الكتروني و ماستفدنا من شىء
C:\Users\dell\Desktop\laststation\Audio_augmented\compression\audio_001622__aug_compression_01.wav,ديما نسلك بدفع الكتروني و ماستفدنا من شىء
C:\Users\dell\Desktop\laststation\Audio_augmented\noise\audio_001623__aug_noise_01.wav,لالا merci خمسمية dinar تزيدها خمسمية dinar و نخلص بيها الشهر لبعدو
C:\Users\dell\Desktop\laststation\Audio_augmented\speed\audio_001623__aug_speed_01.wav,لالا merci خمسمية dinar تزيدها خمسمية dinar و نخلص بيها الشهر لبعدو
C:\Users\dell\Desktop\laststation\Audio_augmented\compression\audio_001623__aug_compression_01.wav,لالا merci خمسمية dinar تزيدها خمسمية dinar و نخلص بيها الشهر لبعدو
C:\Users\dell\Desktop\laststation\Audio_augmented\noise\audio_001624__aug_noise_01.wav,يركبوه و مكانش connexion يقولك راهي تمشي وهي ماتمشيش
C:\Users\dell\Desktop\laststation\Audio_augmented\speed\audio_001624__aug_speed_01.wav,يركبوه و مكانش connexion يقولك راهي تمشي وهي ماتمشيش
C:\Users\dell\Desktop\laststation\Audio_augmented\compression\audio_001624__aug_compression_01.wav,يركبوه و مكانش connexion يقولك راهي تمشي وهي ماتمشيش
C:\Users\dell\Desktop\laststation\Audio_augmented\noise\audio_001625__aug_noise_01.wav,internet راها مكاش اخر ثلاثة ايام ناس كل تعاني
C:\Users\dell\Desktop\laststation\Audio_augmented\speed\audio_001625__aug_speed_01.wav,internet راها مكاش اخر ثلاثة ايام ناس كل تعاني
C:\Users\dell\Desktop\laststation\Audio_augmented\compression\audio_001625__aug_compression_01.wav,internet راها مكاش اخر ثلاثة ايام ناس كل تعاني
C:\Users\dell\Desktop\laststation\Audio_augmented\noise\audio_001626__aug_noise_01.wav,عندي قريب عشرين يوم ملي عطاولي modem و fibre مكانش
C:\Users\dell\Desktop\laststation\Audio_augmented\speed\audio_001626__aug_speed_01.wav,عندي قريب عشرين يوم ملي عطاولي modem و fibre مكانش
C:\Users\dell\Desktop\laststation\Audio_augmented\compression\audio_001626__aug_compression_01.wav,عندي قريب عشرين يوم ملي عطاولي modem و fibre مكانش
C:\Users\dell\Desktop\laststation\Audio_augmented\noise\audio_001627__aug_noise_01.wav,مخلص اعطوه internet هذا واش طلبين منكم
C:\Users\dell\Desktop\laststation\Audio_augmented\speed\audio_001627__aug_speed_01.wav,مخلص اعطوه internet هذا واش طلبين منكم
C:\Users\dell\Desktop\laststation\Audio_augmented\compression\audio_001627__aug_compression_01.wav,مخلص اعطوه internet هذا واش طلبين منكم
C:\Users\dell\Desktop\laststation\Audio_augmented\noise\audio_001628__aug_noise_01.wav,عندي عام و انا داير طلب مكان والوا تروح لوكالة تاعكم يقولونا مكانش les modem تحير في هذي الموسسة
C:\Users\dell\Desktop\laststation\Audio_augmented\speed\audio_001628__aug_speed_01.wav,عندي عام و انا داير طلب مكان والوا تروح لوكالة تاعكم يقولونا مكانش les modem تحير في هذي الموسسة
C:\Users\dell\Desktop\laststation\Audio_augmented\compression\audio_001628__aug_compression_01.wav,عندي عام و انا داير طلب مكان والوا تروح لوكالة تاعكم يقولونا مكانش les modem تحير في هذي الموسسة
C:\Users\dell\Desktop\laststation\Audio_augmented\noise\audio_001629__aug_noise_01.wav,خدمات كارثية رديئة سيية جدا و مرهقة و متعبة
C:\Users\dell\Desktop\laststation\Audio_augmented\speed\audio_001629__aug_speed_01.wav,خدمات كارثية رديئة سيية جدا و مرهقة و متعبة
C:\Users\dell\Desktop\laststation\Audio_augmented\compression\audio_001629__aug_compression_01.wav,خدمات كارثية رديئة سيية جدا و مرهقة و متعبة
C:\Users\dell\Desktop\laststation\Audio_augmented\noise\audio_001630__aug_noise_01.wav,شبعتونا تمسخير مناطق فيهم fibre و مناطق مكانش ياو راني ساكن فوسط la ville و مكاش
C:\Users\dell\Desktop\laststation\Audio_augmented\speed\audio_001630__aug_speed_01.wav,شبعتونا تمسخير مناطق فيهم fibre و مناطق مكانش ياو راني ساكن فوسط la ville و مكاش
C:\Users\dell\Desktop\laststation\Audio_augmented\compression\audio_001630__aug_compression_01.wav,شبعتونا تمسخير مناطق فيهم fibre و مناطق مكانش ياو راني ساكن فوسط la ville و مكاش
C:\Users\dell\Desktop\laststation\Audio_augmented\noise\audio_001631__aug_noise_01.wav,بلدية سيدي اعمر ولاية سعيدة غير موجودة في الاستمارة
C:\Users\dell\Desktop\laststation\Audio_augmented\speed\audio_001631__aug_speed_01.wav,بلدية سيدي اعمر ولاية سعيدة غير موجودة في الاستمارة
C:\Users\dell\Desktop\laststation\Audio_augmented\compression\audio_001631__aug_compression_01.wav,بلدية سيدي اعمر ولاية سعيدة غير موجودة في الاستمارة
C:\Users\dell\Desktop\laststation\Audio_augmented\noise\audio_001632__aug_noise_01.wav,من فظلكم لديا تقطعات كثيرة على مستوى الثابت و internet قمت بارسال انشغالي على الخاص
C:\Users\dell\Desktop\laststation\Audio_augmented\speed\audio_001632__aug_speed_01.wav,من فظلكم لديا تقطعات كثيرة على مستوى الثابت و internet قمت بارسال انشغالي على الخاص
C:\Users\dell\Desktop\laststation\Audio_augmented\compression\audio_001632__aug_compression_01.wav,من فظلكم لديا تقطعات كثيرة على مستوى الثابت و internet قمت بارسال انشغالي على الخاص
C:\Users\dell\Desktop\laststation\Audio_augmented\noise\audio_001633__aug_noise_01.wav,دوكا انا من العلمة واش لازمني في dossier الي ندفعو للاشتراك في هذا العرض
C:\Users\dell\Desktop\laststation\Audio_augmented\speed\audio_001633__aug_speed_01.wav,دوكا انا من العلمة واش لازمني في dossier الي ندفعو للاشتراك في هذا العرض
C:\Users\dell\Desktop\laststation\Audio_augmented\compression\audio_001633__aug_compression_01.wav,دوكا انا من العلمة واش لازمني في dossier الي ندفعو للاشتراك في هذا العرض
C:\Users\dell\Desktop\laststation\Audio_augmented\noise\audio_001634__aug_noise_01.wav,عندي خمسطاش نيوم ملي خلصت عطاوني modem وين مانروحلهم يتمسخرو بيا
C:\Users\dell\Desktop\laststation\Audio_augmented\speed\audio_001634__aug_speed_01.wav,عندي خمسطاش نيوم ملي خلصت عطاوني modem وين مانروحلهم يتمسخرو بيا
C:\Users\dell\Desktop\laststation\Audio_augmented\compression\audio_001634__aug_compression_01.wav,عندي خمسطاش نيوم ملي خلصت عطاوني modem وين مانروحلهم يتمسخرو بيا
C:\Users\dell\Desktop\laststation\Audio_augmented\noise\audio_001635__aug_noise_01.wav,ساجدة سيرين معاناة كيفاه شهر كامل معندكش internet
C:\Users\dell\Desktop\laststation\Audio_augmented\speed\audio_001635__aug_speed_01.wav,ساجدة سيرين معاناة كيفاه شهر كامل معندكش internet
C:\Users\dell\Desktop\laststation\Audio_augmented\compression\audio_001635__aug_compression_01.wav,ساجدة سيرين معاناة كيفاه شهر كامل معندكش internet
C:\Users\dell\Desktop\laststation\Audio_augmented\noise\audio_001636__aug_noise_01.wav,عندك ماتنسى و الرقم تاع زوج ملاين مشترك مجرد رقم لعدد المشتركين لكن الي عندو خدمة النت راه بالالاف فقط
C:\Users\dell\Desktop\laststation\Audio_augmented\speed\audio_001636__aug_speed_01.wav,عندك ماتنسى و الرقم تاع زوج ملاين مشترك مجرد رقم لعدد المشتركين لكن الي عندو خدمة النت راه بالالاف فقط
C:\Users\dell\Desktop\laststation\Audio_augmented\compression\audio_001636__aug_compression_01.wav,عندك ماتنسى و الرقم تاع زوج ملاين مشترك مجرد رقم لعدد المشتركين لكن الي عندو خدمة النت راه بالالاف فقط
C:\Users\dell\Desktop\laststation\Audio_augmented\noise\audio_001637__aug_noise_01.wav,internet راهي ما تصلحش من يوم الاربعاء ما قدرتش نفتح العاب en ligne
C:\Users\dell\Desktop\laststation\Audio_augmented\speed\audio_001637__aug_speed_01.wav,internet راهي ما تصلحش من يوم الاربعاء ما قدرتش نفتح العاب en ligne
C:\Users\dell\Desktop\laststation\Audio_augmented\compression\audio_001637__aug_compression_01.wav,internet راهي ما تصلحش من يوم الاربعاء ما قدرتش نفتح العاب en ligne
C:\Users\dell\Desktop\laststation\Audio_augmented\noise\audio_001638__aug_noise_01.wav,لازم الدفع الالكتروني باش تستفيد من الايام من ثلاثة الى ثمانية و ربعين
C:\Users\dell\Desktop\laststation\Audio_augmented\speed\audio_001638__aug_speed_01.wav,لازم الدفع الالكتروني باش تستفيد من الايام من ثلاثة الى ثمانية و ربعين
C:\Users\dell\Desktop\laststation\Audio_augmented\compression\audio_001638__aug_compression_01.wav,لازم الدفع الالكتروني باش تستفيد من الايام من ثلاثة الى ثمانية و ربعين
C:\Users\dell\Desktop\laststation\Audio_augmented\noise\audio_001639__aug_noise_01.wav,رانا في ثلاثة شهر ملي ركبولنا modem جديد و مازال مطلقولناش internet
C:\Users\dell\Desktop\laststation\Audio_augmented\speed\audio_001639__aug_speed_01.wav,رانا في ثلاثة شهر ملي ركبولنا modem جديد و مازال مطلقولناش internet
C:\Users\dell\Desktop\laststation\Audio_augmented\compression\audio_001639__aug_compression_01.wav,رانا في ثلاثة شهر ملي ركبولنا modem جديد و مازال مطلقولناش internet
C:\Users\dell\Desktop\laststation\Audio_augmented\noise\audio_001640__aug_noise_01.wav,عندي شهر و modem في الدار و مازال مجاوش ركبوه
C:\Users\dell\Desktop\laststation\Audio_augmented\speed\audio_001640__aug_speed_01.wav,عندي شهر و modem في الدار و مازال مجاوش ركبوه
C:\Users\dell\Desktop\laststation\Audio_augmented\compression\audio_001640__aug_compression_01.wav,عندي شهر و modem في الدار و مازال مجاوش ركبوه
C:\Users\dell\Desktop\laststation\Audio_augmented\noise\audio_001641__aug_noise_01.wav,عندي عشرة ايام و انا بلى connexion Algerie Telecom اتصالات الجزاير
C:\Users\dell\Desktop\laststation\Audio_augmented\speed\audio_001641__aug_speed_01.wav,عندي عشرة ايام و انا بلى connexion Algerie Telecom اتصالات الجزاير
C:\Users\dell\Desktop\laststation\Audio_augmented\compression\audio_001641__aug_compression_01.wav,عندي عشرة ايام و انا بلى connexion Algerie Telecom اتصالات الجزاير
C:\Users\dell\Desktop\laststation\Audio_augmented\noise\audio_001642__aug_noise_01.wav,internet ناقصة خلاص fibre في ولاية خنشلة من ثلاثة ايام
C:\Users\dell\Desktop\laststation\Audio_augmented\speed\audio_001642__aug_speed_01.wav,internet ناقصة خلاص fibre في ولاية خنشلة من ثلاثة ايام
C:\Users\dell\Desktop\laststation\Audio_augmented\compression\audio_001642__aug_compression_01.wav,internet ناقصة خلاص fibre في ولاية خنشلة من ثلاثة ايام
C:\Users\dell\Desktop\laststation\Audio_augmented\noise\audio_001643__aug_noise_01.wav,modem غير متوفر في الوكلات عندنا مدة و حنا نسناو
C:\Users\dell\Desktop\laststation\Audio_augmented\speed\audio_001643__aug_speed_01.wav,modem غير متوفر في الوكلات عندنا مدة و حنا نسناو
C:\Users\dell\Desktop\laststation\Audio_augmented\compression\audio_001643__aug_compression_01.wav,modem غير متوفر في الوكلات عندنا مدة و حنا نسناو
C:\Users\dell\Desktop\laststation\Audio_augmented\noise\audio_001644__aug_noise_01.wav,معليش دخلونا fibre برك و نسلو تاع un giga ماشي trente mega
C:\Users\dell\Desktop\laststation\Audio_augmented\speed\audio_001644__aug_speed_01.wav,معليش دخلونا fibre برك و نسلو تاع un giga ماشي trente mega
C:\Users\dell\Desktop\laststation\Audio_augmented\compression\audio_001644__aug_compression_01.wav,معليش دخلونا fibre برك و نسلو تاع un giga ماشي trente mega
C:\Users\dell\Desktop\laststation\Audio_augmented\noise\audio_001645__aug_noise_01.wav,حالة internet منذ يومين او ثلاثة كارثية في مدينة العلمة
C:\Users\dell\Desktop\laststation\Audio_augmented\speed\audio_001645__aug_speed_01.wav,حالة internet منذ يومين او ثلاثة كارثية في مدينة العلمة
C:\Users\dell\Desktop\laststation\Audio_augmented\compression\audio_001645__aug_compression_01.wav,حالة internet منذ يومين او ثلاثة كارثية في مدينة العلمة
C:\Users\dell\Desktop\laststation\Audio_augmented\noise\audio_001646__aug_noise_01.wav,بشحال يدخل modem fibre للدار بلخيوط تاعو بلباطة بكلش شحال
C:\Users\dell\Desktop\laststation\Audio_augmented\speed\audio_001646__aug_speed_01.wav,بشحال يدخل modem fibre للدار بلخيوط تاعو بلباطة بكلش شحال
C:\Users\dell\Desktop\laststation\Audio_augmented\compression\audio_001646__aug_compression_01.wav,بشحال يدخل modem fibre للدار بلخيوط تاعو بلباطة بكلش شحال
C:\Users\dell\Desktop\laststation\Audio_augmented\noise\audio_001647__aug_noise_01.wav,لقد طرحت عليكم مشكلتي في الخاص لكن لا يوجد رد
C:\Users\dell\Desktop\laststation\Audio_augmented\speed\audio_001647__aug_speed_01.wav,لقد طرحت عليكم مشكلتي في الخاص لكن لا يوجد رد
C:\Users\dell\Desktop\laststation\Audio_augmented\compression\audio_001647__aug_compression_01.wav,لقد طرحت عليكم مشكلتي في الخاص لكن لا يوجد رد
C:\Users\dell\Desktop\laststation\Audio_augmented\noise\audio_001648__aug_noise_01.wav,fibre بعيد علينا زوج كيلو متر و عندنا عوام هكا
C:\Users\dell\Desktop\laststation\Audio_augmented\speed\audio_001648__aug_speed_01.wav,fibre بعيد علينا زوج كيلو متر و عندنا عوام هكا
C:\Users\dell\Desktop\laststation\Audio_augmented\compression\audio_001648__aug_compression_01.wav,fibre بعيد علينا زوج كيلو متر و عندنا عوام هكا
C:\Users\dell\Desktop\laststation\Audio_augmented\noise\audio_001649__aug_noise_01.wav,La theorie c'est bien mais la pratique est meilleure le plus important est davoir un service satisfaisant pas de la parlotte merci
C:\Users\dell\Desktop\laststation\Audio_augmented\speed\audio_001649__aug_speed_01.wav,La theorie c'est bien mais la pratique est meilleure le plus important est davoir un service satisfaisant pas de la parlotte merci
C:\Users\dell\Desktop\laststation\Audio_augmented\compression\audio_001649__aug_compression_01.wav,La theorie c'est bien mais la pratique est meilleure le plus important est davoir un service satisfaisant pas de la parlotte merci
C:\Users\dell\Desktop\laststation\Audio_augmented\noise\audio_001650__aug_noise_01.wav,اصبر يلحقو fibre لعندنا هذا اذا لحقوه امبعد ساهل
C:\Users\dell\Desktop\laststation\Audio_augmented\speed\audio_001650__aug_speed_01.wav,اصبر يلحقو fibre لعندنا هذا اذا لحقوه امبعد ساهل
C:\Users\dell\Desktop\laststation\Audio_augmented\compression\audio_001650__aug_compression_01.wav,اصبر يلحقو fibre لعندنا هذا اذا لحقوه امبعد ساهل
C:\Users\dell\Desktop\laststation\Audio_augmented\noise\audio_001651__aug_noise_01.wav,عندنا الالياف البصرية بصح wifi adsl واش هذ la fibre
C:\Users\dell\Desktop\laststation\Audio_augmented\speed\audio_001651__aug_speed_01.wav,عندنا الالياف البصرية بصح wifi adsl واش هذ la fibre
C:\Users\dell\Desktop\laststation\Audio_augmented\compression\audio_001651__aug_compression_01.wav,عندنا الالياف البصرية بصح wifi adsl واش هذ la fibre
C:\Users\dell\Desktop\laststation\Audio_augmented\noise\audio_001652__aug_noise_01.wav,دخلت اشتراك جديد و خلصت الف dinar ولكن طلقولي فقط ثلاثين mega
C:\Users\dell\Desktop\laststation\Audio_augmented\speed\audio_001652__aug_speed_01.wav,دخلت اشتراك جديد و خلصت الف dinar ولكن طلقولي فقط ثلاثين mega
C:\Users\dell\Desktop\laststation\Audio_augmented\compression\audio_001652__aug_compression_01.wav,دخلت اشتراك جديد و خلصت الف dinar ولكن طلقولي فقط ثلاثين mega
C:\Users\dell\Desktop\laststation\Audio_augmented\noise\audio_001653__aug_noise_01.wav,رمز التفعيل my idoom لا يصلني عبر البريد الالكترني
C:\Users\dell\Desktop\laststation\Audio_augmented\speed\audio_001653__aug_speed_01.wav,رمز التفعيل my idoom لا يصلني عبر البريد الالكترني
C:\Users\dell\Desktop\laststation\Audio_augmented\compression\audio_001653__aug_compression_01.wav,رمز التفعيل my idoom لا يصلني عبر البريد الالكترني
C:\Users\dell\Desktop\laststation\Audio_augmented\noise\audio_001654__aug_noise_01.wav,متى يتم تصليح كوابل internet بمختلف احياء دايرة الذرعان ولاية الطارف
C:\Users\dell\Desktop\laststation\Audio_augmented\speed\audio_001654__aug_speed_01.wav,متى يتم تصليح كوابل internet بمختلف احياء دايرة الذرعان ولاية الطارف
C:\Users\dell\Desktop\laststation\Audio_augmented\compression\audio_001654__aug_compression_01.wav,متى يتم تصليح كوابل internet بمختلف احياء دايرة الذرعان ولاية الطارف
C:\Users\dell\Desktop\laststation\Audio_augmented\noise\audio_001655__aug_noise_01.wav,Un grand chantier le partenariat est tres important pour notre pays felicitation
C:\Users\dell\Desktop\laststation\Audio_augmented\speed\audio_001655__aug_speed_01.wav,Un grand chantier le partenariat est tres important pour notre pays felicitation
C:\Users\dell\Desktop\laststation\Audio_augmented\compression\audio_001655__aug_compression_01.wav,Un grand chantier le partenariat est tres important pour notre pays felicitation
C:\Users\dell\Desktop\laststation\Audio_augmented\noise\audio_001656__aug_noise_01.wav,ولاية باتنة بلدية سريانة مكان حتى حاجة تدل بانه مشروع تاع fibre
C:\Users\dell\Desktop\laststation\Audio_augmented\speed\audio_001656__aug_speed_01.wav,ولاية باتنة بلدية سريانة مكان حتى حاجة تدل بانه مشروع تاع fibre
C:\Users\dell\Desktop\laststation\Audio_augmented\compression\audio_001656__aug_compression_01.wav,ولاية باتنة بلدية سريانة مكان حتى حاجة تدل بانه مشروع تاع fibre
C:\Users\dell\Desktop\laststation\Audio_augmented\noise\audio_001657__aug_noise_01.wav,علاش تتمسخرو كيما قالو الهدرة ساهلة mais الخدمة مكاش
C:\Users\dell\Desktop\laststation\Audio_augmented\speed\audio_001657__aug_speed_01.wav,علاش تتمسخرو كيما قالو الهدرة ساهلة mais الخدمة مكاش
C:\Users\dell\Desktop\laststation\Audio_augmented\compression\audio_001657__aug_compression_01.wav,علاش تتمسخرو كيما قالو الهدرة ساهلة mais الخدمة مكاش
C:\Users\dell\Desktop\laststation\Audio_augmented\noise\audio_001658__aug_noise_01.wav,سجلت في فضاء الزبون او ملحقنيش code في email
C:\Users\dell\Desktop\laststation\Audio_augmented\speed\audio_001658__aug_speed_01.wav,سجلت في فضاء الزبون او ملحقنيش code في email
C:\Users\dell\Desktop\laststation\Audio_augmented\compression\audio_001658__aug_compression_01.wav,سجلت في فضاء الزبون او ملحقنيش code في email
C:\Users\dell\Desktop\laststation\Audio_augmented\noise\audio_001659__aug_noise_01.wav,مشكل راهو مرض connexion عندنا adsl تيارت mobilis افضل منها
C:\Users\dell\Desktop\laststation\Audio_augmented\speed\audio_001659__aug_speed_01.wav,مشكل راهو مرض connexion عندنا adsl تيارت mobilis افضل منها
C:\Users\dell\Desktop\laststation\Audio_augmented\compression\audio_001659__aug_compression_01.wav,مشكل راهو مرض connexion عندنا adsl تيارت mobilis افضل منها
C:\Users\dell\Desktop\laststation\Audio_augmented\noise\audio_001660__aug_noise_01.wav,تحيا fibre بصح ياخاوتي لي معندوش راه مراطي
C:\Users\dell\Desktop\laststation\Audio_augmented\speed\audio_001660__aug_speed_01.wav,تحيا fibre بصح ياخاوتي لي معندوش راه مراطي
C:\Users\dell\Desktop\laststation\Audio_augmented\compression\audio_001660__aug_compression_01.wav,تحيا fibre بصح ياخاوتي لي معندوش راه مراطي
C:\Users\dell\Desktop\laststation\Audio_augmented\noise\audio_001661__aug_noise_01.wav,ولي خلص internet يوم امس هل يستفيد من حجم internet
C:\Users\dell\Desktop\laststation\Audio_augmented\speed\audio_001661__aug_speed_01.wav,ولي خلص internet يوم امس هل يستفيد من حجم internet
C:\Users\dell\Desktop\laststation\Audio_augmented\compression\audio_001661__aug_compression_01.wav,ولي خلص internet يوم امس هل يستفيد من حجم internet
C:\Users\dell\Desktop\laststation\Audio_augmented\noise\audio_001662__aug_noise_01.wav,اريد تفعيل فضاء الزبون معلومات بعثتهم فى خاص و شكرا
C:\Users\dell\Desktop\laststation\Audio_augmented\speed\audio_001662__aug_speed_01.wav,اريد تفعيل فضاء الزبون معلومات بعثتهم فى خاص و شكرا
C:\Users\dell\Desktop\laststation\Audio_augmented\compression\audio_001662__aug_compression_01.wav,اريد تفعيل فضاء الزبون معلومات بعثتهم فى خاص و شكرا
C:\Users\dell\Desktop\laststation\Audio_augmented\noise\audio_001663__aug_noise_01.wav,مانعرف خو راهم يتمسخرو بينا و خلاص ناس عندهم و ناس ماعندهمش
C:\Users\dell\Desktop\laststation\Audio_augmented\speed\audio_001663__aug_speed_01.wav,مانعرف خو راهم يتمسخرو بينا و خلاص ناس عندهم و ناس ماعندهمش
C:\Users\dell\Desktop\laststation\Audio_augmented\compression\audio_001663__aug_compression_01.wav,مانعرف خو راهم يتمسخرو بينا و خلاص ناس عندهم و ناس ماعندهمش
C:\Users\dell\Desktop\laststation\Audio_augmented\noise\audio_001664__aug_noise_01.wav,رانا حي كامل بدون internet اكثر من شهر ديرولنا حل
C:\Users\dell\Desktop\laststation\Audio_augmented\speed\audio_001664__aug_speed_01.wav,رانا حي كامل بدون internet اكثر من شهر ديرولنا حل
C:\Users\dell\Desktop\laststation\Audio_augmented\compression\audio_001664__aug_compression_01.wav,رانا حي كامل بدون internet اكثر من شهر ديرولنا حل
C:\Users\dell\Desktop\laststation\Audio_augmented\noise\audio_001665__aug_noise_01.wav,ياو لوكان جيبولنا لي modem ثلاثة شهور ملي دارولنا installation و modem مكاش
C:\Users\dell\Desktop\laststation\Audio_augmented\speed\audio_001665__aug_speed_01.wav,ياو لوكان جيبولنا لي modem ثلاثة شهور ملي دارولنا installation و modem مكاش
C:\Users\dell\Desktop\laststation\Audio_augmented\compression\audio_001665__aug_compression_01.wav,ياو لوكان جيبولنا لي modem ثلاثة شهور ملي دارولنا installation و modem مكاش
C:\Users\dell\Desktop\laststation\Audio_augmented\noise\audio_001666__aug_noise_01.wav,هل يوجد تخفيض في تسعيرة 4g مع موسسات متعاقدة
C:\Users\dell\Desktop\laststation\Audio_augmented\speed\audio_001666__aug_speed_01.wav,هل يوجد تخفيض في تسعيرة 4g مع موسسات متعاقدة
C:\Users\dell\Desktop\laststation\Audio_augmented\compression\audio_001666__aug_compression_01.wav,هل يوجد تخفيض في تسعيرة 4g مع موسسات متعاقدة
C:\Users\dell\Desktop\laststation\Audio_augmented\noise\audio_001667__aug_noise_01.wav,عندي اربعة ايام بدون internet fibre قالولي كاين مشكل في la ligne
C:\Users\dell\Desktop\laststation\Audio_augmented\speed\audio_001667__aug_speed_01.wav,عندي اربعة ايام بدون internet fibre قالولي كاين مشكل في la ligne
C:\Users\dell\Desktop\laststation\Audio_augmented\compression\audio_001667__aug_compression_01.wav,عندي اربعة ايام بدون internet fibre قالولي كاين مشكل في la ligne
C:\Users\dell\Desktop\laststation\Audio_augmented\noise\audio_001668__aug_noise_01.wav,عندي internet عندها اكثر من ثمانية ساعات متوقفة و راني مخلصتها
C:\Users\dell\Desktop\laststation\Audio_augmented\speed\audio_001668__aug_speed_01.wav,عندي internet عندها اكثر من ثمانية ساعات متوقفة و راني مخلصتها
C:\Users\dell\Desktop\laststation\Audio_augmented\compression\audio_001668__aug_compression_01.wav,عندي internet عندها اكثر من ثمانية ساعات متوقفة و راني مخلصتها
C:\Users\dell\Desktop\laststation\Audio_augmented\noise\audio_001669__aug_noise_01.wav,هل تباع بطاقة sim بدون modem الرد من فضلكم
C:\Users\dell\Desktop\laststation\Audio_augmented\speed\audio_001669__aug_speed_01.wav,هل تباع بطاقة sim بدون modem الرد من فضلكم
C:\Users\dell\Desktop\laststation\Audio_augmented\compression\audio_001669__aug_compression_01.wav,هل تباع بطاقة sim بدون modem الرد من فضلكم
C:\Users\dell\Desktop\laststation\Audio_augmented\noise\audio_001670__aug_noise_01.wav,انا درت عرض و شهر مجاوش ركبولنا و ماعطاونيش modem
C:\Users\dell\Desktop\laststation\Audio_augmented\speed\audio_001670__aug_speed_01.wav,انا درت عرض و شهر مجاوش ركبولنا و ماعطاونيش modem
C:\Users\dell\Desktop\laststation\Audio_augmented\compression\audio_001670__aug_compression_01.wav,انا درت عرض و شهر مجاوش ركبولنا و ماعطاونيش modem
C:\Users\dell\Desktop\laststation\Audio_augmented\noise\audio_001671__aug_noise_01.wav,عندي سنة و نصف و انا انتظر في modem لكن لاحياة لمن تنادي
C:\Users\dell\Desktop\laststation\Audio_augmented\speed\audio_001671__aug_speed_01.wav,عندي سنة و نصف و انا انتظر في modem لكن لاحياة لمن تنادي
C:\Users\dell\Desktop\laststation\Audio_augmented\compression\audio_001671__aug_compression_01.wav,عندي سنة و نصف و انا انتظر في modem لكن لاحياة لمن تنادي
C:\Users\dell\Desktop\laststation\Audio_augmented\noise\audio_001672__aug_noise_01.wav,طلبناها منذ نوفمبر deux mille vingt quatre و لاحياة لمن تنادي اين modem nokia
C:\Users\dell\Desktop\laststation\Audio_augmented\speed\audio_001672__aug_speed_01.wav,طلبناها منذ نوفمبر deux mille vingt quatre و لاحياة لمن تنادي اين modem nokia
C:\Users\dell\Desktop\laststation\Audio_augmented\compression\audio_001672__aug_compression_01.wav,طلبناها منذ نوفمبر deux mille vingt quatre و لاحياة لمن تنادي اين modem nokia
C:\Users\dell\Desktop\laststation\Audio_augmented\noise\audio_001673__aug_noise_01.wav,عرض ترويجي تركبو la ligne و modem بصح علاه متتلقوهاش لواحد يخدم بيها و يستعملها كيدير
C:\Users\dell\Desktop\laststation\Audio_augmented\speed\audio_001673__aug_speed_01.wav,عرض ترويجي تركبو la ligne و modem بصح علاه متتلقوهاش لواحد يخدم بيها و يستعملها كيدير
C:\Users\dell\Desktop\laststation\Audio_augmented\compression\audio_001673__aug_compression_01.wav,عرض ترويجي تركبو la ligne و modem بصح علاه متتلقوهاش لواحد يخدم بيها و يستعملها كيدير
C:\Users\dell\Desktop\laststation\Audio_augmented\noise\audio_001674__aug_noise_01.wav,شرحولنا وين راه المشكل الايام هذي connexion تعبانة خلاص خاصتا fibre
C:\Users\dell\Desktop\laststation\Audio_augmented\speed\audio_001674__aug_speed_01.wav,شرحولنا وين راه المشكل الايام هذي connexion تعبانة خلاص خاصتا fibre
C:\Users\dell\Desktop\laststation\Audio_augmented\compression\audio_001674__aug_compression_01.wav,شرحولنا وين راه المشكل الايام هذي connexion تعبانة خلاص خاصتا fibre
C:\Users\dell\Desktop\laststation\Audio_augmented\noise\audio_001675__aug_noise_01.wav,يا ايمان يهديك ربي راها internet مقطوعة منذ ثلاثة جوان
C:\Users\dell\Desktop\laststation\Audio_augmented\speed\audio_001675__aug_speed_01.wav,يا ايمان يهديك ربي راها internet مقطوعة منذ ثلاثة جوان
C:\Users\dell\Desktop\laststation\Audio_augmented\compression\audio_001675__aug_compression_01.wav,يا ايمان يهديك ربي راها internet مقطوعة منذ ثلاثة جوان
C:\Users\dell\Desktop\laststation\Audio_augmented\noise\audio_001676__aug_noise_01.wav,مكاش حاجة باطل تخلصها فالفاتورة من بعد بركاو ماتخرطو
C:\Users\dell\Desktop\laststation\Audio_augmented\speed\audio_001676__aug_speed_01.wav,مكاش حاجة باطل تخلصها فالفاتورة من بعد بركاو ماتخرطو
C:\Users\dell\Desktop\laststation\Audio_augmented\compression\audio_001676__aug_compression_01.wav,مكاش حاجة باطل تخلصها فالفاتورة من بعد بركاو ماتخرطو
C:\Users\dell\Desktop\laststation\Audio_augmented\noise\audio_001677__aug_noise_01.wav,نهار تكون كاينة la fibre فتيقزيرت وين نسكن و من بعد ساهل
C:\Users\dell\Desktop\laststation\Audio_augmented\speed\audio_001677__aug_speed_01.wav,نهار تكون كاينة la fibre فتيقزيرت وين نسكن و من بعد ساهل
C:\Users\dell\Desktop\laststation\Audio_augmented\compression\audio_001677__aug_compression_01.wav,نهار تكون كاينة la fibre فتيقزيرت وين نسكن و من بعد ساهل
C:\Users\dell\Desktop\laststation\Audio_augmented\noise\audio_001678__aug_noise_01.wav,internet مكانش و انت تقولي تطبيق قدمنا شكي و مكان والوا
C:\Users\dell\Desktop\laststation\Audio_augmented\speed\audio_001678__aug_speed_01.wav,internet مكانش و انت تقولي تطبيق قدمنا شكي و مكان والوا
C:\Users\dell\Desktop\laststation\Audio_augmented\compression\audio_001678__aug_compression_01.wav,internet مكانش و انت تقولي تطبيق قدمنا شكي و مكان والوا
C:\Users\dell\Desktop\laststation\Audio_augmented\noise\audio_001679__aug_noise_01.wav,عندكم مشكل في internet اين نتوما من هذا الشيء
C:\Users\dell\Desktop\laststation\Audio_augmented\speed\audio_001679__aug_speed_01.wav,عندكم مشكل في internet اين نتوما من هذا الشيء
C:\Users\dell\Desktop\laststation\Audio_augmented\compression\audio_001679__aug_compression_01.wav,عندكم مشكل في internet اين نتوما من هذا الشيء
C:\Users\dell\Desktop\laststation\Audio_augmented\noise\audio_001680__aug_noise_01.wav,رجعولنا internet يهديكم ربي من صباح و internet مكانش
C:\Users\dell\Desktop\laststation\Audio_augmented\speed\audio_001680__aug_speed_01.wav,رجعولنا internet يهديكم ربي من صباح و internet مكانش
C:\Users\dell\Desktop\laststation\Audio_augmented\compression\audio_001680__aug_compression_01.wav,رجعولنا internet يهديكم ربي من صباح و internet مكانش
C:\Users\dell\Desktop\laststation\Audio_augmented\noise\audio_001681__aug_noise_01.wav,التبهدايل و خلاص افشل شركة على مستوى العالم
C:\Users\dell\Desktop\laststation\Audio_augmented\speed\audio_001681__aug_speed_01.wav,التبهدايل و خلاص افشل شركة على مستوى العالم
C:\Users\dell\Desktop\laststation\Audio_augmented\compression\audio_001681__aug_compression_01.wav,التبهدايل و خلاص افشل شركة على مستوى العالم
C:\Users\dell\Desktop\laststation\Audio_augmented\noise\audio_001682__aug_noise_01.wav,في سكيكدة مكاش fibre خلاص نص بلديات سكيكدة مافيهمش fibre خلاص
C:\Users\dell\Desktop\laststation\Audio_augmented\speed\audio_001682__aug_speed_01.wav,في سكيكدة مكاش fibre خلاص نص بلديات سكيكدة مافيهمش fibre خلاص
C:\Users\dell\Desktop\laststation\Audio_augmented\compression\audio_001682__aug_compression_01.wav,في سكيكدة مكاش fibre خلاص نص بلديات سكيكدة مافيهمش fibre خلاص
C:\Users\dell\Desktop\laststation\Audio_augmented\noise\audio_001683__aug_noise_01.wav,وراه modem رانا في عام بلاش فالفيسبوك كاين و الواقع الريح
C:\Users\dell\Desktop\laststation\Audio_augmented\speed\audio_001683__aug_speed_01.wav,وراه modem رانا في عام بلاش فالفيسبوك كاين و الواقع الريح
C:\Users\dell\Desktop\laststation\Audio_augmented\compression\audio_001683__aug_compression_01.wav,وراه modem رانا في عام بلاش فالفيسبوك كاين و الواقع الريح
C:\Users\dell\Desktop\laststation\Audio_augmented\noise\audio_001684__aug_noise_01.wav,internet وضعها كارثي منذ ايام من فضلكم اين السبب
C:\Users\dell\Desktop\laststation\Audio_augmented\speed\audio_001684__aug_speed_01.wav,internet وضعها كارثي منذ ايام من فضلكم اين السبب
C:\Users\dell\Desktop\laststation\Audio_augmented\compression\audio_001684__aug_compression_01.wav,internet وضعها كارثي منذ ايام من فضلكم اين السبب
C:\Users\dell\Desktop\laststation\Audio_augmented\noise\audio_001685__aug_noise_01.wav,fibre لم يتم تفعيلها الى حد الساعة في شارع بوريدح الصديق
C:\Users\dell\Desktop\laststation\Audio_augmented\speed\audio_001685__aug_speed_01.wav,fibre لم يتم تفعيلها الى حد الساعة في شارع بوريدح الصديق
C:\Users\dell\Desktop\laststation\Audio_augmented\compression\audio_001685__aug_compression_01.wav,fibre لم يتم تفعيلها الى حد الساعة في شارع بوريدح الصديق
C:\Users\dell\Desktop\laststation\Audio_augmented\noise\audio_001686__aug_noise_01.wav,كي تمشي fibre اصلا من بعد نهدرو على البوست
C:\Users\dell\Desktop\laststation\Audio_augmented\speed\audio_001686__aug_speed_01.wav,كي تمشي fibre اصلا من بعد نهدرو على البوست
C:\Users\dell\Desktop\laststation\Audio_augmented\compression\audio_001686__aug_compression_01.wav,كي تمشي fibre اصلا من بعد نهدرو على البوست
C:\Users\dell\Desktop\laststation\Audio_augmented\noise\audio_001687__aug_noise_01.wav,غرداية مية mega نقصا بزاف و تذبذب في التدفق و نرجعوها vingt mega احسن
C:\Users\dell\Desktop\laststation\Audio_augmented\speed\audio_001687__aug_speed_01.wav,غرداية مية mega نقصا بزاف و تذبذب في التدفق و نرجعوها vingt mega احسن
C:\Users\dell\Desktop\laststation\Audio_augmented\compression\audio_001687__aug_compression_01.wav,غرداية مية mega نقصا بزاف و تذبذب في التدفق و نرجعوها vingt mega احسن
C:\Users\dell\Desktop\laststation\Audio_augmented\noise\audio_001688__aug_noise_01.wav,حسنو الجودة و سرعولنا في fibre و اذا حبيتو ماتقربوش غير ماتقربوش لينا
C:\Users\dell\Desktop\laststation\Audio_augmented\speed\audio_001688__aug_speed_01.wav,حسنو الجودة و سرعولنا في fibre و اذا حبيتو ماتقربوش غير ماتقربوش لينا
C:\Users\dell\Desktop\laststation\Audio_augmented\compression\audio_001688__aug_compression_01.wav,حسنو الجودة و سرعولنا في fibre و اذا حبيتو ماتقربوش غير ماتقربوش لينا
C:\Users\dell\Desktop\laststation\Audio_augmented\noise\audio_001689__aug_noise_01.wav,ريڨلونا connexion cent vingt mega fibre مكاش connexion واش هذا
C:\Users\dell\Desktop\laststation\Audio_augmented\speed\audio_001689__aug_speed_01.wav,ريڨلونا connexion cent vingt mega fibre مكاش connexion واش هذا
C:\Users\dell\Desktop\laststation\Audio_augmented\compression\audio_001689__aug_compression_01.wav,ريڨلونا connexion cent vingt mega fibre مكاش connexion واش هذا
C:\Users\dell\Desktop\laststation\Audio_augmented\noise\audio_001690__aug_noise_01.wav,شكرا لكم كانت فسحة لطرح انشغالات المستهلك كل الاحترام و التقدير لكم
C:\Users\dell\Desktop\laststation\Audio_augmented\speed\audio_001690__aug_speed_01.wav,شكرا لكم كانت فسحة لطرح انشغالات المستهلك كل الاحترام و التقدير لكم
C:\Users\dell\Desktop\laststation\Audio_augmented\compression\audio_001690__aug_compression_01.wav,شكرا لكم كانت فسحة لطرح انشغالات المستهلك كل الاحترام و التقدير لكم
C:\Users\dell\Desktop\laststation\Audio_augmented\noise\audio_001691__aug_noise_01.wav,امركم عجيب ارواحو بدلولنا cable حنا بي adsl و عروضكم بي fibre
C:\Users\dell\Desktop\laststation\Audio_augmented\speed\audio_001691__aug_speed_01.wav,امركم عجيب ارواحو بدلولنا cable حنا بي adsl و عروضكم بي fibre
C:\Users\dell\Desktop\laststation\Audio_augmented\compression\audio_001691__aug_compression_01.wav,امركم عجيب ارواحو بدلولنا cable حنا بي adsl و عروضكم بي fibre
C:\Users\dell\Desktop\laststation\Audio_augmented\noise\audio_001692__aug_noise_01.wav,اخطيك روح جرب ادفع اشتراك internet ثلاثين الف dinar يخرجلك رقم الزبون فالفاتورة
C:\Users\dell\Desktop\laststation\Audio_augmented\speed\audio_001692__aug_speed_01.wav,اخطيك روح جرب ادفع اشتراك internet ثلاثين الف dinar يخرجلك رقم الزبون فالفاتورة
C:\Users\dell\Desktop\laststation\Audio_augmented\compression\audio_001692__aug_compression_01.wav,اخطيك روح جرب ادفع اشتراك internet ثلاثين الف dinar يخرجلك رقم الزبون فالفاتورة
C:\Users\dell\Desktop\laststation\Audio_augmented\noise\audio_001693__aug_noise_01.wav,Vous ne voulez pas nous installer la fibre dans notre residence
C:\Users\dell\Desktop\laststation\Audio_augmented\speed\audio_001693__aug_speed_01.wav,Vous ne voulez pas nous installer la fibre dans notre residence
C:\Users\dell\Desktop\laststation\Audio_augmented\compression\audio_001693__aug_compression_01.wav,Vous ne voulez pas nous installer la fibre dans notre residence
C:\Users\dell\Desktop\laststation\Audio_augmented\noise\audio_001694__aug_noise_01.wav,رانا نخسرو في دراهمنا في باطل لا internet
C:\Users\dell\Desktop\laststation\Audio_augmented\speed\audio_001694__aug_speed_01.wav,رانا نخسرو في دراهمنا في باطل لا internet
C:\Users\dell\Desktop\laststation\Audio_augmented\compression\audio_001694__aug_compression_01.wav,رانا نخسرو في دراهمنا في باطل لا internet
C:\Users\dell\Desktop\laststation\Audio_augmented\noise\audio_001695__aug_noise_01.wav,حنا في اكثر من شهر modem كاين و المشية يجيب ربي
C:\Users\dell\Desktop\laststation\Audio_augmented\speed\audio_001695__aug_speed_01.wav,حنا في اكثر من شهر modem كاين و المشية يجيب ربي
C:\Users\dell\Desktop\laststation\Audio_augmented\compression\audio_001695__aug_compression_01.wav,حنا في اكثر من شهر modem كاين و المشية يجيب ربي
C:\Users\dell\Desktop\laststation\Audio_augmented\noise\audio_001696__aug_noise_01.wav,سلام عليكم عندي استفسار ركبنا modem fibre البارحة متي موعد اطلاق internet فيه
C:\Users\dell\Desktop\laststation\Audio_augmented\speed\audio_001696__aug_speed_01.wav,سلام عليكم عندي استفسار ركبنا modem fibre البارحة متي موعد اطلاق internet فيه
C:\Users\dell\Desktop\laststation\Audio_augmented\compression\audio_001696__aug_compression_01.wav,سلام عليكم عندي استفسار ركبنا modem fibre البارحة متي موعد اطلاق internet فيه
C:\Users\dell\Desktop\laststation\Audio_augmented\noise\audio_001697__aug_noise_01.wav,هل هذه الخدمة متوفرة في دايرة الاخضرية ولاية البويرة
C:\Users\dell\Desktop\laststation\Audio_augmented\speed\audio_001697__aug_speed_01.wav,هل هذه الخدمة متوفرة في دايرة الاخضرية ولاية البويرة
C:\Users\dell\Desktop\laststation\Audio_augmented\compression\audio_001697__aug_compression_01.wav,هل هذه الخدمة متوفرة في دايرة الاخضرية ولاية البويرة
C:\Users\dell\Desktop\laststation\Audio_augmented\noise\audio_001698__aug_noise_01.wav,عندي اكثر من الف giga و لكن التدفق لا علاقة
C:\Users\dell\Desktop\laststation\Audio_augmented\speed\audio_001698__aug_speed_01.wav,عندي اكثر من الف giga و لكن التدفق لا علاقة
C:\Users\dell\Desktop\laststation\Audio_augmented\compression\audio_001698__aug_compression_01.wav,عندي اكثر من الف giga و لكن التدفق لا علاقة
C:\Users\dell\Desktop\laststation\Audio_augmented\noise\audio_001699__aug_noise_01.wav,ريڨلونا مشكل تاع internet رانا كرهنا ثلاثة ايام fibre مكاش
C:\Users\dell\Desktop\laststation\Audio_augmented\speed\audio_001699__aug_speed_01.wav,ريڨلونا مشكل تاع internet رانا كرهنا ثلاثة ايام fibre مكاش
C:\Users\dell\Desktop\laststation\Audio_augmented\compression\audio_001699__aug_compression_01.wav,ريڨلونا مشكل تاع internet رانا كرهنا ثلاثة ايام fibre مكاش
C:\Users\dell\Desktop\laststation\Audio_augmented\noise\audio_001700__aug_noise_01.wav,internet من البارح مكانش و الاسبوع هذا كل عشية تروح
C:\Users\dell\Desktop\laststation\Audio_augmented\speed\audio_001700__aug_speed_01.wav,internet من البارح مكانش و الاسبوع هذا كل عشية تروح
C:\Users\dell\Desktop\laststation\Audio_augmented\compression\audio_001700__aug_compression_01.wav,internet من البارح مكانش و الاسبوع هذا كل عشية تروح
C:\Users\dell\Desktop\laststation\Audio_augmented\noise\audio_001701__aug_noise_01.wav,شكرا لكم على سرعة الاصلاح اخر مرة العقوبة fibre
C:\Users\dell\Desktop\laststation\Audio_augmented\speed\audio_001701__aug_speed_01.wav,شكرا لكم على سرعة الاصلاح اخر مرة العقوبة fibre
C:\Users\dell\Desktop\laststation\Audio_augmented\compression\audio_001701__aug_compression_01.wav,شكرا لكم على سرعة الاصلاح اخر مرة العقوبة fibre
C:\Users\dell\Desktop\laststation\Audio_augmented\noise\audio_001702__aug_noise_01.wav,نحن بصدد ادخال internet fibre للحي هل نستطيع شراء واحد
C:\Users\dell\Desktop\laststation\Audio_augmented\speed\audio_001702__aug_speed_01.wav,نحن بصدد ادخال internet fibre للحي هل نستطيع شراء واحد
C:\Users\dell\Desktop\laststation\Audio_augmented\compression\audio_001702__aug_compression_01.wav,نحن بصدد ادخال internet fibre للحي هل نستطيع شراء واحد
C:\Users\dell\Desktop\laststation\Audio_augmented\noise\audio_001703__aug_noise_01.wav,اشهار خرطي اصلا الخدمة الي تحكيوا عليها مكانش
C:\Users\dell\Desktop\laststation\Audio_augmented\speed\audio_001703__aug_speed_01.wav,اشهار خرطي اصلا الخدمة الي تحكيوا عليها مكانش
C:\Users\dell\Desktop\laststation\Audio_augmented\compression\audio_001703__aug_compression_01.wav,اشهار خرطي اصلا الخدمة الي تحكيوا عليها مكانش
C:\Users\dell\Desktop\laststation\Audio_augmented\noise\audio_001704__aug_noise_01.wav,فلكسيت امس في modem مكاش internet فلاشات orange اين خلل
C:\Users\dell\Desktop\laststation\Audio_augmented\speed\audio_001704__aug_speed_01.wav,فلكسيت امس في modem مكاش internet فلاشات orange اين خلل
C:\Users\dell\Desktop\laststation\Audio_augmented\compression\audio_001704__aug_compression_01.wav,فلكسيت امس في modem مكاش internet فلاشات orange اين خلل
C:\Users\dell\Desktop\laststation\Audio_augmented\noise\audio_001705__aug_noise_01.wav,internet ضعيفة بزاف نرجو منكم تحسين الخدمة و زيادة التدفق
C:\Users\dell\Desktop\laststation\Audio_augmented\speed\audio_001705__aug_speed_01.wav,internet ضعيفة بزاف نرجو منكم تحسين الخدمة و زيادة التدفق
C:\Users\dell\Desktop\laststation\Audio_augmented\compression\audio_001705__aug_compression_01.wav,internet ضعيفة بزاف نرجو منكم تحسين الخدمة و زيادة التدفق
C:\Users\dell\Desktop\laststation\Audio_augmented\noise\audio_001706__aug_noise_01.wav,رمز التحقيق تاع gmail ميلحقش في my idoom مالاشكال
C:\Users\dell\Desktop\laststation\Audio_augmented\speed\audio_001706__aug_speed_01.wav,رمز التحقيق تاع gmail ميلحقش في my idoom مالاشكال
C:\Users\dell\Desktop\laststation\Audio_augmented\compression\audio_001706__aug_compression_01.wav,رمز التحقيق تاع gmail ميلحقش في my idoom مالاشكال
C:\Users\dell\Desktop\laststation\Audio_augmented\noise\audio_001707__aug_noise_01.wav,لحد الان عندنا adsl الذي يعتمد على الشبكة النحاسية
C:\Users\dell\Desktop\laststation\Audio_augmented\speed\audio_001707__aug_speed_01.wav,لحد الان عندنا adsl الذي يعتمد على الشبكة النحاسية
C:\Users\dell\Desktop\laststation\Audio_augmented\compression\audio_001707__aug_compression_01.wav,لحد الان عندنا adsl الذي يعتمد على الشبكة النحاسية
C:\Users\dell\Desktop\laststation\Audio_augmented\noise\audio_001708__aug_noise_01.wav,idoom 4g راه ملبارح حابس فهمونا واش بيه
C:\Users\dell\Desktop\laststation\Audio_augmented\speed\audio_001708__aug_speed_01.wav,idoom 4g راه ملبارح حابس فهمونا واش بيه
C:\Users\dell\Desktop\laststation\Audio_augmented\compression\audio_001708__aug_compression_01.wav,idoom 4g راه ملبارح حابس فهمونا واش بيه
C:\Users\dell\Desktop\laststation\Audio_augmented\noise\audio_001709__aug_noise_01.wav,راك تهدر مع repondeur معلمينه هدرة شابة تبرد الزبون
C:\Users\dell\Desktop\laststation\Audio_augmented\speed\audio_001709__aug_speed_01.wav,راك تهدر مع repondeur معلمينه هدرة شابة تبرد الزبون
C:\Users\dell\Desktop\laststation\Audio_augmented\compression\audio_001709__aug_compression_01.wav,راك تهدر مع repondeur معلمينه هدرة شابة تبرد الزبون
C:\Users\dell\Desktop\laststation\Audio_augmented\noise\audio_001710__aug_noise_01.wav,عندكم برك نهار الي توصلولنا fibre يحبسو العروض هذا اذا وصلتولنا fibre
C:\Users\dell\Desktop\laststation\Audio_augmented\speed\audio_001710__aug_speed_01.wav,عندكم برك نهار الي توصلولنا fibre يحبسو العروض هذا اذا وصلتولنا fibre
C:\Users\dell\Desktop\laststation\Audio_augmented\compression\audio_001710__aug_compression_01.wav,عندكم برك نهار الي توصلولنا fibre يحبسو العروض هذا اذا وصلتولنا fibre
C:\Users\dell\Desktop\laststation\Audio_augmented\noise\audio_001711__aug_noise_01.wav,نستناو في وكالة مافية و اهمال عين مليلة تسعة شهر مركبوناش modem
C:\Users\dell\Desktop\laststation\Audio_augmented\speed\audio_001711__aug_speed_01.wav,نستناو في وكالة مافية و اهمال عين مليلة تسعة شهر مركبوناش modem
C:\Users\dell\Desktop\laststation\Audio_augmented\compression\audio_001711__aug_compression_01.wav,نستناو في وكالة مافية و اهمال عين مليلة تسعة شهر مركبوناش modem
C:\Users\dell\Desktop\laststation\Audio_augmented\noise\audio_001712__aug_noise_01.wav,ركبو modem fibre عندي خمسة و عشرون يوم و انا انتظر مازال واش السبب
C:\Users\dell\Desktop\laststation\Audio_augmented\speed\audio_001712__aug_speed_01.wav,ركبو modem fibre عندي خمسة و عشرون يوم و انا انتظر مازال واش السبب
C:\Users\dell\Desktop\laststation\Audio_augmented\compression\audio_001712__aug_compression_01.wav,ركبو modem fibre عندي خمسة و عشرون يوم و انا انتظر مازال واش السبب
C:\Users\dell\Desktop\laststation\Audio_augmented\noise\audio_001713__aug_noise_01.wav,خاوتي حاب نشري modem اتصالات الجزاير هل تمشي في ريف ولا لالا و شكرا جزيلا
C:\Users\dell\Desktop\laststation\Audio_augmented\speed\audio_001713__aug_speed_01.wav,خاوتي حاب نشري modem اتصالات الجزاير هل تمشي في ريف ولا لالا و شكرا جزيلا
C:\Users\dell\Desktop\laststation\Audio_augmented\compression\audio_001713__aug_compression_01.wav,خاوتي حاب نشري modem اتصالات الجزاير هل تمشي في ريف ولا لالا و شكرا جزيلا
C:\Users\dell\Desktop\laststation\Audio_augmented\noise\audio_001714__aug_noise_01.wav,العفرون مكاش فيها fibre نهار ديروه مدولنا هذو العروض
C:\Users\dell\Desktop\laststation\Audio_augmented\speed\audio_001714__aug_speed_01.wav,العفرون مكاش فيها fibre نهار ديروه مدولنا هذو العروض
C:\Users\dell\Desktop\laststation\Audio_augmented\compression\audio_001714__aug_compression_01.wav,العفرون مكاش فيها fibre نهار ديروه مدولنا هذو العروض
C:\Users\dell\Desktop\laststation\Audio_augmented\noise\audio_001715__aug_noise_01.wav,لحقونا fibre من بعد كلش ساهل والله تعبنا مع adsl
C:\Users\dell\Desktop\laststation\Audio_augmented\speed\audio_001715__aug_speed_01.wav,لحقونا fibre من بعد كلش ساهل والله تعبنا مع adsl
C:\Users\dell\Desktop\laststation\Audio_augmented\compression\audio_001715__aug_compression_01.wav,لحقونا fibre من بعد كلش ساهل والله تعبنا مع adsl
C:\Users\dell\Desktop\laststation\Audio_augmented\noise\audio_001716__aug_noise_01.wav,ياخويا يرحم والديك internet راني نحتجها اني ستنيت لكرهت
C:\Users\dell\Desktop\laststation\Audio_augmented\speed\audio_001716__aug_speed_01.wav,ياخويا يرحم والديك internet راني نحتجها اني ستنيت لكرهت
C:\Users\dell\Desktop\laststation\Audio_augmented\compression\audio_001716__aug_compression_01.wav,ياخويا يرحم والديك internet راني نحتجها اني ستنيت لكرهت
C:\Users\dell\Desktop\laststation\Audio_augmented\noise\audio_001717__aug_noise_01.wav,واش يلزم باش ندخل fibre قصدي اوراق واش نديلهم
C:\Users\dell\Desktop\laststation\Audio_augmented\speed\audio_001717__aug_speed_01.wav,واش يلزم باش ندخل fibre قصدي اوراق واش نديلهم
C:\Users\dell\Desktop\laststation\Audio_augmented\compression\audio_001717__aug_compression_01.wav,واش يلزم باش ندخل fibre قصدي اوراق واش نديلهم
C:\Users\dell\Desktop\laststation\Audio_augmented\noise\audio_001718__aug_noise_01.wav,كيف اعرف حرارة الهاتف من modem و ليس لدي هاتف ثابت
C:\Users\dell\Desktop\laststation\Audio_augmented\speed\audio_001718__aug_speed_01.wav,كيف اعرف حرارة الهاتف من modem و ليس لدي هاتف ثابت
C:\Users\dell\Desktop\laststation\Audio_augmented\compression\audio_001718__aug_compression_01.wav,كيف اعرف حرارة الهاتف من modem و ليس لدي هاتف ثابت
C:\Users\dell\Desktop\laststation\Audio_augmented\noise\audio_001719__aug_noise_01.wav,عندنا ثلاثة شهر نستناو في la mise en service
C:\Users\dell\Desktop\laststation\Audio_augmented\speed\audio_001719__aug_speed_01.wav,عندنا ثلاثة شهر نستناو في la mise en service
C:\Users\dell\Desktop\laststation\Audio_augmented\compression\audio_001719__aug_compression_01.wav,عندنا ثلاثة شهر نستناو في la mise en service
C:\Users\dell\Desktop\laststation\Audio_augmented\noise\audio_001720__aug_noise_01.wav,ياو وفرلي modem nokia و من بعد ساهل يالفاشلين عام و نص و مازال ماجبتوهم
C:\Users\dell\Desktop\laststation\Audio_augmented\speed\audio_001720__aug_speed_01.wav,ياو وفرلي modem nokia و من بعد ساهل يالفاشلين عام و نص و مازال ماجبتوهم
C:\Users\dell\Desktop\laststation\Audio_augmented\compression\audio_001720__aug_compression_01.wav,ياو وفرلي modem nokia و من بعد ساهل يالفاشلين عام و نص و مازال ماجبتوهم
C:\Users\dell\Desktop\laststation\Audio_augmented\noise\audio_001721__aug_noise_01.wav,كيفاش نقدر نعرف انو المكان وين نسكن فيه تغطية مليحة 4g ولا والوا
C:\Users\dell\Desktop\laststation\Audio_augmented\speed\audio_001721__aug_speed_01.wav,كيفاش نقدر نعرف انو المكان وين نسكن فيه تغطية مليحة 4g ولا والوا
C:\Users\dell\Desktop\laststation\Audio_augmented\compression\audio_001721__aug_compression_01.wav,كيفاش نقدر نعرف انو المكان وين نسكن فيه تغطية مليحة 4g ولا والوا
C:\Users\dell\Desktop\laststation\Audio_augmented\noise\audio_001722__aug_noise_01.wav,ديمة نسلك و مستفدت حتى حاجة من internet الي تحكو عليها
C:\Users\dell\Desktop\laststation\Audio_augmented\speed\audio_001722__aug_speed_01.wav,ديمة نسلك و مستفدت حتى حاجة من internet الي تحكو عليها
C:\Users\dell\Desktop\laststation\Audio_augmented\compression\audio_001722__aug_compression_01.wav,ديمة نسلك و مستفدت حتى حاجة من internet الي تحكو عليها
C:\Users\dell\Desktop\laststation\Audio_augmented\noise\audio_001723__aug_noise_01.wav,جيبولنا modem برك عندي عام ملي طلبتو لدورك مكان والوا
C:\Users\dell\Desktop\laststation\Audio_augmented\speed\audio_001723__aug_speed_01.wav,جيبولنا modem برك عندي عام ملي طلبتو لدورك مكان والوا
C:\Users\dell\Desktop\laststation\Audio_augmented\compression\audio_001723__aug_compression_01.wav,جيبولنا modem برك عندي عام ملي طلبتو لدورك مكان والوا
C:\Users\dell\Desktop\laststation\Audio_augmented\noise\audio_001724__aug_noise_01.wav,في ولاية جيجل هذا شهر و مكان والوا عطولي modem
C:\Users\dell\Desktop\laststation\Audio_augmented\speed\audio_001724__aug_speed_01.wav,في ولاية جيجل هذا شهر و مكان والوا عطولي modem
C:\Users\dell\Desktop\laststation\Audio_augmented\compression\audio_001724__aug_compression_01.wav,في ولاية جيجل هذا شهر و مكان والوا عطولي modem
C:\Users\dell\Desktop\laststation\Audio_augmented\noise\audio_001725__aug_noise_01.wav,نتمنى عودة عروض فصل الصيف كاملا على idoom 4g رغم ضعف التدفق
C:\Users\dell\Desktop\laststation\Audio_augmented\speed\audio_001725__aug_speed_01.wav,نتمنى عودة عروض فصل الصيف كاملا على idoom 4g رغم ضعف التدفق
C:\Users\dell\Desktop\laststation\Audio_augmented\compression\audio_001725__aug_compression_01.wav,نتمنى عودة عروض فصل الصيف كاملا على idoom 4g رغم ضعف التدفق
C:\Users\dell\Desktop\laststation\Audio_augmented\noise\audio_001726__aug_noise_01.wav,خويا نتوما تاني معندكمش connexion في wifi 4g ولا غير انا
C:\Users\dell\Desktop\laststation\Audio_augmented\speed\audio_001726__aug_speed_01.wav,خويا نتوما تاني معندكمش connexion في wifi 4g ولا غير انا
C:\Users\dell\Desktop\laststation\Audio_augmented\compression\audio_001726__aug_compression_01.wav,خويا نتوما تاني معندكمش connexion في wifi 4g ولا غير انا
C:\Users\dell\Desktop\laststation\Audio_augmented\noise\audio_001727__aug_noise_01.wav,نحن لم يصلنا fibre رغم تقدم بلديتنا
C:\Users\dell\Desktop\laststation\Audio_augmented\speed\audio_001727__aug_speed_01.wav,نحن لم يصلنا fibre رغم تقدم بلديتنا
C:\Users\dell\Desktop\laststation\Audio_augmented\compression\audio_001727__aug_compression_01.wav,نحن لم يصلنا fibre رغم تقدم بلديتنا
C:\Users\dell\Desktop\laststation\Audio_augmented\noise\audio_001728__aug_noise_01.wav,idoom market السعر غالي جدا و لا يشجع زيد تكاليف الاشتراك
C:\Users\dell\Desktop\laststation\Audio_augmented\speed\audio_001728__aug_speed_01.wav,idoom market السعر غالي جدا و لا يشجع زيد تكاليف الاشتراك
C:\Users\dell\Desktop\laststation\Audio_augmented\compression\audio_001728__aug_compression_01.wav,idoom market السعر غالي جدا و لا يشجع زيد تكاليف الاشتراك
C:\Users\dell\Desktop\laststation\Audio_augmented\noise\audio_001729__aug_noise_01.wav,الف مبروك للولاية مولودها الجديد و بالتوفيق للزملاء على مستوى الوكالة الجديدة
C:\Users\dell\Desktop\laststation\Audio_augmented\speed\audio_001729__aug_speed_01.wav,الف مبروك للولاية مولودها الجديد و بالتوفيق للزملاء على مستوى الوكالة الجديدة
C:\Users\dell\Desktop\laststation\Audio_augmented\compression\audio_001729__aug_compression_01.wav,الف مبروك للولاية مولودها الجديد و بالتوفيق للزملاء على مستوى الوكالة الجديدة
C:\Users\dell\Desktop\laststation\Audio_augmented\noise\audio_001730__aug_noise_01.wav,وراها fibre لي راكم تروجولها مازالنا في القديم
C:\Users\dell\Desktop\laststation\Audio_augmented\speed\audio_001730__aug_speed_01.wav,وراها fibre لي راكم تروجولها مازالنا في القديم
C:\Users\dell\Desktop\laststation\Audio_augmented\compression\audio_001730__aug_compression_01.wav,وراها fibre لي راكم تروجولها مازالنا في القديم
C:\Users\dell\Desktop\laststation\Audio_augmented\noise\audio_001731__aug_noise_01.wav,شهرين ملي بداو مشروع fibre و مازال ماكملوش حتى نصفو ثقال تعيو
C:\Users\dell\Desktop\laststation\Audio_augmented\speed\audio_001731__aug_speed_01.wav,شهرين ملي بداو مشروع fibre و مازال ماكملوش حتى نصفو ثقال تعيو
C:\Users\dell\Desktop\laststation\Audio_augmented\compression\audio_001731__aug_compression_01.wav,شهرين ملي بداو مشروع fibre و مازال ماكملوش حتى نصفو ثقال تعيو
C:\Users\dell\Desktop\laststation\Audio_augmented\noise\audio_001732__aug_noise_01.wav,عندي فايت شهر ملي خلصت و مدولي modem و مازال مجاوش يبرونشولي
C:\Users\dell\Desktop\laststation\Audio_augmented\speed\audio_001732__aug_speed_01.wav,عندي فايت شهر ملي خلصت و مدولي modem و مازال مجاوش يبرونشولي
C:\Users\dell\Desktop\laststation\Audio_augmented\compression\audio_001732__aug_compression_01.wav,عندي فايت شهر ملي خلصت و مدولي modem و مازال مجاوش يبرونشولي
C:\Users\dell\Desktop\laststation\Audio_augmented\noise\audio_001733__aug_noise_01.wav,في منطقتنا internet مقطوعة منذ اكثر من شهر cable نحاسي
C:\Users\dell\Desktop\laststation\Audio_augmented\speed\audio_001733__aug_speed_01.wav,في منطقتنا internet مقطوعة منذ اكثر من شهر cable نحاسي
C:\Users\dell\Desktop\laststation\Audio_augmented\compression\audio_001733__aug_compression_01.wav,في منطقتنا internet مقطوعة منذ اكثر من شهر cable نحاسي
C:\Users\dell\Desktop\laststation\Audio_augmented\noise\audio_001734__aug_noise_01.wav,internet راها مكاش اخر ثلاثة ايام الناس كل تعاني
C:\Users\dell\Desktop\laststation\Audio_augmented\speed\audio_001734__aug_speed_01.wav,internet راها مكاش اخر ثلاثة ايام الناس كل تعاني
C:\Users\dell\Desktop\laststation\Audio_augmented\compression\audio_001734__aug_compression_01.wav,internet راها مكاش اخر ثلاثة ايام الناس كل تعاني
C:\Users\dell\Desktop\laststation\Audio_augmented\noise\audio_001735__aug_noise_01.wav,سلام عندي adsl راهي ناقصة connexion تقلية بزاف
C:\Users\dell\Desktop\laststation\Audio_augmented\speed\audio_001735__aug_speed_01.wav,سلام عندي adsl راهي ناقصة connexion تقلية بزاف
C:\Users\dell\Desktop\laststation\Audio_augmented\compression\audio_001735__aug_compression_01.wav,سلام عندي adsl راهي ناقصة connexion تقلية بزاف
C:\Users\dell\Desktop\laststation\Audio_augmented\noise\audio_001736__aug_noise_01.wav,هناك نقص في الاشارة ضواحي البرية وهران منذ يومين idoom 4g
C:\Users\dell\Desktop\laststation\Audio_augmented\speed\audio_001736__aug_speed_01.wav,هناك نقص في الاشارة ضواحي البرية وهران منذ يومين idoom 4g
C:\Users\dell\Desktop\laststation\Audio_augmented\compression\audio_001736__aug_compression_01.wav,هناك نقص في الاشارة ضواحي البرية وهران منذ يومين idoom 4g
C:\Users\dell\Desktop\laststation\Audio_augmented\noise\audio_001737__aug_noise_01.wav,سيد رائيس internet راه مقطوع عليا في خمسة شهر
C:\Users\dell\Desktop\laststation\Audio_augmented\speed\audio_001737__aug_speed_01.wav,سيد رائيس internet راه مقطوع عليا في خمسة شهر
C:\Users\dell\Desktop\laststation\Audio_augmented\compression\audio_001737__aug_compression_01.wav,سيد رائيس internet راه مقطوع عليا في خمسة شهر
C:\Users\dell\Desktop\laststation\Audio_augmented\noise\audio_001738__aug_noise_01.wav,internet adsl كارثة بكل المقاييس بمدينة زلفانة ولاية غرداية
C:\Users\dell\Desktop\laststation\Audio_augmented\speed\audio_001738__aug_speed_01.wav,internet adsl كارثة بكل المقاييس بمدينة زلفانة ولاية غرداية
C:\Users\dell\Desktop\laststation\Audio_augmented\compression\audio_001738__aug_compression_01.wav,internet adsl كارثة بكل المقاييس بمدينة زلفانة ولاية غرداية
C:\Users\dell\Desktop\laststation\Audio_augmented\noise\audio_001739__aug_noise_01.wav,ركبولي modem fibre عندو تسعة ايام و لحد الان internet لا توجد
C:\Users\dell\Desktop\laststation\Audio_augmented\speed\audio_001739__aug_speed_01.wav,ركبولي modem fibre عندو تسعة ايام و لحد الان internet لا توجد
C:\Users\dell\Desktop\laststation\Audio_augmented\compression\audio_001739__aug_compression_01.wav,ركبولي modem fibre عندو تسعة ايام و لحد الان internet لا توجد
C:\Users\dell\Desktop\laststation\Audio_augmented\noise\audio_001740__aug_noise_01.wav,شكرا و الف شكر على مجهودتكم لخدمة المواطن
C:\Users\dell\Desktop\laststation\Audio_augmented\speed\audio_001740__aug_speed_01.wav,شكرا و الف شكر على مجهودتكم لخدمة المواطن
C:\Users\dell\Desktop\laststation\Audio_augmented\compression\audio_001740__aug_compression_01.wav,شكرا و الف شكر على مجهودتكم لخدمة المواطن
C:\Users\dell\Desktop\laststation\Audio_augmented\noise\audio_001741__aug_noise_01.wav,نتمنى ان تعمم المبادرة على جميع الموسسات الخدماتية الوطنية للرقي لخدمات المستهلك عير الاستماع المباشر لانشغالاته
C:\Users\dell\Desktop\laststation\Audio_augmented\speed\audio_001741__aug_speed_01.wav,نتمنى ان تعمم المبادرة على جميع الموسسات الخدماتية الوطنية للرقي لخدمات المستهلك عير الاستماع المباشر لانشغالاته
C:\Users\dell\Desktop\laststation\Audio_augmented\compression\audio_001741__aug_compression_01.wav,نتمنى ان تعمم المبادرة على جميع الموسسات الخدماتية الوطنية للرقي لخدمات المستهلك عير الاستماع المباشر لانشغالاته
C:\Users\dell\Desktop\laststation\Audio_augmented\noise\audio_001742__aug_noise_01.wav,عندي قريب عشرين يوم ملي عطاولي modem و fibre مكاش
C:\Users\dell\Desktop\laststation\Audio_augmented\speed\audio_001742__aug_speed_01.wav,عندي قريب عشرين يوم ملي عطاولي modem و fibre مكاش
C:\Users\dell\Desktop\laststation\Audio_augmented\compression\audio_001742__aug_compression_01.wav,عندي قريب عشرين يوم ملي عطاولي modem و fibre مكاش
C:\Users\dell\Desktop\laststation\Audio_augmented\noise\audio_001743__aug_noise_01.wav,يقولك المشكل راهو فيك او توجه الي اقرب مركز
C:\Users\dell\Desktop\laststation\Audio_augmented\speed\audio_001743__aug_speed_01.wav,يقولك المشكل راهو فيك او توجه الي اقرب مركز
C:\Users\dell\Desktop\laststation\Audio_augmented\compression\audio_001743__aug_compression_01.wav,يقولك المشكل راهو فيك او توجه الي اقرب مركز
C:\Users\dell\Desktop\laststation\Audio_augmented\noise\audio_001744__aug_noise_01.wav,هل الحي الجديد في دبدابة من اهتماماتكم بايصال هاته الخدمة الجديدة ام لا
C:\Users\dell\Desktop\laststation\Audio_augmented\speed\audio_001744__aug_speed_01.wav,هل الحي الجديد في دبدابة من اهتماماتكم بايصال هاته الخدمة الجديدة ام لا
C:\Users\dell\Desktop\laststation\Audio_augmented\compression\audio_001744__aug_compression_01.wav,هل الحي الجديد في دبدابة من اهتماماتكم بايصال هاته الخدمة الجديدة ام لا
C:\Users\dell\Desktop\laststation\Audio_augmented\noise\audio_001745__aug_noise_01.wav,لخيط مكاه و تقولنا دخلو fibre عموها برك و ساهلة
C:\Users\dell\Desktop\laststation\Audio_augmented\speed\audio_001745__aug_speed_01.wav,لخيط مكاه و تقولنا دخلو fibre عموها برك و ساهلة
C:\Users\dell\Desktop\laststation\Audio_augmented\compression\audio_001745__aug_compression_01.wav,لخيط مكاه و تقولنا دخلو fibre عموها برك و ساهلة
C:\Users\dell\Desktop\laststation\Audio_augmented\noise\audio_001746__aug_noise_01.wav,سلام خاوتي نسكن في ريف هل modem اتصالات الجزاير تمشي يعني في ريف و شكرا
C:\Users\dell\Desktop\laststation\Audio_augmented\speed\audio_001746__aug_speed_01.wav,سلام خاوتي نسكن في ريف هل modem اتصالات الجزاير تمشي يعني في ريف و شكرا
C:\Users\dell\Desktop\laststation\Audio_augmented\compression\audio_001746__aug_compression_01.wav,سلام خاوتي نسكن في ريف هل modem اتصالات الجزاير تمشي يعني في ريف و شكرا
C:\Users\dell\Desktop\laststation\Audio_augmented\noise\audio_001747__aug_noise_01.wav,ستة ايام و اشارة idoom 4g متقطعة شبه منعدمة
C:\Users\dell\Desktop\laststation\Audio_augmented\speed\audio_001747__aug_speed_01.wav,ستة ايام و اشارة idoom 4g متقطعة شبه منعدمة
C:\Users\dell\Desktop\laststation\Audio_augmented\compression\audio_001747__aug_compression_01.wav,ستة ايام و اشارة idoom 4g متقطعة شبه منعدمة
C:\Users\dell\Desktop\laststation\Audio_augmented\noise\audio_001748__aug_noise_01.wav,خصنا طريقة باه نجيبو رقم الزبون بلا منروحو للوكالة
C:\Users\dell\Desktop\laststation\Audio_augmented\speed\audio_001748__aug_speed_01.wav,خصنا طريقة باه نجيبو رقم الزبون بلا منروحو للوكالة
C:\Users\dell\Desktop\laststation\Audio_augmented\compression\audio_001748__aug_compression_01.wav,خصنا طريقة باه نجيبو رقم الزبون بلا منروحو للوكالة
C:\Users\dell\Desktop\laststation\Audio_augmented\noise\audio_001749__aug_noise_01.wav,واش ندي معايا للوكالة التجارية لكي يتم تحويل adsl الى fibre و شكرا
C:\Users\dell\Desktop\laststation\Audio_augmented\speed\audio_001749__aug_speed_01.wav,واش ندي معايا للوكالة التجارية لكي يتم تحويل adsl الى fibre و شكرا
C:\Users\dell\Desktop\laststation\Audio_augmented\compression\audio_001749__aug_compression_01.wav,واش ندي معايا للوكالة التجارية لكي يتم تحويل adsl الى fibre و شكرا
C:\Users\dell\Desktop\laststation\Audio_augmented\noise\audio_001750__aug_noise_01.wav,اريد modem 4g ماذا يلزمني و ماهي عروضه و هل استطيع طلبه عن بعد
C:\Users\dell\Desktop\laststation\Audio_augmented\speed\audio_001750__aug_speed_01.wav,اريد modem 4g ماذا يلزمني و ماهي عروضه و هل استطيع طلبه عن بعد
C:\Users\dell\Desktop\laststation\Audio_augmented\compression\audio_001750__aug_compression_01.wav,اريد modem 4g ماذا يلزمني و ماهي عروضه و هل استطيع طلبه عن بعد
C:\Users\dell\Desktop\laststation\Audio_augmented\noise\audio_001751__aug_noise_01.wav,هل هذا يعني اننا سوف نحصل على شهر او شهرين internet مجانا
C:\Users\dell\Desktop\laststation\Audio_augmented\speed\audio_001751__aug_speed_01.wav,هل هذا يعني اننا سوف نحصل على شهر او شهرين internet مجانا
C:\Users\dell\Desktop\laststation\Audio_augmented\compression\audio_001751__aug_compression_01.wav,هل هذا يعني اننا سوف نحصل على شهر او شهرين internet مجانا
C:\Users\dell\Desktop\laststation\Audio_augmented\noise\audio_001752__aug_noise_01.wav,modem idoom 4g internet منقطعة فيه تماما منذ اسبوع نرجو التدخل
C:\Users\dell\Desktop\laststation\Audio_augmented\speed\audio_001752__aug_speed_01.wav,modem idoom 4g internet منقطعة فيه تماما منذ اسبوع نرجو التدخل
C:\Users\dell\Desktop\laststation\Audio_augmented\compression\audio_001752__aug_compression_01.wav,modem idoom 4g internet منقطعة فيه تماما منذ اسبوع نرجو التدخل
C:\Users\dell\Desktop\laststation\Audio_augmented\noise\audio_001753__aug_noise_01.wav,internet ماراهيش stable عندي تروح و تجي كل خمسة دقايق
C:\Users\dell\Desktop\laststation\Audio_augmented\speed\audio_001753__aug_speed_01.wav,internet ماراهيش stable عندي تروح و تجي كل خمسة دقايق
C:\Users\dell\Desktop\laststation\Audio_augmented\compression\audio_001753__aug_compression_01.wav,internet ماراهيش stable عندي تروح و تجي كل خمسة دقايق
C:\Users\dell\Desktop\laststation\Audio_augmented\noise\audio_001754__aug_noise_01.wav,مشكل في internet fibre هذا اليومين نرجو اصلاح مشكل
C:\Users\dell\Desktop\laststation\Audio_augmented\speed\audio_001754__aug_speed_01.wav,مشكل في internet fibre هذا اليومين نرجو اصلاح مشكل
C:\Users\dell\Desktop\laststation\Audio_augmented\compression\audio_001754__aug_compression_01.wav,مشكل في internet fibre هذا اليومين نرجو اصلاح مشكل
C:\Users\dell\Desktop\laststation\Audio_augmented\noise\audio_001755__aug_noise_01.wav,علاه نحيتو خصم الاشتراك تاع الجيش و درتو شرط لازم تكون الدار تاعو ماشي كاري هديك الدار
C:\Users\dell\Desktop\laststation\Audio_augmented\speed\audio_001755__aug_speed_01.wav,علاه نحيتو خصم الاشتراك تاع الجيش و درتو شرط لازم تكون الدار تاعو ماشي كاري هديك الدار
C:\Users\dell\Desktop\laststation\Audio_augmented\compression\audio_001755__aug_compression_01.wav,علاه نحيتو خصم الاشتراك تاع الجيش و درتو شرط لازم تكون الدار تاعو ماشي كاري هديك الدار
C:\Users\dell\Desktop\laststation\Audio_augmented\noise\audio_001756__aug_noise_01.wav,ريڨلو ping راهو عندكم مشكل في internet هذ اليامات adsl
C:\Users\dell\Desktop\laststation\Audio_augmented\speed\audio_001756__aug_speed_01.wav,ريڨلو ping راهو عندكم مشكل في internet هذ اليامات adsl
C:\Users\dell\Desktop\laststation\Audio_augmented\compression\audio_001756__aug_compression_01.wav,ريڨلو ping راهو عندكم مشكل في internet هذ اليامات adsl
C:\Users\dell\Desktop\laststation\Audio_augmented\noise\audio_001757__aug_noise_01.wav,ريڨلو الموقع باش يطلع كل البلديات هكذا تعرفو الي معندهمش fibre
C:\Users\dell\Desktop\laststation\Audio_augmented\speed\audio_001757__aug_speed_01.wav,ريڨلو الموقع باش يطلع كل البلديات هكذا تعرفو الي معندهمش fibre
C:\Users\dell\Desktop\laststation\Audio_augmented\compression\audio_001757__aug_compression_01.wav,ريڨلو الموقع باش يطلع كل البلديات هكذا تعرفو الي معندهمش fibre
C:\Users\dell\Desktop\laststation\Audio_augmented\noise\audio_001758__aug_noise_01.wav,و بالتوفيق في قطع internet على اثنان و اربعون مليون انسان
C:\Users\dell\Desktop\laststation\Audio_augmented\speed\audio_001758__aug_speed_01.wav,و بالتوفيق في قطع internet على اثنان و اربعون مليون انسان
C:\Users\dell\Desktop\laststation\Audio_augmented\compression\audio_001758__aug_compression_01.wav,و بالتوفيق في قطع internet على اثنان و اربعون مليون انسان
C:\Users\dell\Desktop\laststation\Audio_augmented\noise\audio_001759__aug_noise_01.wav,نقص فالتغطية التدفق ضعيف جدا سرعة لا تتجاوز مية kilo byte
C:\Users\dell\Desktop\laststation\Audio_augmented\speed\audio_001759__aug_speed_01.wav,نقص فالتغطية التدفق ضعيف جدا سرعة لا تتجاوز مية kilo byte
C:\Users\dell\Desktop\laststation\Audio_augmented\compression\audio_001759__aug_compression_01.wav,نقص فالتغطية التدفق ضعيف جدا سرعة لا تتجاوز مية kilo byte
C:\Users\dell\Desktop\laststation\Audio_augmented\noise\audio_001760__aug_noise_01.wav,حتان تسڨمو reseau internet من بعد ساهل راها كارثة اتصالات الجزاير
C:\Users\dell\Desktop\laststation\Audio_augmented\speed\audio_001760__aug_speed_01.wav,حتان تسڨمو reseau internet من بعد ساهل راها كارثة اتصالات الجزاير
C:\Users\dell\Desktop\laststation\Audio_augmented\compression\audio_001760__aug_compression_01.wav,حتان تسڨمو reseau internet من بعد ساهل راها كارثة اتصالات الجزاير
C:\Users\dell\Desktop\laststation\Audio_augmented\noise\audio_001761__aug_noise_01.wav,هيا مليحة مية و خمسين بمية و خمسين بصح التدفق ثقيل بزاف
C:\Users\dell\Desktop\laststation\Audio_augmented\speed\audio_001761__aug_speed_01.wav,هيا مليحة مية و خمسين بمية و خمسين بصح التدفق ثقيل بزاف
C:\Users\dell\Desktop\laststation\Audio_augmented\compression\audio_001761__aug_compression_01.wav,هيا مليحة مية و خمسين بمية و خمسين بصح التدفق ثقيل بزاف
C:\Users\dell\Desktop\laststation\Audio_augmented\noise\audio_001762__aug_noise_01.wav,ديرو التغطية تاع fibre لكل المناطق من بعد ديرو العروض
C:\Users\dell\Desktop\laststation\Audio_augmented\speed\audio_001762__aug_speed_01.wav,ديرو التغطية تاع fibre لكل المناطق من بعد ديرو العروض
C:\Users\dell\Desktop\laststation\Audio_augmented\compression\audio_001762__aug_compression_01.wav,ديرو التغطية تاع fibre لكل المناطق من بعد ديرو العروض
C:\Users\dell\Desktop\laststation\Audio_augmented\noise\audio_001763__aug_noise_01.wav,كيفاه نعرف رقم الهاتف الجديد مشكل انو مابعثوليش رقم
C:\Users\dell\Desktop\laststation\Audio_augmented\speed\audio_001763__aug_speed_01.wav,كيفاه نعرف رقم الهاتف الجديد مشكل انو مابعثوليش رقم
C:\Users\dell\Desktop\laststation\Audio_augmented\compression\audio_001763__aug_compression_01.wav,كيفاه نعرف رقم الهاتف الجديد مشكل انو مابعثوليش رقم
C:\Users\dell\Desktop\laststation\Audio_augmented\noise\audio_001764__aug_noise_01.wav,انا مدخلها و مركب modem عندي شحال و انا نستنا تطلقوها وقتاه تطلقوها
C:\Users\dell\Desktop\laststation\Audio_augmented\speed\audio_001764__aug_speed_01.wav,انا مدخلها و مركب modem عندي شحال و انا نستنا تطلقوها وقتاه تطلقوها
C:\Users\dell\Desktop\laststation\Audio_augmented\compression\audio_001764__aug_compression_01.wav,انا مدخلها و مركب modem عندي شحال و انا نستنا تطلقوها وقتاه تطلقوها
C:\Users\dell\Desktop\laststation\Audio_augmented\noise\audio_001765__aug_noise_01.wav,هاتف ثابث و internet لا تعمل بڨالمة منذ امس مساء
C:\Users\dell\Desktop\laststation\Audio_augmented\speed\audio_001765__aug_speed_01.wav,هاتف ثابث و internet لا تعمل بڨالمة منذ امس مساء
C:\Users\dell\Desktop\laststation\Audio_augmented\compression\audio_001765__aug_compression_01.wav,هاتف ثابث و internet لا تعمل بڨالمة منذ امس مساء
C:\Users\dell\Desktop\laststation\Audio_augmented\noise\audio_001766__aug_noise_01.wav,عندي اكثر من شهرين ملي هزيت modem fibre مازال مركبوه لا طلقوه
C:\Users\dell\Desktop\laststation\Audio_augmented\speed\audio_001766__aug_speed_01.wav,عندي اكثر من شهرين ملي هزيت modem fibre مازال مركبوه لا طلقوه
C:\Users\dell\Desktop\laststation\Audio_augmented\compression\audio_001766__aug_compression_01.wav,عندي اكثر من شهرين ملي هزيت modem fibre مازال مركبوه لا طلقوه
C:\Users\dell\Desktop\laststation\Audio_augmented\noise\audio_001767__aug_noise_01.wav,متى يتم اطلاق internet الجديدة في حي سو مزيان العلمة
C:\Users\dell\Desktop\laststation\Audio_augmented\speed\audio_001767__aug_speed_01.wav,متى يتم اطلاق internet الجديدة في حي سو مزيان العلمة
C:\Users\dell\Desktop\laststation\Audio_augmented\compression\audio_001767__aug_compression_01.wav,متى يتم اطلاق internet الجديدة في حي سو مزيان العلمة
C:\Users\dell\Desktop\laststation\Audio_augmented\noise\audio_001768__aug_noise_01.wav,مكاش فرق في ـping مقارنة بـي fibre العادية عندي عرض مية و عشرين mega
C:\Users\dell\Desktop\laststation\Audio_augmented\speed\audio_001768__aug_speed_01.wav,مكاش فرق في ـping مقارنة بـي fibre العادية عندي عرض مية و عشرين mega
C:\Users\dell\Desktop\laststation\Audio_augmented\compression\audio_001768__aug_compression_01.wav,مكاش فرق في ـping مقارنة بـي fibre العادية عندي عرض مية و عشرين mega
C:\Users\dell\Desktop\laststation\Audio_augmented\noise\audio_001769__aug_noise_01.wav,كيفاش نعرف شحال راني نخلص و تاريخ الي نسدد الفاتورة مع العلم انني جديد في fibre
C:\Users\dell\Desktop\laststation\Audio_augmented\speed\audio_001769__aug_speed_01.wav,كيفاش نعرف شحال راني نخلص و تاريخ الي نسدد الفاتورة مع العلم انني جديد في fibre
C:\Users\dell\Desktop\laststation\Audio_augmented\compression\audio_001769__aug_compression_01.wav,كيفاش نعرف شحال راني نخلص و تاريخ الي نسدد الفاتورة مع العلم انني جديد في fibre
C:\Users\dell\Desktop\laststation\Audio_augmented\noise\audio_001770__aug_noise_01.wav,في بلديتنا توقفت انشغال و لا وجود لمشاريع fibre للاسف
C:\Users\dell\Desktop\laststation\Audio_augmented\speed\audio_001770__aug_speed_01.wav,في بلديتنا توقفت انشغال و لا وجود لمشاريع fibre للاسف
C:\Users\dell\Desktop\laststation\Audio_augmented\compression\audio_001770__aug_compression_01.wav,في بلديتنا توقفت انشغال و لا وجود لمشاريع fibre للاسف
C:\Users\dell\Desktop\laststation\Audio_augmented\noise\audio_001771__aug_noise_01.wav,بلدية بن مهيدي ولاية الطارف لا fibre و لا هم يخزنون
C:\Users\dell\Desktop\laststation\Audio_augmented\speed\audio_001771__aug_speed_01.wav,بلدية بن مهيدي ولاية الطارف لا fibre و لا هم يخزنون
C:\Users\dell\Desktop\laststation\Audio_augmented\compression\audio_001771__aug_compression_01.wav,بلدية بن مهيدي ولاية الطارف لا fibre و لا هم يخزنون
C:\Users\dell\Desktop\laststation\Audio_augmented\noise\audio_001772__aug_noise_01.wav,عندي modem جديد حاب نخلص internet كيفاش نخلصها وين نلقا الارقام تاع modem
C:\Users\dell\Desktop\laststation\Audio_augmented\speed\audio_001772__aug_speed_01.wav,عندي modem جديد حاب نخلص internet كيفاش نخلصها وين نلقا الارقام تاع modem
C:\Users\dell\Desktop\laststation\Audio_augmented\compression\audio_001772__aug_compression_01.wav,عندي modem جديد حاب نخلص internet كيفاش نخلصها وين نلقا الارقام تاع modem
C:\Users\dell\Desktop\laststation\Audio_augmented\noise\audio_001773__aug_noise_01.wav,مركز فروخة بلدية الصومعة ولاية البليدة internet مقطوع منذ ستة شهر
C:\Users\dell\Desktop\laststation\Audio_augmented\speed\audio_001773__aug_speed_01.wav,مركز فروخة بلدية الصومعة ولاية البليدة internet مقطوع منذ ستة شهر
C:\Users\dell\Desktop\laststation\Audio_augmented\compression\audio_001773__aug_compression_01.wav,مركز فروخة بلدية الصومعة ولاية البليدة internet مقطوع منذ ستة شهر
C:\Users\dell\Desktop\laststation\Audio_augmented\noise\audio_001774__aug_noise_01.wav,خمسة شهر و modem معلق المهم الصبر و يقولولك في اقرب الاجال و رانا صابرين
C:\Users\dell\Desktop\laststation\Audio_augmented\speed\audio_001774__aug_speed_01.wav,خمسة شهر و modem معلق المهم الصبر و يقولولك في اقرب الاجال و رانا صابرين
C:\Users\dell\Desktop\laststation\Audio_augmented\compression\audio_001774__aug_compression_01.wav,خمسة شهر و modem معلق المهم الصبر و يقولولك في اقرب الاجال و رانا صابرين
C:\Users\dell\Desktop\laststation\Audio_augmented\noise\audio_001775__aug_noise_01.wav,Comment faire pour changer le numero de telephone relie avec la connexion
C:\Users\dell\Desktop\laststation\Audio_augmented\speed\audio_001775__aug_speed_01.wav,Comment faire pour changer le numero de telephone relie avec la connexion
C:\Users\dell\Desktop\laststation\Audio_augmented\compression\audio_001775__aug_compression_01.wav,Comment faire pour changer le numero de telephone relie avec la connexion
C:\Users\dell\Desktop\laststation\Audio_augmented\noise\audio_001776__aug_noise_01.wav,في وسط مدينة الشلف لحد الساعة مكاش كامل fibre
C:\Users\dell\Desktop\laststation\Audio_augmented\speed\audio_001776__aug_speed_01.wav,في وسط مدينة الشلف لحد الساعة مكاش كامل fibre
C:\Users\dell\Desktop\laststation\Audio_augmented\compression\audio_001776__aug_compression_01.wav,في وسط مدينة الشلف لحد الساعة مكاش كامل fibre
C:\Users\dell\Desktop\laststation\Audio_augmented\noise\audio_001777__aug_noise_01.wav,العروض غير هوما و باش جيبولنا modem ربي يجيب
C:\Users\dell\Desktop\laststation\Audio_augmented\speed\audio_001777__aug_speed_01.wav,العروض غير هوما و باش جيبولنا modem ربي يجيب
C:\Users\dell\Desktop\laststation\Audio_augmented\compression\audio_001777__aug_compression_01.wav,العروض غير هوما و باش جيبولنا modem ربي يجيب
C:\Users\dell\Desktop\laststation\Audio_augmented\noise\audio_001778__aug_noise_01.wav,عن اي modem تتحدث لدينا خمسة شهر و نحن ننتظر modem nokia
C:\Users\dell\Desktop\laststation\Audio_augmented\speed\audio_001778__aug_speed_01.wav,عن اي modem تتحدث لدينا خمسة شهر و نحن ننتظر modem nokia
C:\Users\dell\Desktop\laststation\Audio_augmented\compression\audio_001778__aug_compression_01.wav,عن اي modem تتحدث لدينا خمسة شهر و نحن ننتظر modem nokia
C:\Users\dell\Desktop\laststation\Audio_augmented\noise\audio_001779__aug_noise_01.wav,عيد اضحى مبارك و سعيد و كل عام و انتم بالف خير
C:\Users\dell\Desktop\laststation\Audio_augmented\speed\audio_001779__aug_speed_01.wav,عيد اضحى مبارك و سعيد و كل عام و انتم بالف خير
C:\Users\dell\Desktop\laststation\Audio_augmented\compression\audio_001779__aug_compression_01.wav,عيد اضحى مبارك و سعيد و كل عام و انتم بالف خير
C:\Users\dell\Desktop\laststation\Audio_augmented\noise\audio_001780__aug_noise_01.wav,ربعة شهر ملي ركب modem و internet مكاش الى متى
C:\Users\dell\Desktop\laststation\Audio_augmented\speed\audio_001780__aug_speed_01.wav,ربعة شهر ملي ركب modem و internet مكاش الى متى
C:\Users\dell\Desktop\laststation\Audio_augmented\compression\audio_001780__aug_compression_01.wav,ربعة شهر ملي ركب modem و internet مكاش الى متى
C:\Users\dell\Desktop\laststation\Audio_augmented\noise\audio_001781__aug_noise_01.wav,لجميع مشتركين idoom 4g قاطعوها خطرش راهم يطلعو مشتركين علي ظهوركم
C:\Users\dell\Desktop\laststation\Audio_augmented\speed\audio_001781__aug_speed_01.wav,لجميع مشتركين idoom 4g قاطعوها خطرش راهم يطلعو مشتركين علي ظهوركم
C:\Users\dell\Desktop\laststation\Audio_augmented\compression\audio_001781__aug_compression_01.wav,لجميع مشتركين idoom 4g قاطعوها خطرش راهم يطلعو مشتركين علي ظهوركم
C:\Users\dell\Desktop\laststation\Audio_augmented\noise\audio_001782__aug_noise_01.wav,تم تسليم modem منذ جانفي الى الان لم يتم تزويدنا بي internet
C:\Users\dell\Desktop\laststation\Audio_augmented\speed\audio_001782__aug_speed_01.wav,تم تسليم modem منذ جانفي الى الان لم يتم تزويدنا بي internet
C:\Users\dell\Desktop\laststation\Audio_augmented\compression\audio_001782__aug_compression_01.wav,تم تسليم modem منذ جانفي الى الان لم يتم تزويدنا بي internet
C:\Users\dell\Desktop\laststation\Audio_augmented\noise\audio_001783__aug_noise_01.wav,كانت adsl لاباس بيها ركبولنا la fibre خمسة شهر مكاش connexion
C:\Users\dell\Desktop\laststation\Audio_augmented\speed\audio_001783__aug_speed_01.wav,كانت adsl لاباس بيها ركبولنا la fibre خمسة شهر مكاش connexion
C:\Users\dell\Desktop\laststation\Audio_augmented\compression\audio_001783__aug_compression_01.wav,كانت adsl لاباس بيها ركبولنا la fibre خمسة شهر مكاش connexion
C:\Users\dell\Desktop\laststation\Audio_augmented\noise\audio_001784__aug_noise_01.wav,ديرولنا برك fibre و من بعد نشتاركو ماعندنا وين نروحو غير عندكم
C:\Users\dell\Desktop\laststation\Audio_augmented\speed\audio_001784__aug_speed_01.wav,ديرولنا برك fibre و من بعد نشتاركو ماعندنا وين نروحو غير عندكم
C:\Users\dell\Desktop\laststation\Audio_augmented\compression\audio_001784__aug_compression_01.wav,ديرولنا برك fibre و من بعد نشتاركو ماعندنا وين نروحو غير عندكم
C:\Users\dell\Desktop\laststation\Audio_augmented\noise\audio_001785__aug_noise_01.wav,مركز فروخة بلدية الصومعة ولاية البليدة internet مقطوع منذ ستة شهر
C:\Users\dell\Desktop\laststation\Audio_augmented\speed\audio_001785__aug_speed_01.wav,مركز فروخة بلدية الصومعة ولاية البليدة internet مقطوع منذ ستة شهر
C:\Users\dell\Desktop\laststation\Audio_augmented\compression\audio_001785__aug_compression_01.wav,مركز فروخة بلدية الصومعة ولاية البليدة internet مقطوع منذ ستة شهر
C:\Users\dell\Desktop\laststation\Audio_augmented\noise\audio_001786__aug_noise_01.wav,fibre عندو عام و هو حابس في اخر بلدية قدامنا
C:\Users\dell\Desktop\laststation\Audio_augmented\speed\audio_001786__aug_speed_01.wav,fibre عندو عام و هو حابس في اخر بلدية قدامنا
C:\Users\dell\Desktop\laststation\Audio_augmented\compression\audio_001786__aug_compression_01.wav,fibre عندو عام و هو حابس في اخر بلدية قدامنا
C:\Users\dell\Desktop\laststation\Audio_augmented\noise\audio_001787__aug_noise_01.wav,صحاب adsl نطلبوا منكم التفاتة ولو صغيرة من فضلكم
C:\Users\dell\Desktop\laststation\Audio_augmented\speed\audio_001787__aug_speed_01.wav,صحاب adsl نطلبوا منكم التفاتة ولو صغيرة من فضلكم
C:\Users\dell\Desktop\laststation\Audio_augmented\compression\audio_001787__aug_compression_01.wav,صحاب adsl نطلبوا منكم التفاتة ولو صغيرة من فضلكم
C:\Users\dell\Desktop\laststation\Audio_augmented\noise\audio_001788__aug_noise_01.wav,صحيح و لكن مشكلنا الفضول و حب الاطلاع و هنا يتم الاصتياد بنجاح
C:\Users\dell\Desktop\laststation\Audio_augmented\speed\audio_001788__aug_speed_01.wav,صحيح و لكن مشكلنا الفضول و حب الاطلاع و هنا يتم الاصتياد بنجاح
C:\Users\dell\Desktop\laststation\Audio_augmented\compression\audio_001788__aug_compression_01.wav,صحيح و لكن مشكلنا الفضول و حب الاطلاع و هنا يتم الاصتياد بنجاح
C:\Users\dell\Desktop\laststation\Audio_augmented\noise\audio_001789__aug_noise_01.wav,كل تعليقات اجابية شكرا علي خدمتكم الرائعة حقا نتوما الافضل في عالم
C:\Users\dell\Desktop\laststation\Audio_augmented\speed\audio_001789__aug_speed_01.wav,كل تعليقات اجابية شكرا علي خدمتكم الرائعة حقا نتوما الافضل في عالم
C:\Users\dell\Desktop\laststation\Audio_augmented\compression\audio_001789__aug_compression_01.wav,كل تعليقات اجابية شكرا علي خدمتكم الرائعة حقا نتوما الافضل في عالم
C:\Users\dell\Desktop\laststation\Audio_augmented\noise\audio_001790__aug_noise_01.wav,رجعولنا connexion تاع 4g راهي مكاش كامل رانا في ربعة ايام
C:\Users\dell\Desktop\laststation\Audio_augmented\speed\audio_001790__aug_speed_01.wav,رجعولنا connexion تاع 4g راهي مكاش كامل رانا في ربعة ايام
C:\Users\dell\Desktop\laststation\Audio_augmented\compression\audio_001790__aug_compression_01.wav,رجعولنا connexion تاع 4g راهي مكاش كامل رانا في ربعة ايام
C:\Users\dell\Desktop\laststation\Audio_augmented\noise\audio_001791__aug_noise_01.wav,عندي fibre modem wifi cinq كيفاه نقدر نستفاد من wifi six
C:\Users\dell\Desktop\laststation\Audio_augmented\speed\audio_001791__aug_speed_01.wav,عندي fibre modem wifi cinq كيفاه نقدر نستفاد من wifi six
C:\Users\dell\Desktop\laststation\Audio_augmented\compression\audio_001791__aug_compression_01.wav,عندي fibre modem wifi cinq كيفاه نقدر نستفاد من wifi six
C:\Users\dell\Desktop\laststation\Audio_augmented\noise\audio_001792__aug_noise_01.wav,رجعولنا connexion راهي من الوحدة تاع العشية مقطوعة واش هذ الجياحة
C:\Users\dell\Desktop\laststation\Audio_augmented\speed\audio_001792__aug_speed_01.wav,رجعولنا connexion راهي من الوحدة تاع العشية مقطوعة واش هذ الجياحة
C:\Users\dell\Desktop\laststation\Audio_augmented\compression\audio_001792__aug_compression_01.wav,رجعولنا connexion راهي من الوحدة تاع العشية مقطوعة واش هذ الجياحة
C:\Users\dell\Desktop\laststation\Audio_augmented\noise\audio_001793__aug_noise_01.wav,بالتوفيق ان شاء الله و اللهم سدد الخطى و ثبت الاقدام
C:\Users\dell\Desktop\laststation\Audio_augmented\speed\audio_001793__aug_speed_01.wav,بالتوفيق ان شاء الله و اللهم سدد الخطى و ثبت الاقدام
C:\Users\dell\Desktop\laststation\Audio_augmented\compression\audio_001793__aug_compression_01.wav,بالتوفيق ان شاء الله و اللهم سدد الخطى و ثبت الاقدام
C:\Users\dell\Desktop\laststation\Audio_augmented\noise\audio_001794__aug_noise_01.wav,خدمة الجيل الرابع معدومة في حي ذراع زمام بقورصو بومرداس
C:\Users\dell\Desktop\laststation\Audio_augmented\speed\audio_001794__aug_speed_01.wav,خدمة الجيل الرابع معدومة في حي ذراع زمام بقورصو بومرداس
C:\Users\dell\Desktop\laststation\Audio_augmented\compression\audio_001794__aug_compression_01.wav,خدمة الجيل الرابع معدومة في حي ذراع زمام بقورصو بومرداس
C:\Users\dell\Desktop\laststation\Audio_augmented\noise\audio_001795__aug_noise_01.wav,الف مبروك لابني عبد الوهاب شكرا لعايلتي المهنية فخورة بانتمايي لاتصالات الجزاير
C:\Users\dell\Desktop\laststation\Audio_augmented\speed\audio_001795__aug_speed_01.wav,الف مبروك لابني عبد الوهاب شكرا لعايلتي المهنية فخورة بانتمايي لاتصالات الجزاير
C:\Users\dell\Desktop\laststation\Audio_augmented\compression\audio_001795__aug_compression_01.wav,الف مبروك لابني عبد الوهاب شكرا لعايلتي المهنية فخورة بانتمايي لاتصالات الجزاير
C:\Users\dell\Desktop\laststation\Audio_augmented\noise\audio_001796__aug_noise_01.wav,شوفونا مشكل fibre راه مقطوع كامل سكنات عدل اولاد صابر
C:\Users\dell\Desktop\laststation\Audio_augmented\speed\audio_001796__aug_speed_01.wav,شوفونا مشكل fibre راه مقطوع كامل سكنات عدل اولاد صابر
C:\Users\dell\Desktop\laststation\Audio_augmented\compression\audio_001796__aug_compression_01.wav,شوفونا مشكل fibre راه مقطوع كامل سكنات عدل اولاد صابر
C:\Users\dell\Desktop\laststation\Audio_augmented\noise\audio_001797__aug_noise_01.wav,حتي يوصل fibre و ساهل تشوف اعلانات تقول الجزاير كامل راهي بي fibre
C:\Users\dell\Desktop\laststation\Audio_augmented\speed\audio_001797__aug_speed_01.wav,حتي يوصل fibre و ساهل تشوف اعلانات تقول الجزاير كامل راهي بي fibre
C:\Users\dell\Desktop\laststation\Audio_augmented\compression\audio_001797__aug_compression_01.wav,حتي يوصل fibre و ساهل تشوف اعلانات تقول الجزاير كامل راهي بي fibre
C:\Users\dell\Desktop\laststation\Audio_augmented\noise\audio_001798__aug_noise_01.wav,وين راهم les modem عندنا قرن و حنا نستنا في هذا modem تاع fibre و مكاش
C:\Users\dell\Desktop\laststation\Audio_augmented\speed\audio_001798__aug_speed_01.wav,وين راهم les modem عندنا قرن و حنا نستنا في هذا modem تاع fibre و مكاش
C:\Users\dell\Desktop\laststation\Audio_augmented\compression\audio_001798__aug_compression_01.wav,وين راهم les modem عندنا قرن و حنا نستنا في هذا modem تاع fibre و مكاش
C:\Users\dell\Desktop\laststation\Audio_augmented\noise\audio_001799__aug_noise_01.wav,عندنا ثلاثة ايام و internet فيها مشكل كبير حاجة ماتمشي
C:\Users\dell\Desktop\laststation\Audio_augmented\speed\audio_001799__aug_speed_01.wav,عندنا ثلاثة ايام و internet فيها مشكل كبير حاجة ماتمشي
C:\Users\dell\Desktop\laststation\Audio_augmented\compression\audio_001799__aug_compression_01.wav,عندنا ثلاثة ايام و internet فيها مشكل كبير حاجة ماتمشي
C:\Users\dell\Desktop\laststation\Audio_augmented\noise\audio_001800__aug_noise_01.wav,كيفاه هذا fibre ناس عندهم و ناس لا نفس الدايرة
C:\Users\dell\Desktop\laststation\Audio_augmented\speed\audio_001800__aug_speed_01.wav,كيفاه هذا fibre ناس عندهم و ناس لا نفس الدايرة
C:\Users\dell\Desktop\laststation\Audio_augmented\compression\audio_001800__aug_compression_01.wav,كيفاه هذا fibre ناس عندهم و ناس لا نفس الدايرة
C:\Users\dell\Desktop\laststation\Audio_augmented\noise\audio_001801__aug_noise_01.wav,نحن سكان حي ستمية مسكن عدل مسرغين بدون internet منذ ثمانية شهر
C:\Users\dell\Desktop\laststation\Audio_augmented\speed\audio_001801__aug_speed_01.wav,نحن سكان حي ستمية مسكن عدل مسرغين بدون internet منذ ثمانية شهر
C:\Users\dell\Desktop\laststation\Audio_augmented\compression\audio_001801__aug_compression_01.wav,نحن سكان حي ستمية مسكن عدل مسرغين بدون internet منذ ثمانية شهر
C:\Users\dell\Desktop\laststation\Audio_augmented\noise\audio_001802__aug_noise_01.wav,عن تفعيل فضاء الزبون بعد التسجيل و هذا لاكثر من اسبوع
C:\Users\dell\Desktop\laststation\Audio_augmented\speed\audio_001802__aug_speed_01.wav,عن تفعيل فضاء الزبون بعد التسجيل و هذا لاكثر من اسبوع
C:\Users\dell\Desktop\laststation\Audio_augmented\compression\audio_001802__aug_compression_01.wav,عن تفعيل فضاء الزبون بعد التسجيل و هذا لاكثر من اسبوع
C:\Users\dell\Desktop\laststation\Audio_augmented\noise\audio_001803__aug_noise_01.wav,لازم الدفع الالكتروني باش تستفيد من الايام من ثلاثة الى ثمانية و اربعون
C:\Users\dell\Desktop\laststation\Audio_augmented\speed\audio_001803__aug_speed_01.wav,لازم الدفع الالكتروني باش تستفيد من الايام من ثلاثة الى ثمانية و اربعون
C:\Users\dell\Desktop\laststation\Audio_augmented\compression\audio_001803__aug_compression_01.wav,لازم الدفع الالكتروني باش تستفيد من الايام من ثلاثة الى ثمانية و اربعون
C:\Users\dell\Desktop\laststation\Audio_augmented\noise\audio_001804__aug_noise_01.wav,مشكل كبير تاع internet هذو ثلاثة ايام و نتوما باين مكانش
C:\Users\dell\Desktop\laststation\Audio_augmented\speed\audio_001804__aug_speed_01.wav,مشكل كبير تاع internet هذو ثلاثة ايام و نتوما باين مكانش
C:\Users\dell\Desktop\laststation\Audio_augmented\compression\audio_001804__aug_compression_01.wav,مشكل كبير تاع internet هذو ثلاثة ايام و نتوما باين مكانش
C:\Users\dell\Desktop\laststation\Audio_augmented\noise\audio_001805__aug_noise_01.wav,انتظرو ستة شهر لمعرفة ان عنوان خاطئ في modem واو انجاز مذهل
C:\Users\dell\Desktop\laststation\Audio_augmented\speed\audio_001805__aug_speed_01.wav,انتظرو ستة شهر لمعرفة ان عنوان خاطئ في modem واو انجاز مذهل
C:\Users\dell\Desktop\laststation\Audio_augmented\compression\audio_001805__aug_compression_01.wav,انتظرو ستة شهر لمعرفة ان عنوان خاطئ في modem واو انجاز مذهل
C:\Users\dell\Desktop\laststation\Audio_augmented\noise\audio_001806__aug_noise_01.wav,دخلونا fibre للدار بالسبت و لدروك مازال مكاش connexion
C:\Users\dell\Desktop\laststation\Audio_augmented\speed\audio_001806__aug_speed_01.wav,دخلونا fibre للدار بالسبت و لدروك مازال مكاش connexion
C:\Users\dell\Desktop\laststation\Audio_augmented\compression\audio_001806__aug_compression_01.wav,دخلونا fibre للدار بالسبت و لدروك مازال مكاش connexion
C:\Users\dell\Desktop\laststation\Audio_augmented\noise\audio_001807__aug_noise_01.wav,fibre بسكرة في حالة Algerie Telecom اتصالات الجزاير
C:\Users\dell\Desktop\laststation\Audio_augmented\speed\audio_001807__aug_speed_01.wav,fibre بسكرة في حالة Algerie Telecom اتصالات الجزاير
C:\Users\dell\Desktop\laststation\Audio_augmented\compression\audio_001807__aug_compression_01.wav,fibre بسكرة في حالة Algerie Telecom اتصالات الجزاير
C:\Users\dell\Desktop\laststation\Audio_augmented\noise\audio_001808__aug_noise_01.wav,وين راهي la fibre باش نديروها وفروها من بعد ساهل
C:\Users\dell\Desktop\laststation\Audio_augmented\speed\audio_001808__aug_speed_01.wav,وين راهي la fibre باش نديروها وفروها من بعد ساهل
C:\Users\dell\Desktop\laststation\Audio_augmented\compression\audio_001808__aug_compression_01.wav,وين راهي la fibre باش نديروها وفروها من بعد ساهل
C:\Users\dell\Desktop\laststation\Audio_augmented\noise\audio_001809__aug_noise_01.wav,ديرولنا la fibre يرحم والديكم غير حنا في بجاية مكاش
C:\Users\dell\Desktop\laststation\Audio_augmented\speed\audio_001809__aug_speed_01.wav,ديرولنا la fibre يرحم والديكم غير حنا في بجاية مكاش
C:\Users\dell\Desktop\laststation\Audio_augmented\compression\audio_001809__aug_compression_01.wav,ديرولنا la fibre يرحم والديكم غير حنا في بجاية مكاش
C:\Users\dell\Desktop\laststation\Audio_augmented\noise\audio_001810__aug_noise_01.wav,بومرداس من افشل الولايات من ناحية التحول من adsl الى fibre
C:\Users\dell\Desktop\laststation\Audio_augmented\speed\audio_001810__aug_speed_01.wav,بومرداس من افشل الولايات من ناحية التحول من adsl الى fibre
C:\Users\dell\Desktop\laststation\Audio_augmented\compression\audio_001810__aug_compression_01.wav,بومرداس من افشل الولايات من ناحية التحول من adsl الى fibre
C:\Users\dell\Desktop\laststation\Audio_augmented\noise\audio_001811__aug_noise_01.wav,حي عدل الف و مية و تسعين مسكن اولاد فايت انقطاع internet fibre يوم كامل
C:\Users\dell\Desktop\laststation\Audio_augmented\speed\audio_001811__aug_speed_01.wav,حي عدل الف و مية و تسعين مسكن اولاد فايت انقطاع internet fibre يوم كامل
C:\Users\dell\Desktop\laststation\Audio_augmented\compression\audio_001811__aug_compression_01.wav,حي عدل الف و مية و تسعين مسكن اولاد فايت انقطاع internet fibre يوم كامل
C:\Users\dell\Desktop\laststation\Audio_augmented\noise\audio_001812__aug_noise_01.wav,وقتاه يوصلنا fibre دايرة سبدو ولاية تلمسان و خلونا من لغة الخشب
C:\Users\dell\Desktop\laststation\Audio_augmented\speed\audio_001812__aug_speed_01.wav,وقتاه يوصلنا fibre دايرة سبدو ولاية تلمسان و خلونا من لغة الخشب
C:\Users\dell\Desktop\laststation\Audio_augmented\compression\audio_001812__aug_compression_01.wav,وقتاه يوصلنا fibre دايرة سبدو ولاية تلمسان و خلونا من لغة الخشب
C:\Users\dell\Desktop\laststation\Audio_augmented\noise\audio_001813__aug_noise_01.wav,زيدولنا في سرعة idoom 4g علاه منقصينها بلعاني علاه عليكم
C:\Users\dell\Desktop\laststation\Audio_augmented\speed\audio_001813__aug_speed_01.wav,زيدولنا في سرعة idoom 4g علاه منقصينها بلعاني علاه عليكم
C:\Users\dell\Desktop\laststation\Audio_augmented\compression\audio_001813__aug_compression_01.wav,زيدولنا في سرعة idoom 4g علاه منقصينها بلعاني علاه عليكم
C:\Users\dell\Desktop\laststation\Audio_augmented\noise\audio_001814__aug_noise_01.wav,راه عندي modem راني نستنا وقتاش تجو تركبوه درارية الجزاير العاصمة
C:\Users\dell\Desktop\laststation\Audio_augmented\speed\audio_001814__aug_speed_01.wav,راه عندي modem راني نستنا وقتاش تجو تركبوه درارية الجزاير العاصمة
C:\Users\dell\Desktop\laststation\Audio_augmented\compression\audio_001814__aug_compression_01.wav,راه عندي modem راني نستنا وقتاش تجو تركبوه درارية الجزاير العاصمة
C:\Users\dell\Desktop\laststation\Audio_augmented\noise\audio_001815__aug_noise_01.wav,شركة فاشلة تقطع internet منذ سبعة سنوات بسبب bac فاشلين
C:\Users\dell\Desktop\laststation\Audio_augmented\speed\audio_001815__aug_speed_01.wav,شركة فاشلة تقطع internet منذ سبعة سنوات بسبب bac فاشلين
C:\Users\dell\Desktop\laststation\Audio_augmented\compression\audio_001815__aug_compression_01.wav,شركة فاشلة تقطع internet منذ سبعة سنوات بسبب bac فاشلين
C:\Users\dell\Desktop\laststation\Audio_augmented\noise\audio_001816__aug_noise_01.wav,نتمنى الكثير من النجاح للشركة الكبيرة اتصالات الجزاير دائما اقرب
C:\Users\dell\Desktop\laststation\Audio_augmented\speed\audio_001816__aug_speed_01.wav,نتمنى الكثير من النجاح للشركة الكبيرة اتصالات الجزاير دائما اقرب
C:\Users\dell\Desktop\laststation\Audio_augmented\compression\audio_001816__aug_compression_01.wav,نتمنى الكثير من النجاح للشركة الكبيرة اتصالات الجزاير دائما اقرب
C:\Users\dell\Desktop\laststation\Audio_augmented\noise\audio_001817__aug_noise_01.wav,كفاش نشتركو و نتوما ولاية باتنة حي بارك فراج ملحقھاس fibre
C:\Users\dell\Desktop\laststation\Audio_augmented\speed\audio_001817__aug_speed_01.wav,كفاش نشتركو و نتوما ولاية باتنة حي بارك فراج ملحقھاس fibre
C:\Users\dell\Desktop\laststation\Audio_augmented\compression\audio_001817__aug_compression_01.wav,كفاش نشتركو و نتوما ولاية باتنة حي بارك فراج ملحقھاس fibre
C:\Users\dell\Desktop\laststation\Audio_augmented\noise\audio_001818__aug_noise_01.wav,اول التحديات عدم قطع internet فترة الامتحانات و تعويض المستهلكين امر واجب
C:\Users\dell\Desktop\laststation\Audio_augmented\speed\audio_001818__aug_speed_01.wav,اول التحديات عدم قطع internet فترة الامتحانات و تعويض المستهلكين امر واجب
C:\Users\dell\Desktop\laststation\Audio_augmented\compression\audio_001818__aug_compression_01.wav,اول التحديات عدم قطع internet فترة الامتحانات و تعويض المستهلكين امر واجب
C:\Users\dell\Desktop\laststation\Audio_augmented\noise\audio_001819__aug_noise_01.wav,هذي لوكان تخلوها بنفس سعر الاشتراك الاصلي مش تنقصو عشرة ايام منو
C:\Users\dell\Desktop\laststation\Audio_augmented\speed\audio_001819__aug_speed_01.wav,هذي لوكان تخلوها بنفس سعر الاشتراك الاصلي مش تنقصو عشرة ايام منو
C:\Users\dell\Desktop\laststation\Audio_augmented\compression\audio_001819__aug_compression_01.wav,هذي لوكان تخلوها بنفس سعر الاشتراك الاصلي مش تنقصو عشرة ايام منو
C:\Users\dell\Desktop\laststation\Audio_augmented\noise\audio_001820__aug_noise_01.wav,يعطيكم الصحة على المجهودات صراحة خدمة فالقمة meme المشاكل تتحل بسرعة ربي يقدركم
C:\Users\dell\Desktop\laststation\Audio_augmented\speed\audio_001820__aug_speed_01.wav,يعطيكم الصحة على المجهودات صراحة خدمة فالقمة meme المشاكل تتحل بسرعة ربي يقدركم
C:\Users\dell\Desktop\laststation\Audio_augmented\compression\audio_001820__aug_compression_01.wav,يعطيكم الصحة على المجهودات صراحة خدمة فالقمة meme المشاكل تتحل بسرعة ربي يقدركم
C:\Users\dell\Desktop\laststation\Audio_augmented\noise\audio_001821__aug_noise_01.wav,من الاحسن يكون ايضا يدعم 5g صايي مابقاش على 4g
C:\Users\dell\Desktop\laststation\Audio_augmented\speed\audio_001821__aug_speed_01.wav,من الاحسن يكون ايضا يدعم 5g صايي مابقاش على 4g
C:\Users\dell\Desktop\laststation\Audio_augmented\compression\audio_001821__aug_compression_01.wav,من الاحسن يكون ايضا يدعم 5g صايي مابقاش على 4g
C:\Users\dell\Desktop\laststation\Audio_augmented\noise\audio_001822__aug_noise_01.wav,ولي معندوش باش يدير اهلية خط كيفاه الحل حاب ندير اشتراك جديد في الالياف
C:\Users\dell\Desktop\laststation\Audio_augmented\speed\audio_001822__aug_speed_01.wav,ولي معندوش باش يدير اهلية خط كيفاه الحل حاب ندير اشتراك جديد في الالياف
C:\Users\dell\Desktop\laststation\Audio_augmented\compression\audio_001822__aug_compression_01.wav,ولي معندوش باش يدير اهلية خط كيفاه الحل حاب ندير اشتراك جديد في الالياف
C:\Users\dell\Desktop\laststation\Audio_augmented\noise\audio_001823__aug_noise_01.wav,المهم مزغيطان حي نجمة بجيجل تديرولو fibre ولا لا
C:\Users\dell\Desktop\laststation\Audio_augmented\speed\audio_001823__aug_speed_01.wav,المهم مزغيطان حي نجمة بجيجل تديرولو fibre ولا لا
C:\Users\dell\Desktop\laststation\Audio_augmented\compression\audio_001823__aug_compression_01.wav,المهم مزغيطان حي نجمة بجيجل تديرولو fibre ولا لا
C:\Users\dell\Desktop\laststation\Audio_augmented\noise\audio_001824__aug_noise_01.wav,عطولنا modem و مبانش خبرهم في شهر يجو للجيران و يروحو حنا مازال
C:\Users\dell\Desktop\laststation\Audio_augmented\speed\audio_001824__aug_speed_01.wav,عطولنا modem و مبانش خبرهم في شهر يجو للجيران و يروحو حنا مازال
C:\Users\dell\Desktop\laststation\Audio_augmented\compression\audio_001824__aug_compression_01.wav,عطولنا modem و مبانش خبرهم في شهر يجو للجيران و يروحو حنا مازال
C:\Users\dell\Desktop\laststation\Audio_augmented\noise\audio_001825__aug_noise_01.wav,سوال فقط هل يتم ربط داخل المنازل ام شراء modem اولا
C:\Users\dell\Desktop\laststation\Audio_augmented\speed\audio_001825__aug_speed_01.wav,سوال فقط هل يتم ربط داخل المنازل ام شراء modem اولا
C:\Users\dell\Desktop\laststation\Audio_augmented\compression\audio_001825__aug_compression_01.wav,سوال فقط هل يتم ربط داخل المنازل ام شراء modem اولا
C:\Users\dell\Desktop\laststation\Audio_augmented\noise\audio_001826__aug_noise_01.wav,نحن بدون internet في السكنات الجديدة منذ حوالي ثمانية شهر
C:\Users\dell\Desktop\laststation\Audio_augmented\speed\audio_001826__aug_speed_01.wav,نحن بدون internet في السكنات الجديدة منذ حوالي ثمانية شهر
C:\Users\dell\Desktop\laststation\Audio_augmented\compression\audio_001826__aug_compression_01.wav,نحن بدون internet في السكنات الجديدة منذ حوالي ثمانية شهر
C:\Users\dell\Desktop\laststation\Audio_augmented\noise\audio_001827__aug_noise_01.wav,جيبونا les modem رانا نضلو نهدرو عندنا كثر من عام
C:\Users\dell\Desktop\laststation\Audio_augmented\speed\audio_001827__aug_speed_01.wav,جيبونا les modem رانا نضلو نهدرو عندنا كثر من عام
C:\Users\dell\Desktop\laststation\Audio_augmented\compression\audio_001827__aug_compression_01.wav,جيبونا les modem رانا نضلو نهدرو عندنا كثر من عام
C:\Users\dell\Desktop\laststation\Audio_augmented\noise\audio_001828__aug_noise_01.wav,خلصنا و جبنا modem بالسبت بصح حد الان مجاوش يركبوه
C:\Users\dell\Desktop\laststation\Audio_augmented\speed\audio_001828__aug_speed_01.wav,خلصنا و جبنا modem بالسبت بصح حد الان مجاوش يركبوه
C:\Users\dell\Desktop\laststation\Audio_augmented\compression\audio_001828__aug_compression_01.wav,خلصنا و جبنا modem بالسبت بصح حد الان مجاوش يركبوه
C:\Users\dell\Desktop\laststation\Audio_augmented\noise\audio_001829__aug_noise_01.wav,نحن ننتظر منكم عروض adsl لعدم توفر تغطية 4g بمنطقتنا
C:\Users\dell\Desktop\laststation\Audio_augmented\speed\audio_001829__aug_speed_01.wav,نحن ننتظر منكم عروض adsl لعدم توفر تغطية 4g بمنطقتنا
C:\Users\dell\Desktop\laststation\Audio_augmented\compression\audio_001829__aug_compression_01.wav,نحن ننتظر منكم عروض adsl لعدم توفر تغطية 4g بمنطقتنا
C:\Users\dell\Desktop\laststation\Audio_augmented\noise\audio_001830__aug_noise_01.wav,اين اجد رقم الزبون و مالفرق بين رقم الزبون و رقم الاشتراك
C:\Users\dell\Desktop\laststation\Audio_augmented\speed\audio_001830__aug_speed_01.wav,اين اجد رقم الزبون و مالفرق بين رقم الزبون و رقم الاشتراك
C:\Users\dell\Desktop\laststation\Audio_augmented\compression\audio_001830__aug_compression_01.wav,اين اجد رقم الزبون و مالفرق بين رقم الزبون و رقم الاشتراك
C:\Users\dell\Desktop\laststation\Audio_augmented\noise\audio_001831__aug_noise_01.wav,عندي اكثر من اسبوع مين ركبت modem و internet مازال مكاش خدمات صفر
C:\Users\dell\Desktop\laststation\Audio_augmented\speed\audio_001831__aug_speed_01.wav,عندي اكثر من اسبوع مين ركبت modem و internet مازال مكاش خدمات صفر
C:\Users\dell\Desktop\laststation\Audio_augmented\compression\audio_001831__aug_compression_01.wav,عندي اكثر من اسبوع مين ركبت modem و internet مازال مكاش خدمات صفر
C:\Users\dell\Desktop\laststation\Audio_augmented\noise\audio_001832__aug_noise_01.wav,كيفاه اسبوع واحد متبقي و الناس مازال ماوصلهاش fibre اصلا
C:\Users\dell\Desktop\laststation\Audio_augmented\speed\audio_001832__aug_speed_01.wav,كيفاه اسبوع واحد متبقي و الناس مازال ماوصلهاش fibre اصلا
C:\Users\dell\Desktop\laststation\Audio_augmented\compression\audio_001832__aug_compression_01.wav,كيفاه اسبوع واحد متبقي و الناس مازال ماوصلهاش fibre اصلا
C:\Users\dell\Desktop\laststation\Audio_augmented\noise\audio_001833__aug_noise_01.wav,مشكل عدم استقرار ضوء adsl و يبقى يوم و يطفى لساعات
C:\Users\dell\Desktop\laststation\Audio_augmented\speed\audio_001833__aug_speed_01.wav,مشكل عدم استقرار ضوء adsl و يبقى يوم و يطفى لساعات
C:\Users\dell\Desktop\laststation\Audio_augmented\compression\audio_001833__aug_compression_01.wav,مشكل عدم استقرار ضوء adsl و يبقى يوم و يطفى لساعات
C:\Users\dell\Desktop\laststation\Audio_augmented\noise\audio_001834__aug_noise_01.wav,اذا امكن زيدولنا زر توقيف الهاتف و الغاء الاشتراك و شكرا
C:\Users\dell\Desktop\laststation\Audio_augmented\speed\audio_001834__aug_speed_01.wav,اذا امكن زيدولنا زر توقيف الهاتف و الغاء الاشتراك و شكرا
C:\Users\dell\Desktop\laststation\Audio_augmented\compression\audio_001834__aug_compression_01.wav,اذا امكن زيدولنا زر توقيف الهاتف و الغاء الاشتراك و شكرا
C:\Users\dell\Desktop\laststation\Audio_augmented\noise\audio_001835__aug_noise_01.wav,ماسبب تردي الخدمة هذه الايام الهاتف الارضي مقطوع و internet متوقفة
C:\Users\dell\Desktop\laststation\Audio_augmented\speed\audio_001835__aug_speed_01.wav,ماسبب تردي الخدمة هذه الايام الهاتف الارضي مقطوع و internet متوقفة
C:\Users\dell\Desktop\laststation\Audio_augmented\compression\audio_001835__aug_compression_01.wav,ماسبب تردي الخدمة هذه الايام الهاتف الارضي مقطوع و internet متوقفة
C:\Users\dell\Desktop\laststation\Audio_augmented\noise\audio_001836__aug_noise_01.wav,بتوفيق و المزيد من نجاحات و العمل ربي يعاونكم انشاءالله
C:\Users\dell\Desktop\laststation\Audio_augmented\speed\audio_001836__aug_speed_01.wav,بتوفيق و المزيد من نجاحات و العمل ربي يعاونكم انشاءالله
C:\Users\dell\Desktop\laststation\Audio_augmented\compression\audio_001836__aug_compression_01.wav,بتوفيق و المزيد من نجاحات و العمل ربي يعاونكم انشاءالله
C:\Users\dell\Desktop\laststation\Audio_augmented\noise\audio_001837__aug_noise_01.wav,هل من اخبار حول modem nokia ثمانية شهر في الانتظار تعبنا
C:\Users\dell\Desktop\laststation\Audio_augmented\speed\audio_001837__aug_speed_01.wav,هل من اخبار حول modem nokia ثمانية شهر في الانتظار تعبنا
C:\Users\dell\Desktop\laststation\Audio_augmented\compression\audio_001837__aug_compression_01.wav,هل من اخبار حول modem nokia ثمانية شهر في الانتظار تعبنا
C:\Users\dell\Desktop\laststation\Audio_augmented\noise\audio_001838__aug_noise_01.wav,لقد شاركتكم كل المعلومات لكن لا جديد يذكر للاسف
C:\Users\dell\Desktop\laststation\Audio_augmented\speed\audio_001838__aug_speed_01.wav,لقد شاركتكم كل المعلومات لكن لا جديد يذكر للاسف
C:\Users\dell\Desktop\laststation\Audio_augmented\compression\audio_001838__aug_compression_01.wav,لقد شاركتكم كل المعلومات لكن لا جديد يذكر للاسف
C:\Users\dell\Desktop\laststation\Audio_augmented\noise\audio_001839__aug_noise_01.wav,internet منقطعة منذ اربعة ايام تواصل معكم في الخاص بدون رد
C:\Users\dell\Desktop\laststation\Audio_augmented\speed\audio_001839__aug_speed_01.wav,internet منقطعة منذ اربعة ايام تواصل معكم في الخاص بدون رد
C:\Users\dell\Desktop\laststation\Audio_augmented\compression\audio_001839__aug_compression_01.wav,internet منقطعة منذ اربعة ايام تواصل معكم في الخاص بدون رد
C:\Users\dell\Desktop\laststation\Audio_augmented\noise\audio_001840__aug_noise_01.wav,كي تشري modem جديد شحال يقعد باش يولي يمشي
C:\Users\dell\Desktop\laststation\Audio_augmented\speed\audio_001840__aug_speed_01.wav,كي تشري modem جديد شحال يقعد باش يولي يمشي
C:\Users\dell\Desktop\laststation\Audio_augmented\compression\audio_001840__aug_compression_01.wav,كي تشري modem جديد شحال يقعد باش يولي يمشي
C:\Users\dell\Desktop\laststation\Audio_augmented\noise\audio_001841__aug_noise_01.wav,يودي عندي شهر ملي ركبولي modem و راني مخلص و مازال مطلقوليش internet
C:\Users\dell\Desktop\laststation\Audio_augmented\speed\audio_001841__aug_speed_01.wav,يودي عندي شهر ملي ركبولي modem و راني مخلص و مازال مطلقوليش internet
C:\Users\dell\Desktop\laststation\Audio_augmented\compression\audio_001841__aug_compression_01.wav,يودي عندي شهر ملي ركبولي modem و راني مخلص و مازال مطلقوليش internet
C:\Users\dell\Desktop\laststation\Audio_augmented\noise\audio_001842__aug_noise_01.wav,كارثة بالمعني الحقيقي تاخير في توصيل خط internet بستة شهر
C:\Users\dell\Desktop\laststation\Audio_augmented\speed\audio_001842__aug_speed_01.wav,كارثة بالمعني الحقيقي تاخير في توصيل خط internet بستة شهر
C:\Users\dell\Desktop\laststation\Audio_augmented\compression\audio_001842__aug_compression_01.wav,كارثة بالمعني الحقيقي تاخير في توصيل خط internet بستة شهر
C:\Users\dell\Desktop\laststation\Audio_augmented\noise\audio_001843__aug_noise_01.wav,اكبر مجمع سكني في حي ڨالمة حي الاخوات سعدان مافيهش la fibre
C:\Users\dell\Desktop\laststation\Audio_augmented\speed\audio_001843__aug_speed_01.wav,اكبر مجمع سكني في حي ڨالمة حي الاخوات سعدان مافيهش la fibre
C:\Users\dell\Desktop\laststation\Audio_augmented\compression\audio_001843__aug_compression_01.wav,اكبر مجمع سكني في حي ڨالمة حي الاخوات سعدان مافيهش la fibre
C:\Users\dell\Desktop\laststation\Audio_augmented\noise\audio_001844__aug_noise_01.wav,المشكلة انهم يلمو في الدراهم و الملفات برك و يخلوك تعاني و تجري
C:\Users\dell\Desktop\laststation\Audio_augmented\speed\audio_001844__aug_speed_01.wav,المشكلة انهم يلمو في الدراهم و الملفات برك و يخلوك تعاني و تجري
C:\Users\dell\Desktop\laststation\Audio_augmented\compression\audio_001844__aug_compression_01.wav,المشكلة انهم يلمو في الدراهم و الملفات برك و يخلوك تعاني و تجري
C:\Users\dell\Desktop\laststation\Audio_augmented\noise\audio_001845__aug_noise_01.wav,خدمة التوقيف الموقت internet من المستحسن تزيدوها فالتطبيق او فضاء الزبون
C:\Users\dell\Desktop\laststation\Audio_augmented\speed\audio_001845__aug_speed_01.wav,خدمة التوقيف الموقت internet من المستحسن تزيدوها فالتطبيق او فضاء الزبون
C:\Users\dell\Desktop\laststation\Audio_augmented\compression\audio_001845__aug_compression_01.wav,خدمة التوقيف الموقت internet من المستحسن تزيدوها فالتطبيق او فضاء الزبون
C:\Users\dell\Desktop\laststation\Audio_augmented\noise\audio_001846__aug_noise_01.wav,نريد رقم الزبون لكي نسجل في التطبيق و نسدد الفواتير online
C:\Users\dell\Desktop\laststation\Audio_augmented\speed\audio_001846__aug_speed_01.wav,نريد رقم الزبون لكي نسجل في التطبيق و نسدد الفواتير online
C:\Users\dell\Desktop\laststation\Audio_augmented\compression\audio_001846__aug_compression_01.wav,نريد رقم الزبون لكي نسجل في التطبيق و نسدد الفواتير online
C:\Users\dell\Desktop\laststation\Audio_augmented\noise\audio_001847__aug_noise_01.wav,عطل في ثابت في ولاية ڨالمة لمدة شهرين لم يستطيع حلوا للاسف
C:\Users\dell\Desktop\laststation\Audio_augmented\speed\audio_001847__aug_speed_01.wav,عطل في ثابت في ولاية ڨالمة لمدة شهرين لم يستطيع حلوا للاسف
C:\Users\dell\Desktop\laststation\Audio_augmented\compression\audio_001847__aug_compression_01.wav,عطل في ثابت في ولاية ڨالمة لمدة شهرين لم يستطيع حلوا للاسف
C:\Users\dell\Desktop\laststation\Audio_augmented\noise\audio_001848__aug_noise_01.wav,بصح علاش متخرجليش الايقونة هذي لا في التطبيق لا في فضاء الزبون
C:\Users\dell\Desktop\laststation\Audio_augmented\speed\audio_001848__aug_speed_01.wav,بصح علاش متخرجليش الايقونة هذي لا في التطبيق لا في فضاء الزبون
C:\Users\dell\Desktop\laststation\Audio_augmented\compression\audio_001848__aug_compression_01.wav,بصح علاش متخرجليش الايقونة هذي لا في التطبيق لا في فضاء الزبون
C:\Users\dell\Desktop\laststation\Audio_augmented\noise\audio_001849__aug_noise_01.wav,يعطيكم الصحة Algerie Telecom اتصالات الجزاير
C:\Users\dell\Desktop\laststation\Audio_augmented\speed\audio_001849__aug_speed_01.wav,يعطيكم الصحة Algerie Telecom اتصالات الجزاير
C:\Users\dell\Desktop\laststation\Audio_augmented\compression\audio_001849__aug_compression_01.wav,يعطيكم الصحة Algerie Telecom اتصالات الجزاير
C:\Users\dell\Desktop\laststation\Audio_augmented\noise\audio_001850__aug_noise_01.wav,مدولي modem تاع fibre عندو ثلاثة شهر الجيران ركبولهم وانا مركبوليش و المقاول راح
C:\Users\dell\Desktop\laststation\Audio_augmented\speed\audio_001850__aug_speed_01.wav,مدولي modem تاع fibre عندو ثلاثة شهر الجيران ركبولهم وانا مركبوليش و المقاول راح
C:\Users\dell\Desktop\laststation\Audio_augmented\compression\audio_001850__aug_compression_01.wav,مدولي modem تاع fibre عندو ثلاثة شهر الجيران ركبولهم وانا مركبوليش و المقاول راح
C:\Users\dell\Desktop\laststation\Audio_augmented\noise\audio_001851__aug_noise_01.wav,idoom market لقد تم استلام الطلبية شكرا جزيلا لكم
C:\Users\dell\Desktop\laststation\Audio_augmented\speed\audio_001851__aug_speed_01.wav,idoom market لقد تم استلام الطلبية شكرا جزيلا لكم
C:\Users\dell\Desktop\laststation\Audio_augmented\compression\audio_001851__aug_compression_01.wav,idoom market لقد تم استلام الطلبية شكرا جزيلا لكم
C:\Users\dell\Desktop\laststation\Audio_augmented\noise\audio_001852__aug_noise_01.wav,السلام عليكم اتمنى منكم التكفل بالانشغالي عبر رسائل الخاصة بالصفحة و شكرا لكم
C:\Users\dell\Desktop\laststation\Audio_augmented\speed\audio_001852__aug_speed_01.wav,السلام عليكم اتمنى منكم التكفل بالانشغالي عبر رسائل الخاصة بالصفحة و شكرا لكم
C:\Users\dell\Desktop\laststation\Audio_augmented\compression\audio_001852__aug_compression_01.wav,السلام عليكم اتمنى منكم التكفل بالانشغالي عبر رسائل الخاصة بالصفحة و شكرا لكم
C:\Users\dell\Desktop\laststation\Audio_augmented\noise\audio_001853__aug_noise_01.wav,دفعت dossier تاع fibre و مدولي modem شهر للان مجاوش ركبولنا
C:\Users\dell\Desktop\laststation\Audio_augmented\speed\audio_001853__aug_speed_01.wav,دفعت dossier تاع fibre و مدولي modem شهر للان مجاوش ركبولنا
C:\Users\dell\Desktop\laststation\Audio_augmented\compression\audio_001853__aug_compression_01.wav,دفعت dossier تاع fibre و مدولي modem شهر للان مجاوش ركبولنا
C:\Users\dell\Desktop\laststation\Audio_augmented\noise\audio_001854__aug_noise_01.wav,بعد تسديد الفواتير بالدفع الالكتروني لم يتم فتح الخط
C:\Users\dell\Desktop\laststation\Audio_augmented\speed\audio_001854__aug_speed_01.wav,بعد تسديد الفواتير بالدفع الالكتروني لم يتم فتح الخط
C:\Users\dell\Desktop\laststation\Audio_augmented\compression\audio_001854__aug_compression_01.wav,بعد تسديد الفواتير بالدفع الالكتروني لم يتم فتح الخط
C:\Users\dell\Desktop\laststation\Audio_augmented\noise\audio_001855__aug_noise_01.wav,من فضلكم الغاء فرض تسديد اشتراك الهاتف الثابت مع internet
C:\Users\dell\Desktop\laststation\Audio_augmented\speed\audio_001855__aug_speed_01.wav,من فضلكم الغاء فرض تسديد اشتراك الهاتف الثابت مع internet
C:\Users\dell\Desktop\laststation\Audio_augmented\compression\audio_001855__aug_compression_01.wav,من فضلكم الغاء فرض تسديد اشتراك الهاتف الثابت مع internet
C:\Users\dell\Desktop\laststation\Audio_augmented\noise\audio_001856__aug_noise_01.wav,ديما نسلك بدفع الكتروني و ماستفدنا من شىء
C:\Users\dell\Desktop\laststation\Audio_augmented\speed\audio_001856__aug_speed_01.wav,ديما نسلك بدفع الكتروني و ماستفدنا من شىء
C:\Users\dell\Desktop\laststation\Audio_augmented\compression\audio_001856__aug_compression_01.wav,ديما نسلك بدفع الكتروني و ماستفدنا من شىء
C:\Users\dell\Desktop\laststation\Audio_augmented\noise\audio_001857__aug_noise_01.wav,انا راني نعاني من انقطاع internet كرهت حياتي معها
C:\Users\dell\Desktop\laststation\Audio_augmented\speed\audio_001857__aug_speed_01.wav,انا راني نعاني من انقطاع internet كرهت حياتي معها
C:\Users\dell\Desktop\laststation\Audio_augmented\compression\audio_001857__aug_compression_01.wav,انا راني نعاني من انقطاع internet كرهت حياتي معها
C:\Users\dell\Desktop\laststation\Audio_augmented\noise\audio_001858__aug_noise_01.wav,internet واشبيها راحت راهي في ربعة ساعات واش هذا تمسخير
C:\Users\dell\Desktop\laststation\Audio_augmented\speed\audio_001858__aug_speed_01.wav,internet واشبيها راحت راهي في ربعة ساعات واش هذا تمسخير
C:\Users\dell\Desktop\laststation\Audio_augmented\compression\audio_001858__aug_compression_01.wav,internet واشبيها راحت راهي في ربعة ساعات واش هذا تمسخير
C:\Users\dell\Desktop\laststation\Audio_augmented\noise\audio_001859__aug_noise_01.wav,الو سلام راني نحكي مع support internet راهي مقطوعة من البارح و مارجعتش
C:\Users\dell\Desktop\laststation\Audio_augmented\speed\audio_001859__aug_speed_01.wav,الو سلام راني نحكي مع support internet راهي مقطوعة من البارح و مارجعتش
C:\Users\dell\Desktop\laststation\Audio_augmented\compression\audio_001859__aug_compression_01.wav,الو سلام راني نحكي مع support internet راهي مقطوعة من البارح و مارجعتش
C:\Users\dell\Desktop\laststation\Audio_augmented\noise\audio_001860__aug_noise_01.wav,خويا connexion عندي ضعيفة بزاف debit هابط و مانقدرش نخدم
C:\Users\dell\Desktop\laststation\Audio_augmented\speed\audio_001860__aug_speed_01.wav,خويا connexion عندي ضعيفة بزاف debit هابط و مانقدرش نخدم
C:\Users\dell\Desktop\laststation\Audio_augmented\compression\audio_001860__aug_compression_01.wav,خويا connexion عندي ضعيفة بزاف debit هابط و مانقدرش نخدم
C:\Users\dell\Desktop\laststation\Audio_augmented\noise\audio_001861__aug_noise_01.wav,سلام حبيت نسقسي على facture تاعي جاية غالية بزاف هذ الشهر
C:\Users\dell\Desktop\laststation\Audio_augmented\speed\audio_001861__aug_speed_01.wav,سلام حبيت نسقسي على facture تاعي جاية غالية بزاف هذ الشهر
C:\Users\dell\Desktop\laststation\Audio_augmented\compression\audio_001861__aug_compression_01.wav,سلام حبيت نسقسي على facture تاعي جاية غالية بزاف هذ الشهر
C:\Users\dell\Desktop\laststation\Audio_augmented\noise\audio_001862__aug_noise_01.wav,من فضلكم عندي modem fibre مايخدمش الضوء الاحمر شاعل
C:\Users\dell\Desktop\laststation\Audio_augmented\speed\audio_001862__aug_speed_01.wav,من فضلكم عندي modem fibre مايخدمش الضوء الاحمر شاعل
C:\Users\dell\Desktop\laststation\Audio_augmented\compression\audio_001862__aug_compression_01.wav,من فضلكم عندي modem fibre مايخدمش الضوء الاحمر شاعل
C:\Users\dell\Desktop\laststation\Audio_augmented\noise\audio_001863__aug_noise_01.wav,internet تتقطع و ترجع كل شوية خاصة في الليل واش كاين مشكل reseau
C:\Users\dell\Desktop\laststation\Audio_augmented\speed\audio_001863__aug_speed_01.wav,internet تتقطع و ترجع كل شوية خاصة في الليل واش كاين مشكل reseau
C:\Users\dell\Desktop\laststation\Audio_augmented\compression\audio_001863__aug_compression_01.wav,internet تتقطع و ترجع كل شوية خاصة في الليل واش كاين مشكل reseau
C:\Users\dell\Desktop\laststation\Audio_augmented\noise\audio_001864__aug_noise_01.wav,الو عندي probleme de connexion مانقدرش ندخل حتى Google
C:\Users\dell\Desktop\laststation\Audio_augmented\speed\audio_001864__aug_speed_01.wav,الو عندي probleme de connexion مانقدرش ندخل حتى Google
C:\Users\dell\Desktop\laststation\Audio_augmented\compression\audio_001864__aug_compression_01.wav,الو عندي probleme de connexion مانقدرش ندخل حتى Google
C:\Users\dell\Desktop\laststation\Audio_augmented\noise\audio_001865__aug_noise_01.wav,خويا السرعة تاعي vingt mega normalement بصح راهي تجي غير deux mega
C:\Users\dell\Desktop\laststation\Audio_augmented\speed\audio_001865__aug_speed_01.wav,خويا السرعة تاعي vingt mega normalement بصح راهي تجي غير deux mega
C:\Users\dell\Desktop\laststation\Audio_augmented\compression\audio_001865__aug_compression_01.wav,خويا السرعة تاعي vingt mega normalement بصح راهي تجي غير deux mega
C:\Users\dell\Desktop\laststation\Audio_augmented\noise\audio_001866__aug_noise_01.wav,راني نحاول ندخل espace client و مايقبلش mot de passe
C:\Users\dell\Desktop\laststation\Audio_augmented\speed\audio_001866__aug_speed_01.wav,راني نحاول ندخل espace client و مايقبلش mot de passe
C:\Users\dell\Desktop\laststation\Audio_augmented\compression\audio_001866__aug_compression_01.wav,راني نحاول ندخل espace client و مايقبلش mot de passe
C:\Users\dell\Desktop\laststation\Audio_augmented\noise\audio_001867__aug_noise_01.wav,سلام حبيت نبدل offre تاعي من adsl الى fibre كيفاش ندير
C:\Users\dell\Desktop\laststation\Audio_augmented\speed\audio_001867__aug_speed_01.wav,سلام حبيت نبدل offre تاعي من adsl الى fibre كيفاش ندير
C:\Users\dell\Desktop\laststation\Audio_augmented\compression\audio_001867__aug_compression_01.wav,سلام حبيت نبدل offre تاعي من adsl الى fibre كيفاش ندير
C:\Users\dell\Desktop\laststation\Audio_augmented\noise\audio_001868__aug_noise_01.wav,internet عندي راهي lente بزاف خاصة كي يكون streaming
C:\Users\dell\Desktop\laststation\Audio_augmented\speed\audio_001868__aug_speed_01.wav,internet عندي راهي lente بزاف خاصة كي يكون streaming
C:\Users\dell\Desktop\laststation\Audio_augmented\compression\audio_001868__aug_compression_01.wav,internet عندي راهي lente بزاف خاصة كي يكون streaming
C:\Users\dell\Desktop\laststation\Audio_augmented\noise\audio_001869__aug_noise_01.wav,الو عندي facture فيها erreur حاسبينلي حاجة ماستعملتهاش
C:\Users\dell\Desktop\laststation\Audio_augmented\speed\audio_001869__aug_speed_01.wav,الو عندي facture فيها erreur حاسبينلي حاجة ماستعملتهاش
C:\Users\dell\Desktop\laststation\Audio_augmented\compression\audio_001869__aug_compression_01.wav,الو عندي facture فيها erreur حاسبينلي حاجة ماستعملتهاش
C:\Users\dell\Desktop\laststation\Audio_augmented\noise\audio_001870__aug_noise_01.wav,connexion راهي instable مرة تخدم و مرة لا
C:\Users\dell\Desktop\laststation\Audio_augmented\speed\audio_001870__aug_speed_01.wav,connexion راهي instable مرة تخدم و مرة لا
C:\Users\dell\Desktop\laststation\Audio_augmented\compression\audio_001870__aug_compression_01.wav,connexion راهي instable مرة تخدم و مرة لا
C:\Users\dell\Desktop\laststation\Audio_augmented\noise\audio_001871__aug_noise_01.wav,راني نحاول نعمل recharge و مايقبلش paiement
C:\Users\dell\Desktop\laststation\Audio_augmented\speed\audio_001871__aug_speed_01.wav,راني نحاول نعمل recharge و مايقبلش paiement
C:\Users\dell\Desktop\laststation\Audio_augmented\compression\audio_001871__aug_compression_01.wav,راني نحاول نعمل recharge و مايقبلش paiement
C:\Users\dell\Desktop\laststation\Audio_augmented\noise\audio_001872__aug_noise_01.wav,خويا عندي modem جديد بصح ماكونيكتاش بي reseau
C:\Users\dell\Desktop\laststation\Audio_augmented\speed\audio_001872__aug_speed_01.wav,خويا عندي modem جديد بصح ماكونيكتاش بي reseau
C:\Users\dell\Desktop\laststation\Audio_augmented\compression\audio_001872__aug_compression_01.wav,خويا عندي modem جديد بصح ماكونيكتاش بي reseau
C:\Users\dell\Desktop\laststation\Audio_augmented\noise\audio_001873__aug_noise_01.wav,سلام internet عندي coupure totale من الصباح
C:\Users\dell\Desktop\laststation\Audio_augmented\speed\audio_001873__aug_speed_01.wav,سلام internet عندي coupure totale من الصباح
C:\Users\dell\Desktop\laststation\Audio_augmented\compression\audio_001873__aug_compression_01.wav,سلام internet عندي coupure totale من الصباح
C:\Users\dell\Desktop\laststation\Audio_augmented\noise\audio_001874__aug_noise_01.wav,debit تاعي هابط بزاف telechargement ماشي يمشي
C:\Users\dell\Desktop\laststation\Audio_augmented\speed\audio_001874__aug_speed_01.wav,debit تاعي هابط بزاف telechargement ماشي يمشي
C:\Users\dell\Desktop\laststation\Audio_augmented\compression\audio_001874__aug_compression_01.wav,debit تاعي هابط بزاف telechargement ماشي يمشي
C:\Users\dell\Desktop\laststation\Audio_augmented\noise\audio_001875__aug_noise_01.wav,الو عندي probleme technique في fibre لازم technicien يجي
C:\Users\dell\Desktop\laststation\Audio_augmented\speed\audio_001875__aug_speed_01.wav,الو عندي probleme technique في fibre لازم technicien يجي
C:\Users\dell\Desktop\laststation\Audio_augmented\compression\audio_001875__aug_compression_01.wav,الو عندي probleme technique في fibre لازم technicien يجي
C:\Users\dell\Desktop\laststation\Audio_augmented\noise\audio_001876__aug_noise_01.wav,internet تتقطع كي نكون في reunion هذا مشكل كبير
C:\Users\dell\Desktop\laststation\Audio_augmented\speed\audio_001876__aug_speed_01.wav,internet تتقطع كي نكون في reunion هذا مشكل كبير
C:\Users\dell\Desktop\laststation\Audio_augmented\compression\audio_001876__aug_compression_01.wav,internet تتقطع كي نكون في reunion هذا مشكل كبير
C:\Users\dell\Desktop\laststation\Audio_augmented\noise\audio_001877__aug_noise_01.wav,راني ندفع abonnement كل شهر بصح service ماشي مليح
C:\Users\dell\Desktop\laststation\Audio_augmented\speed\audio_001877__aug_speed_01.wav,راني ندفع abonnement كل شهر بصح service ماشي مليح
C:\Users\dell\Desktop\laststation\Audio_augmented\compression\audio_001877__aug_compression_01.wav,راني ندفع abonnement كل شهر بصح service ماشي مليح
C:\Users\dell\Desktop\laststation\Audio_augmented\noise\audio_001878__aug_noise_01.wav,سلام حبيت نلغي abonnement تاعي ماشي راضي بالخدمة
C:\Users\dell\Desktop\laststation\Audio_augmented\speed\audio_001878__aug_speed_01.wav,سلام حبيت نلغي abonnement تاعي ماشي راضي بالخدمة
C:\Users\dell\Desktop\laststation\Audio_augmented\compression\audio_001878__aug_compression_01.wav,سلام حبيت نلغي abonnement تاعي ماشي راضي بالخدمة
C:\Users\dell\Desktop\laststation\Audio_augmented\noise\audio_001879__aug_noise_01.wav,عندي connexion ضعيفة بزاف حتى WhatsApp مايخدمش
C:\Users\dell\Desktop\laststation\Audio_augmented\speed\audio_001879__aug_speed_01.wav,عندي connexion ضعيفة بزاف حتى WhatsApp مايخدمش
C:\Users\dell\Desktop\laststation\Audio_augmented\compression\audio_001879__aug_compression_01.wav,عندي connexion ضعيفة بزاف حتى WhatsApp مايخدمش
C:\Users\dell\Desktop\laststation\Audio_augmented\noise\audio_001880__aug_noise_01.wav,الو ligne تاعي مافيهاش tonalite
C:\Users\dell\Desktop\laststation\Audio_augmented\speed\audio_001880__aug_speed_01.wav,الو ligne تاعي مافيهاش tonalite
C:\Users\dell\Desktop\laststation\Audio_augmented\compression\audio_001880__aug_compression_01.wav,الو ligne تاعي مافيهاش tonalite
C:\Users\dell\Desktop\laststation\Audio_augmented\noise\audio_001881__aug_noise_01.wav,internet عندي marche pas اليوم كامل
C:\Users\dell\Desktop\laststation\Audio_augmented\speed\audio_001881__aug_speed_01.wav,internet عندي marche pas اليوم كامل
C:\Users\dell\Desktop\laststation\Audio_augmented\compression\audio_001881__aug_compression_01.wav,internet عندي marche pas اليوم كامل
C:\Users\dell\Desktop\laststation\Audio_augmented\noise\audio_001882__aug_noise_01.wav,خويا signal wifi ضعيف رغم modem قريب
C:\Users\dell\Desktop\laststation\Audio_augmented\speed\audio_001882__aug_speed_01.wav,خويا signal wifi ضعيف رغم modem قريب
C:\Users\dell\Desktop\laststation\Audio_augmented\compression\audio_001882__aug_compression_01.wav,خويا signal wifi ضعيف رغم modem قريب
C:\Users\dell\Desktop\laststation\Audio_augmented\noise\audio_001883__aug_noise_01.wav,سلام facture تاعي فيها زيادة مش مفهومة
C:\Users\dell\Desktop\laststation\Audio_augmented\speed\audio_001883__aug_speed_01.wav,سلام facture تاعي فيها زيادة مش مفهومة
C:\Users\dell\Desktop\laststation\Audio_augmented\compression\audio_001883__aug_compression_01.wav,سلام facture تاعي فيها زيادة مش مفهومة
C:\Users\dell\Desktop\laststation\Audio_augmented\noise\audio_001884__aug_noise_01.wav,عندي مشكلة transaction avec paiement en ligne ماتكملش
C:\Users\dell\Desktop\laststation\Audio_augmented\speed\audio_001884__aug_speed_01.wav,عندي مشكلة transaction avec paiement en ligne ماتكملش
C:\Users\dell\Desktop\laststation\Audio_augmented\compression\audio_001884__aug_compression_01.wav,عندي مشكلة transaction avec paiement en ligne ماتكملش
C:\Users\dell\Desktop\laststation\Audio_augmented\noise\audio_001885__aug_noise_01.wav,internet عندي lente بزاف كي يكون peak time
C:\Users\dell\Desktop\laststation\Audio_augmented\speed\audio_001885__aug_speed_01.wav,internet عندي lente بزاف كي يكون peak time
C:\Users\dell\Desktop\laststation\Audio_augmented\compression\audio_001885__aug_compression_01.wav,internet عندي lente بزاف كي يكون peak time
C:\Users\dell\Desktop\laststation\Audio_augmented\noise\audio_001886__aug_noise_01.wav,الو حبيت نسقسي على installation fibre في الحي
C:\Users\dell\Desktop\laststation\Audio_augmented\speed\audio_001886__aug_speed_01.wav,الو حبيت نسقسي على installation fibre في الحي
C:\Users\dell\Desktop\laststation\Audio_augmented\compression\audio_001886__aug_compression_01.wav,الو حبيت نسقسي على installation fibre في الحي
C:\Users\dell\Desktop\laststation\Audio_augmented\noise\audio_001887__aug_noise_01.wav,connexion تاعي instable بزاف خاصة في gaming
C:\Users\dell\Desktop\laststation\Audio_augmented\speed\audio_001887__aug_speed_01.wav,connexion تاعي instable بزاف خاصة في gaming
C:\Users\dell\Desktop\laststation\Audio_augmented\compression\audio_001887__aug_compression_01.wav,connexion تاعي instable بزاف خاصة في gaming
C:\Users\dell\Desktop\laststation\Audio_augmented\noise\audio_001888__aug_noise_01.wav,راني نحاول ندخل compte و مايقبلش login
C:\Users\dell\Desktop\laststation\Audio_augmented\speed\audio_001888__aug_speed_01.wav,راني نحاول ندخل compte و مايقبلش login
C:\Users\dell\Desktop\laststation\Audio_augmented\compression\audio_001888__aug_compression_01.wav,راني نحاول ندخل compte و مايقبلش login
C:\Users\dell\Desktop\laststation\Audio_augmented\noise\audio_001889__aug_noise_01.wav,سلام عندي probleme reseau في quartier كامل
C:\Users\dell\Desktop\laststation\Audio_augmented\speed\audio_001889__aug_speed_01.wav,سلام عندي probleme reseau في quartier كامل
C:\Users\dell\Desktop\laststation\Audio_augmented\compression\audio_001889__aug_compression_01.wav,سلام عندي probleme reseau في quartier كامل
C:\Users\dell\Desktop\laststation\Audio_augmented\noise\audio_001890__aug_noise_01.wav,internet عندي coupe كل عشرة دقايق
C:\Users\dell\Desktop\laststation\Audio_augmented\speed\audio_001890__aug_speed_01.wav,internet عندي coupe كل عشرة دقايق
C:\Users\dell\Desktop\laststation\Audio_augmented\compression\audio_001890__aug_compression_01.wav,internet عندي coupe كل عشرة دقايق
C:\Users\dell\Desktop\laststation\Audio_augmented\noise\audio_001891__aug_noise_01.wav,debit تاعي ماشي ثابت يطلع و يهبط
C:\Users\dell\Desktop\laststation\Audio_augmented\speed\audio_001891__aug_speed_01.wav,debit تاعي ماشي ثابت يطلع و يهبط
C:\Users\dell\Desktop\laststation\Audio_augmented\compression\audio_001891__aug_compression_01.wav,debit تاعي ماشي ثابت يطلع و يهبط
C:\Users\dell\Desktop\laststation\Audio_augmented\noise\audio_001892__aug_noise_01.wav,الو حبيت نعرف quota تاعي شحال بقى
C:\Users\dell\Desktop\laststation\Audio_augmented\speed\audio_001892__aug_speed_01.wav,الو حبيت نعرف quota تاعي شحال بقى
C:\Users\dell\Desktop\laststation\Audio_augmented\compression\audio_001892__aug_compression_01.wav,الو حبيت نعرف quota تاعي شحال بقى
C:\Users\dell\Desktop\laststation\Audio_augmented\noise\audio_001893__aug_noise_01.wav,modem تاعي restart وحدو كل شوية
C:\Users\dell\Desktop\laststation\Audio_augmented\speed\audio_001893__aug_speed_01.wav,modem تاعي restart وحدو كل شوية
C:\Users\dell\Desktop\laststation\Audio_augmented\compression\audio_001893__aug_compression_01.wav,modem تاعي restart وحدو كل شوية
C:\Users\dell\Desktop\laststation\Audio_augmented\noise\audio_001894__aug_noise_01.wav,internet عندي marche pas كي يكون plusieurs appareil
C:\Users\dell\Desktop\laststation\Audio_augmented\speed\audio_001894__aug_speed_01.wav,internet عندي marche pas كي يكون plusieurs appareil
C:\Users\dell\Desktop\laststation\Audio_augmented\compression\audio_001894__aug_compression_01.wav,internet عندي marche pas كي يكون plusieurs appareil
C:\Users\dell\Desktop\laststation\Audio_augmented\noise\audio_001895__aug_noise_01.wav,عندي ligne telephonique مقطوعة
C:\Users\dell\Desktop\laststation\Audio_augmented\speed\audio_001895__aug_speed_01.wav,عندي ligne telephonique مقطوعة
C:\Users\dell\Desktop\laststation\Audio_augmented\compression\audio_001895__aug_compression_01.wav,عندي ligne telephonique مقطوعة
C:\Users\dell\Desktop\laststation\Audio_augmented\noise\audio_001896__aug_noise_01.wav,سلام facture تاعي فيها frais اضافية
C:\Users\dell\Desktop\laststation\Audio_augmented\speed\audio_001896__aug_speed_01.wav,سلام facture تاعي فيها frais اضافية
C:\Users\dell\Desktop\laststation\Audio_augmented\compression\audio_001896__aug_compression_01.wav,سلام facture تاعي فيها frais اضافية
C:\Users\dell\Desktop\laststation\Audio_augmented\noise\audio_001897__aug_noise_01.wav,connexion wifi ضعيفة في الدار كامل
C:\Users\dell\Desktop\laststation\Audio_augmented\speed\audio_001897__aug_speed_01.wav,connexion wifi ضعيفة في الدار كامل
C:\Users\dell\Desktop\laststation\Audio_augmented\compression\audio_001897__aug_compression_01.wav,connexion wifi ضعيفة في الدار كامل
C:\Users\dell\Desktop\laststation\Audio_augmented\noise\audio_001898__aug_noise_01.wav,الو عندي probleme dns مايفتح حتى site
C:\Users\dell\Desktop\laststation\Audio_augmented\speed\audio_001898__aug_speed_01.wav,الو عندي probleme dns مايفتح حتى site
C:\Users\dell\Desktop\laststation\Audio_augmented\compression\audio_001898__aug_compression_01.wav,الو عندي probleme dns مايفتح حتى site
C:\Users\dell\Desktop\laststation\Audio_augmented\noise\audio_001899__aug_noise_01.wav,internet عندي lente بزاف في upload
C:\Users\dell\Desktop\laststation\Audio_augmented\speed\audio_001899__aug_speed_01.wav,internet عندي lente بزاف في upload
C:\Users\dell\Desktop\laststation\Audio_augmented\compression\audio_001899__aug_compression_01.wav,internet عندي lente بزاف في upload
C:\Users\dell\Desktop\laststation\Audio_augmented\noise\audio_001900__aug_noise_01.wav,خويا عندي fibre بصح performance ضعيفة
C:\Users\dell\Desktop\laststation\Audio_augmented\speed\audio_001900__aug_speed_01.wav,خويا عندي fibre بصح performance ضعيفة
C:\Users\dell\Desktop\laststation\Audio_augmented\compression\audio_001900__aug_compression_01.wav,خويا عندي fibre بصح performance ضعيفة
C:\Users\dell\Desktop\laststation\Audio_augmented\noise\audio_001901__aug_noise_01.wav,راني نحاول نخدم remote بصح connexion ماتعاونش
C:\Users\dell\Desktop\laststation\Audio_augmented\speed\audio_001901__aug_speed_01.wav,راني نحاول نخدم remote بصح connexion ماتعاونش
C:\Users\dell\Desktop\laststation\Audio_augmented\compression\audio_001901__aug_compression_01.wav,راني نحاول نخدم remote بصح connexion ماتعاونش
C:\Users\dell\Desktop\laststation\Audio_augmented\noise\audio_001902__aug_noise_01.wav,سلام حبيت نغير offre internet تاعي
C:\Users\dell\Desktop\laststation\Audio_augmented\speed\audio_001902__aug_speed_01.wav,سلام حبيت نغير offre internet تاعي
C:\Users\dell\Desktop\laststation\Audio_augmented\compression\audio_001902__aug_compression_01.wav,سلام حبيت نغير offre internet تاعي
C:\Users\dell\Desktop\laststation\Audio_augmented\noise\audio_001903__aug_noise_01.wav,debit تاعي ناقص بزاف مقارنة بالي خلصتو
C:\Users\dell\Desktop\laststation\Audio_augmented\speed\audio_001903__aug_speed_01.wav,debit تاعي ناقص بزاف مقارنة بالي خلصتو
C:\Users\dell\Desktop\laststation\Audio_augmented\compression\audio_001903__aug_compression_01.wav,debit تاعي ناقص بزاف مقارنة بالي خلصتو
C:\Users\dell\Desktop\laststation\Audio_augmented\noise\audio_001904__aug_noise_01.wav,internet عندي marche pas بعد mise a jour
C:\Users\dell\Desktop\laststation\Audio_augmented\speed\audio_001904__aug_speed_01.wav,internet عندي marche pas بعد mise a jour
C:\Users\dell\Desktop\laststation\Audio_augmented\compression\audio_001904__aug_compression_01.wav,internet عندي marche pas بعد mise a jour
C:\Users\dell\Desktop\laststation\Audio_augmented\noise\audio_001905__aug_noise_01.wav,modem مايعطيش signal internet
C:\Users\dell\Desktop\laststation\Audio_augmented\speed\audio_001905__aug_speed_01.wav,modem مايعطيش signal internet
C:\Users\dell\Desktop\laststation\Audio_augmented\compression\audio_001905__aug_compression_01.wav,modem مايعطيش signal internet
C:\Users\dell\Desktop\laststation\Audio_augmented\noise\audio_001906__aug_noise_01.wav,الو عندي probleme technique urgent
C:\Users\dell\Desktop\laststation\Audio_augmented\speed\audio_001906__aug_speed_01.wav,الو عندي probleme technique urgent
C:\Users\dell\Desktop\laststation\Audio_augmented\compression\audio_001906__aug_compression_01.wav,الو عندي probleme technique urgent
C:\Users\dell\Desktop\laststation\Audio_augmented\noise\audio_001907__aug_noise_01.wav,connexion تاعي ضعيفة بزاف و مانقدرش نخدم
C:\Users\dell\Desktop\laststation\Audio_augmented\speed\audio_001907__aug_speed_01.wav,connexion تاعي ضعيفة بزاف و مانقدرش نخدم
C:\Users\dell\Desktop\laststation\Audio_augmented\compression\audio_001907__aug_compression_01.wav,connexion تاعي ضعيفة بزاف و مانقدرش نخدم
