audio_path,transcription
C:\Users\dell\Desktop\laststation\Audio\audio_000001.wav,فكرة شابة بصح لوكان كاين طريقة تاني مليحة كون ديروها يعني تخلو المشتركين كل شهر يقررو واش من اشتراك يديرو
C:\Users\dell\Desktop\laststation\Audio\audio_000002.wav,علاش ماقدرتش ندخل في الموقع فضاء الزباين حبيت نخلص ماراهوش يدخل compte ديالي
C:\Users\dell\Desktop\laststation\Audio\audio_000003.wav,السلام عليكم جاو ركبو idoom fibre في الحومة بصح غير حنا مازال ماعطاولناش meme pas le modem
C:\Users\dell\Desktop\laststation\Audio\audio_000004.wav,انا عندي يومين مين درت اشتراك تاع شهر اليوم خلاصتلي علاش كملت هاك تمتم
C:\Users\dell\Desktop\laststation\Audio\audio_000005.wav,السلام عليكم بدلت modem و درتلو configuration في actel خط الهاتف يمشي عادي بصح internet مكاش وين راه المشكل
C:\Users\dell\Desktop\laststation\Audio\audio_000006.wav,واش بيها connexion تاعكم هذي نطالبو بتعويض من صباح راني نطفي ونشعل في le modem راح يتحرق
C:\Users\dell\Desktop\laststation\Audio\audio_000007.wav,سلام عليكم كي يجيك message تاع fibre واش لازم نديرو
C:\Users\dell\Desktop\laststation\Audio\audio_000008.wav,modem راهو مدوهولنا بصح المقاول مازال مجاش باه اديرلنا cable تاعو
C:\Users\dell\Desktop\laststation\Audio\audio_000009.wav,واش بيها internet adsl تقطعت علينا دورك و مازال فيها ستة ايام و راكم قاطعينها
C:\Users\dell\Desktop\laststation\Audio\audio_000010.wav,واش كاين بعض الالعاب ماهوش يمشو كيما efootball deux mille vingt cinq راهي حابسة عندها يومين
C:\Users\dell\Desktop\laststation\Audio\audio_000011.wav,راني نستنا les modem nokia رانا قريب في عام ️
C:\Users\dell\Desktop\laststation\Audio\audio_000012.wav,وقتاش تطلقولنا internet كلش راكب و مازال ماطلقتوهاش عندنا نهارين نستناو والوا
C:\Users\dell\Desktop\laststation\Audio\audio_000013.wav,و modem nokia مش راح جيبوه رانا في عام و نص و حنا نستناو في سطيف
C:\Users\dell\Desktop\laststation\Audio\audio_000014.wav,راهي كاينة مشكلة في internet فالجزاير كامل و معلابلكمش ريڨلونا ياك رانا نخلصو
C:\Users\dell\Desktop\laststation\Audio\audio_000015.wav,دوك انا عندي ميتين و عشرين mega حاب ندير عرض تاع gaming كيفاش نبدلها و est ce que سعر يتبدل ولا يبقى هو
C:\Users\dell\Desktop\laststation\Audio\audio_000016.wav,التعامل تاع les agent راهو بزاف متربي يعطيك الصحة خويا
C:\Users\dell\Desktop\laststation\Audio\audio_000017.wav,واش انبوستي adsl مادرتولناش la fibre في الحي كاين غير النحاس
C:\Users\dell\Desktop\laststation\Audio\audio_000018.wav,راكم تتقاعدو بينا ولا كيفاش في بوفاريك بعض الاحياء قريب ثمانية شهر مكاش internet
C:\Users\dell\Desktop\laststation\Audio\audio_000019.wav,كاين انقطاع في حي الموز الجزاير العاصمة ومراكمش تردو في الخاص ربي يهديكم رانا نخدمو بيها
C:\Users\dell\Desktop\laststation\Audio\audio_000020.wav,وعلابلكم بلي عندنا عام ملي درنا طلب و الى الان مكاش modem nokia رانا قعدين نستناو
C:\Users\dell\Desktop\laststation\Audio\audio_000021.wav,مشترك عشرين mega تلحقني عشرة عامين و انا نشكي مازال ماحبوش يخفضو التدفق راكم تاكلو في حق الناس
C:\Users\dell\Desktop\laststation\Audio\audio_000022.wav,عدنا سبعة شهر و حنا نستناو في modem nokia fibre تعبنا من الانتظار
C:\Users\dell\Desktop\laststation\Audio\audio_000023.wav,عندي adsl نقدر نغير modem fibre لا واش ولا نفس شيء
C:\Users\dell\Desktop\laststation\Audio\audio_000024.wav,رانا نستناو عدنا عامين و حنا نستناو ومكاين والوا
C:\Users\dell\Desktop\laststation\Audio\audio_000025.wav,بدلنا رانا في شهر ودخلنا la fibre و le modem راكب mais مايمشيش مازالكم ماطلقتوهش علاه عليكم هذ الخدمة
C:\Users\dell\Desktop\laststation\Audio\audio_000026.wav,حنا في بوعينان المسكينة رانا بعاد زعما المدينة الجديدة adsl و مكاش نتا تقولي la fibre
C:\Users\dell\Desktop\laststation\Audio\audio_000027.wav,راكم غير تهدرو و خلاص وقيل modem fibre غير متوفر عندو قريب عام من جوان الفين و خمسة و عشرين
C:\Users\dell\Desktop\laststation\Audio\audio_000028.wav,خوتي كامل راه عندكم مشكل تاع connexion راهي من لبارح مقطوعة ولا غير
C:\Users\dell\Desktop\laststation\Audio\audio_000029.wav,مكاش les modem fibre رانا في عام و نستناو و مكان والوا
C:\Users\dell\Desktop\laststation\Audio\audio_000030.wav,internet عندها يومين مكاش رانا مخلصينها علاش الخدمة السيية تاعكم هذي
C:\Users\dell\Desktop\laststation\Audio\audio_000031.wav,ماشفت حتى ربح من عندكم راني في كتر من عامين نخلص عبر internet غير يخلاص الشهر تكمل دقيقة ماتزيدوهاش
C:\Users\dell\Desktop\laststation\Audio\audio_000032.wav,اقتلتونا بطور عالمك مع fibre وين راه fibre ياسيدي جيبولنا fibre راني نستنا
C:\Users\dell\Desktop\laststation\Audio\audio_000033.wav,علاه راكم ترفعو في التدفق تاع الناس بدون اذن و تزيدو فالاسعار هذا يعتبر مخالف للقانون
C:\Users\dell\Desktop\laststation\Audio\audio_000034.wav,لبارح فلكيسيت مية الف بتطبيق baridi mob modem 4g lte نحاو مية الف dinar بصح العملية لحد الان في الساعة جارية وين راه المشكل
C:\Users\dell\Desktop\laststation\Audio\audio_000035.wav,شكون عندو فكرة كيفاه نهبط تدفق internet من عشرين الى عشرة من فضلكم
C:\Users\dell\Desktop\laststation\Audio\audio_000036.wav,شهرين مين دينا modem تاع la fibre و التركيب مكاش
C:\Users\dell\Desktop\laststation\Audio\audio_000037.wav,راني في ثلاثة سنين مالي قالولي سجل و دورك ندخلو fibre و مازال
C:\Users\dell\Desktop\laststation\Audio\audio_000038.wav,fibre راهي تحبي شوفولنا المشكل وين راه ماشي غير في ولاية غليزان راه شحال من ولاية
C:\Users\dell\Desktop\laststation\Audio\audio_000039.wav,حتى فضاء الزبون تاعكم ملي ندخل يقلك صفحة غير متوفرة تصلح مرة في الف وين راكم
C:\Users\dell\Desktop\laststation\Audio\audio_000040.wav,شوفونا مع internet راهي في يومين مكاش في modem idoom 4g في ولاية عين الدفلى دائرة برج الامير خالد
C:\Users\dell\Desktop\laststation\Audio\audio_000041.wav,ارواحو شوفو فينا راهي ربعة شهر و نص مكاش connexion شكيت الف مرة
C:\Users\dell\Desktop\laststation\Audio\audio_000042.wav,وين راه modem fibre عندنا عام و حنا نستناو كل يوم تبلعطو فينا
C:\Users\dell\Desktop\laststation\Audio\audio_000043.wav,ماتسرقنيش راني مخلص شهر اشتراك internet كي تقطعلي خمسة ايام عوضني ماديا او مدد اشتراكي خمسة ايام
C:\Users\dell\Desktop\laststation\Audio\audio_000044.wav,راني نستنا mise en service جاية على رجليها من دزاير لبسكرة شهرين مالحقتش يحسن عونها قولولها تسامحنا تعبناها
C:\Users\dell\Desktop\laststation\Audio\audio_000045.wav,عندي la fibre modem wifi cinq كيفاه نقدر نستفاد من wifi six
C:\Users\dell\Desktop\laststation\Audio\audio_000046.wav,وين وصلتوا مع les modem رانا ديما نستناو رانا فالعام بدون internet
C:\Users\dell\Desktop\laststation\Audio\audio_000047.wav,الاحياء الخضراء اولاد فايت خمسة ايام بلا fibre وين راكم
C:\Users\dell\Desktop\laststation\Audio\audio_000048.wav,شبكة تاعكم راهي ضعيفة شريت عليكم modem هذ الاسبوع شبكة كارثة تدفق ملحقش حتى مية و عشرين kilo byte
C:\Users\dell\Desktop\laststation\Audio\audio_000049.wav,سلام حبسولي خط لتراكم فواتير هواتف نخلصهم online يرجع ولا لازم نروح للوكالة
C:\Users\dell\Desktop\laststation\Audio\audio_000050.wav,واش رانا نستناو فيها تلحق قبل ومنبعد ساهل هذي
C:\Users\dell\Desktop\laststation\Audio\audio_000051.wav,كي حبيت نسجل في تطبيق my idoom كاين بلاصة مكتوب فيها رقم زبون واش مفروض نحط فيها
C:\Users\dell\Desktop\laststation\Audio\audio_000052.wav,ياو جيبونا les modem nokia راني في عام و انا نستنا
C:\Users\dell\Desktop\laststation\Audio\audio_000053.wav,فرحت بزاف كي جابولنا la fibre للحي نتاعنا خدمة فور
C:\Users\dell\Desktop\laststation\Audio\audio_000054.wav,راني فرحان بزاف كي دخلت la fibre لداري خدمة top
C:\Users\dell\Desktop\laststation\Audio\audio_000055.wav,جيتو ركبتو كلش حفرتو الطرق غلقتو الطرق درتو الكاينة و المكاش و هاكذاك مازال ماطلقتوش التسجيلات
C:\Users\dell\Desktop\laststation\Audio\audio_000056.wav,الالياف البصرية كي تحبو ديروها شوفو مقاولين ناشطين ماشي تجيبو الفاشليين يخدمو عام و نص مازال مادارولناش مضحكة هذي
C:\Users\dell\Desktop\laststation\Audio\audio_000057.wav,connexion مكانتش هكدا جابلي ربي نقصة ولينا منقدرش نلعبو
C:\Users\dell\Desktop\laststation\Audio\audio_000058.wav,مكاين والوا طلعنا و اصبحنا بدون internet اليوم ثمانية كرهنا شي شوفولنا حل
C:\Users\dell\Desktop\laststation\Audio\audio_000059.wav,عام وانا نستنا في modem لا يوجد كرهتونا و غير ماتجوبونيش كيما لمرات لي فاتو حفظكم
C:\Users\dell\Desktop\laststation\Audio\audio_000060.wav,الناس ساكنى في جبل وصلها fibre وحنا في وسط البلاد مازال خطنا غير موهل
C:\Users\dell\Desktop\laststation\Audio\audio_000061.wav,كيفاه نبدلو و الاحياء تاعنا مازالت بالطريقة القديمة و لم تعلمولها
C:\Users\dell\Desktop\laststation\Audio\audio_000062.wav,تمنراست حي تافسيت الاشغال راهي متوقفة كاين cable بصح مكاش الباطة
C:\Users\dell\Desktop\laststation\Audio\audio_000063.wav,راني نخلص quinze mega و توصلني deux mega و احيانا مية و عشرين kilo byte
C:\Users\dell\Desktop\laststation\Audio\audio_000064.wav,عندي اسبوع مكاش connexion و كي تتصل بيهم يقلك ماعندنا ماراح نديرور
C:\Users\dell\Desktop\laststation\Audio\audio_000065.wav,نخلص عشرين mega درتولي تسقيف في عشرة mega و كل خمسة دقايق تروح كي نشكي مايديرولي والو
C:\Users\dell\Desktop\laststation\Audio\audio_000066.wav,la fibre راهي في الحي لي قدامنا والحي لي مورانا و حنا مشفتوناش وقيل
C:\Users\dell\Desktop\laststation\Audio\audio_000067.wav,علاه ماعلابالهمش وين راه كاين fibre و مكاش و وين محتاجين fibre و وين لالا
C:\Users\dell\Desktop\laststation\Audio\audio_000068.wav,نفس المشكل رانا في خمسطاش يوم نستناك ياخو في internet واش حكاية douze
C:\Users\dell\Desktop\laststation\Audio\audio_000069.wav,خوتي اقسم بالله غير عندنا l'installation في عام و مكاش internet مازال
C:\Users\dell\Desktop\laststation\Audio\audio_000070.wav,حنا الحي تاعنا مدرولوش la fibre و احياء بحذنا درولهم كي سقسينا قلولنا نبداو على الاحياء الي ركلاماو
C:\Users\dell\Desktop\laststation\Audio\audio_000071.wav,راني حاب تزيدو الخدمة تاع pause في تطبيق يولي الزبون هو لي يديرها كيما يحب و شكرا
C:\Users\dell\Desktop\laststation\Audio\audio_000072.wav,la fibre بعيد على المسكن بي عشرين متر
C:\Users\dell\Desktop\laststation\Audio\audio_000073.wav,السومه تاع مية mega راهي بزاف معقولة و ساعدة الزوالي
C:\Users\dell\Desktop\laststation\Audio\audio_000074.wav,اقسم بالله العلي العظيم غير كرهت و انا نعاني من la connexion تاعكم راني في مدة عام تقريبا
C:\Users\dell\Desktop\laststation\Audio\audio_000075.wav,شكون عندو واحد من فضلكم يقولنا مليح و لالا
C:\Users\dell\Desktop\laststation\Audio\audio_000076.wav,ربي يهديكم و خلاص شهرين و حنا حابسين modem راكب ماقيمتوناش ماجا حتى واحد ماخدم ولا حتى هدر معانا
C:\Users\dell\Desktop\laststation\Audio\audio_000077.wav,شكون لي يعوض الضرار تاع ناس والايام تاع الاشتراك
C:\Users\dell\Desktop\laststation\Audio\audio_000078.wav,دخلناها بصح رانا نستناو في connexion مكاش في خمسة ايام
C:\Users\dell\Desktop\laststation\Audio\audio_000079.wav,راكم شركة وطنيه لازم مايفوتش السعر نتاعو خمسمية الف
C:\Users\dell\Desktop\laststation\Audio\audio_000080.wav,و لي عندو wifi quatre قديمة لا تدعم علاش تقولو باش تشري modem wifi six لازم مية و خمسة و ربعين الف بزاف شوفو حل نقصو السومة
C:\Users\dell\Desktop\laststation\Audio\audio_000081.wav,فتحت حاسب فضاء الزبون و غلطة في email كيفاش ندير ماقدرتش نكمل عملية التسجيل
C:\Users\dell\Desktop\laststation\Audio\audio_000082.wav,عندي مشكل رسالة التاكيد في gmail مراهيش توصلني مقدرتش نفتح فضاء الزبون هل يوجد حل
C:\Users\dell\Desktop\laststation\Audio\audio_000083.wav,شهرين و حنا في نفس مشكلة و مكاش حل نهائيا مسكن
C:\Users\dell\Desktop\laststation\Audio\audio_000084.wav,عندي مشكل فل wifi مكاش راهو من ربعة تاع لعشية حتا دوك راهي طناش مازال مطلقتوهاش كفاه دوك معكم
C:\Users\dell\Desktop\laststation\Audio\audio_000085.wav,خميس الخشنة حي اولاد سالم مازال مكاش خط هاتف اصلا و نحن في الفين و خمسة و عشرين كيف سننتقل
C:\Users\dell\Desktop\laststation\Audio\audio_000086.wav,عام ونص وانا نستنا فالمودام كي ركبولي modem مكاش internet
C:\Users\dell\Desktop\laststation\Audio\audio_000087.wav,رانا سبعة شهر و حنا نستناو les modem nokia
C:\Users\dell\Desktop\laststation\Audio\audio_000088.wav,عيينا وحنا نسجلو في فضاء الزبون يقولك رقم الزبون خاطيي مافهمناش كيفاه
C:\Users\dell\Desktop\laststation\Audio\audio_000089.wav,حنا عندنا عام مدولنا modem وعندها شهر جاو دارو le poteau بصح ماشفنا والو
C:\Users\dell\Desktop\laststation\Audio\audio_000090.wav,ممكن راكم في تقدم ملحوظ لكن ولاية خنشلة و بلديلتها راهي في سبات عميق
C:\Users\dell\Desktop\laststation\Audio\audio_000091.wav,كي دخلها و تكمل تاع شهر مجاني شحال تولي كل شهر تخلص
C:\Users\dell\Desktop\laststation\Audio\audio_000092.wav,راكم حفرتو و كملتو كي تجيو تركبو الخيوط و ساهلة راكم من ورا العيد الكبير و ماوصلتوش
C:\Users\dell\Desktop\laststation\Audio\audio_000093.wav,عندنا fibre بصح مازال مجابولنا les modem كل منروح يقولولي مازال مدخلوش les modem
C:\Users\dell\Desktop\laststation\Audio\audio_000094.wav,راكم غالطين في الشعار كان من الاحسن تحطو تحلزن بي l'internet اي الحلزون واسرع من قوة تدفق internet تاعكم
C:\Users\dell\Desktop\laststation\Audio\audio_000095.wav,المشكل راني في عامين ملي درت طلب وهما يقولو مكاش modem
C:\Users\dell\Desktop\laststation\Audio\audio_000096.wav,نتمنا تشوفو الحي تاعنا علاش محبوش يخدمو fibre و بقيت الاحياء درولهم
C:\Users\dell\Desktop\laststation\Audio\audio_000097.wav,حبيت نعرف شحال يخلصو كي يدخلوا internet اول خطرة
C:\Users\dell\Desktop\laststation\Audio\audio_000098.wav,مازال ملحقوش حفرو و دارو اشغال تاوعو و حطو باطة برك بصح مازال مدخلش
C:\Users\dell\Desktop\laststation\Audio\audio_000099.wav,وين راه fibre هذا رانا ساكنين ف العاصمة الولاية و مكاش تغطية ما بالك البيدالات البعيدة
C:\Users\dell\Desktop\laststation\Audio\audio_000100.wav,الجلفة عندنا عام ملي خلصنا و مازال modem مكاش كيفاش الحل
C:\Users\dell\Desktop\laststation\Audio\audio_000101.wav,ريڨلونا مشكل تاع internet رانا كرهنا ثلاثة ايام fibre مكاش
C:\Users\dell\Desktop\laststation\Audio\audio_000102.wav,رانا قريب ثلاثة شهر ملي دينا modem و مكاش تركيب
C:\Users\dell\Desktop\laststation\Audio\audio_000103.wav,modem هذا راهو كارثة connexion ڨاع مكاش راهي متلحقش un mega
C:\Users\dell\Desktop\laststation\Audio\audio_000104.wav,modem نتاعكم في reseau ميصلحش ناقص بزاف بزاف عيان راه متعبني
C:\Users\dell\Desktop\laststation\Audio\audio_000105.wav,وقتاش تريڨلولنا هذي متصلة ولا يتوفر internet عيب رانا في الفين و خمسة و عشرين
C:\Users\dell\Desktop\laststation\Audio\audio_000106.wav,كي مكاش منافسة ذوك ديرو نتوما رايكم
C:\Users\dell\Desktop\laststation\Audio\audio_000107.wav,برج الكيفان اظنها من العاصمة خارج تغطيتكم احشموا بركاونا ملكذب
C:\Users\dell\Desktop\laststation\Audio\audio_000108.wav,هيه بصحتهم جماعة fibre حنا جماعة adsl نساونا كامل الفين و خمسة و عشرين داخلة و مكان والو
C:\Users\dell\Desktop\laststation\Audio\audio_000109.wav,تاعش الخدمة انا خلصت وشريت modem غير باه يديرو الربط ثلاثة سوايع
C:\Users\dell\Desktop\laststation\Audio\audio_000110.wav,البارح شارجيت بطاقة التعبية مية الف بصح المشكل عدد الايام قعدوا هوما مزادوش واش هو المشكل
C:\Users\dell\Desktop\laststation\Audio\audio_000111.wav,سيدي عيسى مسيلة رانا نستناو في les modem اكتر من ثمانية شهر و لا جديد
C:\Users\dell\Desktop\laststation\Audio\audio_000112.wav,ماكن والوا ni service client ni خدمة شابة
C:\Users\dell\Desktop\laststation\Audio\audio_000113.wav,ركبولنا الخط و عطاونا modem وراه راكب و شحال هذي مدة عشرة ايام و مازال ماطلقوهاش اين الخلل
C:\Users\dell\Desktop\laststation\Audio\audio_000114.wav,خلصنا connexion شهر لول رانا ثلاثة ايام مكاش وين راه المشكل
C:\Users\dell\Desktop\laststation\Audio\audio_000115.wav,وين بلاصة في عنابة خويا حتى انا سرقولنا cable تاع internet
C:\Users\dell\Desktop\laststation\Audio\audio_000116.wav,فهمونا كيفاش نبدلو رقم الهاتف في فضاء الزبون بعد تغيير الرقم من adsl الى fibre ولا مادرتوش حسابها
C:\Users\dell\Desktop\laststation\Audio\audio_000117.wav,واش بيها internet adsl تقطعت علينا دورك و مازال فيها خمسة ايام على وقتها كاش حل
C:\Users\dell\Desktop\laststation\Audio\audio_000118.wav,عندي اكثر من شهر درت demande de fibre و مخلص كلشي و عطاوني modem و مازال مجاوش يركبولي
C:\Users\dell\Desktop\laststation\Audio\audio_000119.wav,حنا حتى adsl معندناش رانا بي 4g رانا نعانيوا دفعنا trois demande والوا
C:\Users\dell\Desktop\laststation\Audio\audio_000120.wav,خويا عندي شهر منين درت demande تاع modem تاع دار للدورك مركبوهش
C:\Users\dell\Desktop\laststation\Audio\audio_000121.wav,عرض هايل مشكورين مع fibre connexion روعة عجبني بزاف عرض تاع weekend
C:\Users\dell\Desktop\laststation\Audio\audio_000122.wav,اخي الكريم تحياتي كي تبدل السكن من ولاية الى ولاية اخرى هل تستطيع دير تحويل للخط نتاعك معاك
C:\Users\dell\Desktop\laststation\Audio\audio_000123.wav,وراه fibre عندي ستة شهر انتظر مخلص و كلش وين انروح ليهم يقولولي مازال مجاوناش les modem
C:\Users\dell\Desktop\laststation\Audio\audio_000124.wav,ديرولنا برك fibre و من بعد نشتاركو ماعندنا وين نروحو غير عندكم
C:\Users\dell\Desktop\laststation\Audio\audio_000125.wav,راه عندي modem راني نستنا وقتاش تجو تركبوه درارية الجزاير العاصمة
C:\Users\dell\Desktop\laststation\Audio\audio_000126.wav,شحال مدى تاع wifi لي فيه و تردد cinq giga hertz كاين فيه
C:\Users\dell\Desktop\laststation\Audio\audio_000127.wav,حنا في سيدي سرحان ولاية البليدة راهم عام غير مع الحفير مانيش عارف وقتاس يركب هذ fibre
C:\Users\dell\Desktop\laststation\Audio\audio_000128.wav,موقع نتاعكم فضاء زبون مراهش يخدم واش هو سبب
C:\Users\dell\Desktop\laststation\Audio\audio_000129.wav,كان عندي حساب قديم في فضاء الزبون ونسيتو و كي حبيت نحل واحد جديد ماحبش
C:\Users\dell\Desktop\laststation\Audio\audio_000130.wav,غالي normalement تراعو القدرة الشرائية باش تجيبو بزاف ناس ماشي غير صحاب الدراهم
C:\Users\dell\Desktop\laststation\Audio\audio_000131.wav,سلام عليكم كاين مشكل في تطبيق my idoom مانقدرش ندخل لفضاء الزبون
C:\Users\dell\Desktop\laststation\Audio\audio_000132.wav,modem fibre وين راه رانا قريب عام ملي درنا les demande
C:\Users\dell\Desktop\laststation\Audio\audio_000133.wav,اي كي ندير adsl كي تلحق fibre نقدر نبدل و est ce que جيهتنا قالك ما عندهمش fibre
C:\Users\dell\Desktop\laststation\Audio\audio_000134.wav,حنا في اكثر من شهر modem كاين و المشية يجيب ربي
C:\Users\dell\Desktop\laststation\Audio\audio_000135.wav,راني داير demande من جوان الفين و ربعة و عشرين و مازال مجاو مدولي modem
C:\Users\dell\Desktop\laststation\Audio\audio_000136.wav,ياو ريڨلولنا connexion برك راهي ثقيلة على td تاع ثمانية
C:\Users\dell\Desktop\laststation\Audio\audio_000137.wav,internet في الجزاير راهي تطور بزاف يعطيكم الصحة على المجهودات
C:\Users\dell\Desktop\laststation\Audio\audio_000138.wav,ركبت fibre واليوم راني نخلص في الفاتورة بالتليفون كلش ساهل
C:\Users\dell\Desktop\laststation\Audio\audio_000139.wav,ديرولنا عروض ترويجية تاع وينتا دخلو fibre للاحياء حفرتو الحفرة ماعرفناه fibre ماعرفناه tuyeau تاع الماء
C:\Users\dell\Desktop\laststation\Audio\audio_000140.wav,عندنا ربعة شهر من درتولننا modem الى يومنا مامشاش zero خدمة zero اتقان شكينا مية مرة لا حياة
C:\Users\dell\Desktop\laststation\Audio\audio_000141.wav,شبكة ضعيفة جدا لازم تزيدو هوائيات جدد مش غير تبيع modem و برج واحد في منطقة فيها الاف المشتركين
C:\Users\dell\Desktop\laststation\Audio\audio_000142.wav,ما تنساوش مينذاك ديرو تحديثات للتطبيقات ديالكم لي ماراهيش تمشي ولا تحوسو غير تبيعو
C:\Users\dell\Desktop\laststation\Audio\audio_000143.wav,والله عيب تقلعو من ايام الاشتراك هذي الخدمة normalement تكون مجانية للزبائن المشتركين في التدفقات العالية
C:\Users\dell\Desktop\laststation\Audio\audio_000144.wav,و انت خو كان عندك stable من الاول ولا كي ريكلاميت و شحال من وقت باش ولا stable
C:\Users\dell\Desktop\laststation\Audio\audio_000145.wav,حاب نستنفاد من التدفق لي راني مخلصو ستين mega تلحقني vingt six mega علاش المنكر هذا
C:\Users\dell\Desktop\laststation\Audio\audio_000146.wav,modem fibre وين راه رانا قريب عام ملي درنا les demande
C:\Users\dell\Desktop\laststation\Audio\audio_000147.wav,ما تقدروش تحولولي ما تبقى من اشتراكي في idoom adsl حوالى خمسطاش يوم الى idoom fibre الجديد
C:\Users\dell\Desktop\laststation\Audio\audio_000148.wav,راني في ثلاثة شهر نستنا عطاوني modem و مازال مركبوليش
C:\Users\dell\Desktop\laststation\Audio\audio_000149.wav,fibre هذا نسمعو بيه من عشر سنوات و مازال ماشفناهش رانا مازالنا في التسعينات
C:\Users\dell\Desktop\laststation\Audio\audio_000150.wav,عطيتونا modem ورانا نستناو تردو علينا وتبعتولنا المقاول يركب cable من باطة لدار
C:\Users\dell\Desktop\laststation\Audio\audio_000151.wav,نقدر ندير modem وحداخر في الطابق الاول مع العلم الارضي مش باسمي باسم الوالد
C:\Users\dell\Desktop\laststation\Audio\audio_000152.wav,فضاء الزبون علاه منقدروش نسجلو فيه رانا نرسلولكم في الخاص ومتجاوبوش علاه
C:\Users\dell\Desktop\laststation\Audio\audio_000153.wav,علاه منقدرش نسجل في فضاء الزبون للعلم انا جديد الموقع نتاعكم حابس
C:\Users\dell\Desktop\laststation\Audio\audio_000154.wav,ارواحو زورو مناطق الظل لي في الولاية و شوفو خدمة كي دايرة
C:\Users\dell\Desktop\laststation\Audio\audio_000155.wav,درت تعبئة من متعامل خارجي تاع مية الف شحال فيها من نهار
C:\Users\dell\Desktop\laststation\Audio\audio_000156.wav,بشحال يدخل modem fibre لدار بلخيوط تاعو بلباطة بكلش شحال
C:\Users\dell\Desktop\laststation\Audio\audio_000157.wav,كيفاش نعرفو رقم الزبون تاع fibre باه نفتحو حساب جديد في فضاء الزبون
C:\Users\dell\Desktop\laststation\Audio\audio_000158.wav,عطيتونا modem من شهرين ورانا نستناو تبعثولنا المقاول يركب cable من باطة للمحل
C:\Users\dell\Desktop\laststation\Audio\audio_000159.wav,كي تكون سرعة internet ثلاثين mega كم سعر الاشتراك في الشهر idoom fibre
C:\Users\dell\Desktop\laststation\Audio\audio_000160.wav,روحت رفدت modem قالولي راك رافد modem قبل منقدروش نعطولك
C:\Users\dell\Desktop\laststation\Audio\audio_000161.wav,modem ديما مكاش من ماي الفين و ربعة و عشرين و حنا نستناو كل يوم مافهمنا والوا
C:\Users\dell\Desktop\laststation\Audio\audio_000162.wav,لو زدتو شوية في اسعار internet و هنيتونا من المشكل كبير تاع اشتراك fix
C:\Users\dell\Desktop\laststation\Audio\audio_000163.wav,اودي ريڨلو connexion و فضاء الزبون دخلت درت الشكوى من تم رجع منقدرش ندخل ڨاع
C:\Users\dell\Desktop\laststation\Audio\audio_000164.wav,تهضرو على fibre تقول مركبينو في كل توراب الوطن منعرفوش كيفاه حتى جاي fibre هدى
C:\Users\dell\Desktop\laststation\Audio\audio_000165.wav,ريڨلولنا la fibre يودي مراهيش تمشي راهي كل شوي و تتنقطع مرانا قادرين نخدمو و مرانا قادرين نلعبو
C:\Users\dell\Desktop\laststation\Audio\audio_000166.wav,ريڨلولنا مشكل internet لي راهي مكوبية من الجمعة لا خبر عيينا شكينا جرينا النافع ربي
C:\Users\dell\Desktop\laststation\Audio\audio_000167.wav,كون خليتونا بالقديم خير عندنا مدة ملي ركبنا modem الجديد و مكان والوا la connexion مازالت مكايناش
C:\Users\dell\Desktop\laststation\Audio\audio_000168.wav,بصح modem تعاكم غير متوفر في الوكالات عندي خمسة شهر ملي سجلت ماعيطوليش
C:\Users\dell\Desktop\laststation\Audio\audio_000169.wav,علاه كي نحب نسجل في فضاء الزبون تخرجي باجة كحلة algerie telecom
C:\Users\dell\Desktop\laststation\Audio\audio_000170.wav,السعر تاع vingt mega بزاف حنين par rapport الخدمة الي يقدموها
C:\Users\dell\Desktop\laststation\Audio\audio_000171.wav,كون نحيتو كلمة سرعة برك و حطو واش حبيتو عدد الابراج يتحسب على اصابع اليد في اكبر المدن
C:\Users\dell\Desktop\laststation\Audio\audio_000172.wav,كاين الخدمات في internet و فضاء الزبون خلو الخدامة تعيد و تريح واش بيكم
C:\Users\dell\Desktop\laststation\Audio\audio_000173.wav,وين نطير وين خمسة سنين و الحي تاعي يستنا ديروله fibre
C:\Users\dell\Desktop\laststation\Audio\audio_000174.wav,سلام عليكم كيف اغير رقم الهاتف على تطبيق idoom من فضلكم
C:\Users\dell\Desktop\laststation\Audio\audio_000175.wav,ياو وفرلي les modem nokia امبعد ساهل يالفاشلين عام و نص و مازال ماجبتوهم
C:\Users\dell\Desktop\laststation\Audio\audio_000176.wav,خلصنا internet لبارح مشات و ليوم مكاش عندها ساعتين محبتش تجي
C:\Users\dell\Desktop\laststation\Audio\audio_000177.wav,عندنا اكثر من ربعة شهر مازال modem راهو souvenire في الحيط لم يشتعل
C:\Users\dell\Desktop\laststation\Audio\audio_000178.wav,انا حاب اتصالات الجزاير هي لماشي حابة يكون la fibre عين الترك وهران راكم سامحينا فيهم
C:\Users\dell\Desktop\laststation\Audio\audio_000179.wav,شحال تخلص كي دخل خط اول مرة و هل modem من عند الشركة و لا نشروه
C:\Users\dell\Desktop\laststation\Audio\audio_000180.wav,كيفاه نسلفوا من تطبيق بعد ماتخلاص internet اعطولي عقلكم
C:\Users\dell\Desktop\laststation\Audio\audio_000181.wav,راني مخلص حق ثلاثمية mega راها توصل غير عشرين mega
C:\Users\dell\Desktop\laststation\Audio\audio_000182.wav,راني قريب نلحق لشمس اطلقونا internet راني في سبعة شهر
C:\Users\dell\Desktop\laststation\Audio\audio_000183.wav,من الصباح connexion مكاش في سحاولة رانا مخلصين يهديكم ربي
C:\Users\dell\Desktop\laststation\Audio\audio_000184.wav,راني قريب في شهر ملي درت تحويل الاقامة مازال مجاو
C:\Users\dell\Desktop\laststation\Audio\audio_000185.wav,كي نخلص من بريدي موب نستفيد من عشرين ولا لالا
C:\Users\dell\Desktop\laststation\Audio\audio_000186.wav,كاين مسوول عيان راهو في actel تاع algerie telecom
C:\Users\dell\Desktop\laststation\Audio\audio_000187.wav,فرحت كي شفت التغطية وصلت للدوار تاعنا بارك الله فيكم
C:\Users\dell\Desktop\laststation\Audio\audio_000188.wav,عجبني بزاف systeme الجديد تاع التذاكر في الوكالة نظام هايل
C:\Users\dell\Desktop\laststation\Audio\audio_000189.wav,زيدوا اخطونا برك من انقطاع internet رانا خاطينكم حنا
C:\Users\dell\Desktop\laststation\Audio\audio_000190.wav,هذي فكرة مليحة بصح كون تديروها فكل الاوقات مثلا شهر هذا بسرعة و شهر الجاي ترجع السرعة القديمة
C:\Users\dell\Desktop\laststation\Audio\audio_000191.wav,بزاف مناطق مافيهاش تغطية 4g مثلا بني قبوش بلدية الحدائق ولاية سكيكدة
C:\Users\dell\Desktop\laststation\Audio\audio_000192.wav,ها modem هل يعقل عام كامل مراكمش قادرين تجبوا modem
C:\Users\dell\Desktop\laststation\Audio\audio_000193.wav,idoom 4g رانا ندمنا على الاشتراك فيها لضعف الشبكة في المسيلة
C:\Users\dell\Desktop\laststation\Audio\audio_000194.wav,reseau راه غير ثابت مرة ناقص مرة يروح اين الخلل تاع 4g
C:\Users\dell\Desktop\laststation\Audio\audio_000195.wav,هل من الطبيعي تركيب fibre لثلاثة منازل في نفس العمارة و حنا مطالبين بتقديم مطلب في الوكالة
C:\Users\dell\Desktop\laststation\Audio\audio_000196.wav,ربعة شهر من كي ديت modem مازال ماركبوش الخيط كل يوم يركبو زوج خيوط للمعارف و صايي
C:\Users\dell\Desktop\laststation\Audio\audio_000197.wav,les modem راهم في عام مازال ما وصلوش من الصين شوفولنا بالاك البابور راه غارق في الطريق
C:\Users\dell\Desktop\laststation\Audio\audio_000198.wav,اطلقونا internet راه الاشتراك تاعي مخلاصش او مهيش تمشي
C:\Users\dell\Desktop\laststation\Audio\audio_000199.wav,ربي يحفظكم اتصالات الجزاير لولاية الاغواط راكم في الصدارة
C:\Users\dell\Desktop\laststation\Audio\audio_000200.wav,عجبني بزاف التصرف تاع عمال الاستقبال قمة في الاحترام
C:\Users\dell\Desktop\laststation\Audio\audio_000201.wav,راني نسنا فيكم تجو تكملو خدمتكم وتربطونا بي fibre القطب الحضري الجديد الحراش
C:\Users\dell\Desktop\laststation\Audio\audio_000202.wav,كي تكملو الولايات الداخلية و خاصة الولاية المنتدبة قصر الشلالة كارثة بمعنى الكلمة العصر الحجري في internet
C:\Users\dell\Desktop\laststation\Audio\audio_000203.wav,عندي مشكل l'internet ماتمشيش خلاص عندها زوج سوايع فليل و بعد مكاش رحت عند اتصالات ما دارولي والوا
C:\Users\dell\Desktop\laststation\Audio\audio_000204.wav,l'internet هذ يومين راهي بزاف تقيلة ولا عدنا برك
C:\Users\dell\Desktop\laststation\Audio\audio_000205.wav,يعطيكم الصحة والله غير تطور كبير وليت نشكركم السمحولي علي كنت نعاير اتصالات الجزاير المزيد من النجاحات انشاءالله
C:\Users\dell\Desktop\laststation\Audio\audio_000206.wav,راهي مقطوعة عندي في بلعباس راهم يقولو مشكل تاع cent quatre vingt treize logement و شنو هذو
C:\Users\dell\Desktop\laststation\Audio\audio_000207.wav,اني في سبعة شهر مكاين والوا اين الخلل كلش صحيح لا internet لا telephone
C:\Users\dell\Desktop\laststation\Audio\audio_000208.wav,عندنا شهر ملي ركبنا modem fibre مازال مطلقتوش l'internet ردو في الخاص
C:\Users\dell\Desktop\laststation\Audio\audio_000209.wav,شهر modem راكب للاسف الشديد لا حياة لمن تنادي pour activer l'internet
C:\Users\dell\Desktop\laststation\Audio\audio_000210.wav,فضاء الزبون ماولاش يحطلي الفاتورة كي بدلت fibre يخرجلي zero
C:\Users\dell\Desktop\laststation\Audio\audio_000211.wav,ديرولنا موقع اتصالات الجزاير والتطبيق يخدم حتى تروح l'internet
C:\Users\dell\Desktop\laststation\Audio\audio_000212.wav,وقتاش تدوبليو التدفق بالنسبة لمشتركي fibre العرض بدى ولا مازال
C:\Users\dell\Desktop\laststation\Audio\audio_000213.wav,راني في ربعة ايام و connexion لا تشتغل los red
C:\Users\dell\Desktop\laststation\Audio\audio_000214.wav,العصر الالكتروني راح يخلاص و حنا مازال ما جابولناش les modem
C:\Users\dell\Desktop\laststation\Audio\audio_000215.wav,تعلم كيف تنتقل بسهولة الى fibre في ظرف ستة شهر
C:\Users\dell\Desktop\laststation\Audio\audio_000216.wav,ولاية باتنة احياء مازال موصلوش fibre الحكاية مطولة فوق عام
C:\Users\dell\Desktop\laststation\Audio\audio_000217.wav,fibre هذا رجعتوهلنا حلم الفين و خمسة و عشرين مازال ملحقناش fibre نظن احفادنا يلحقوا على fibre عييتونا بدراهمنا و مسعيناش connexion
C:\Users\dell\Desktop\laststation\Audio\audio_000218.wav,تطبيق اتصالات الجزاير تطبيق فاشل كي تخدمو خدمو حاجة مليحة خطرة في حياتكم
C:\Users\dell\Desktop\laststation\Audio\audio_000219.wav,رانا في ربعة شهر بلا internet رغم شكاوي متكررة والله ما حبو يخدموها
C:\Users\dell\Desktop\laststation\Audio\audio_000220.wav,مشكل راه ضعيف بزاف في عين مليلة ولاية ام البواقي خاصة في حي ربعمية وخمسين مسكن بوزابيل
C:\Users\dell\Desktop\laststation\Audio\audio_000221.wav,نريد حلول فعلية لا مجرد سماع الزبون خدمة ليكيدي المتصل لا تثمر
C:\Users\dell\Desktop\laststation\Audio\audio_000222.wav,غير طلقولنا لقديم برك لي عندنا ثلاثة شهر مركبينو وماطلقتولناش service ومن بعد نطيرو معليش
C:\Users\dell\Desktop\laststation\Audio\audio_000223.wav,من فضلكم استلمنا modem قبل اسبوع تقريبا متى ياتي العمل للتركيب ولايه عنابة واد القبة
C:\Users\dell\Desktop\laststation\Audio\audio_000224.wav,عندي شهر ملي جبت modem ولليوم مازال مطلقوليش l'internet بيروقراطية رقمية
C:\Users\dell\Desktop\laststation\Audio\audio_000225.wav,عندي اكثر من شهر و انا نشكي ضعف internet بدون جدوى
C:\Users\dell\Desktop\laststation\Audio\audio_000226.wav,لماذا لا تغيرون modem fibre للمستفيدين الاوائل بي modem wifi six
C:\Users\dell\Desktop\laststation\Audio\audio_000227.wav,واش بيه التطبيق my idoom لا يعمل و الدخول لفضاء الزبون عبر صفحة الويب لا يعمل
C:\Users\dell\Desktop\laststation\Audio\audio_000228.wav,دخلتو عليها غير تطبيقات و internet يجيب ربي
C:\Users\dell\Desktop\laststation\Audio\audio_000229.wav,جيبو fibre و من بعد دخلونا بالاعلانات هاتمسخرو بصحتكم
C:\Users\dell\Desktop\laststation\Audio\audio_000230.wav,متقطعوش l'internet برك و مكلاه تقولي ماراناش نقطعو
C:\Users\dell\Desktop\laststation\Audio\audio_000231.wav,اسوء خدمة internet راهي داخلة في ربعة و عشرين ساعة مكاش
C:\Users\dell\Desktop\laststation\Audio\audio_000232.wav,adsl راهي في حاله ضعيفة بزاف واحد mega مكاش
C:\Users\dell\Desktop\laststation\Audio\audio_000233.wav,idoom Market السعر غالي جدا و لا يشجع زيد تكاليف الاشتراك
C:\Users\dell\Desktop\laststation\Audio\audio_000234.wav,صحاب adsl نطلبوا منكم التفاتة و لو صغيرة من فضلكم
C:\Users\dell\Desktop\laststation\Audio\audio_000235.wav,سرعة internet في الفين و خمسة و عشرين واحد mega و deux mega هذي حڨرة ناس راهي في cent mega و deux cent mega
C:\Users\dell\Desktop\laststation\Audio\audio_000236.wav,ماقدرناش ادارة بسكرة اكثر من عامين من fibre مازال مالحقناش malgre بيناتنا شارع واحد هما عندهم و حنا معندناش
C:\Users\dell\Desktop\laststation\Audio\audio_000237.wav,كي دير رفع تدفق internet عبر فضاء الزبون فضاء الزبون يقولك تم رفع التدفق
C:\Users\dell\Desktop\laststation\Audio\audio_000238.wav,هذا التطبيق لا يعمل و 4g رانا نعانو من نقص تدفق internet ومتقليش اتصل بينا
C:\Users\dell\Desktop\laststation\Audio\audio_000239.wav,شريت modem في ستة و عشرين ماي من الخيمة قدام الدار ولحد الساعة مازال مجاوش بلاصاوه
C:\Users\dell\Desktop\laststation\Audio\audio_000240.wav,انا ما قدرتش ندخل بي numero جديد تاع la fibre في هذه l'application تاع my idoom
C:\Users\dell\Desktop\laststation\Audio\audio_000241.wav,رانا حاصلين في adsl تخلص عشرين mega توصلك quinze mega و السبب قدم التجهيزات
C:\Users\dell\Desktop\laststation\Audio\audio_000242.wav,ركبولي modem و الخط في جانفي الى يومنا هذا مازال مطلقوليش اكثر من ربعة شهر
C:\Users\dell\Desktop\laststation\Audio\audio_000243.wav,في حي ثمنطاش الرحمانية راهي مقطوعة internet خلال عام و في حي واحد
C:\Users\dell\Desktop\laststation\Audio\audio_000244.wav,شكرا على الهدايا و bonus لي راكم تمدوهم في المناسبات
C:\Users\dell\Desktop\laststation\Audio\audio_000245.wav,خصنا خريطة للمشاريع ولاية عين الدفلى بلدية طارق بن زياد كل واحد واش راو يقولنا
C:\Users\dell\Desktop\laststation\Audio\audio_000246.wav,ماراهيش توصل الفاتورة لا عن طريق email و لا عن طريق فضاء الزبون
C:\Users\dell\Desktop\laststation\Audio\audio_000247.wav,في نظري كل اطارات تعمل تربص عند موسسات ooredoo و غيرها لكسب خبرات
C:\Users\dell\Desktop\laststation\Audio\audio_000248.wav,شحال يخلص لي عندو اتفاقية معاكم و مع الشرطة internet
C:\Users\dell\Desktop\laststation\Audio\audio_000249.wav,راني في شهرين و خمسة ايام بلا internet خمسين reclamation النافع ربي
C:\Users\dell\Desktop\laststation\Audio\audio_000250.wav,الله يعاونكم راني نشوف الخدمة والله كل شكر و تقدير لكم
C:\Users\dell\Desktop\laststation\Audio\audio_000251.wav,انشاءالله يكون نقص فالتسعيرة تاع طناش بي ثلاثمية الف على الاقل
C:\Users\dell\Desktop\laststation\Audio\audio_000252.wav,اخي عند جداتي في احمر العين ولاية تيبازة راهي مكاش connexion تروح ساعة و جي ربع ساعة
C:\Users\dell\Desktop\laststation\Audio\audio_000253.wav,الهاتف لا يستقبل و لا استطيع اجراء مكالمات مع انه بقيت سبعة دقايق هدية و فاتورة واحدة غير مسددة اين المشكل
C:\Users\dell\Desktop\laststation\Audio\audio_000254.wav,عندي ربعة ايام بدون internet fibre قالولي كاين مشكل في la ligne
C:\Users\dell\Desktop\laststation\Audio\audio_000255.wav,المشكل راه بالموقع طلعت تطبيق my idoom و قدرت ندخل
C:\Users\dell\Desktop\laststation\Audio\audio_000256.wav,الفضاء مابقاش يخرج الفواتير و العمليات و خدمة الدفع الالكتروني راهي تدي دراهم وماتتخلصش internet
C:\Users\dell\Desktop\laststation\Audio\audio_000257.wav,من جوان الفين و ربعة و عشرين الى غاية جوان الفين و خمسة و عشرين و نتوما تقولونا شهر الجاي نديرولكم fibre
C:\Users\dell\Desktop\laststation\Audio\audio_000258.wav,اشتركنا و كامل و عندنا شهرين محبوش يمدولنا modem اتصالات الجزاير تاع بودواو
C:\Users\dell\Desktop\laststation\Audio\audio_000259.wav,كلامك يبين مستواك ثانيا عندي ثلاثمية mega نخلص ثلاثمية الف في شهر internet قوة
C:\Users\dell\Desktop\laststation\Audio\audio_000260.wav,حبيت جاوبوني هنا هل عمال fibre هم شركة خاصة و هل هم تابعين لاتصلاتكم
C:\Users\dell\Desktop\laststation\Audio\audio_000261.wav,modem عندي و mise en service ماطلقتوهاش ثلاثة شهر و انا نستنا بلا جدوى
C:\Users\dell\Desktop\laststation\Audio\audio_000262.wav,حنا رام فوق ستة شهر ملي ركبونا modem فقسنطينة ومنين نروحو يتمسخرو بينا
C:\Users\dell\Desktop\laststation\Audio\audio_000263.wav,كيف احصل على تحديث modem 4g lte نوع b ثلاثمية و عشرة هل يوجد رابط لتحميل التحديث
C:\Users\dell\Desktop\laststation\Audio\audio_000264.wav,عندي اكثر من ثلاثة شهر ملي عطاوني modem لذرك مازال مجاو ركبوه
C:\Users\dell\Desktop\laststation\Audio\audio_000265.wav,عندي عامين و انا نخلص internet و ندخل للفضاء الزبون نلقا نفس التاريخ لانتهائية الصلاحية
C:\Users\dell\Desktop\laststation\Audio\audio_000266.wav,انا مشكلتي عندي modem هذ العام و مازال مابرونشاوش المشكل تخص البوطة برك
C:\Users\dell\Desktop\laststation\Audio\audio_000267.wav,من الاحسن تطلعونا الاحياء لي فيها fibre خير من اكتشف اهليتك راه اغلب الشعب ماشي موهل
C:\Users\dell\Desktop\laststation\Audio\audio_000268.wav,رانا نستناو ربط باقي احياء بلدية المزدور بهذ الخدمة و لا تقتصر على حي سكني واحد
C:\Users\dell\Desktop\laststation\Audio\audio_000269.wav,راني نستنا فيكم توصلو الالياف الى حي النصر بريكة و من بعد ساهل
C:\Users\dell\Desktop\laststation\Audio\audio_000270.wav,ولي عنده سكن فردي و ما عندهمش لجنة حي كي يديرو
C:\Users\dell\Desktop\laststation\Audio\audio_000271.wav,غليزان مفيهاش هذه الخدمة حي خمسمية مسكن برمادية متى تتفكرونا
C:\Users\dell\Desktop\laststation\Audio\audio_000272.wav,لم يعطوني لا عقد اشتراك و لا فاتورة فقط وصل الدفع و فقط
C:\Users\dell\Desktop\laststation\Audio\audio_000273.wav,هاذاك العام هنا في خميس الخشنة بحي سيدي سرحان عندهم العام لي فات ملي حفرو بصح مبان والوا
C:\Users\dell\Desktop\laststation\Audio\audio_000274.wav,تطبيق my idoom كي نسجل تقلي هذ الحساب موجود
C:\Users\dell\Desktop\laststation\Audio\audio_000275.wav,عندي اكثر من شهرين modem راكب و internet مكاش
C:\Users\dell\Desktop\laststation\Audio\audio_000276.wav,كم المدة التي لازم انتظرها حتى يطلقو la ligne بعد تركيب modem و هل لازم نتصل بكم
C:\Users\dell\Desktop\laststation\Audio\audio_000277.wav,كيف استفيد من طناش mega و مخرج modem لا يتعدى واحد mega هل عندكم حل شكرا
C:\Users\dell\Desktop\laststation\Audio\audio_000278.wav,منطقتي تدعم la fibre بصح لا اعلم كيف ادخلها كيفاش اقدم طلب
C:\Users\dell\Desktop\laststation\Audio\audio_000279.wav,في ثنين و تسعين مسكن مرسى الحاج مازال مادارو la fibre من المقرر الفين و خمسة و عشرين
C:\Users\dell\Desktop\laststation\Audio\audio_000280.wav,وجماعة 4g معندهمش حل مناطق الظل وسكان القرى الصغيرة والتجمعات السكانية الدواور
C:\Users\dell\Desktop\laststation\Audio\audio_000281.wav,modem ماقدرتوش توفروه كتر من عام وتحكو على التحدياث contrat غرقتو فيها
C:\Users\dell\Desktop\laststation\Audio\audio_000282.wav,عندي فايت شهر ملي خلصت و مدولي modem و مازال مجاوش برونشولي
C:\Users\dell\Desktop\laststation\Audio\audio_000283.wav,خدمة fibre راهي مقطوعة من البارح عندنا يا Algerie Telecom
C:\Users\dell\Desktop\laststation\Audio\audio_000284.wav,و ليوم نضت لقيت internet راحت و meme امبولة تاع adsl راحت مجاتش علاه
C:\Users\dell\Desktop\laststation\Audio\audio_000285.wav,حنا ربعة شهر مكاش connexion fibre و نتوما تقولو خلص والله غير امر غريب
C:\Users\dell\Desktop\laststation\Audio\audio_000286.wav,حنا في وسط المدينة بجاية سيدي اعلي البحر الي
C:\Users\dell\Desktop\laststation\Audio\audio_000287.wav,فضاء زبون مايحبش يمشي ڨاع تعبنا و حنا نسجلو مكان والوا
C:\Users\dell\Desktop\laststation\Audio\audio_000288.wav,connexion مقطوعة من البارح في اولاد فايت شوفولنا حل
C:\Users\dell\Desktop\laststation\Audio\audio_000289.wav,لي مايعرفش رقم الهاتف تاعو حبيتو يعرف الرقم التسلسلي
C:\Users\dell\Desktop\laststation\Audio\audio_000290.wav,رانا ربعة ايام بدون internet بسبب التمسخير تاع فريق التقني
C:\Users\dell\Desktop\laststation\Audio\audio_000291.wav,تعامل الموظف في وكالة بير مراد رايس كان بزاف هايل
C:\Users\dell\Desktop\laststation\Audio\audio_000292.wav,الموظف الي في la caisse كان خفيف وظريف يعطيه الصحة
C:\Users\dell\Desktop\laststation\Audio\audio_000293.wav,ختي العام انشاءالله ينقصلنا في السعر برك راهي شوية شوية
C:\Users\dell\Desktop\laststation\Audio\audio_000294.wav,كاين لي عندو مشكل مع فضاء الزبون مارهش يمشي عندو
C:\Users\dell\Desktop\laststation\Audio\audio_000295.wav,اطلقونا connexion ومبعد اهدرو راني في شهر ركبولي connexion و مكاش
C:\Users\dell\Desktop\laststation\Audio\audio_000296.wav,كي ترضي زبون اولا لحد الان عندي عطب لحد ساعة
C:\Users\dell\Desktop\laststation\Audio\audio_000297.wav,تم تعبئة مبلغ اشتراك شهر و لم يتم اضافة ايام المهداة و تم التاكد عبر حسابي في منصة فضاء الزبون
C:\Users\dell\Desktop\laststation\Audio\audio_000298.wav,يا خوتي صدقوني عييت من هدي الحالة كل يوم نعيطلكم و نبعتلكم على جال internet و الخط الثابت
C:\Users\dell\Desktop\laststation\Audio\audio_000299.wav,شوفولنا probleme في بلدية ملاكو ولاية تيارت من صباح راحت internet ڨاع البلدية
C:\Users\dell\Desktop\laststation\Audio\audio_000300.wav,modem 4g وين نلقاه رقم الزبون بش نسجل في فضاء الزبون
C:\Users\dell\Desktop\laststation\Audio\audio_000301.wav,وقتاش تبلاصيو les modem fibre عندي شهر مازال نستنا
C:\Users\dell\Desktop\laststation\Audio\audio_000302.wav,بلاد specifique la fibre غير في العاصمة و مشتقاتها الافضلية ديما تكون عندهم
C:\Users\dell\Desktop\laststation\Audio\audio_000303.wav,واش من fibre واش من خدمة التطور و التقدم zero
C:\Users\dell\Desktop\laststation\Audio\audio_000304.wav,غير وفرولنا les modem و من بعد ساهل
C:\Users\dell\Desktop\laststation\Audio\audio_000305.wav,لي جميع مشتركين idoom 4g قاطعوها خطرش راهم يطلعو مشتركين علي ظهركم
C:\Users\dell\Desktop\laststation\Audio\audio_000306.wav,خمسة شهر و modem معلق المهم الصبر و يقولولك في اقرب الاجال و رانا صابرين
C:\Users\dell\Desktop\laststation\Audio\audio_000307.wav,adsl راهو مريڨل هذ ليامات مكاش ڨاع les coupure
C:\Users\dell\Desktop\laststation\Audio\audio_000308.wav,4g lte راهي منقذة في الاماكن الي مافيهاش les cable
C:\Users\dell\Desktop\laststation\Audio\audio_000309.wav,انا انخلص كل شهر ميتين وخمسين الف و لم استفد من خدمة fibre
C:\Users\dell\Desktop\laststation\Audio\audio_000310.wav,سوال خارج الموضوع هل استطيع تجميد الاشتراك في fibre لمدة اسبوع
C:\Users\dell\Desktop\laststation\Audio\audio_000311.wav,انا مافهمتش علاش مهمش حابين يصلحونا مشكل connexion سطاش يوم بدون internet
C:\Users\dell\Desktop\laststation\Audio\audio_000312.wav,كي تبدلو les cable adsl في الاحياء الشعبية العريقة الى ftth تم اهدرو على العروض و الوقت الي بقى
C:\Users\dell\Desktop\laststation\Audio\audio_000313.wav,وين راه الي راح يتمحن معاكم و connexion زبل
C:\Users\dell\Desktop\laststation\Audio\audio_000314.wav,راحت l'internet من ثلاثة تاع صباح حتى لدوك ماجتش
C:\Users\dell\Desktop\laststation\Audio\audio_000315.wav,عندها تقريب اسبوع هي ضعيفة واش من يوم عالمي
C:\Users\dell\Desktop\laststation\Audio\audio_000316.wav,يعطيهم الصحة على التغطية حتى في المناطق البعيدة و كاينة
C:\Users\dell\Desktop\laststation\Audio\audio_000317.wav,connexion راحتلي صباح مشكل غير عندي ولا مشكل عام
C:\Users\dell\Desktop\laststation\Audio\audio_000318.wav,connexion zero شركة فاشلة زدت التدفق و راني نعاني
C:\Users\dell\Desktop\laststation\Audio\audio_000319.wav,التغطية معندناش في حي السعيد بوصبع الحروش ولاية سكيكدة
C:\Users\dell\Desktop\laststation\Audio\audio_000320.wav,حنا مقطوعة عندها ثلاثة ايام لا حياة لمن تنادي
C:\Users\dell\Desktop\laststation\Audio\audio_000321.wav,علاه مديروش فيديوهات قصيره تشرح طريقة انشاء الحساب كيما دارت وكالة عدل الي كانت ناجحة مية هكا تستهلو على زبائنكم
C:\Users\dell\Desktop\laststation\Audio\audio_000322.wav,لماذا عملية التسجيل في فضاء الزبون غير متاحة لقد حاولت التسجيل عدة مرات بدون فايدة
C:\Users\dell\Desktop\laststation\Audio\audio_000323.wav,الفواتير لا تصل الى البريد الالكتروني وغير ممكن تحميلها عبر التطبيق او فضاء الزبون
C:\Users\dell\Desktop\laststation\Audio\audio_000324.wav,اخرى تطبيقين في العالم my idoom و baridi mob ڤاع العام ميصلحوش والمشكل كي تسحقهم
C:\Users\dell\Desktop\laststation\Audio\audio_000325.wav,يوجد حد اشتراك ادنى من اجل الاستفادة من هذ العرض ام جميع التدفقات معنية
C:\Users\dell\Desktop\laststation\Audio\audio_000326.wav,ارفعولي انشغال في ما يخص تغيير الاشتراك لان الحالي لا يوجد بشبكتم و وكالاتكم
C:\Users\dell\Desktop\laststation\Audio\audio_000327.wav,بعد التجارب لي درتوها السرعة صارت بطيية مشترك ثلاثين mega تطلع عندي سبعة mega
C:\Users\dell\Desktop\laststation\Audio\audio_000328.wav,ياودي ديرولنا في la fibre نظل نجي ليكم تقولونا مازال مازال
C:\Users\dell\Desktop\laststation\Audio\audio_000329.wav,في سيرايدي كاين مقاول يركب la fibre بلوجوه في دار سمير
C:\Users\dell\Desktop\laststation\Audio\audio_000330.wav,ياو اطلقونا l'internet رانا خمسطاش يوم من الي ركبنا fibre و مكان والوا
C:\Users\dell\Desktop\laststation\Audio\audio_000331.wav,واش بيه fibre ملي صب المطر و هو في تذبذب
C:\Users\dell\Desktop\laststation\Audio\audio_000332.wav,ما اقصى مدة ينتظرها الزبون بعد طلبه تركيب خط fibre
C:\Users\dell\Desktop\laststation\Audio\audio_000333.wav,دفعت dossier تاع la fibre ومدولي modem شهر للان مجاوش ركبوه
C:\Users\dell\Desktop\laststation\Audio\audio_000334.wav,بلاصاو modem الاحد لي فاتت و مازال ما طلقوهاش
C:\Users\dell\Desktop\laststation\Audio\audio_000335.wav,هل يمكن تغيير modem القديم nokia بي modem جديد wifi six
C:\Users\dell\Desktop\laststation\Audio\audio_000336.wav,4g راهي تسلك في السفر نخدم بيها youtube normal
C:\Users\dell\Desktop\laststation\Audio\audio_000337.wav,عندي ثلاثة شهر ملي رفدت modem مكاين والو زيغود يوسف قسنطينة
C:\Users\dell\Desktop\laststation\Audio\audio_000338.wav,حنا في رمضان جمال هذا هو اليوم الثالث بدون internet
C:\Users\dell\Desktop\laststation\Audio\audio_000339.wav,مشروع fibre وين نسكن راه عنده عام من لي حفرو و دارو التيوات و cable مازال
C:\Users\dell\Desktop\laststation\Audio\audio_000340.wav,و حنا في الشمال و في ميلة معندناش fibre ركبوه و من بعد كلش ساهل ياو لوكان بزوج ملاين
C:\Users\dell\Desktop\laststation\Audio\audio_000341.wav,انشاءالله مايكونش قطع لخدمات internet التي ندفع اشتراكها شهريا ويتم قطعها بدم بارد ايام البكالوريا
C:\Users\dell\Desktop\laststation\Audio\audio_000342.wav,عندنا شهر مين رفدنا modem و تجي المقاولة تركب لجيران كي تهدر معاهم يقلك اسمك مكاش في القائمة
C:\Users\dell\Desktop\laststation\Audio\audio_000343.wav,سلام كيفاش نعرف رقم الزبون باش نسجل في فضاء الزبون الي في الفاتورة غالط
C:\Users\dell\Desktop\laststation\Audio\audio_000344.wav,حبيت نسجل في فضاء الزبون لكن يقولي الرقم خاطئ ماعرفتش اين الخلل
C:\Users\dell\Desktop\laststation\Audio\audio_000345.wav,لماذا لا تضعون تطبيق اشكيلي من منزل لتحسين خدمة و عصرنتها و معالجة مشاكل الشبكة سريعا
C:\Users\dell\Desktop\laststation\Audio\audio_000346.wav,دايمن نخلص جامي مدتيو يومين bonus ونخلص ببطاقة الذهبية bonus هذا مكاش
C:\Users\dell\Desktop\laststation\Audio\audio_000347.wav,والله نحير فيكم زيدو اشتراك شهري بسعر ثابت و خلونا من الرصيد المحدود
C:\Users\dell\Desktop\laststation\Audio\audio_000348.wav,عندي زوج خطرات و انا نخلص بي baridi mob و ملحقني حتى bonus
C:\Users\dell\Desktop\laststation\Audio\audio_000349.wav,شحال من خطرة نحاول نسجل في فضاء الزبون لكن للاسف كلها بائت بالفشل
C:\Users\dell\Desktop\laststation\Audio\audio_000350.wav,كي تمدولي رقم الزبون في الخاص ندخل ليه ردو عليا في الخاص
C:\Users\dell\Desktop\laststation\Audio\audio_000351.wav,سلام internet مقطوعة من البارح و مرجعتش حتى الان
C:\Users\dell\Desktop\laststation\Audio\audio_000352.wav,راني بلا connexion من البارح في الدار كامل
C:\Users\dell\Desktop\laststation\Audio\audio_000353.wav,bonjour مكاش connexion من صباح
C:\Users\dell\Desktop\laststation\Audio\audio_000354.wav,connexion تاع adsl راهي طايحة من الليل
C:\Users\dell\Desktop\laststation\Audio\audio_000355.wav,internet تتقطع و ترجع بزاف و مانقدرش نخدم ڨاع
C:\Users\dell\Desktop\laststation\Audio\audio_000356.wav,cartier complet بدون internet من البارح يا خو
C:\Users\dell\Desktop\laststation\Audio\audio_000357.wav,راني نعيط على خاطر connexion ما راهيش تخدم ڨاع
C:\Users\dell\Desktop\laststation\Audio\audio_000358.wav,من فضلكم عندنا coupure internet في كامل العمارة
C:\Users\dell\Desktop\laststation\Audio\audio_000359.wav,internet طاحت دربة وحدة اليوم ومن بعد ما رجعتش ڨاع ياخو
C:\Users\dell\Desktop\laststation\Audio\audio_000360.wav,مكان حتى reseau في la ligne تاعي من صباح
C:\Users\dell\Desktop\laststation\Audio\audio_000361.wav,راني نخلص vingt mega ويوصل غير cinq mega
C:\Users\dell\Desktop\laststation\Audio\audio_000362.wav,le debit ضعيف بزاف surtout فالليل
C:\Users\dell\Desktop\laststation\Audio\audio_000363.wav,عندي cinquante mega بصح السرعة ما توصلش كاملة
C:\Users\dell\Desktop\laststation\Audio\audio_000364.wav,connexion تقيلة بزاف وما نقدرش نخدم بها
C:\Users\dell\Desktop\laststation\Audio\audio_000365.wav,youtube ما يخدمش مليح والتحميل تقيل بزاف
C:\Users\dell\Desktop\laststation\Audio\audio_000366.wav,les page يتحلو بشوية و كامل الوقت lag
C:\Users\dell\Desktop\laststation\Audio\audio_000367.wav,من فضلكم le debit ناقص بزاف هذ اليامات
C:\Users\dell\Desktop\laststation\Audio\audio_000368.wav,نخلص fibre cent vingt mega بصح ما توصلش
C:\Users\dell\Desktop\laststation\Audio\audio_000369.wav,ماهوش يلحقلي le debit لي راني نخلص عليه
C:\Users\dell\Desktop\laststation\Audio\audio_000370.wav,connexion ضعيفة بزاف في الدار كامل
C:\Users\dell\Desktop\laststation\Audio\audio_000371.wav,قالولي technicien يجي نهار الخميس ومازال ماجا
C:\Users\dell\Desktop\laststation\Audio\audio_000372.wav,رانا نستناو installation سمانة هدي و مكان والوا
C:\Users\dell\Desktop\laststation\Audio\audio_000373.wav,درت demande fibre ومازال حتى واحد ما عيط
C:\Users\dell\Desktop\laststation\Audio\audio_000374.wav,le dossier تاعي باقي en attente من مدة
C:\Users\dell\Desktop\laststation\Audio\audio_000375.wav,علاش installation تاع fibre تعطلت لهذ الوقت
C:\Users\dell\Desktop\laststation\Audio\audio_000376.wav,خليت numero تاعي و مازال ماعيطلي حتى واحد
C:\Users\dell\Desktop\laststation\Audio\audio_000377.wav,technicien مبانش ڨاع ورانا نستناو فيه
C:\Users\dell\Desktop\laststation\Audio\audio_000378.wav,demande تاعي مازال ما تخدمتش هدي شحال
C:\Users\dell\Desktop\laststation\Audio\audio_000379.wav,راني نستنا في raccordement من مدة طويلة هدي
C:\Users\dell\Desktop\laststation\Audio\audio_000380.wav,مكاش ڨاع suivi على dossier تاعي نهائيا
C:\Users\dell\Desktop\laststation\Audio\audio_000381.wav,اني حاب نعرف اذا كاين fibre في الحومة
C:\Users\dell\Desktop\laststation\Audio\audio_000382.wav,واش la fibre وصلت للحي تاعنا ولا مازال
C:\Users\dell\Desktop\laststation\Audio\audio_000383.wav,bonjour est ce que ftth disponible في منطقتنا
C:\Users\dell\Desktop\laststation\Audio\audio_000384.wav,علاش centre ville فيها fibre و حنا لالا
C:\Users\dell\Desktop\laststation\Audio\audio_000385.wav,نحب renseignement على raccordement fibre optique
C:\Users\dell\Desktop\laststation\Audio\audio_000386.wav,واش لازم باش نقدر نبدل من adsl fibre
C:\Users\dell\Desktop\laststation\Audio\audio_000387.wav,كاين couverture fibre في البلدية تاعنا
C:\Users\dell\Desktop\laststation\Audio\audio_000388.wav,علاش مكاش fibre في المنطقة تاعنا
C:\Users\dell\Desktop\laststation\Audio\audio_000389.wav,نحب نعرف وقتاش توصل fibre للحومة
C:\Users\dell\Desktop\laststation\Audio\audio_000390.wav,هل fibre متوفرة حاليا في الحي
C:\Users\dell\Desktop\laststation\Audio\audio_000391.wav,my idoom ما يفتحش نهائيا من الصباح
C:\Users\dell\Desktop\laststation\Audio\audio_000392.wav,application ماتخدمش و كل مرة تعطيني erreur
C:\Users\dell\Desktop\laststation\Audio\audio_000393.wav,ما نقدرش ندخل espace client تاعي
C:\Users\dell\Desktop\laststation\Audio\audio_000394.wav,نحتاج numero client باش نفتح compte my idoom
C:\Users\dell\Desktop\laststation\Audio\audio_000395.wav,je veux نشوف facture بصح application bloquee
C:\Users\dell\Desktop\laststation\Audio\audio_000396.wav,mot de passe ما يخدمش في my idoom
C:\Users\dell\Desktop\laststation\Audio\audio_000397.wav,راني نحاول نخلص online بصح مكاش
C:\Users\dell\Desktop\laststation\Audio\audio_000398.wav,site تاعكم bloquer و مايفتحش كامل
C:\Users\dell\Desktop\laststation\Audio\audio_000399.wav,compte تاعي ماراهوش يدخل نهائيا
C:\Users\dell\Desktop\laststation\Audio\audio_000400.wav,application فيها bug وما نقدرش نخدم بيها
C:\Users\dell\Desktop\laststation\Audio\audio_000401.wav,هل اليوم نقدر نخلص la facture في الوكالة
C:\Users\dell\Desktop\laststation\Audio\audio_000402.wav,نحب نعرف وين نقدر نخلص facture
C:\Users\dell\Desktop\laststation\Audio\audio_000403.wav,la facture جاتني غالية بزاف هذ الشهر
C:\Users\dell\Desktop\laststation\Audio\audio_000404.wav,علاش facture طلعت اكثر من المعتاد
C:\Users\dell\Desktop\laststation\Audio\audio_000405.wav,راني خلصت en ligne بصح ماجازش paiement
C:\Users\dell\Desktop\laststation\Audio\audio_000406.wav,paiement درتو بصح service ما رجعش
C:\Users\dell\Desktop\laststation\Audio\audio_000407.wav,وين نقدر ندفع facture تاع internet
C:\Users\dell\Desktop\laststation\Audio\audio_000408.wav,الفاتورة ماهيش واضحة ونحب التفاصيل
C:\Users\dell\Desktop\laststation\Audio\audio_000409.wav,je veux des detail تاع la facture من فضلكم
C:\Users\dell\Desktop\laststation\Audio\audio_000410.wav,paiement en ligne ما يخدمش عندي
C:\Users\dell\Desktop\laststation\Audio\audio_000411.wav,من فضلكم la ligne تاعي elle est endommager
C:\Users\dell\Desktop\laststation\Audio\audio_000412.wav,je veux changer la ligne لان القديمة ماتخدمش
C:\Users\dell\Desktop\laststation\Audio\audio_000413.wav,la ligne تاعي فيها probleme ونحب نبدلها
C:\Users\dell\Desktop\laststation\Audio\audio_000414.wav,نحتاج renseignement على remplacement de la carte
C:\Users\dell\Desktop\laststation\Audio\audio_000415.wav,modem 4g مايخدمش مليح في الدار
C:\Users\dell\Desktop\laststation\Audio\audio_000416.wav,reseau ضعيف في الشركة تاعي
C:\Users\dell\Desktop\laststation\Audio\audio_000417.wav,نحب modem جديد wifi six لان القديم حبس
C:\Users\dell\Desktop\laststation\Audio\audio_000418.wav,ligne تاعي ماراهيش تخدم من اليوم صباح
C:\Users\dell\Desktop\laststation\Audio\audio_000419.wav,la puce bloquee وما قدرتش نخدم بها
C:\Users\dell\Desktop\laststation\Audio\audio_000420.wav,carte sim تاعي راهي endommagee
C:\Users\dell\Desktop\laststation\Audio\audio_000421.wav,شكرا لكم على تحسين connexion في الحي
C:\Users\dell\Desktop\laststation\Audio\audio_000422.wav,service تحسن بزاف في الايام الاخيرة
C:\Users\dell\Desktop\laststation\Audio\audio_000423.wav,internet ولات مليحة هذ اليامات
C:\Users\dell\Desktop\laststation\Audio\audio_000424.wav,شكرا على التدخل السريع تاعكم
C:\Users\dell\Desktop\laststation\Audio\audio_000425.wav,bon travail equipe technique على الخدمة
C:\Users\dell\Desktop\laststation\Audio\audio_000426.wav,ياريت تزيدو stabilite في connexion اكثر
C:\Users\dell\Desktop\laststation\Audio\audio_000427.wav,لازم application تتصلح و تتحدث في اقرب وقت
C:\Users\dell\Desktop\laststation\Audio\audio_000428.wav,service client لازم يجاوب اسرع من هكذا
C:\Users\dell\Desktop\laststation\Audio\audio_000429.wav,زيدو couverture fibre في المناطق البعيدة
C:\Users\dell\Desktop\laststation\Audio\audio_000430.wav,ياريت تديرو suivi احسن للطلبيات تاع modem
C:\Users\dell\Desktop\laststation\Audio\audio_000431.wav,ردو علينا ياو مكان حتى جواب يا
C:\Users\dell\Desktop\laststation\Audio\audio_000432.wav,service تاعكم صفر و ماتردوش كامل
C:\Users\dell\Desktop\laststation\Audio\audio_000433.wav,هذا ظلم للمشتركين كامل بصح
C:\Users\dell\Desktop\laststation\Audio\audio_000434.wav,service كارثي و مكان حتى متابعة
C:\Users\dell\Desktop\laststation\Audio\audio_000435.wav,واش هذ la qualite تاع service
C:\Users\dell\Desktop\laststation\Audio\audio_000436.wav,connexion instable بزاف وتقطع كل شوية
C:\Users\dell\Desktop\laststation\Audio\audio_000437.wav,modem ما يخدمش مليح من البارح
C:\Users\dell\Desktop\laststation\Audio\audio_000438.wav,la ligne فيها bruit و internet ضعيفة
C:\Users\dell\Desktop\laststation\Audio\audio_000439.wav,internet يقطع بزاف خاصة بالليل
C:\Users\dell\Desktop\laststation\Audio\audio_000440.wav,service بطيء بزاف في المعالجة
C:\Users\dell\Desktop\laststation\Audio\audio_000441.wav,نحب معلومات على offre internet
C:\Users\dell\Desktop\laststation\Audio\audio_000442.wav,quelle sont les offre fibre المتوفرة حاليا
C:\Users\dell\Desktop\laststation\Audio\audio_000443.wav,واش كاين promo على internet هذ الايام
C:\Users\dell\Desktop\laststation\Audio\audio_000444.wav,نحب تفاصيل على abonnement المناسب لي
C:\Users\dell\Desktop\laststation\Audio\audio_000445.wav,prix تاع abonnement fibre شحال من فضلكم
C:\Users\dell\Desktop\laststation\Audio\audio_000446.wav,connexion تحسنت اليوم شكرا لكم
C:\Users\dell\Desktop\laststation\Audio\audio_000447.wav,شكرا على الدعم و التدخل السريع
C:\Users\dell\Desktop\laststation\Audio\audio_000448.wav,service اليوم كان مليح بزاف قوة
C:\Users\dell\Desktop\laststation\Audio\audio_000449.wav,equipe professionnelle وتعامل مليح
C:\Users\dell\Desktop\laststation\Audio\audio_000450.wav,merci pour le support تاعكم اليوم
C:\Users\dell\Desktop\laststation\Audio\audio_000451.wav,والله حنا رانا نستناو فيكم ماشي نتوما لي تستناو فينا
C:\Users\dell\Desktop\laststation\Audio\audio_000452.wav,عندي اكثر من شهرين modem راكب و internet مكاش
C:\Users\dell\Desktop\laststation\Audio\audio_000453.wav,جويني عبد الله رانا فالهوا سوا عيطتلهم قالك صيانة
C:\Users\dell\Desktop\laststation\Audio\audio_000454.wav,quinze mega بثمن الفين dinar غالية لازم الثمن يهبط الى الف dinar l'internet اصبحت من الاساسيات
C:\Users\dell\Desktop\laststation\Audio\audio_000455.wav,فضاء الزبون لا يعمل معي اكثر من شهر
C:\Users\dell\Desktop\laststation\Audio\audio_000456.wav,واش من fibre و واش من خدمة التطور و التقدم
C:\Users\dell\Desktop\laststation\Audio\audio_000457.wav,لوكان زدتو شوية في اسعار l'internet و هنيتونا من المشكل كبير تاع اشتراك fix
C:\Users\dell\Desktop\laststation\Audio\audio_000458.wav,يعطيكم الصحة على المجهودات صراحة خدمة فالقمة meme المشاكل تتحل بسرعة ربي يقدركم
C:\Users\dell\Desktop\laststation\Audio\audio_000459.wav,اين هي هذ internet التي تتحدثون عنها منذ سنين
C:\Users\dell\Desktop\laststation\Audio\audio_000460.wav,دير كيما انا درت انا و فضاء الزبون من googla و تهنيت
C:\Users\dell\Desktop\laststation\Audio\audio_000461.wav,نحن نريد الانضمام الى عايلة fibre منذ شهر نوفمبر
C:\Users\dell\Desktop\laststation\Audio\audio_000462.wav,رانا نستناو عندنا عامين و حنا نستناو و مكاين والوا
C:\Users\dell\Desktop\laststation\Audio\audio_000463.wav,رانا في ربعة شهر بلا internet رغم شكاوي متكررة والله ما حبو يخدموهلنا
C:\Users\dell\Desktop\laststation\Audio\audio_000464.wav,فضاء الزبون عبر الخاص لا يعمل لا يتم الرد
C:\Users\dell\Desktop\laststation\Audio\audio_000465.wav,ارعاو الشركة تاعكم برك ابشع شركة من حيث الخدمات
C:\Users\dell\Desktop\laststation\Audio\audio_000466.wav,كي تمدولي رقم زبون في الخاص ندخل ليه ردو عليا في الخاص
C:\Users\dell\Desktop\laststation\Audio\audio_000467.wav,الالياف البصرية مازال متاخرين بزاف المشروع راو يمشي بلعقل كبير
C:\Users\dell\Desktop\laststation\Audio\audio_000468.wav,الاسعار في متناول الطبقة الراقية نستعملو la puce افضل
C:\Users\dell\Desktop\laststation\Audio\audio_000469.wav,حبيت نسجل في فضاء الزبون لكن يقولي الرقم خاطئ ما عرفتش وين الخلل
C:\Users\dell\Desktop\laststation\Audio\audio_000470.wav,هل نقدر نشري هذ الشريحة بدون modem شكرا
C:\Users\dell\Desktop\laststation\Audio\audio_000471.wav,حبيت جاوبوني هنا est ce que عمال fibre هم شركة privee ولا تابعين ليكم
C:\Users\dell\Desktop\laststation\Audio\audio_000472.wav,ممكن نعرف وين راه الرقم التسلسلي ولا وين نلقاه
C:\Users\dell\Desktop\laststation\Audio\audio_000473.wav,ارفعولي انشغال في مايخص تغيير الاشتراك لان الحالي لا يوجد بشبكتم و وكالاتكم
C:\Users\dell\Desktop\laststation\Audio\audio_000474.wav,خلف modem الاخ راهي متصلحش الطريقة مكلاه تكسر راسك
C:\Users\dell\Desktop\laststation\Audio\audio_000475.wav,عندي internet عندها اكثر من ثمانية ساعات مكاش و راني مخلصها
C:\Users\dell\Desktop\laststation\Audio\audio_000476.wav,بالتوفيق ان شاءالله لشباب مدينة عنابة و مجاورها
C:\Users\dell\Desktop\laststation\Audio\audio_000477.wav,يجب الاستغناء تماما عن الخطوط و العروض القديمة و يجب تطبيق fibre في جميع انحاء الوطن
C:\Users\dell\Desktop\laststation\Audio\audio_000478.wav,لا اعتقد انه سيكون fibre قي الحي الذي نسكن فيه الا بعد عدة سنوات
C:\Users\dell\Desktop\laststation\Audio\audio_000479.wav,يجب تكثيف المراقبه لا يزال اشخاص يسعون بكل جهد لتعطيل هذا النجاح اعداء النجاح
C:\Users\dell\Desktop\laststation\Audio\audio_000480.wav,المشكل الشركة الطاغوتية هذي مايديرو اعلان مايفهموا الناس واش كاين
C:\Users\dell\Desktop\laststation\Audio\audio_000481.wav,connexion تاعكم باله حاجة متصلح فيها وخدماتكم جد متدنية
C:\Users\dell\Desktop\laststation\Audio\audio_000482.wav,my idoom لا يعمل منذ الصباح و نفس الشيء فضاء الزبون على المتصفح
C:\Users\dell\Desktop\laststation\Audio\audio_000483.wav,يقولك المشكل راهو فيك و توجه الي اقرب مركز
C:\Users\dell\Desktop\laststation\Audio\audio_000484.wav,ريڨليولنا انقطاع internet من البارح من فضلكم رانا بشغالاتنا
C:\Users\dell\Desktop\laststation\Audio\audio_000485.wav,ايه مليح واش عندكم fibre نتوما في الجلفة ولا لالا
C:\Users\dell\Desktop\laststation\Audio\audio_000486.wav,نفس المشكل قالولي ارواح غدوة ڨروب الرادار
C:\Users\dell\Desktop\laststation\Audio\audio_000487.wav,ربعة ايام بدون internet والوكالة المحلية لا ترد على الشكوى المقدمة
C:\Users\dell\Desktop\laststation\Audio\audio_000488.wav,حنا حي ثمانية محمد رزيق منسيين تقول ماشي ڨاع في العاصمة
C:\Users\dell\Desktop\laststation\Audio\audio_000489.wav,reseau يتقطع debit ضعيف تحسب راك في تسعينات
C:\Users\dell\Desktop\laststation\Audio\audio_000490.wav,يا ناس رانا نعانو من تقرت شوفو فينا شويا
C:\Users\dell\Desktop\laststation\Audio\audio_000491.wav,عندي شهرين وانا نستنا modem فالدار بصح ما جاوش يركبوه عيب و عار
C:\Users\dell\Desktop\laststation\Audio\audio_000492.wav,اذا كانت بلدية كاملة ليس بها تغطية الالياف البصرية
C:\Users\dell\Desktop\laststation\Audio\audio_000493.wav,من بارح على ثلاثة تاع عشية نقطعت internet حتى الوقت الحالي مازال مجاتش
C:\Users\dell\Desktop\laststation\Audio\audio_000494.wav,و حنا تاع بن طلحة و قتاه تكملو توصلولنا fibre
C:\Users\dell\Desktop\laststation\Audio\audio_000495.wav,fibre لسكان الباطيمات فقط باقي الشعب ليس في الحسبان
C:\Users\dell\Desktop\laststation\Audio\audio_000496.wav,systeme هذا تحسو بنادم حبين يحصلو فيه عدم احترافية العمال وهذا مكان
C:\Users\dell\Desktop\laststation\Audio\audio_000497.wav,لم اتمكن بالتصال بكم عبر الرسائل الخاصة
C:\Users\dell\Desktop\laststation\Audio\audio_000498.wav,موقع نتاعكم فضاء زبون مراهش يخدم واش هو سبب
C:\Users\dell\Desktop\laststation\Audio\audio_000499.wav,internet و الهاتف مقطوعين من البارح ردو على الخاص
C:\Users\dell\Desktop\laststation\Audio\audio_000500.wav,الفضاء مابقاش يخرج الفواتير و العمليات و خدمة الدفع الالكتروني راهي تدي دراهم و ماتتخلصش internet
C:\Users\dell\Desktop\laststation\Audio\audio_000501.wav,بالتوفيق والسداد نتمناولكم الرقي و الازدهار و ربي يوفقكم و دمتم فخر على راس هذا القطاع
C:\Users\dell\Desktop\laststation\Audio\audio_000502.wav,internet وضعها كارثي منذ ايام من فضلكم اين السبب
C:\Users\dell\Desktop\laststation\Audio\audio_000503.wav,عنابه اكثر ولاية مهمشة الاشغال فيها تسير ببطئ شديد
C:\Users\dell\Desktop\laststation\Audio\audio_000504.wav,الجلفة عندنا عام ملي خلصنا و مازال modem مكاش كيفاش الحل
C:\Users\dell\Desktop\laststation\Audio\audio_000505.wav,سرقولنا cable normalement هذه هي الفرصة باش تركبولنا fibre
C:\Users\dell\Desktop\laststation\Audio\audio_000506.wav,خدمة فضاء الزبون لا تعمل عندي لا استطيع الدخول الى معلوماتي ديرولنا حل
C:\Users\dell\Desktop\laststation\Audio\audio_000507.wav,ماقولتوش بلي ركزو مع الامتحانات لانو مكاش internet
C:\Users\dell\Desktop\laststation\Audio\audio_000508.wav,علاش ماقدرتش ندخل في فضاء موقع الزبون حبيت نخلص ماراهوش يدخل compte ديالي
C:\Users\dell\Desktop\laststation\Audio\audio_000509.wav,وعلاش متهدروش على الفواتير لي تخلصها من بعد l'internet متجيش
C:\Users\dell\Desktop\laststation\Audio\audio_000510.wav,هل خارج الولاية يمكن دفع فاتورة الهاتف في djezzy
C:\Users\dell\Desktop\laststation\Audio\audio_000511.wav,بصح كيف كيف مع العادية غير upload الي طالع
C:\Users\dell\Desktop\laststation\Audio\audio_000512.wav,راكم ثقال ثقال ثقال في سيدي بلعباس حتى الفين و ثلاثين و اذا كملتوها
C:\Users\dell\Desktop\laststation\Audio\audio_000513.wav,لازم شركة منافسة لا يستطيعون تغطية زرج كيلومتر مربع بدون تذبذبات
C:\Users\dell\Desktop\laststation\Audio\audio_000514.wav,ياو جيبونا les modem nokia راني في عام و انا نستنا
C:\Users\dell\Desktop\laststation\Audio\audio_000515.wav,ربي يهديكم مانعرف واش من عالم راكم عايشين فيه
C:\Users\dell\Desktop\laststation\Audio\audio_000516.wav,ربي يحفظكم اتصالات الجزاير لولاية الاغواط راكم في الصدارة
C:\Users\dell\Desktop\laststation\Audio\audio_000517.wav,علاه internet راهي مقطوعة مع العلم راني مخلص برديدة
C:\Users\dell\Desktop\laststation\Audio\audio_000518.wav,ممكن راكم في تقدم ملحوظ لكن ولاية خنشلة و بلديلتها راهي في سباقات عميقة
C:\Users\dell\Desktop\laststation\Audio\audio_000519.wav,كي ترضي زبون اولا لحد الان عندي عطب لحد ساعة ماشي مسقم
C:\Users\dell\Desktop\laststation\Audio\audio_000520.wav,حنا مقطوعة عندها ثلاثة ايام لا حياة لمن تنادي
C:\Users\dell\Desktop\laststation\Audio\audio_000521.wav,اعيدو دراسة الاسعار فهي في غير متناول الجميع نرجوا ان تتفهمو انشغالنا
C:\Users\dell\Desktop\laststation\Audio\audio_000522.wav,انا مافهمتش علاش ماشي حابين يصقمولنا مشكل connexion
C:\Users\dell\Desktop\laststation\Audio\audio_000523.wav,اعطيني الرقم من فضلك او موقع رفع الشكاوى
C:\Users\dell\Desktop\laststation\Audio\audio_000524.wav,fibre تقول دار وراتة غي نوضو ينقص كلش لا تدفق لا upload
C:\Users\dell\Desktop\laststation\Audio\audio_000525.wav,كم يبلغ سعر الاشتراك للهاتف الثابث في fibre
C:\Users\dell\Desktop\laststation\Audio\audio_000526.wav,ما هي اسعار internet الالياف البصرية خمسين mega
C:\Users\dell\Desktop\laststation\Audio\audio_000527.wav,internet تاعي قريب ربعة شهر مقطوعة بسبب خيط مقطوع
C:\Users\dell\Desktop\laststation\Audio\audio_000528.wav,تطبيق my idoom و فضاء الزبون في google مايمشوش
C:\Users\dell\Desktop\laststation\Audio\audio_000529.wav,التغطية معندناش في حي السعيد بوصبع الحروش ولاية سكيكدة
C:\Users\dell\Desktop\laststation\Audio\audio_000530.wav,مكان حتى مصداقية شهر ملي بلاصولي modem fibre و مكاش لا تليفون لا internet
C:\Users\dell\Desktop\laststation\Audio\audio_000531.wav,في حياتي ما شفت شركة تستهزا بناس كيما نتوما
C:\Users\dell\Desktop\laststation\Audio\audio_000532.wav,مازالنا بالخيوط تاع بكري من حي خمسمية مسكن ماوصلناش الحضارة
C:\Users\dell\Desktop\laststation\Audio\audio_000533.wav,نور محمد على حساب كل اسرة و شحال فيها
C:\Users\dell\Desktop\laststation\Audio\audio_000534.wav,تهلاو كوبيو connexion السمانة لجاية كيما ديرو كل عام
C:\Users\dell\Desktop\laststation\Audio\audio_000535.wav,اساتذ شحال نخلص في شهر و واش هو الملف المطلوب
C:\Users\dell\Desktop\laststation\Audio\audio_000536.wav,اطلقولنا connexion يا الرب العالي عيينا و حنا نحلو فيكم
C:\Users\dell\Desktop\laststation\Audio\audio_000537.wav,دفع الكتروني و منصة فتح فضاء الزبون من نهار الخميس متمشيش
C:\Users\dell\Desktop\laststation\Audio\audio_000538.wav,متى يتم تركيب modem الياف البصرية شارع الزعاطشة بعد الامن الحضري
C:\Users\dell\Desktop\laststation\Audio\audio_000539.wav,بلدية اولاد راشد مكان والو في بالي مناش تابعين تقسيم اداري لولاية البويرة
C:\Users\dell\Desktop\laststation\Audio\audio_000540.wav,لحد الان ركبولي modem من شهر جانفي و هو عندي
C:\Users\dell\Desktop\laststation\Audio\audio_000541.wav,حنا ركبولنا modem في شهرين لذرك مطلقوناش l'internet يخي قالو شهر لول باطل
C:\Users\dell\Desktop\laststation\Audio\audio_000542.wav,حنا عندنا عام مدولنا modem وعندها شهر جاو دارو البوطو بصح ماشفنا والوا
C:\Users\dell\Desktop\laststation\Audio\audio_000543.wav,لي عندو le modem خصو لي يمونطيلو يبعتلي فلخاص
C:\Users\dell\Desktop\laststation\Audio\audio_000544.wav,في وسط مدينة الشلف لحد الساعة مكاش كامل fibre
C:\Users\dell\Desktop\laststation\Audio\audio_000545.wav,حياتي نبدلها كي نبدل لبلاد قرن و حنا نستناو في la fibre optique
C:\Users\dell\Desktop\laststation\Audio\audio_000546.wav,علبيها الاب شهر ملي خلص مازال لم يستلم modem
C:\Users\dell\Desktop\laststation\Audio\audio_000547.wav,حي عدل الف و مية و تسعين مسكن اولاد فايت انقطاع internet يوم كامل
C:\Users\dell\Desktop\laststation\Audio\audio_000548.wav,راني نخلص quinze mega و توصلني deux mega و مينداك متفوتش un mega
C:\Users\dell\Desktop\laststation\Audio\audio_000549.wav,اخدمولنا فضاء الزبون باش نعرفو واش كاين و من بعد اهدرولنا على امور وحداخرا
C:\Users\dell\Desktop\laststation\Audio\audio_000550.wav,رجاء الرد في الخاص رانا بلا connexion في سمانة هذي
C:\Users\dell\Desktop\laststation\Audio\audio_000551.wav,لخيط مكاش و تقولنا دخلو la fibre عمروها برك و ساهل
C:\Users\dell\Desktop\laststation\Audio\audio_000552.wav,عطيتونا modem و رانا نستناو تبعثولنا ليكيب تبلاصي cable من باطة للحانوت
C:\Users\dell\Desktop\laststation\Audio\audio_000553.wav,قبل عامين دخلو reseau و قبل دخلو للديار و اليوم مازال ماجابولناش meme pas les modem
C:\Users\dell\Desktop\laststation\Audio\audio_000554.wav,من الافضل تخلوه يمشي حتى بعد انقطاع internet
C:\Users\dell\Desktop\laststation\Audio\audio_000555.wav,كيفاش نعرف الرقم الهاتف الجديد مشكل انو مابعتوليش الرقم
C:\Users\dell\Desktop\laststation\Audio\audio_000556.wav,الشعب و خرجتوه من الاهلية تاعو حبيتوه يسمع اهليت الشعب
C:\Users\dell\Desktop\laststation\Audio\audio_000557.wav,تشوف الرجال وين وصلو و اتصالات المغرب عالم جديد يناديكم وين راهم تنخلع
C:\Users\dell\Desktop\laststation\Audio\audio_000558.wav,والله هذي دورك شحال من عام و نتوما تقولوها
C:\Users\dell\Desktop\laststation\Audio\audio_000559.wav,واشبيها connexion تاعكم من البارح و اليوم تتقطع و كاين تذبذبات
C:\Users\dell\Desktop\laststation\Audio\audio_000560.wav,هل هو متوفر في الوكالات حاليا ام لا
C:\Users\dell\Desktop\laststation\Audio\audio_000561.wav,modem عندي و المقاول مكاش لي يجي يركب modem فهموا رواحكم
C:\Users\dell\Desktop\laststation\Audio\audio_000562.wav,دخلت اشتراك جديد و خلصت الف dinar و لكن طلقولي فقط ثلاثين mega
C:\Users\dell\Desktop\laststation\Audio\audio_000563.wav,وجوهكم و غاسلينها ببول الحمير قالك السرعة
C:\Users\dell\Desktop\laststation\Audio\audio_000564.wav,نسحقو روية اليوم برك modem ماقدرتوش توفروهلنا منذ عام
C:\Users\dell\Desktop\laststation\Audio\audio_000565.wav,كيفاه هذ fibre ناس عندهم و ناس لالا في نفس الدائرة
C:\Users\dell\Desktop\laststation\Audio\audio_000566.wav,راني مخلص حق ثلاثمية mega راهي توصل غير خميس
C:\Users\dell\Desktop\laststation\Audio\audio_000567.wav,دخلولنا fibre لدار بالسبت و للدوك مكاش connexion
C:\Users\dell\Desktop\laststation\Audio\audio_000568.wav,مبادرة حسنة تستحق التثمين في ميزان حسناتكم جميعا
C:\Users\dell\Desktop\laststation\Audio\audio_000569.wav,عندنا cable مقطع عندو سمانة وين راكم يارب
C:\Users\dell\Desktop\laststation\Audio\audio_000570.wav,شوفولنا probleme في بلدية الحومة من صباح راحت internet ڨاع
C:\Users\dell\Desktop\laststation\Audio\audio_000571.wav,ردو عليا فلخاص رقم الزبون مقدرتش نخرجو من الموقع
C:\Users\dell\Desktop\laststation\Audio\audio_000572.wav,حنا الحميز اقرب نقطة عندكم مازال كفنا مع التهريج
C:\Users\dell\Desktop\laststation\Audio\audio_000573.wav,اخر رسالة بعتهالكم عندها ثلاثة سنين لحد الساعة مرديتوش عليها
C:\Users\dell\Desktop\laststation\Audio\audio_000574.wav,رانا في عام مخلصين و نستناو في les modem مكاش برك
C:\Users\dell\Desktop\laststation\Audio\audio_000575.wav,معندناش connexion في يومين دوك زعما الياف بصرية ومنعرف
C:\Users\dell\Desktop\laststation\Audio\audio_000576.wav,انا لم اتمكن من تسجيل فضاء الزبون برغم من رقم الزبون صحيح
C:\Users\dell\Desktop\laststation\Audio\audio_000577.wav,اريد معرفة عن الاشتراك في خدمة internet
C:\Users\dell\Desktop\laststation\Audio\audio_000578.wav,عطاولك post بزوج دورو باه تشدلهم la page و تتستر علي الحق
C:\Users\dell\Desktop\laststation\Audio\audio_000579.wav,اريد معرفة رقم الزبون باش نفتح حساب في فضاء الزبون
C:\Users\dell\Desktop\laststation\Audio\audio_000580.wav,شارع لي قدامنا ملي جات حاجة اسمها la fibre عندهم
C:\Users\dell\Desktop\laststation\Audio\audio_000581.wav,فضاء الزبون علاه منقدروش نسجلو فيه رانا نرسلولكم في الخاص و متجاوبوش علاش
C:\Users\dell\Desktop\laststation\Audio\audio_000582.wav,شهرين modem كاين و مازال مرضاوش علينا يجو يركبولنا
C:\Users\dell\Desktop\laststation\Audio\audio_000583.wav,وين راو modem fibre عندنا عام و حنا نستناو كل يوم تبلعطو فينا
C:\Users\dell\Desktop\laststation\Audio\audio_000584.wav,اصبر يلحقو fibre لعندنا هذا اذا لحقو من بعد ساهل
C:\Users\dell\Desktop\laststation\Audio\audio_000585.wav,mille giga ستة شهر تسما استهلاك يومي لازم ما يفوتش خمسة و ستين giga
C:\Users\dell\Desktop\laststation\Audio\audio_000586.wav,يا موطن توجه للقضاء و جيب حقك هذي الشركة ماينفع معها والوا
C:\Users\dell\Desktop\laststation\Audio\audio_000587.wav,من فضلكم مازالت الاشغال لتوصيل fibre في بلدية بني تامو البليدة بطيئة
C:\Users\dell\Desktop\laststation\Audio\audio_000588.wav,نقص فالتغطية التدفق ضعيف جدا سرعة لا تتجاوز مية bit
C:\Users\dell\Desktop\laststation\Audio\audio_000589.wav,تحيا الجزاير وسط البليدة بلا internet قرابة سبعة شهر
C:\Users\dell\Desktop\laststation\Audio\audio_000590.wav,هيه في الموشر تتقدم و في ارض الواقع شيء اخر
C:\Users\dell\Desktop\laststation\Audio\audio_000591.wav,كل المنشورات تاعكم تتحدث على fibre و adsl نسيتوه
C:\Users\dell\Desktop\laststation\Audio\audio_000592.wav,متقطعوش علينا l'internet برك و مكلاه تقولي ماراناش نقطعو
C:\Users\dell\Desktop\laststation\Audio\audio_000593.wav,حبيت تعرف رقم باطة وين جاي الي في بوطو
C:\Users\dell\Desktop\laststation\Audio\audio_000594.wav,بعت مشكلتي على الخاص هل ممكن تجاوبني من فضلك
C:\Users\dell\Desktop\laststation\Audio\audio_000595.wav,انا راني في شهر بلا internet و مجاوش يخدمولي المشكل
C:\Users\dell\Desktop\laststation\Audio\audio_000596.wav,كي شكركم رديتو عليه ولي ينتقدمكم تضربو عليه النح
C:\Users\dell\Desktop\laststation\Audio\audio_000597.wav,عندها خمسة ايام connexion مكاش ناس تتقدم للقدام حنا نولو للور
C:\Users\dell\Desktop\laststation\Audio\audio_000598.wav,لماذا لا يتم اظافة خاصية توقيف الخط موقتا و اعادة تشغيله من فضاء الزبون
C:\Users\dell\Desktop\laststation\Audio\audio_000599.wav,بجاية بالضبط سوق ثنين لا يوجد رغم الطلب الكبير عليها من طرف السكان
C:\Users\dell\Desktop\laststation\Audio\audio_000600.wav,وين نجيب رقم الزبون و حنا ماعندنا حتى فاتورة
C:\Users\dell\Desktop\laststation\Audio\audio_000601.wav,عندها تقريب اسبوع هي ضعيفة واش من يوم عالمي
C:\Users\dell\Desktop\laststation\Audio\audio_000602.wav,هل نقدرو نسجلو خط ثاني في نفس البيت
C:\Users\dell\Desktop\laststation\Audio\audio_000603.wav,فريق الابطال ربي يوفقكم ديما شكرا جزيلا على الاحترافية العالية و الاخلاق المشهودة
C:\Users\dell\Desktop\laststation\Audio\audio_000604.wav,connexion zero شركة فاشلة زدت التدفق و راني نعاني
C:\Users\dell\Desktop\laststation\Audio\audio_000605.wav,خصتنا شريحة اتصالات الجزاير الجيل الرابع و الجيل الخامس بها تحسن
C:\Users\dell\Desktop\laststation\Audio\audio_000606.wav,بلديتنا قريب ڨاع استفادوا من الخدمة الى الحومة تاعنا الهدرة عليها و مكاش
C:\Users\dell\Desktop\laststation\Audio\audio_000607.wav,دوك راو كلش بالبطاقة الذهبية واش ندير عند djezzy
C:\Users\dell\Desktop\laststation\Audio\audio_000608.wav,هل من عروض باطل الي يحب يدخل الياف بصرية
C:\Users\dell\Desktop\laststation\Audio\audio_000609.wav,واش من الياف رانا من عام جدي و حنا بي adsl
C:\Users\dell\Desktop\laststation\Audio\audio_000610.wav,ديما نلقا متردوش زيد يخلص creadit بلا فايدة
C:\Users\dell\Desktop\laststation\Audio\audio_000611.wav,bonus راو قريب يخلاص و انا راني نستنا دورك ثلاثة سمانات
C:\Users\dell\Desktop\laststation\Audio\audio_000612.wav,واش من تدفق internet تاعكم راهي faible شبه منعدمة
C:\Users\dell\Desktop\laststation\Audio\audio_000613.wav,تواصلت معكم في المراسلة و لا يوجد رد فعلي
C:\Users\dell\Desktop\laststation\Audio\audio_000614.wav,علاش تتمسخرو كيما قالو الهدرة ساهلة mais الخدمة مكاش
C:\Users\dell\Desktop\laststation\Audio\audio_000615.wav,اقرب صح دايمن عندكم نشكي والله ماحلبتونا شكرا لتمسخير هذا
C:\Users\dell\Desktop\laststation\Audio\audio_000616.wav,جاوبونا نقدرو نشر puce بلا modem ولا لالا
C:\Users\dell\Desktop\laststation\Audio\audio_000617.wav,خدمات رديئة لان لا يوجد منافس لا fibre لا internet
C:\Users\dell\Desktop\laststation\Audio\audio_000618.wav,كيفاه نبدلو و الاحياء تاعنا مازالت بالطريقة القديمة و لم تعملوا لها الالياف غريب امركم
C:\Users\dell\Desktop\laststation\Audio\audio_000619.wav,حاب واحد يجاوبني وقتاش يتوفروا les modem nokia
C:\Users\dell\Desktop\laststation\Audio\audio_000620.wav,نحلف اذا خدمتو الاعطال يجاوبو في الرقم نتاعهم
C:\Users\dell\Desktop\laststation\Audio\audio_000621.wav,نتمنى ديرو حاجة على المواقع هذا الاجراء واجب عليكم
C:\Users\dell\Desktop\laststation\Audio\audio_000622.wav,وين راهي وتيرة الاشغال الميدانية لتعميم خدمات الالياف البصرية فالولاية المنكوبة
C:\Users\dell\Desktop\laststation\Audio\audio_000623.wav,انا واحد من الناس من الصباح نعيطلكم مركمش تجاوبو
C:\Users\dell\Desktop\laststation\Audio\audio_000624.wav,كيف احصل على رقم الزبون لكي اسجل في فضاء الزبون
C:\Users\dell\Desktop\laststation\Audio\audio_000625.wav,ارجو الرد على الرسالة درت تبليغ بمشكل انقطاع حرارة الهاتف و internet و طلبت توقيف
C:\Users\dell\Desktop\laststation\Audio\audio_000626.wav,شكون لي يعوض الضرار تاع ناس والايام تاع الاشتراك
C:\Users\dell\Desktop\laststation\Audio\audio_000627.wav,ابسط حاجة ماتمشيش عندي عام ماقدرتش ندخل فضاء الزبون
C:\Users\dell\Desktop\laststation\Audio\audio_000628.wav,نقدر ندير modem وحداخر في الطابق الاول مع العلم
C:\Users\dell\Desktop\laststation\Audio\audio_000629.wav,واش من قصة نجاح حياتي كامل نعاني مع internet
C:\Users\dell\Desktop\laststation\Audio\audio_000630.wav,موسستكم قمة في فن الامبالاة تركزو على المدن الكبيرة برك
C:\Users\dell\Desktop\laststation\Audio\audio_000631.wav,كون جيت انا واحد من لي حاكمين الصفحة نحشم نحط حاجة فيها
C:\Users\dell\Desktop\laststation\Audio\audio_000632.wav,اطلقو connexion والله بزاف يومين ملي خلصتها و مكان والوا
C:\Users\dell\Desktop\laststation\Audio\audio_000633.wav,كيف استطيع ان اسجل رقمين في هذ التطبيق
C:\Users\dell\Desktop\laststation\Audio\audio_000634.wav,باش نفيبري لي راني ساكن فيها و مافيهاش fibre
C:\Users\dell\Desktop\laststation\Audio\audio_000635.wav,بالتوفيق لكم كموسسة عمومية و تحية للحركة الجمعوية المشاركة
C:\Users\dell\Desktop\laststation\Audio\audio_000636.wav,انا انخلص كل شهر ميتين و خمسين الف ولم استفد من خدمة fibre
C:\Users\dell\Desktop\laststation\Audio\audio_000637.wav,وين نجيبو رقم الزبون ماشي رقم الهاتف خصني رقم الزبون
C:\Users\dell\Desktop\laststation\Audio\audio_000638.wav,ضحكتوا علينا برك درنا الي لازم و خدعتونا و مكله تقولي فالتعليق مرحبا بكم
C:\Users\dell\Desktop\laststation\Audio\audio_000639.wav,نهار تكون كاينة la fibre في ازفون وين نسكن و من بعد ساهل
C:\Users\dell\Desktop\laststation\Audio\audio_000640.wav,اشتركنا و كامل و عندنا شهرين محبوش يمدولنا modem اتصالات الجزاير تاع خرطي
C:\Users\dell\Desktop\laststation\Audio\audio_000641.wav,لحد الان موصلتناش الياف البصرية في الجلفة بلدية حاسي بحبح
C:\Users\dell\Desktop\laststation\Audio\audio_000642.wav,وشبيهم ڨاع المواقع لا تعمل فضاء الزبون و idoom و الدفع الالكتروني
C:\Users\dell\Desktop\laststation\Audio\audio_000643.wav,نرجو منكم على الاجابة على انشغالي في بريد الصفحة
C:\Users\dell\Desktop\laststation\Audio\audio_000644.wav,راهي تقيلة بزاف fibre مكانتش هكذا جابلي ربي نقصة ولينا منقدروش نلعبو
C:\Users\dell\Desktop\laststation\Audio\audio_000645.wav,علاش كي نجي نسجل في فضاء الزبون يقولي بلي مسجل من قبل
C:\Users\dell\Desktop\laststation\Audio\audio_000646.wav,هل هذي الخدمة متوفرة في ڨاع البلاد
C:\Users\dell\Desktop\laststation\Audio\audio_000647.wav,رانا في عام نستناو كل خطرة يقولو قريب و مكان والوا
C:\Users\dell\Desktop\laststation\Audio\audio_000648.wav,متى يتم تفعيل fibre في بلدية الحاكمية ولاية البويرة
C:\Users\dell\Desktop\laststation\Audio\audio_000649.wav,انا درت عرض وشهر مجاوش بلاصولي و ماعطاونيش modem
C:\Users\dell\Desktop\laststation\Audio\audio_000650.wav,من فضلكم ياتصالات الجزاير اعطاوني رقم الهاتف الثابت جديد و الله غير لا حياة لمن تنادي
C:\Users\dell\Desktop\laststation\Audio\audio_000651.wav,شاري من عندهم routeur tenda بيه هو تلحقني خمسمية mega
C:\Users\dell\Desktop\laststation\Audio\audio_000652.wav,شكرا انا من وهران دائرة عين الترك بلدية العنصر والله غير رانا في عام
C:\Users\dell\Desktop\laststation\Audio\audio_000653.wav,للاسف اتصلت بالرقم طناش اكثر من عشر مرات بدون رد
C:\Users\dell\Desktop\laststation\Audio\audio_000654.wav,هل موقع idoom market نقدر نشري منو
C:\Users\dell\Desktop\laststation\Audio\audio_000655.wav,نتما غير تاع هدرة هذ الهماج كامل و مازلتو تحرشو بينا
C:\Users\dell\Desktop\laststation\Audio\audio_000656.wav,معليش اجلو هذا الاشهار حتى السمانة الجاية
C:\Users\dell\Desktop\laststation\Audio\audio_000657.wav,لازم الدفع الالكتروني باش تستفاد من الايام من ثلاثة الى ثمانية و ربعين
C:\Users\dell\Desktop\laststation\Audio\audio_000658.wav,كل هذه التطبيقات تحتاج لتدفق كافي لفتحها و العمل بها
C:\Users\dell\Desktop\laststation\Audio\audio_000659.wav,ممكن نعرف رقم تسلسلي وين نلقاه من فضلك
C:\Users\dell\Desktop\laststation\Audio\audio_000660.wav,مافهمناش مليح العرض فيه modem ولا لالا
C:\Users\dell\Desktop\laststation\Audio\audio_000661.wav,كي يولي التطبيق و فضاء الزبون يمشي قبل
C:\Users\dell\Desktop\laststation\Audio\audio_000662.wav,قد ماسييت نسجل في التطبيق ماحبش يقبل
C:\Users\dell\Desktop\laststation\Audio\audio_000663.wav,دخلت نعمر الاستبيان internet ضعيفة محبش يفوت
C:\Users\dell\Desktop\laststation\Audio\audio_000664.wav,اتصالات زندقة الجزاير فريدة من نوعها حيث اعتبرها افضل و احسن و اجود منظمة في الكون
C:\Users\dell\Desktop\laststation\Audio\audio_000665.wav,حنا في وسط مدينة سيدي بلعباس مكاش الالياف البصرية التي يتحدثون عنها
C:\Users\dell\Desktop\laststation\Audio\audio_000666.wav,internet تطير غير في الاعلانات
C:\Users\dell\Desktop\laststation\Audio\audio_000667.wav,مشاءالله المزيد من التطور التكنولوجي العالي و البحث العلمي شكرا لكم
C:\Users\dell\Desktop\laststation\Audio\audio_000668.wav,والله يا خاوتي مجرد حبر على الورق ههه
C:\Users\dell\Desktop\laststation\Audio\audio_000669.wav,راني في ثلاثة سنين ملي قالولي سجل و دوك ندخلولك la fibre و مازال
C:\Users\dell\Desktop\laststation\Audio\audio_000670.wav,راهم يديرو في الشيعة برك باش يبينو روحهم
C:\Users\dell\Desktop\laststation\Audio\audio_000671.wav,عقد الاشتراك لي فيه رقم الزبون ضاع مني كيف يمكنني الحصول على مرة اخرى
C:\Users\dell\Desktop\laststation\Audio\audio_000672.wav,حنا رانا قراب من العاصمة و مكاش interent
C:\Users\dell\Desktop\laststation\Audio\audio_000673.wav,ضحكتوني وين راهي fibre حتى نبدل يخي حالة
C:\Users\dell\Desktop\laststation\Audio\audio_000674.wav,ديرو لمة كيما هذي باش غدوا تحبسوا connexion
C:\Users\dell\Desktop\laststation\Audio\audio_000675.wav,مخلص ثلاثين mega fibre تلحق غير عشرة الى خمسطاش max
C:\Users\dell\Desktop\laststation\Audio\audio_000676.wav,خلوكم من كلام الزايد و منشورات ركبو fibre و من بعد ساهل
C:\Users\dell\Desktop\laststation\Audio\audio_000677.wav,كيفاش نعرفو رقم الزبون تاع fibre باه نفتحو حساب جديد في فضاء الزبون
C:\Users\dell\Desktop\laststation\Audio\audio_000678.wav,لازم منافس لاتصالات الجزاير خدمة رديئة جدا
C:\Users\dell\Desktop\laststation\Audio\audio_000679.wav,قولو للمطورين نتاعكم ينحو الموسيقى تاع التشغيل تخلع
C:\Users\dell\Desktop\laststation\Audio\audio_000680.wav,هل هذه شركة او موسسة وطنية تبهدلو
C:\Users\dell\Desktop\laststation\Audio\audio_000681.wav,يوجد مشكل في internet غير متوفرة و بدون سبب
C:\Users\dell\Desktop\laststation\Audio\audio_000682.wav,الالياف البصرية مكاش في بلدية برج بن عزوز
C:\Users\dell\Desktop\laststation\Audio\audio_000683.wav,عرض غول خلاص خاص بسكان قسنطينة فقط
C:\Users\dell\Desktop\laststation\Audio\audio_000684.wav,لازم شركات اخرى راكم طغيتو تتمسخرو بالشعب
C:\Users\dell\Desktop\laststation\Audio\audio_000685.wav,مراكم فاهمين حتى حاجة في هذ الحياة
C:\Users\dell\Desktop\laststation\Audio\audio_000686.wav,عبد الكريم انا حسبت modem راح نكسرو
C:\Users\dell\Desktop\laststation\Audio\audio_000687.wav,في انتظار تفعيل خط fibre بسكرة وسط المدينة
C:\Users\dell\Desktop\laststation\Audio\audio_000688.wav,امواج البحر نفس المشكل معاناة مع هذ التطبيق
C:\Users\dell\Desktop\laststation\Audio\audio_000689.wav,internet مقطوعة عندها نهار ردو على انشغالنا
C:\Users\dell\Desktop\laststation\Audio\audio_000690.wav,نتوما الي هبال معاكم modem عام و مكاش
C:\Users\dell\Desktop\laststation\Audio\audio_000691.wav,تطور الخرطي يا اما راكم عايشين في الاوهام و اما راكم تصدرو في الاوهام للشعب
C:\Users\dell\Desktop\laststation\Audio\audio_000692.wav,المهم ماتنساوش غدوة لازم تقطعو l'internet المليحة تاعكم
C:\Users\dell\Desktop\laststation\Audio\audio_000693.wav,ننتظر خدمات djezzy لديكم اتصالات الجزاير
C:\Users\dell\Desktop\laststation\Audio\audio_000694.wav,حتى واحد ماراهو يستنى اصلحو مشاكل fibre الرديئة
C:\Users\dell\Desktop\laststation\Audio\audio_000695.wav,مراحش يهديكم ربي و تعطيوني bonus شحال من مرة نشارجي par internet و ماتمدوليش
C:\Users\dell\Desktop\laststation\Audio\audio_000696.wav,عادل امير un giga تكفي شعب جزايري كامل parce que مكاش connexion
C:\Users\dell\Desktop\laststation\Audio\audio_000697.wav,شهرين ملي مدولي modem و مازال ماطلقوليش l'internet
C:\Users\dell\Desktop\laststation\Audio\audio_000698.wav,connexion راكم منقصيلها بزاف علاه راكم ترهجو فينا
C:\Users\dell\Desktop\laststation\Audio\audio_000699.wav,oui راهي تطير امنتكم حق ربي راهي تزحف
C:\Users\dell\Desktop\laststation\Audio\audio_000700.wav,ياو ريڨلولنا connexion و ماتقوليش تواصل عبر الخاص
C:\Users\dell\Desktop\laststation\Audio\audio_000701.wav,لا خدمات و لا هم يحزنون قول الرداءة ماشي
C:\Users\dell\Desktop\laststation\Audio\audio_000702.wav,مسائكم خير و بركة اتصالات الجزاير
C:\Users\dell\Desktop\laststation\Audio\audio_000703.wav,افهمو fibre مكاش ماشي مناش حابين ننتقلو fibre
C:\Users\dell\Desktop\laststation\Audio\audio_000704.wav,نتمنى لكم انقطاعا سعيدا و توفيقا في الصبر
C:\Users\dell\Desktop\laststation\Audio\audio_000705.wav,عندي اكثر من شهر درت demande de fibre و مخلص كلشي و عطاوني modem و مازال مجاوش يركبولي
C:\Users\dell\Desktop\laststation\Audio\audio_000706.wav,دخلت للفضاء الزبون ما صبتش منين ارفع التدفق
C:\Users\dell\Desktop\laststation\Audio\audio_000707.wav,علاه connexion هكا تحس روحك في القرون الوسطى
C:\Users\dell\Desktop\laststation\Audio\audio_000708.wav,فضاء الزبون خردة الرداءة حتي في التطور و التكنولوجيا
C:\Users\dell\Desktop\laststation\Audio\audio_000709.wav,اني حاب استفيد من modem الجديد علما ان عندي modem القديم six
C:\Users\dell\Desktop\laststation\Audio\audio_000710.wav,تفكر بلي كاين اتصالات الجزاير الى حسيت روحك متحشمش
C:\Users\dell\Desktop\laststation\Audio\audio_000711.wav,تطبيق اتصالات الجزاير تطبيق فاشل كي تخدمو خدمو حاجة مليحة خطرة في حياتكم
C:\Users\dell\Desktop\laststation\Audio\audio_000712.wav,ياو راكم بعاد عايشين في العاصمة بلا internet
C:\Users\dell\Desktop\laststation\Audio\audio_000713.wav,نحن باقي الوطن مازال les cable تاع النحاس fibre مازال ماوصلناش نرجوا الالتفاتة
C:\Users\dell\Desktop\laststation\Audio\audio_000714.wav,افضل موسسة اتصالات في افريقيا و العالم العربي
C:\Users\dell\Desktop\laststation\Audio\audio_000715.wav,انقطاع internet رانا من الجمعة و هي مكاش قلتو تسقموها و مكان حتى خبر
C:\Users\dell\Desktop\laststation\Audio\audio_000716.wav,تم الاشترك في الخدمة و عطاولنا modem نستناو تركبولنا برك
C:\Users\dell\Desktop\laststation\Audio\audio_000717.wav,علاه كيما نحبو حنا ياك كيما تحبو نتوما
C:\Users\dell\Desktop\laststation\Audio\audio_000718.wav,سكان ولاية بوسعادة المنتدبة يطالبون بمشروع شبكة الالياف البصرية
C:\Users\dell\Desktop\laststation\Audio\audio_000719.wav,عندنا مشكل في internet في البلدية في تبسة
C:\Users\dell\Desktop\laststation\Audio\audio_000720.wav,كل شهر لازم تقطعو connexion سمانة مافهمتش علاه
C:\Users\dell\Desktop\laststation\Audio\audio_000721.wav,fibre هذا نسمعو بيه من عشر سنوات و مازال ما شفناهش رانا مازالنا في التسعينات
C:\Users\dell\Desktop\laststation\Audio\audio_000722.wav,وقتاه تطلقو l'internet بالنسبة الي شرينا les modem بمية الف
C:\Users\dell\Desktop\laststation\Audio\audio_000723.wav,حنا دارو fibre للمناطق المجاورة و مازالنا نستناو
C:\Users\dell\Desktop\laststation\Audio\audio_000724.wav,نحن نواجه انقطاع internet منذ اكثر من شهر
C:\Users\dell\Desktop\laststation\Audio\audio_000725.wav,فضاء الزبون عند التسجيل رابط تفعيل الحساب ميطلعش
C:\Users\dell\Desktop\laststation\Audio\audio_000726.wav,يجب مراجعة الاسعار ليستمتع جميع الزبائن خمسين mega بميتين و عشرين مليحة
C:\Users\dell\Desktop\laststation\Audio\audio_000727.wav,هذا الحوايج نسمعو بيهم برك ونشوفوهم في الاشهار
C:\Users\dell\Desktop\laststation\Audio\audio_000728.wav,عندي la fibre modem wifi six كيفاه نقدر نستفاد من wifi six
C:\Users\dell\Desktop\laststation\Audio\audio_000729.wav,و الشبكة مكاش احي احي تضحكو علينا ولا على رواحكم
C:\Users\dell\Desktop\laststation\Audio\audio_000730.wav,انا راو خلاصلي الشهر الاول و حاب نفليكسي هل استفيد من العرض هذا
C:\Users\dell\Desktop\laststation\Audio\audio_000731.wav,حنا مازال cable القديم من النهار الخميس متمشيش
C:\Users\dell\Desktop\laststation\Audio\audio_000732.wav,عندي خمسطاش يوم ملي درت طلب مدولي modem و للدورك مازال مجاوش يركبوها
C:\Users\dell\Desktop\laststation\Audio\audio_000733.wav,فقط اريد رقم الزبون و اذا كان لا فائدة منه يرجى حذفه من التطبيق
C:\Users\dell\Desktop\laststation\Audio\audio_000734.wav,l'internet راهي في وضعية كارثية علاش ماعلابالناش
C:\Users\dell\Desktop\laststation\Audio\audio_000735.wav,مشكلة انو google مكاش و كامل مواقع يمشيو
C:\Users\dell\Desktop\laststation\Audio\audio_000736.wav,للاسف fibre وصلت عندها عام بصح مدخلوهاش لديار
C:\Users\dell\Desktop\laststation\Audio\audio_000737.wav,قدمت طلب فتح حساب جديد لي fibre في فضاء الزبون لكن الرقم يخرج خارج
C:\Users\dell\Desktop\laststation\Audio\audio_000738.wav,وكالة حي المصالحة باب الزوار مغلوقة اليوم مافتحتش
C:\Users\dell\Desktop\laststation\Audio\audio_000739.wav,ساجدة سيرين معاناة كيفاه شهر كامل معندناش internet
C:\Users\dell\Desktop\laststation\Audio\audio_000740.wav,cable عندو شهر مقطوع مكاش لي شاف فيه
C:\Users\dell\Desktop\laststation\Audio\audio_000741.wav,internet في الليل تحسب بلي راهي بل الڨطرة
C:\Users\dell\Desktop\laststation\Audio\audio_000742.wav,site تاع فضاء الزبون راهو فسمانة مايمشيش
C:\Users\dell\Desktop\laststation\Audio\audio_000743.wav,ولاية معسكر كاين بلايص في البلاد مافيهمش
C:\Users\dell\Desktop\laststation\Audio\audio_000744.wav,كى تجيبو الماتريال تاع fibre اهدرو عليها من بعد
C:\Users\dell\Desktop\laststation\Audio\audio_000745.wav,وقتاش تجو تركبولنا modem شرينا modem و مكاش تركيب
C:\Users\dell\Desktop\laststation\Audio\audio_000746.wav,عيدكم مبارك و كل عام انتم بالف خير
C:\Users\dell\Desktop\laststation\Audio\audio_000747.wav,راني بعتتلكم رسالة ريبونديو يمكن رقم الهاتف
C:\Users\dell\Desktop\laststation\Audio\audio_000748.wav,connexion علاه راهي مقطوعة مع العلم راني مخلصها
C:\Users\dell\Desktop\laststation\Audio\audio_000749.wav,راو كاين مشكل في la connexion خلاص سڨموها علينا
C:\Users\dell\Desktop\laststation\Audio\audio_000750.wav,حتى المشرف على ادارة صفحتكم ديوث والله ديوث
C:\Users\dell\Desktop\laststation\Audio\audio_000751.wav,شكون ليوم تقطعتلو connexion في modem ولات بلحمر
C:\Users\dell\Desktop\laststation\Audio\audio_000752.wav,متى يتم تفعيل fibre في بلدية تيمزريت بجاية
C:\Users\dell\Desktop\laststation\Audio\audio_000753.wav,وكالة العاشور اروح ركبولنا la fibre شحال و انا نستنا
C:\Users\dell\Desktop\laststation\Audio\audio_000754.wav,اكتر من شهر بدون internet اين عمال الصيانة
C:\Users\dell\Desktop\laststation\Audio\audio_000755.wav,كيفاش نعرف رقم زبون باه نقدر ندخل لتطبيق
C:\Users\dell\Desktop\laststation\Audio\audio_000756.wav,انا نقولو المرقة مالحة و هو يبدلي في لمغرفة
C:\Users\dell\Desktop\laststation\Audio\audio_000757.wav,كان عندي حساب قديم في فضاء الزبون و نسيتو و كي حبيت ندخل واحد جديد ماحبش
C:\Users\dell\Desktop\laststation\Audio\audio_000758.wav,انا عندي يومين مين درت اشتراك تاع شهر اليوم خلاصتلي علاش كملت هاك نتمنى تجاوبوني
C:\Users\dell\Desktop\laststation\Audio\audio_000759.wav,كيفاش تعرف شحال عندك من giga و شحال استهلكت
C:\Users\dell\Desktop\laststation\Audio\audio_000760.wav,عندي عام ملي سجلت و مكاش les modem
C:\Users\dell\Desktop\laststation\Audio\audio_000761.wav,خمسة شهر و modem معلق المهم الصبر و يقولولك في اقرب الاجال و رانا صابرين
C:\Users\dell\Desktop\laststation\Audio\audio_000762.wav,اودي مكاش منها اني ندير فيها و مكاين والوا
C:\Users\dell\Desktop\laststation\Audio\audio_000763.wav,حلولنا الخط تاع fibre من بعد احكو على امتيازات نصف الجزاير modem fibre مكاش
C:\Users\dell\Desktop\laststation\Audio\audio_000764.wav,هل نستطيع شراء شريحة فقط من دون modem
C:\Users\dell\Desktop\laststation\Audio\audio_000765.wav,internet اليوم كامل تتقطع باستمرار مالسبب
C:\Users\dell\Desktop\laststation\Audio\audio_000766.wav,سڨمو cable لي سرقوه من بعد اهدرو على الاستقلال
C:\Users\dell\Desktop\laststation\Audio\audio_000767.wav,فايت الشهرين internet مقطوعة لا adsl لا fibre
C:\Users\dell\Desktop\laststation\Audio\audio_000768.wav,ماهو الوقت المطلوب لتشغيل خط internet
C:\Users\dell\Desktop\laststation\Audio\audio_000769.wav,المشكلة انني تقدمت بملف طلب ربط بي internet من حوالي شهر و لكن لا شي يدرك
C:\Users\dell\Desktop\laststation\Audio\audio_000770.wav,انا خلصت باش يخدمولي la fibre بصح لحد الان مكان والوا خلصت عندي شهرين
C:\Users\dell\Desktop\laststation\Audio\audio_000771.wav,في عوض ما نخلصو الفين dinar نولو نخلصو الف dinar
C:\Users\dell\Desktop\laststation\Audio\audio_000772.wav,للاسف الشديد من طول مدة الانتظار كرهنا internet
C:\Users\dell\Desktop\laststation\Audio\audio_000773.wav,وسط مدينة لا يوجد به fibre عيب و عار
C:\Users\dell\Desktop\laststation\Audio\audio_000774.wav,شهرين و حنا في نفس مشكلة و مكاش حل نهائي مخلصين و كلش كاين و connexion ماشي مطلوقة
C:\Users\dell\Desktop\laststation\Audio\audio_000775.wav,علابالي راهي شرة برك على الخدمة السيئة ديالهم
C:\Users\dell\Desktop\laststation\Audio\audio_000776.wav,est ce que كاين قطع internet السمانة الجاية ولا لالا
C:\Users\dell\Desktop\laststation\Audio\audio_000777.wav,جاو حفرو و ركبو تيوات و راحو مزادوش بانو
C:\Users\dell\Desktop\laststation\Audio\audio_000778.wav,الاحياء الخضراء اولاد فايت خمسة ايام بلا fibre وين راكم
C:\Users\dell\Desktop\laststation\Audio\audio_000779.wav,عندي استفسار فيما يخص رفع سرعة internet
C:\Users\dell\Desktop\laststation\Audio\audio_000780.wav,حسنو جودة internet و من بعد ساهل
C:\Users\dell\Desktop\laststation\Audio\audio_000781.wav,عندي شهرين ملي درت demande و مكان والوا
C:\Users\dell\Desktop\laststation\Audio\audio_000782.wav,بعثتلك مشكلتي في الخاص من فضلك جاوبني
C:\Users\dell\Desktop\laststation\Audio\audio_000783.wav,شحال من خطرة نحاول نسجل في فضاء الزبون لكن للاسف كلها بائت بالفشل
C:\Users\dell\Desktop\laststation\Audio\audio_000784.wav,امشي انت جهال متعرفش الرقمنة يالحمر
C:\Users\dell\Desktop\laststation\Audio\audio_000785.wav,خالد هلوب كوباوها علينا هذا كل شيء
C:\Users\dell\Desktop\laststation\Audio\audio_000786.wav,سلام عليكم من فضلك ابعتلي الاستمارة
C:\Users\dell\Desktop\laststation\Audio\audio_000787.wav,صراحة اتصالات الجزاير تحسنت بزاف السنوات الاخيرة
C:\Users\dell\Desktop\laststation\Audio\audio_000788.wav,ولله لا تملكون اي حل لانشغالاتنا سوى التسويف
C:\Users\dell\Desktop\laststation\Audio\audio_000789.wav,يخصنا fibre في منطقتنا ڨاع ماشي مركبين في بلديتنا
C:\Users\dell\Desktop\laststation\Audio\audio_000790.wav,رانا نعيطولكم ردو علينا راه internet مقطوعة عندي
C:\Users\dell\Desktop\laststation\Audio\audio_000791.wav,خصنا خريطة لمشاريع ولاية عين الدفلى كل واحد واش يقولنا
C:\Users\dell\Desktop\laststation\Audio\audio_000792.wav,لما اشترك في fibre هل هناك فواتير خاصة للهاتف ام الاشتراك الخاص بي internet فقط
C:\Users\dell\Desktop\laststation\Audio\audio_000793.wav,ياو اطلقو la fibre لناس عندنا شهرين و مازال ما تجي تفهم راسك دوخ
C:\Users\dell\Desktop\laststation\Audio\audio_000794.wav,حنايا جازو قدامنا fibre بصح مادخلوهش لشارع تاعنا
C:\Users\dell\Desktop\laststation\Audio\audio_000795.wav,و غدوة فيها حجب لمواقع التواصل الاجتماعي ولا لالا
C:\Users\dell\Desktop\laststation\Audio\audio_000796.wav,هل الدفع عبر تطبيق baridi mob متوفق
C:\Users\dell\Desktop\laststation\Audio\audio_000797.wav,اودي ريڨلو connexion و فضاء الزبون دخلت درت الشكوى من تم رجع منقدرش ندخل ليه
C:\Users\dell\Desktop\laststation\Audio\audio_000798.wav,حسنو من تدفق internet و ساهل الحال
C:\Users\dell\Desktop\laststation\Audio\audio_000799.wav,وقتاش يوصلو la fibre لحي سيدي بوغفالة في ورقلة
C:\Users\dell\Desktop\laststation\Audio\audio_000800.wav,لماذا لا تردون في الخاص لقد طرحت انشغالي و لكن لا حياة لمن تنادي للاسف
C:\Users\dell\Desktop\laststation\Audio\audio_000801.wav,ولله ياتصلات الجزاير دوختونا بالعروض تعكم الجدد
C:\Users\dell\Desktop\laststation\Audio\audio_000802.wav,خويا في غليزان مكاش connexion تحسب رانا عهد فرانسا مكاش ڨاع connexion شوفلنا حل
C:\Users\dell\Desktop\laststation\Audio\audio_000803.wav,تعلم كيف تنتقل بسهولة الى fibre في ظرف ستة شهر
C:\Users\dell\Desktop\laststation\Audio\audio_000804.wav,راو كلش حابس عندكم لا صفحة لا خط لا والوا
C:\Users\dell\Desktop\laststation\Audio\audio_000805.wav,حبيت نكرييي compte في تطبيق my idoom لكن ماعنديش رقم الزبون كيفاش نلقاه
C:\Users\dell\Desktop\laststation\Audio\audio_000806.wav,هل هناك خصم تقدمه اتصالات الجزاير لبعض الفيئات او قطاعات العمل في الاشتراك الشهري لي internet
C:\Users\dell\Desktop\laststation\Audio\audio_000807.wav,modem عندو شهر من ربعطاش مارس و مازال ماركبوش التوصيل عن اي خدمة تتكلم
C:\Users\dell\Desktop\laststation\Audio\audio_000808.wav,modem 4g وين نلقا رقم الزبون باش نسجل في فضاء الزبون
C:\Users\dell\Desktop\laststation\Audio\audio_000809.wav,احلى و اروع شركة اتصالات في العالم
C:\Users\dell\Desktop\laststation\Audio\audio_000810.wav,ممكن تعطونا حل على كيفية الغاء اشتراك فضاء الزبون
C:\Users\dell\Desktop\laststation\Audio\audio_000811.wav,بالتوفيق و السداد مزيدا من النجاحات يعطيكم الصحة
C:\Users\dell\Desktop\laststation\Audio\audio_000812.wav,وقتاش يوصل لعين دفلى طولتو بزاف داروه و جازو علينا من بعد راحو
C:\Users\dell\Desktop\laststation\Audio\audio_000813.wav,خدمة فضاء الزبون معطلة في الموقع منذ مدة
C:\Users\dell\Desktop\laststation\Audio\audio_000814.wav,تم ارسالها للمره عشرين من فضلكم ارجو ايجاد حل سريع
C:\Users\dell\Desktop\laststation\Audio\audio_000815.wav,بدلنا idoom fibre لكن لحد الان مكاش connexion عندهم اسبوع ملي ركبولنا modem
C:\Users\dell\Desktop\laststation\Audio\audio_000816.wav,شكرا لكم على الرد و قراءة الانشغال في التعليق
C:\Users\dell\Desktop\laststation\Audio\audio_000817.wav,راني نخلص الكترونيا بصح مكان حتى bonus
C:\Users\dell\Desktop\laststation\Audio\audio_000818.wav,يركبوه و مكاش connexion يقولك راهي تمشي و هي متمشيش
C:\Users\dell\Desktop\laststation\Audio\audio_000819.wav,خدمات تحت الصفر شهر ونص internet مكاش
C:\Users\dell\Desktop\laststation\Audio\audio_000820.wav,غليزان مفيهاش هذ الخدمة حي خمسمية مسكن وقتاش تتفكرنا رانا متاخرين
C:\Users\dell\Desktop\laststation\Audio\audio_000821.wav,اخرى تطبيقين في العالم my idoom و baridi mob ڤاع العام ميصلحوش و المشكل كي تسحقهم
C:\Users\dell\Desktop\laststation\Audio\audio_000822.wav,مازال ملحقوش حفرو و دارو اشغال تاوعو و حطو باطة برك بصح مازال مدخلش
C:\Users\dell\Desktop\laststation\Audio\audio_000823.wav,وانت خو كان عندك stable من الاول ولا حتى ريكلاميت
C:\Users\dell\Desktop\laststation\Audio\audio_000824.wav,هل سيتم قطع internet المنزلي fibre ايام البكلوريا
C:\Users\dell\Desktop\laststation\Audio\audio_000825.wav,كل بلديات سيدي بلعباس ليس بها خدمة fibre
C:\Users\dell\Desktop\laststation\Audio\audio_000826.wav,تطبيق my idoom مايدخلش في فضاء الزبون علاش
C:\Users\dell\Desktop\laststation\Audio\audio_000827.wav,الملخص اعطولنا internet هذا واش طالبين منكم
C:\Users\dell\Desktop\laststation\Audio\audio_000828.wav,عن اي modem تتحدث لدينا خمسة شهر و نحن ننتظر modem nokia
C:\Users\dell\Desktop\laststation\Audio\audio_000829.wav,لم اتمكن من الحصول على رقم الزبون عبر موقعكم رغم ان كل بياناتي صحيحة
C:\Users\dell\Desktop\laststation\Audio\audio_000830.wav,وقتاش تصيبولنا حل يازح كل يوم نريكلامي مكاين والوا
C:\Users\dell\Desktop\laststation\Audio\audio_000831.wav,رانا في عامين و هوما يقولو مكاش modem
C:\Users\dell\Desktop\laststation\Audio\audio_000832.wav,كلش واجد modem شاعل و مازال ماطلقو والوا
C:\Users\dell\Desktop\laststation\Audio\audio_000833.wav,ممكن اذا متوفر في وكالة حمام الضلعة المسيلة
C:\Users\dell\Desktop\laststation\Audio\audio_000834.wav,ديرولنا حل عندي اكتر من خمسطاش يوم جبت modem و مجاوش يبلاصيولي
C:\Users\dell\Desktop\laststation\Audio\audio_000835.wav,اقسم بالله غير الشعب هارب عليكم بسنوات ضوئية
C:\Users\dell\Desktop\laststation\Audio\audio_000836.wav,كيف يمكننا الحصول على modem للعلم موسسة تربوية
C:\Users\dell\Desktop\laststation\Audio\audio_000837.wav,اطلقولنا la fibre في حي الويام الجلفة هذا مكان
C:\Users\dell\Desktop\laststation\Audio\audio_000838.wav,عندي اكثر من اسبوع مين ركبت modem و internet مازال مكاش خدمة zero
C:\Users\dell\Desktop\laststation\Audio\audio_000839.wav,ping مرتفع في العاب وعلاش هكا ريڨليوها
C:\Users\dell\Desktop\laststation\Audio\audio_000840.wav,لبارح ركبولي الخيط و عطوني modem و مجاتش internet
C:\Users\dell\Desktop\laststation\Audio\audio_000841.wav,قالو نجيبوهم رانا ثلاثة شهر و مكاين والوا عيب
C:\Users\dell\Desktop\laststation\Audio\audio_000842.wav,ارواحو اخدمولنا هذي برك مناش نحوسو على fibre
C:\Users\dell\Desktop\laststation\Audio\audio_000843.wav,شكون عندو الرقم تاع اتصالات الجزاير من فضلكم
C:\Users\dell\Desktop\laststation\Audio\audio_000844.wav,نستنا فيكم تجو تبلاصيو modem لي عندو ثلاثة شهر مرمي
C:\Users\dell\Desktop\laststation\Audio\audio_000845.wav,مازال راكم دايرين تخفيض على تركيب modem
C:\Users\dell\Desktop\laststation\Audio\audio_000846.wav,مشاريع ربط احياء مدينة المسيلة بالالياف متوقف منذ ايام باستثناء مشروع ربط المنطقة الصناعية
C:\Users\dell\Desktop\laststation\Audio\audio_000847.wav,يجب اعادة النظر في عرض gaming انها بعيدة كل البعد من عالم gaming خاصة serveur
C:\Users\dell\Desktop\laststation\Audio\audio_000848.wav,و باقي الشعب عايش فالعصر الجاهلي اذا عندكم نقص فالعمال قلولنا
C:\Users\dell\Desktop\laststation\Audio\audio_000849.wav,احترمو عقولنا منشورات اتصلات الجزاير في مواقع التواصل و نشرة الثامنة كيف كيف
C:\Users\dell\Desktop\laststation\Audio\audio_000850.wav,اي فخر خمسة شهر انقطاع internet عن حي كامل في البليدة دون تدخل في الفين و خمسة و عشرين
C:\Users\dell\Desktop\laststation\Audio\audio_000851.wav,حنا مازال connexion مكاش ربعة شهر و نتا تقول wifi sept
C:\Users\dell\Desktop\laststation\Audio\audio_000852.wav,يجب احترام الاولوية للزبائن القدامى ليس للزبائن الجدد علاه هكا علاه
C:\Users\dell\Desktop\laststation\Audio\audio_000853.wav,مكاش connexion من الحداش تاع صباح مازالها مطولة واقيل
C:\Users\dell\Desktop\laststation\Audio\audio_000854.wav,ثنين و عشرين سنة في النهب و الاحتيال هذي مكمش غالطين فيها
C:\Users\dell\Desktop\laststation\Audio\audio_000855.wav,عشرين mega ماهيش توصلنني غير عشرة mega
C:\Users\dell\Desktop\laststation\Audio\audio_000856.wav,و حنا في حي البناء التطوري وسط سكيكدة معندناش internet و حنا في الفية و خمسة و عشرين
C:\Users\dell\Desktop\laststation\Audio\audio_000857.wav,اين اجد الرقم السري mot de passe تاع modem la fibre من فضلكم
C:\Users\dell\Desktop\laststation\Audio\audio_000858.wav,اذا connexion تاعكم تمشي ساعة و تروح يومين واش داكم لهدرة لي كبيرة عليكم
C:\Users\dell\Desktop\laststation\Audio\audio_000859.wav,connexion راهي ناقصة في خمسة شهر ولا ستة طلقولنا جغمة رحمة الله على والديكم
C:\Users\dell\Desktop\laststation\Audio\audio_000860.wav,لو يتم تخفيض السعر ستكون المبيعات افضل
C:\Users\dell\Desktop\laststation\Audio\audio_000861.wav,حنا كرهنا من adsl لا connexion تصلح لا والوا عندنا ربعة شهر و حنا نعانيو
C:\Users\dell\Desktop\laststation\Audio\audio_000862.wav,يالطيف شحال تكذبو على الناس وين راكم رايحين الى جهنم تاكلكم انشاءالله
C:\Users\dell\Desktop\laststation\Audio\audio_000863.wav,الرجاء مشاركتنا تفاصيل انشغالكم عبر الرسائل الخاصة للصفحة مع ارفاق كل المعلومات الضرورية
C:\Users\dell\Desktop\laststation\Audio\audio_000864.wav,رجعوا علينا في خاص مشكل internet لا توجد
C:\Users\dell\Desktop\laststation\Audio\audio_000865.wav,وكالة بن غازي مغلوقة لا تعمل
C:\Users\dell\Desktop\laststation\Audio\audio_000866.wav,هل اليوم عطلة لكم راني حاب نخلص فاتورتي
C:\Users\dell\Desktop\laststation\Audio\audio_000867.wav,والي داير تخفيض حتى هو معني ولا لالا
C:\Users\dell\Desktop\laststation\Audio\audio_000868.wav,من فضلكم تغير شريحة اتصالات الجزاير في الهاتف
C:\Users\dell\Desktop\laststation\Audio\audio_000869.wav,حي كامل بدون internet adsl لمدة ربعطاش يوم
C:\Users\dell\Desktop\laststation\Audio\audio_000870.wav,نحتاج رقم الزبون لفتح my idoom من فضلكم
C:\Users\dell\Desktop\laststation\Audio\audio_000871.wav,راني مخلص ميتين و ربعين mega توصل غير عشرين mega وين راهو المشكل
C:\Users\dell\Desktop\laststation\Audio\audio_000872.wav,كيف يتم تفعيل العرض من فضاء الزبون
C:\Users\dell\Desktop\laststation\Audio\audio_000873.wav,اتصالات الجزاير هل التفعيل مجاني و غير ملزم
C:\Users\dell\Desktop\laststation\Audio\audio_000874.wav,كملتلي internet ليوم الجمعة كيف اتسلف
C:\Users\dell\Desktop\laststation\Audio\audio_000875.wav,كل يوم تتوقف و كل مرة مشاكل مع الشبكة
C:\Users\dell\Desktop\laststation\Audio\audio_000876.wav,ياو انا ركبولي fibre و كي نكتب تخرجلي خطكم غير موهل
C:\Users\dell\Desktop\laststation\Audio\audio_000877.wav,نفس المشكل الشركة هذي تحوس غير على دراهمك
C:\Users\dell\Desktop\laststation\Audio\audio_000878.wav,حتى تجينا la fibre ونسيوها و من بعد نطلعو
C:\Users\dell\Desktop\laststation\Audio\audio_000879.wav,سبب انقطاع internet في idoom fibre حي ثمانية ماي
C:\Users\dell\Desktop\laststation\Audio\audio_000880.wav,حنا صحاب ايدوم fibre واش نقدرو نديرو
C:\Users\dell\Desktop\laststation\Audio\audio_000881.wav,حنا من ديسمبر معندناش internet ربي يهديكم
C:\Users\dell\Desktop\laststation\Audio\audio_000882.wav,اخي انا كذلك راني في خمسة شهر من رحت عندهم قالولي الطوبة كلات cable
C:\Users\dell\Desktop\laststation\Audio\audio_000883.wav,شكرا لكم على حسن المعاملة
C:\Users\dell\Desktop\laststation\Audio\audio_000884.wav,fibre ولا حلم كل واحد والله لا عيب عليكم
C:\Users\dell\Desktop\laststation\Audio\audio_000885.wav,واش من الفخر انقطاع internet على حي كامل رانا في شهر و نص
C:\Users\dell\Desktop\laststation\Audio\audio_000886.wav,ثنين و عشرين سنة في الميزيرية و الفقر حتى الطوبة ولات تاكل cable من العفن تاعو
C:\Users\dell\Desktop\laststation\Audio\audio_000887.wav,ياو connexion راهي كارثة بمعنى الكلمة
C:\Users\dell\Desktop\laststation\Audio\audio_000888.wav,نخاف نطلعها لستين mega تزيدو اسعار التضخم ياحميطوش
C:\Users\dell\Desktop\laststation\Audio\audio_000889.wav,هذا الوحيد لي يخرجك من الملة
C:\Users\dell\Desktop\laststation\Audio\audio_000890.wav,الفتى المتفائل نفس الشيي الاف الشكاوي دون جدوى راهم يسرقونا احسن شي المقاطعة
C:\Users\dell\Desktop\laststation\Audio\audio_000891.wav,كي ندخل my idoom يجيني رقم الهاتف غير موجود
C:\Users\dell\Desktop\laststation\Audio\audio_000892.wav,قولو لهم لازم wifi six باش توصلهم
C:\Users\dell\Desktop\laststation\Audio\audio_000893.wav,خمسة شهر cable adsl مقطوع وسط مدينة البليدة واحد ماتحرك من اتصالات الجزاير
C:\Users\dell\Desktop\laststation\Audio\audio_000894.wav,ارجو الرد على الرسالة درت تبليغ بمشكل انقطاع حرارة الهاتف و internet و طلبت توقيف موقت
C:\Users\dell\Desktop\laststation\Audio\audio_000895.wav,منذ تركيب fibre و مشاكل الانقطاع مستمرة اين الانجاز و التطور
C:\Users\dell\Desktop\laststation\Audio\audio_000896.wav,والله يالكحلوشة غير يتمسخرو بينا
C:\Users\dell\Desktop\laststation\Audio\audio_000897.wav,درت طلب تخفيض التدفق و مكان والوا
C:\Users\dell\Desktop\laststation\Audio\audio_000898.wav,كمية الفخر في هذ video
C:\Users\dell\Desktop\laststation\Audio\audio_000899.wav,fibre قريب عليا مسافة خمسين مترا بصح خطي غير موهل
C:\Users\dell\Desktop\laststation\Audio\audio_000900.wav,يا سڨمو connexion تاعكم راهي تتقطع
C:\Users\dell\Desktop\laststation\Audio\audio_000901.wav,قاعدين نربحوا في العيب معاكم برك
C:\Users\dell\Desktop\laststation\Audio\audio_000902.wav,راني مشترك و مازال مطلقتوليش internet اسوء متعامل و للاسف الوحيد رغم تقديم عدة شكاوى بلا فائدة
C:\Users\dell\Desktop\laststation\Audio\audio_000903.wav,تتحاسب عليه دعمك لعيباد كيما هذو
C:\Users\dell\Desktop\laststation\Audio\audio_000904.wav,واش l'affaire تاع internet غير محدود
C:\Users\dell\Desktop\laststation\Audio\audio_000905.wav,راني حطيت اسئلتي بصور ممكن على خاص
C:\Users\dell\Desktop\laststation\Audio\audio_000906.wav,وصلولنا fibre راو خطوة و ساهل الحال
C:\Users\dell\Desktop\laststation\Audio\audio_000907.wav,ولي عندو منذ مدة ثلاثين mega
C:\Users\dell\Desktop\laststation\Audio\audio_000908.wav,نسكن قدام مركز الاتصالات اقسم بالله ماعندي la fibre
C:\Users\dell\Desktop\laststation\Audio\audio_000909.wav,واش من fibre حنا مازال غير نسمعو بيه
C:\Users\dell\Desktop\laststation\Audio\audio_000910.wav,في المنطقة الي نعيش فيها لا adsl و لا 4g
C:\Users\dell\Desktop\laststation\Audio\audio_000911.wav,نتوما لي دخلوها ولا حنا لعجب المعجب
C:\Users\dell\Desktop\laststation\Audio\audio_000912.wav,انقذو عين تادلس ولاية مستغانم عندنا نرى fibre و العروض فقط في المواقع
C:\Users\dell\Desktop\laststation\Audio\audio_000913.wav,كم سعر modem كاين توصيل الى بلدية هونت ولاية سعيدة
C:\Users\dell\Desktop\laststation\Audio\audio_000914.wav,و لي عندو ثلاثين mega من الاول كيفاش
C:\Users\dell\Desktop\laststation\Audio\audio_000915.wav,مكاش جيهتنا دورك عندي trois ans و انا نستنا كل عام يقلك العام جاي
C:\Users\dell\Desktop\laststation\Audio\audio_000916.wav,شكون نعطيه الرقم تاعي يسلفلي internet و نتزوج بيه
C:\Users\dell\Desktop\laststation\Audio\audio_000917.wav,عندي عام و انا نستنا في modem مكان والوا
C:\Users\dell\Desktop\laststation\Audio\audio_000918.wav,بالنسبة idoom adsl ماذا نستفيد
C:\Users\dell\Desktop\laststation\Audio\audio_000919.wav,عند انقضاء الشهر المجاني هل يمكنني الرجوع الى تدفق اقل
C:\Users\dell\Desktop\laststation\Audio\audio_000920.wav,بلدية شيحاني ولاية الطارف رانا بلا internet قريب شهر الى متى ياتبون
C:\Users\dell\Desktop\laststation\Audio\audio_000921.wav,ثلاثة شهر و modem ركب ولا internet
C:\Users\dell\Desktop\laststation\Audio\audio_000922.wav,واش من جديد في عنابة رانا حاصلين بلا internet
C:\Users\dell\Desktop\laststation\Audio\audio_000923.wav,هواوي طفي عليكم الكونتور تولو تبكو بنية تحتية حساسة كيما هذي ديرهالكم كاش بلاد مراض
C:\Users\dell\Desktop\laststation\Audio\audio_000924.wav,كيفاش ندير باش نسلف ثنين و سبعين ساعة internet
C:\Users\dell\Desktop\laststation\Audio\audio_000925.wav,كاين مناطق في شلف بلا la fibre
C:\Users\dell\Desktop\laststation\Audio\audio_000926.wav,اقسم بالله راني نخلص un giga راه يوصلني ربعين mega
C:\Users\dell\Desktop\laststation\Audio\audio_000927.wav,هذا عشرة ايام ملي ركبلولي modem بصح مازال مطلقولي internet
C:\Users\dell\Desktop\laststation\Audio\audio_000928.wav,سلام هل توفر اتصالات الجزاير wifi sept و كم يقدر ثمنه
C:\Users\dell\Desktop\laststation\Audio\audio_000929.wav,كيفاش نقدر نتواصل معاكم باش نقدر ندير la fibre
C:\Users\dell\Desktop\laststation\Audio\audio_000930.wav,ماهي الوثائق المطلوبة للتسجيل لاول مرة
C:\Users\dell\Desktop\laststation\Audio\audio_000931.wav,واش من تكريم الزبون والله افقر الدول الافريقية عندهم احترافية عليكم في العمل
C:\Users\dell\Desktop\laststation\Audio\audio_000932.wav,كفاه نرفع تدفق تاعي لي مية و عشرين mega برك واش المطلوب
C:\Users\dell\Desktop\laststation\Audio\audio_000933.wav,modem wifi six ولا هاذاك القديم
C:\Users\dell\Desktop\laststation\Audio\audio_000934.wav,عمبالك بلي نتوما افشل شركة فوق ظهر الارض
C:\Users\dell\Desktop\laststation\Audio\audio_000935.wav,و حنا الي شرينا modem ميتين و خمسة و عشرين الف كيفاه
C:\Users\dell\Desktop\laststation\Audio\audio_000936.wav,كي يفوت الشهر و ندخل في الشهر deuxieme كي نخلص مية الف dinar قداه تعطوني giga
C:\Users\dell\Desktop\laststation\Audio\audio_000937.wav,اسعار الاشتراكات الشهري مرتفعة نوعا ما
C:\Users\dell\Desktop\laststation\Audio\audio_000938.wav,ديرولنا la fibre في قريه سلام بولاية تلمسان
C:\Users\dell\Desktop\laststation\Audio\audio_000939.wav,وينتا نقدر نخفض التدفق و كيفاه يكون ذلك
C:\Users\dell\Desktop\laststation\Audio\audio_000940.wav,برج بوعريريج مكاش modem هرمنا وقتاه يدخلوا
C:\Users\dell\Desktop\laststation\Audio\audio_000941.wav,المشكل عندنا ثمانية شهر على طلب و مازال ماركبوناش
C:\Users\dell\Desktop\laststation\Audio\audio_000942.wav,مرهقة و متعبة خدمات adsl اليوم
C:\Users\dell\Desktop\laststation\Audio\audio_000943.wav,ان امكن نوع modem و اسمه بالكامل
C:\Users\dell\Desktop\laststation\Audio\audio_000944.wav,ربعة شهر بدون internet la fibre
C:\Users\dell\Desktop\laststation\Audio\audio_000945.wav,الوثائق المطلوبة لشراء modem هل يجب شرائه فالمنطقة القريبة للمنزل
C:\Users\dell\Desktop\laststation\Audio\audio_000946.wav,هل هناك اجراءات او تخفيضات بتبديل modem الجيل الرابع مع modem جديد
C:\Users\dell\Desktop\laststation\Audio\audio_000947.wav,modem fibre عندو ثلاثة شهر عندي و مازال ماداروليش خدمة fibre
C:\Users\dell\Desktop\laststation\Audio\audio_000948.wav,من ثلاثين افريل و internet متوقفة بدون سبب
C:\Users\dell\Desktop\laststation\Audio\audio_000949.wav,شحال يدير twinbox و شحال نستنا باش يوجد
C:\Users\dell\Desktop\laststation\Audio\audio_000950.wav,ختي تقدري تعيطيلهم بي portable ولا لازم fix و وقتاش يخدمو
C:\Users\dell\Desktop\laststation\Audio\audio_000951.wav,خفت عندكم كيما العادة احدث ما يحدث يصبح بقدرة قادر يشبه لخمسطاش خمسطاش
C:\Users\dell\Desktop\laststation\Audio\audio_000952.wav,راني حايب نديرها باسم خويا عسكري شحال تخصمولهم و قداش نخلص
C:\Users\dell\Desktop\laststation\Audio\audio_000953.wav,كلش مركب internet يجيب ربي عييت منكم
C:\Users\dell\Desktop\laststation\Audio\audio_000954.wav,راه كاين تذبذب في internet في بلدية سيدي لخضر ولاية عين الدفلى ماهو الخلل
C:\Users\dell\Desktop\laststation\Audio\audio_000955.wav,لكن هل نمتلك سرعة internet في الجزاير تتوافق مع تقنية wifi sept
C:\Users\dell\Desktop\laststation\Audio\audio_000956.wav,موقع باش نعرف رقم الزبون فيه خلل ارسلتلكم في الخاص جاوبوني من فضلكم
C:\Users\dell\Desktop\laststation\Audio\audio_000957.wav,ممكن رقم خدمة الزبائن عندي استفسار و حبيت نعيطلكم
C:\Users\dell\Desktop\laststation\Audio\audio_000958.wav,كم هي مدة العرض التي تكون بعد الشهر
C:\Users\dell\Desktop\laststation\Audio\audio_000959.wav,اهدرو بالعربية والله تقول رانا عايشين في paris
C:\Users\dell\Desktop\laststation\Audio\audio_000960.wav,حنا فلجلفة مكاش ڨاع les cable
C:\Users\dell\Desktop\laststation\Audio\audio_000961.wav,modem راكب و internet مكاش راني في شهرين نستنا
C:\Users\dell\Desktop\laststation\Audio\audio_000962.wav,هل modem مجاني فيه خاصية wifi six
C:\Users\dell\Desktop\laststation\Audio\audio_000963.wav,لي يبدل من adsl لي fibre يستفيد من العرض ولا لالا
C:\Users\dell\Desktop\laststation\Audio\audio_000964.wav,جيبولنا اجهزة modem و ساهلة عندنا اكثر من عام و حنا نقارعو
C:\Users\dell\Desktop\laststation\Audio\audio_000965.wav,روح ياوليدي راني كرهت من التعليقات
C:\Users\dell\Desktop\laststation\Audio\audio_000966.wav,كي ندخل فضاء زبون يبعتلي رابط تحقق email و كي ندخل مايمشيش
C:\Users\dell\Desktop\laststation\Audio\audio_000967.wav,modem عندو قريب خمسة شهر راكب مكان والوا و زيد كوباو numero لقديم
C:\Users\dell\Desktop\laststation\Audio\audio_000968.wav,اشتراك ستين mega تلحقني ستة و عشرين mega عييت مانريكلامي والوا
C:\Users\dell\Desktop\laststation\Audio\audio_000969.wav,نسكن في وسط المدينة مازال مكاش connexion
C:\Users\dell\Desktop\laststation\Audio\audio_000970.wav,حي بارك افراج لحد الساعة ملحقلهاش la fibre
C:\Users\dell\Desktop\laststation\Audio\audio_000971.wav,ان شاء تديرو فيديوهات بالعربية مية بالمية
C:\Users\dell\Desktop\laststation\Audio\audio_000972.wav,غير الخرطي فالصح والله ماسمعنا بيه
C:\Users\dell\Desktop\laststation\Audio\audio_000973.wav,شكون عندو الخط هذا وراه يستخدم فيه
C:\Users\dell\Desktop\laststation\Audio\audio_000974.wav,نتوما تتمسخرو بيا نعيطلكم واحد ما يريبوندي عليا تخسرولي les unite
C:\Users\dell\Desktop\laststation\Audio\audio_000975.wav,جيبولنا غير الالياف و من بعد ساهل
C:\Users\dell\Desktop\laststation\Audio\audio_000976.wav,كفاه نعرف اذا نقدر ندخلها ولا مازال
C:\Users\dell\Desktop\laststation\Audio\audio_000977.wav,قالولك بصفة تدريجية معناها بعد عام عامين المهم انت تصبر و تستنا
C:\Users\dell\Desktop\laststation\Audio\audio_000978.wav,اقسم بالله مافيكم الثقة و لا المصداقية
C:\Users\dell\Desktop\laststation\Audio\audio_000979.wav,للاسف مازالنا بدون internet fibre و 4g ضعيفة جدا
C:\Users\dell\Desktop\laststation\Audio\audio_000980.wav,احسن حل روح جيب لي يخدمو عندهم بدراهم هوما تاع دراهم برك
C:\Users\dell\Desktop\laststation\Audio\audio_000981.wav,من فضلكم هل استطاعتنا تغيير modem nokia للالياف البصرية لانه لا يدعم تقنية wifi six
C:\Users\dell\Desktop\laststation\Audio\audio_000982.wav,سجلنا منذ شهر و مكان حتى جديد لي modem راهم يتسرباو بالمعريفة
C:\Users\dell\Desktop\laststation\Audio\audio_000983.wav,بلدية القبة غير موهل منذ الاستقلال افتحو المنافسة
C:\Users\dell\Desktop\laststation\Audio\audio_000984.wav,غير متوفر في مدينة الجلفة حي ونوقي
C:\Users\dell\Desktop\laststation\Audio\audio_000985.wav,عندي خمسطاش يوم ملي خلصت و ركبولي و مازال مطلقوش
C:\Users\dell\Desktop\laststation\Audio\audio_000986.wav,ديرولنا la fibre في المجتمع تسعطاش ترقوي العمومي الرحمانية راهي في معانات بدون la fibre
C:\Users\dell\Desktop\laststation\Audio\audio_000987.wav,يلزم يكون عندك خط هاتف ولا مش بالضرورة
C:\Users\dell\Desktop\laststation\Audio\audio_000988.wav,jamais خدمو خدمة صافية يليكيديو في الشعب و صايي
C:\Users\dell\Desktop\laststation\Audio\audio_000989.wav,عندي خمسطاش يوم ملي خلصت عطاوني modem وين مانروحلهم يتمسخرو بيا
C:\Users\dell\Desktop\laststation\Audio\audio_000990.wav,المنطقة لا تتوفر على تقنية الالياف البصرية ندير طلب modem
C:\Users\dell\Desktop\laststation\Audio\audio_000991.wav,اصلحولنا internet لي راهي مكاش من يومين و من بعد ساهل
C:\Users\dell\Desktop\laststation\Audio\audio_000992.wav,كيف يمكنني الاشتراك في هذ العرض الترويجي
C:\Users\dell\Desktop\laststation\Audio\audio_000993.wav,modem غير متوفر في الوكلات عندنا مدة و حنا نسناو
C:\Users\dell\Desktop\laststation\Audio\audio_000994.wav,خدمة la fibre قداه فيهم من giga
C:\Users\dell\Desktop\laststation\Audio\audio_000995.wav,والله غير تعبت نتصل بيكم تروحلي دراهمي في باطل بلا متردو عليا
C:\Users\dell\Desktop\laststation\Audio\audio_000996.wav,كيف يمكنني الغاء الاشتراك في la fibre
C:\Users\dell\Desktop\laststation\Audio\audio_000997.wav,من شهر نوفمبر الفين و ربعة و عشرين ة حنا ننتظر في modem راه رقم قياسي
C:\Users\dell\Desktop\laststation\Audio\audio_000998.wav,المسيلة راهي مقطوعة internet عندها من نصف رمضان
C:\Users\dell\Desktop\laststation\Audio\audio_000999.wav,حساب للعمل شركة احتقار واش يجيك منهم
C:\Users\dell\Desktop\laststation\Audio\audio_001000.wav,اريد تفعيل فضاء الزبون معلومات بعثتهم فى الخاص و شكرا
C:\Users\dell\Desktop\laststation\Audio\audio_001001.wav,هل مكرر wifi متوفر في مصالحكم للبيع و كم السعر
C:\Users\dell\Desktop\laststation\Audio\audio_001002.wav,عند الرفع من سرعة تدفق internet بالالياف لا تلزمو الزبون
C:\Users\dell\Desktop\laststation\Audio\audio_001003.wav,مشكلة في idoom 4g تدفق منخفض مع العلم مشترك في عرض ستمية وخمسين الف واحد tera
C:\Users\dell\Desktop\laststation\Audio\audio_001004.wav,راني نبعت message متردوش علبالي الضغط كبير بصح يرجى الرد
C:\Users\dell\Desktop\laststation\Audio\audio_001005.wav,شحال عندنا و حنا نستناو باه يطلڨونا internet مع العلم اننا عندنا تقريبا شهر منين ركبولنا modem
C:\Users\dell\Desktop\laststation\Audio\audio_001006.wav,المجد و الخلود لشهداينا الابرار الاخيارو تحيا الجزاير
C:\Users\dell\Desktop\laststation\Audio\audio_001007.wav,كشما عام اخر كي ينور الملح
C:\Users\dell\Desktop\laststation\Audio\audio_001008.wav,كرهتونا و كرهنا حاجة اسمها internet
C:\Users\dell\Desktop\laststation\Audio\audio_001009.wav,كم يحتاج من الوقت لتغيير رقم الهاتف الثابت
C:\Users\dell\Desktop\laststation\Audio\audio_001010.wav,وقتاه جيبولنا لي modem كرهنا كلش راكب و مكان والوا
C:\Users\dell\Desktop\laststation\Audio\audio_001011.wav,ولي ماعندوش giga كيفاه يشوف العروض
C:\Users\dell\Desktop\laststation\Audio\audio_001012.wav,"عندي مشكل في فضاء الزبون fibre سجلت و لم تصلني رسال, التاكيد في email"
C:\Users\dell\Desktop\laststation\Audio\audio_001013.wav,بويحية دير اسمك تحت التعليق
C:\Users\dell\Desktop\laststation\Audio\audio_001014.wav,ربعين يوم بدون internet و المشكل التقني هذا لا يوجد عندو حل
C:\Users\dell\Desktop\laststation\Audio\audio_001015.wav,عندي يومين ملي خلصت و ماجاتنيش
C:\Users\dell\Desktop\laststation\Audio\audio_001016.wav,حتي يوصل fibre و ساهل تشوف اعلانات تقول الجزاير كامل راهي بي la fibre
C:\Users\dell\Desktop\laststation\Audio\audio_001017.wav,عندي ثلاثين mega راي تلحقني غير سبعة mega تقولي الف
C:\Users\dell\Desktop\laststation\Audio\audio_001018.wav,وين راها مازالنا حاصلين في adsl
C:\Users\dell\Desktop\laststation\Audio\audio_001019.wav,لاتوجد تغطية fibre على مستوى الحي
C:\Users\dell\Desktop\laststation\Audio\audio_001020.wav,يودي عيطولنا كل يوم طول اليل تتقطع خسارة ميتين الف كل شهر برك
C:\Users\dell\Desktop\laststation\Audio\audio_001021.wav,النفخ و خلاص مكان والوا من الشي لي تهدرو فيه كفاءات محدودة جدا
C:\Users\dell\Desktop\laststation\Audio\audio_001022.wav,الاخت ليلى حمبوك ماجوبينيش بعبارة انكم تسعون جاهدين و اولولية
C:\Users\dell\Desktop\laststation\Audio\audio_001023.wav,السلام عليكم خصني رقم الزبون الخاص بي
C:\Users\dell\Desktop\laststation\Audio\audio_001024.wav,ديرولنا fibre ولاية خنشلة حي سبعمية سكن
C:\Users\dell\Desktop\laststation\Audio\audio_001025.wav,ياو ديرونا fibre و من بعد ساهل
C:\Users\dell\Desktop\laststation\Audio\audio_001026.wav,هناك بطئ رهيب في الربط بشبكة الالياف البصرية بولاية غرداية
C:\Users\dell\Desktop\laststation\Audio\audio_001027.wav,للاسف عروض ليست بالمقنعة مثلا عرض مية الف ينتهي بلمح البصر و عرض مية و خمسين الف سعره مرتفع
C:\Users\dell\Desktop\laststation\Audio\audio_001028.wav,connexion ضعيفة بزاف و درنا reclamation مكان والوا
C:\Users\dell\Desktop\laststation\Audio\audio_001029.wav,كاين الريح تدو في دراهم لحرام
C:\Users\dell\Desktop\laststation\Audio\audio_001030.wav,جيبو جديد هذا عرض الفقير و ميشريهش
C:\Users\dell\Desktop\laststation\Audio\audio_001031.wav,و صحاب adsl كيفاه نسيتوهم ڨاع
C:\Users\dell\Desktop\laststation\Audio\audio_001032.wav,تحية لكل عمال اتصالات الجزاير على المجهودات
C:\Users\dell\Desktop\laststation\Audio\audio_001033.wav,connexion عندي ناقصة خاصة بالخط الجديد la fibre علما ان الخط القديم adsl كانت جودته افضل
C:\Users\dell\Desktop\laststation\Audio\audio_001034.wav,كملولنا برج بوعريريج برك عمروها كل نديرو la fibre و موفقين
C:\Users\dell\Desktop\laststation\Audio\audio_001035.wav,في سكيكدة مكاش fibre خلاص نص بلديات سكيكدة مافيهمش fibre خلاص
C:\Users\dell\Desktop\laststation\Audio\audio_001036.wav,لا لا شبعنا خيرات ربي
C:\Users\dell\Desktop\laststation\Audio\audio_001037.wav,مع اتصالات الجزاير تكونكتي و انت تتعذب
C:\Users\dell\Desktop\laststation\Audio\audio_001038.wav,سلام خاوتي نسكن في الريف هل modem اتصالات الجزاير تمشي يعني في الريف و شكرا
C:\Users\dell\Desktop\laststation\Audio\audio_001039.wav,اليوم راح نحكوا على الطرق الي تخلي فيها سرعة internet تلحق لك بشكل كامل
C:\Users\dell\Desktop\laststation\Audio\audio_001040.wav,كلنا عانينا من انو نديرو اشتراك مثلا تاع عشرين mega بصح سرعة internet ماتلحقلناش عشرين mega لاسباب عدة اليوم راح نذكروا
C:\Users\dell\Desktop\laststation\Audio\audio_001041.wav,معظمها و اهمها نبدا من الارخص ولا المجاني حتى الاغلى و المدفوع
C:\Users\dell\Desktop\laststation\Audio\audio_001042.wav,تبعوا معنا اول حل بالطبع راح يكون حل سهل و معظم الناس
C:\Users\dell\Desktop\laststation\Audio\audio_001043.wav,خمو فيه deja الي هو طفي و عاود شعل modem ولا routeur الي راو عندك في المنزل
C:\Users\dell\Desktop\laststation\Audio\audio_001044.wav,حل بسيط لالا الحل الثالث يطلب معرفة تقنية صغيرة الي هو تبدل الاشارة ولا الباند الي راك تكونيكتي فيها
C:\Users\dell\Desktop\laststation\Audio\audio_001045.wav,تخرج من الباند تاع ثنين فاصل ربعة giga hertz و تروح للباند تاع خمسة giga hertz اذا كان routeur و modem تاعك يدعمها
C:\Users\dell\Desktop\laststation\Audio\audio_001046.wav,من تم فعل في الاعدادات تاعك فعل wifi تاع cinq giga hertz
C:\Users\dell\Desktop\laststation\Audio\audio_001047.wav,ديرلو mot de passe الي حبيت من تم desactiver ولا وقف التفعيل تاع شبكة ثنين فاصل ربعة giga hertz
C:\Users\dell\Desktop\laststation\Audio\audio_001048.wav,رابعا و هذي لمن استطاع اليها سبيلا يعني ماراهيش مكلفة ولا ماراهيش بدراهم اصلا
C:\Users\dell\Desktop\laststation\Audio\audio_001049.wav,طبعا ماشي ناس ڨاع يقدرو يديروها كاين الي راهو par example كاري
C:\Users\dell\Desktop\laststation\Audio\audio_001050.wav,الي عندهم زعما modem هنايا و الحاسوب هنا قراب لبعضاهم يدير cable
C:\Users\dell\Desktop\laststation\Audio\audio_001051.wav,الاجهزة الي في المنزل تاعك الي راهي تستخدم wifi و خليتها و نسيتها يعني الي راهي داخلة في الشبكة تاعك و نسيتها انت اصلا
C:\Users\dell\Desktop\laststation\Audio\audio_001052.wav,تسما واش تدير سيي تفكر وشنو العفايس الي راك مخليهم مكونيكتين
C:\Users\dell\Desktop\laststation\Audio\audio_001053.wav,ووقفهم مثلا العفاس هذو يقدر يكون speaker برك speaker تاع يعني مكبر صوت
C:\Users\dell\Desktop\laststation\Audio\audio_001054.wav,و انت نسيتو مكونكتي حتى راهو desactiver راهو مكونكتي
C:\Users\dell\Desktop\laststation\Audio\audio_001055.wav,ايضا camera de surveillance ولا جهاز المراقبة camera يعني هذ الاجهزة البسيطة تقدر تسببلك اضطرابات
C:\Users\dell\Desktop\laststation\Audio\audio_001056.wav,داخل فيه speaker اي عفايس خفاف ما يدمونديوش سرعة internet
C:\Users\dell\Desktop\laststation\Audio\audio_001057.wav,اما الهواتف الحواسيب smart tvs ڨاع كونيكتيهم في شبكة الخمسة giga hertz
C:\Users\dell\Desktop\laststation\Audio\audio_001058.wav,هكذا باش تضمن السرعة الكاملة لهذ الاجهزة و مايكونش اضرابات
C:\Users\dell\Desktop\laststation\Audio\audio_001059.wav,سادسا و هنا رانا لحقنا لمسقي هنا تبدا تخلص papa
C:\Users\dell\Desktop\laststation\Audio\audio_001060.wav,العفسة الاولى الي تقدر ديرها انك تروح modem تاعك ولا تروح routeur تاعك
C:\Users\dell\Desktop\laststation\Audio\audio_001061.wav,differance بالك تاع ثلاثين الف ولا عشرين الف في الشهر يعني ميتين ولا ثلاثمية dinar جزايري في الشهر فقط
C:\Users\dell\Desktop\laststation\Audio\audio_001062.wav,يعني باذن الله راح تلقى يعني ولا تلاحظ تحسن كبير في السرعة باذن الله
C:\Users\dell\Desktop\laststation\Audio\audio_001063.wav,و كانت هذه هي video تاع اليوم اذا حبيت معلومات اكثر رانا تقريبا كل يوم live
C:\Users\dell\Desktop\laststation\Audio\audio_001064.wav,على قد ما استطيع نشرح لك وشنو هو الاختيار الافضل الي لازملك في المنزل تاعك
C:\Users\dell\Desktop\laststation\Audio\audio_001065.wav,اذا عندك اي تساول بسيط نقدرو نجاوب عليه بسرعة تقدر بكل بساطة تحطهولنا التحت
C:\Users\dell\Desktop\laststation\Audio\audio_001066.wav,بلا ماننساو تاني راك جيت زرتنا وديت من عندنا معلومة ماتنساش ديرلنا تبخلنا بي j'aime في video
C:\Users\dell\Desktop\laststation\Audio\audio_001067.wav,واش ليكيب اليوم راح نهدروا على la fibre هذ الحاجة الي يتمناها كل جزايري الي عندو بصحتو
C:\Users\dell\Desktop\laststation\Audio\audio_001068.wav,و الي معندوش ان شاءالله يا ربي في اقرب وقت على كل حال normalement الجزاير راح تكون مغطية كامل بي la fibre
C:\Users\dell\Desktop\laststation\Audio\audio_001069.wav,كيما انا من الاخر كيما على بالكم fibre هنا في الجزاير فيها بزاف عروض و كيما حوست في internet في youtube باش نقرا على هذ العروض
C:\Users\dell\Desktop\laststation\Audio\audio_001070.wav,كاين واحد في youtubeur جربها و ماخرجتليش في youtube donc سمحلنا على كل حال انا حوست و مالقيتش و قررت باش ندير
C:\Users\dell\Desktop\laststation\Audio\audio_001071.wav,باش تفهموا كلش تروحو تشوفو video الاولى حكيت لكم كيفاش دخلت la fibre و كيفاش نتوما تدخلوا la fibre شحال نخلص جبدتلكم les facture و كلش
C:\Users\dell\Desktop\laststation\Audio\audio_001072.wav,بزاف شابين الي اول مرة ندير video و يكونوا التعليقات متناسقين مية بلمية
C:\Users\dell\Desktop\laststation\Audio\audio_001073.wav,على كل حال اذا كان شفتوا la video الاولى على بالكم بالي اول مرة ندخل la fibre
C:\Users\dell\Desktop\laststation\Audio\audio_001074.wav,العرض تاع ثلاثمية mega fibre عادية على خطرش كاين تاع gaming donc عطوني ثلاثمية mega download
C:\Users\dell\Desktop\laststation\Audio\audio_001075.wav,و upload عطوني ثمانين mega ping في الالعاب كنت نلعب خمسين
C:\Users\dell\Desktop\laststation\Audio\audio_001076.wav,سبعة و ثلاثين و des fois ستين خمسة و ستين ping في serveur تاع فرانكفورت
C:\Users\dell\Desktop\laststation\Audio\audio_001077.wav,في الغرب كاملة ping هابط بزاف يلعبو بربعين ثلاثين في fifa يلعبو ثنين و عشرين ثمنطاش معلبليش
C:\Users\dell\Desktop\laststation\Audio\audio_001078.wav,و اذا كان راكم في الشرق ودير test تبدا من تحت خمسين ستين تطلع بالعقل فهمتوني donc معلبليش وشنو هو المشكل
C:\Users\dell\Desktop\laststation\Audio\audio_001079.wav,على كل بهذاك العرض الي كنت داير تاع ثلاثمية mega download و ثمانين mega upload كنت نخلص ربعمية الف
C:\Users\dell\Desktop\laststation\Audio\audio_001080.wav,شفت التعليقات تاعكم لقيت بلي العرض تاع gaming بدلوه على خطرش كيفاش كان العرض بكري تاع gaming deja الفرق
C:\Users\dell\Desktop\laststation\Audio\audio_001081.wav,زيادة مثال انا نخلص ربعمية الف fibre عادية ثلاثمية mega لوكان نردها gaming نولي نخلص خمسمية الف
C:\Users\dell\Desktop\laststation\Audio\audio_001082.wav,ping هابط كنت نشم في القروسية فيها مانكدبش عليكم على خطرش لاحظت مع اصحابي و كلش فهمت بلي انسان كيما انا
C:\Users\dell\Desktop\laststation\Audio\audio_001083.wav,بالنسبه للناس الي عندهم la fibre في الجزاير fibre عادية يعني على كل حال و العرض الجديد تاع gaming كيفاش ردوه
C:\Users\dell\Desktop\laststation\Audio\audio_001084.wav,العادية و gaming خمسين الف و زادو upload لميتين mega في بلاصة ثمانين mega donc قولت
C:\Users\dell\Desktop\laststation\Audio\audio_001085.wav,اوكي نزيد خمسين الف نرد روحي انا فار التجارب تاعكم و نجرب هذ fibre gaming est ce que تسوا
C:\Users\dell\Desktop\laststation\Audio\audio_001086.wav,كاين بزاف الي قالولي رضا خبي هذ العفسة رام يبيراطيولك l'internet ما عندها حتى معنى تروديمري modem يتبدل مكان حتى
C:\Users\dell\Desktop\laststation\Audio\audio_001087.wav,على كل حال ندير التجربة تاع fibre gaming ثلاثة زوج واحد راح يمدولنا
C:\Users\dell\Desktop\laststation\Audio\audio_001088.wav,كي العادة خوتي ثلاثمية mega تاعنا ثلاثمية mega bon jamais تلحق ثلاثمية
C:\Users\dell\Desktop\laststation\Audio\audio_001089.wav,تلحق ميتين و ثمانين هكذاك a peu pres صحا و upload يطلع حتى
C:\Users\dell\Desktop\laststation\Audio\audio_001090.wav,ماشي ميتين مية و ستين مية و سبعين معلبليش انا شحال ميتين مية و ثمانين راو صفا صفا نقولو
C:\Users\dell\Desktop\laststation\Audio\audio_001091.wav,speed مايهمش ping يهم في الالعاب شحال راك تلعب انا نقوللكم الحمد لله كان كاين شوية تحسن valo
C:\Users\dell\Desktop\laststation\Audio\audio_001092.wav,بلي كنت نلعب خمسين وليت نلعب ثنين و عشرين اني نكذب راني نكذب خوتي حتى حاجة ماتبدلت في ping
C:\Users\dell\Desktop\laststation\Audio\audio_001093.wav,تاع upload الي راح نجربوها دوك شوية كيما جربناها في video الاولى و الحاجة الثانية الي على جالها اني درت fibre gaming
C:\Users\dell\Desktop\laststation\Audio\audio_001094.wav,تبانلي حاجة مليحة c'est que fibre العادية هنا في بجاية على كل حال تتكوبا نقولو خمسطاش حتى لثلاثين
C:\Users\dell\Desktop\laststation\Audio\audio_001095.wav,ثانية يومين ثلاثة ايام في السمانة ماشي كل سمانة ca depend بصح تتكوبا يعني كانت
C:\Users\dell\Desktop\laststation\Audio\audio_001096.wav,تتكوبالي انا و قلت تاني كي ندير gaming نجرب هذ العفسة est ce que راهي تتكوبا ولا لالا وعندي a peu pres عشرة ايام ملي درت
C:\Users\dell\Desktop\laststation\Audio\audio_001097.wav,هذ العرض تاع gaming تكوباتلي خطرة بلاك واحد خمس ثواني برك و على حساب واش سمعت الله اعلم ليكيب
C:\Users\dell\Desktop\laststation\Audio\audio_001098.wav,معلبليش ادا كان panne generale تاع خمس ثواني في الجزاير كاملة ولا غير عندي على كل حال هذ العفسة تاع stabilite ماتروحش
C:\Users\dell\Desktop\laststation\Audio\audio_001099.wav,ماتوليش تحسنت في هذ الجهة على كل حال ليكيب اذا كان حسيت بتحسن من ناحية ping ولا latence كيما يقولوها algerie telecom
C:\Users\dell\Desktop\laststation\Audio\audio_001100.wav,ابدا راح نقوللكم بالي ممكن نقص ping تاعي بواحد ولا زوج ولا ثلاثة mais ما نقصش بعشرة ولا محسيتش
C:\Users\dell\Desktop\laststation\Audio\audio_001101.wav,كل شهر زيادة donc بالك ديرو العرض gaming a part اذا كان تخدمو حاجة professionnel نتوما
C:\Users\dell\Desktop\laststation\Audio\audio_001102.wav,و لازم يبعتها لكاش شركة ولا يدير العرض gaming باش يبروفيتي من upload
C:\Users\dell\Desktop\laststation\Audio\audio_001103.wav,ميتين mega يتسمى العرض gaming ماولاش gamer ولا للشركات ولا الخدمات المحترفة plus
C:\Users\dell\Desktop\laststation\Audio\audio_001104.wav,واحد des fois زوج بالمية mais vrai بلخف يروح مايديرونجيش كيما fibre العادية donc
C:\Users\dell\Desktop\laststation\Audio\audio_001105.wav,paris ping الهابط كامل داخل game في paris كيما راكم تشوفو ثمانية و ثلاثين تسعة و ثلاثين حاجة مليحة بصح كيما قلتلكم
C:\Users\dell\Desktop\laststation\Audio\audio_001106.wav,في video الاولى meme بل fibre العادية في paris في serveur تاع paris des fois نلعب بخمسة و ثلاثين
C:\Users\dell\Desktop\laststation\Audio\audio_001107.wav,ربعين mais الاغلبية تاع الوقت كنت نلعب مابين خمسين لستين شو شو ثمانية و ثلاثين تسعة و ثلاثين يبقى غير ثمانية و ثلاثين تسعة و ثلاثين و حاجة
C:\Users\dell\Desktop\laststation\Audio\audio_001108.wav,كيما قلتلكم ليكيب des fois نلعب في الثلاثينات و des fois نلعب في الخمسينات حتى ستين راكم تشوفو هذا ping راهو ستين
C:\Users\dell\Desktop\laststation\Audio\audio_001109.wav,خير هاو deja عاود ولا فرانكفورت هو الاول خمسة و خمسين يبقى stable مرة اخرى كيما fibre العادي
C:\Users\dell\Desktop\laststation\Audio\audio_001110.wav,اوكي ليكيب دك راح نجربو سرعة البعث ولا upload كيما على بالكم من ثمانين mega طلعوهالي
C:\Users\dell\Desktop\laststation\Audio\audio_001111.wav,حتى الميتين و في video الاولى جربنا باش نبعتو fichier فيها ربعة فاصل سبعة و سبعين giga استغرقلنا البعث تاعو
C:\Users\dell\Desktop\laststation\Audio\audio_001112.wav,حداش دقيقة وبعض الثواني و سرعة البعث كانت خمسة و خمسين mega راح نديرو تجربة بي fichier فيه ربعة فاصل ربعطاش giga
C:\Users\dell\Desktop\laststation\Audio\audio_001113.wav,سرعة تاع البعث راهي فوق المية mega راهي غير تطلع مية و حداش مية و طناش مية
C:\Users\dell\Desktop\laststation\Audio\audio_001114.wav,مية و عشرين bon مازال تطلع راهي دوك مية و ثلاثين و هذ الشي استغرقنا ربعة دقايق
C:\Users\dell\Desktop\laststation\Audio\audio_001115.wav,fibre العادي الحمد لله هذ تمشي ليك شوفو مشاءالله هدرنا شوية deja راهي تسعمية mega تبعت و هدشي حاجة هايلة
C:\Users\dell\Desktop\laststation\Audio\audio_001116.wav,قلتلكم مع الاول تاع video جبدت بعض الاسئلة تاعكم الي راح نجاوب عليها و ان شاءالله نكون
C:\Users\dell\Desktop\laststation\Audio\audio_001117.wav,فدتكم بهذ la video خوتي ديرولنا like الله يستركم باش يجي عليك دير like يازح بارطاجيه ما تبارطاجيهش مكله
C:\Users\dell\Desktop\laststation\Audio\audio_001118.wav,طناش شهر ولا حداش شهر ولا شهر واحد يستقاملك نفس السعر وليت نخلص ربعمية و خمسين الف
C:\Users\dell\Desktop\laststation\Audio\audio_001119.wav,على كل حال نخلص ربعمية و خمسين الف في الشهر و لوكان نخلص عام complet ولا شهرين ولا شهر تسقاملي كيف كيف exacte
C:\Users\dell\Desktop\laststation\Audio\audio_001120.wav,بصح صح بكري كانوا دايرين هذي على كل حال تخيل تسافر في زمن الفين و تسعطاش
C:\Users\dell\Desktop\laststation\Audio\audio_001121.wav,internet في الجزاير و نتمنى كامل الناس الي عندهم l'adsl و vdsl تدخلكم la fibre
C:\Users\dell\Desktop\laststation\Audio\audio_001122.wav,و هذاك ping ميطلعش زعما ميتين و ربعمية من بعد يولي فهمتني هذو les pique مكاش و هذي حاجة متعة
C:\Users\dell\Desktop\laststation\Audio\audio_001123.wav,جدا جدا هذا قالي في الفين و ثلاثة و راك demander في الناس باش ماتستعملش الطرق
C:\Users\dell\Desktop\laststation\Audio\audio_001124.wav,تحية ليه هو عندو vdsl و شاف بالي الطريق تاعو فيها
C:\Users\dell\Desktop\laststation\Audio\audio_001125.wav,و شاف بالي دارو كاينة فيها la fibre في هذاك site و يقدر يدير demande بطريقة عصرية
C:\Users\dell\Desktop\laststation\Audio\audio_001126.wav,اوتوماتيكية كيما راك تقول mais دارها مكان حتى خبر حتى راح عندهم و قالولو اه هذي البلاصة non مازال مافيهاش la fibre
C:\Users\dell\Desktop\laststation\Audio\audio_001127.wav,بزاف بزاف الي صرتلهم هكذا انا شخصيا نهدر direct الجزاير ماشي اتصالات الجزاير كاين ثمانية تاع les facture تاع الماء تخلصو عبر
C:\Users\dell\Desktop\laststation\Audio\audio_001128.wav,internet و عندهم ماتخلصوش معلبليش وين راحوا الدراهم ليكيب عاود خلصت
C:\Users\dell\Desktop\laststation\Audio\audio_001129.wav,و النصيحة تاعي مازال نقولكم لازم تروحو عند الوكالة و ماتتكلوش على الرقمنة
C:\Users\dell\Desktop\laststation\Audio\audio_001130.wav,في الجزاير deja ديرو في بالكم بلي كل واحد فينا عندو la carte d'identite biomitrique بصح كي تروح
C:\Users\dell\Desktop\laststation\Audio\audio_001131.wav,تقضي بها حاجة يقولك ديرو photo copie عليها و جيب معك extrait de naissance كان يدخل
C:\Users\dell\Desktop\laststation\Audio\audio_001132.wav,الرقمنة في الجزاير على كل حال ماحكيتلناش على routeur شكون خير و مليح الناس الي مازال ماشافوش video الاول خوتي روحو شوفوها vrai
C:\Users\dell\Desktop\laststation\Audio\audio_001133.wav,نشعلو بيدي على كل حال انا يكفي و يوفي كيما يقولو يجيو الدار يكونيكتيو كامل انا مانحسش
C:\Users\dell\Desktop\laststation\Audio\audio_001134.wav,و لوكان نحكم في الشنابر الاخرين تلحقني غير خمسطاش mega عشرين mega في بلاصة ثلاثمية الي عندي
C:\Users\dell\Desktop\laststation\Audio\audio_001135.wav,donc هذي الحاجة الوحيدة الي ماشي مليحة فيه و انا شريتو justement باش يبعث لڨاع الدار mais للاسف واقيل لازم نشري هذاك
C:\Users\dell\Desktop\laststation\Audio\audio_001136.wav,و راحوا و معودوش ولاو ماشي انت الوحيد حنا تاني في الدار القديمة كانوا هكذا ca fait عندهم عامين ملي حفرو
C:\Users\dell\Desktop\laststation\Audio\audio_001137.wav,دارو الخيوط تاع la fibre و ماشي تيوات عندي meme صاحبي gld واش راك حفرولهم و دارولهم الخيوط
C:\Users\dell\Desktop\laststation\Audio\audio_001138.wav,الي في هذ السمانة و كي راح سقسا قالولو في البدية تاع العام الجاي والله اعلم حبيت نسالك الى كان ندخل الخيط
C:\Users\dell\Desktop\laststation\Audio\audio_001139.wav,تاع fibre في pc بلا modem راح نستفاد من connexion كاملة ولا لازم نشري modem جديد
C:\Users\dell\Desktop\laststation\Audio\audio_001140.wav,مافهمتش السوال تاعك بصح بالك راك تهدرلي على لوكان تجيب الخيط تدخلو في modem
C:\Users\dell\Desktop\laststation\Audio\audio_001141.wav,و من modem للي pc direct ماشي كيما انا درت switcheur ولا routeur هذا هذا وين راهو الفايدة تاعو
C:\Users\dell\Desktop\laststation\Audio\audio_001142.wav,ثلاثمية mega درت تجربة و راح نديروها دوك ليكيب راح نحيو الخيط من routeur و نديروه في modem direct و نديرو test
C:\Users\dell\Desktop\laststation\Audio\audio_001143.wav,تجربة deja و مدولي ثمانين برك اصبر نطفي routeur en cas وين راني داير خيط معلبليش نطفيه
C:\Users\dell\Desktop\laststation\Audio\audio_001144.wav,قالولي لازم لازملك routeur لازملك switcheur واش اكبر حشوة في العالم ولا وشنو خوتي عندي switcheur للبيع
C:\Users\dell\Desktop\laststation\Audio\audio_001145.wav,فرانكفورت هبط لثمانية و ربعين لاول مرة نشوف ثمانية و ربعين فرانكفورت لثمانية و ربعين فرانكفورت paris واحد و خمسين راح ندخلو
C:\Users\dell\Desktop\laststation\Audio\audio_001146.wav,خطرش هو الي جربناه الاول راني ندير بل modem وحدو او ربعة و سبعين ping مهبول ping طالع بزاف ليكيب
C:\Users\dell\Desktop\laststation\Audio\audio_001147.wav,بزاف بزاف ربعة و سبعين بزاف نعاودو نخرج نعاودو ندخل paris مرة اخرى واحد مايكذبش ربعة و سبعين غير مقبولة
C:\Users\dell\Desktop\laststation\Audio\audio_001148.wav,ثمانية و ثلاثين اواه كيف كيف ليكيب ماشي كيف كيف خير راو نقصلي ping واحد ياك كنا ثمانية و ثلاثين تسعة و ثلاثين دوك
C:\Users\dell\Desktop\laststation\Audio\audio_001149.wav,ولا سبعة و ثلاثين ثمانية و ثلاثين ليكيب اني حاب نبكي بصح مافهمتش علاش علاش دارو هكذا مافهمتش علبالكم نجربو ping في
C:\Users\dell\Desktop\laststation\Audio\audio_001150.wav,لتما ping يبان مليح اهبط ping لعبت بيه في fc vingt quatre هو ثلاثين c'est bon
C:\Users\dell\Desktop\laststation\Audio\audio_001151.wav,باش نجاوب نقولو الله اعلم ممكن نوع تاع modem تعك على خطرش كيما على بالكم بلي فالجزاير
C:\Users\dell\Desktop\laststation\Audio\audio_001152.wav,internet والله غير نحط video هكذا ليكيب شفافية ليكيب والله شفافية ليكيب ايا نبدلو شوية الموضوع على خطرش بديت نهبل والله غير عندي
C:\Users\dell\Desktop\laststation\Audio\audio_001153.wav,خطرة في الدنيا الاغلبية ربعة و ثلاثين خمسة و ثلاثين ستة و ثلاثين سبعة و ثلاثين حتى لثمانية ربعين شوفو هنا ثنين و ربعين اوكي
C:\Users\dell\Desktop\laststation\Audio\audio_001154.wav,اصبر تشوف نجربو نجربو نجربو نديرو test نعاود نديرو test في تاع الاخر على
C:\Users\dell\Desktop\laststation\Audio\audio_001155.wav,تاعك تسما مكله routeur و الله اعلم هذيك الخطرة بلا routeur كانت ثمانين mega برك و دورك راك تشوف راهي زاهية ماتقدرش
C:\Users\dell\Desktop\laststation\Audio\audio_001156.wav,على كل حال سوال جديد هل اذا كانت للمنطقة لم يتم تغطيتنا بي internet fibre
C:\Users\dell\Desktop\laststation\Audio\audio_001157.wav,و تدخل رقم الهاتف في الموقع يقولك internet الي تقدر ديرها هي adsl عشرين mega الي عندو معلومات
C:\Users\dell\Desktop\laststation\Audio\audio_001158.wav,على كل حال تشوفو يحفرو ولا ما يحفروش نهار الي تجيكم la fibre راحين يدقدقولكم في
C:\Users\dell\Desktop\laststation\Audio\audio_001159.wav,في الباب و يقولولكم اذا كان مهتمين بل fibre باش يبيعولكم modem و باش نجيبهلكم من الاخر الارقام تاع fix
C:\Users\dell\Desktop\laststation\Audio\audio_001160.wav,القديمة كامل راهي عشرين mega الجدد الي داروهم جدد هذ الاعوام الخرين هما الي ممكن فيهم la fibre
C:\Users\dell\Desktop\laststation\Audio\audio_001161.wav,مية و تسعة و تسعين الف و تسعمسة المهم ميتين الف فيها خمسطاش mega السلام عليكم والاغلى فيها ربعمية وخمسين الف
C:\Users\dell\Desktop\laststation\Audio\audio_001162.wav,internet fibre كاين gamer ping اصغر و كاين العادي كاينة منها
C:\Users\dell\Desktop\laststation\Audio\audio_001163.wav,يعطيك المعلومة كيما في video الاولى قلتلكم على vdsl قلتلكم معلبليش واش فيها بالك الخيوط مخلطين بزجاج والله معلبلى
C:\Users\dell\Desktop\laststation\Audio\audio_001164.wav,و هذا صححلي قالي vdsl هي نفسها adsl mais مابين دارك و الدار تاع internet
C:\Users\dell\Desktop\laststation\Audio\audio_001165.wav,ماتجاوزش سبعمية mega راح يمدولك la vdsl ماشي l'adsl لوكان فوق سبعمية mega راح تولي adsl
C:\Users\dell\Desktop\laststation\Audio\audio_001166.wav,عشرة mega تيليشارجي في خمسة دقايق ولا اكثر بشوية بلاك ستة دقايق و كنت نجبد بثلاثين mega par seconde و عندي هذي تاني
C:\Users\dell\Desktop\laststation\Audio\audio_001167.wav,la capture كي تيليشارجيت fc ربعة و عشرين فيه ربعين giga تطلعلي في عشرين دقيقة و كنت نجبد بخمسة و ثلاثين mega par seconde
C:\Users\dell\Desktop\laststation\Audio\audio_001168.wav,ping يهبط بزاف و درنا test علاش تفكروني علاش و ping مهبطش
C:\Users\dell\Desktop\laststation\Audio\audio_001169.wav,video هايل بصح كاين نقطة وحدة راك غالط فيها خويا ريديكس مش لازم تجيب switcheur ولا modem الثاني هذا هو الانسان
C:\Users\dell\Desktop\laststation\Audio\audio_001170.wav,السوال خوتي قالي ماشي لازم تجيب switcheur ولا modem الثاني باش يلحقك ثلاثمية mega
C:\Users\dell\Desktop\laststation\Audio\audio_001171.wav,و لقيتها لالا و درت capture باش نقولك بلي راني درت تجربة و لقيتها لالا و بلاك عندك modem zte ولا هواوي ماشي كيما تاعي
C:\Users\dell\Desktop\laststation\Audio\audio_001172.wav,nokia ليكيب بلاكو ثم بلاكو تبلاصيو fibre بدراهمكم راهم يبلاصيوها باطل وحدهم جاو بلاصوهلنا
C:\Users\dell\Desktop\laststation\Audio\audio_001173.wav,مازال ماطلقوهاش حتى يكملو ڨاع الحومة c'est que بلاكو ديرو الغلطة و تخلصو دراهمكم باش تجيكم la fibre صح des fois
C:\Users\dell\Desktop\laststation\Audio\audio_001174.wav,يديرو هكذك تاع باطل على خاطر عندهم ضغط باش الجزاير كامل تدير la fibre des fois تاني يديرو عروض par example العرض الي كان
C:\Users\dell\Desktop\laststation\Audio\audio_001175.wav,اذا كان خلاص ولا لالا مية الف يمدولك internet ميتين mega لمدة شهر و يمدولك modem و يديرولك installation كلش كلش
C:\Users\dell\Desktop\laststation\Audio\audio_001176.wav,شهر deuxieme تهبطها خمسطاش mega ولا عشرين mega ولا كيما حبيت mais هدو يبقاو عروض par example انا كي دخلت l'internet
C:\Users\dell\Desktop\laststation\Audio\audio_001177.wav,لاول مرة خلصت ربعمية وشي مدولي modem انصطالوهلي باطل و كانني خلصت شهر تاع ربعمية و خمسطاش الف
C:\Users\dell\Desktop\laststation\Audio\audio_001178.wav,التمبر ولا معلبش وشنو ثلاثمية mega تخلص سبعمية الف ماشي ربعمية الف هذي بكري و الحمد لله راهم ينقصوا في le prix ان شاءالله يزيدوا ينقصولنا
C:\Users\dell\Desktop\laststation\Audio\audio_001179.wav,يولي ميتين الف خوتي ثلاثمية mega فور على كل حال بكري كانت سبعمية الف صح و دوك ولات ربعمية الف دوك راني نخلص ربعمية و خمسين الف
C:\Users\dell\Desktop\laststation\Audio\audio_001180.wav,mega octet par seconde مرة اخرى خوتي يعطيكم الصحة على التعليقات في هذيك video المليحة ماشي كيما هذا هذا يهدر برك
C:\Users\dell\Desktop\laststation\Audio\audio_001181.wav,زعما راو طايح خشين بين قوسين en plus قلتلكم في video الاولى مع الاول قلتلكم بالي انا مانيش مختص في internet مانفهملهاش مليون
C:\Users\dell\Desktop\laststation\Audio\audio_001182.wav,في المية انا كيما نتوما انسان دخلولو la fibre عندي قناة تاع youtube ماذبيا نبارطاجيلكم
C:\Users\dell\Desktop\laststation\Audio\audio_001183.wav,كلش واش راني نشوف mais بالتعليقات تاعكم فهمت الفرق مابيناتهم mega byte par seconde هي سرعة التدفق
C:\Users\dell\Desktop\laststation\Audio\audio_001184.wav,التحميل كيما انا وريتلكم من قبيل كنت نحمل خمسة و ثلاثين mega octet يعطيهم الصحة مرة اخرى الناس لي
C:\Users\dell\Desktop\laststation\Audio\audio_001185.wav,حسنة هكذا و على كل حال ليكيب والله غير كانت صدمة صدمة اكتشفناها مع بعض سمحولي اذا كان la video جات
C:\Users\dell\Desktop\laststation\Audio\audio_001186.wav,نبدل شوية الفيديوهات في هذ القناة راح تشوفو يعجبكم الحال انشاءالله و اعطيونا التعليقات تاعكم اعطيونا اسئلة بلاك
C:\Users\dell\Desktop\laststation\Audio\audio_001187.wav,fibre نزيد ندير video باش نجاوب على الاسئلة تاعكم ماتنساوش like المورال راه هابط مليار فار التجارب انا طلعولي
C:\Users\dell\Desktop\laststation\Audio\audio_001188.wav,السلام عليكم مرحبا بكم في video جديدة في la video هذي انشاءالله راح نحكيو على le modem
C:\Users\dell\Desktop\laststation\Audio\audio_001189.wav,تاع algerie telecom le modem 4g donc le modem هذا شريتو البارح و حبيت نبارطاجي معكم l'experience تاعي
C:\Users\dell\Desktop\laststation\Audio\audio_001190.wav,مع هذ le modem donc راح نبداوها من الاول كيفاه شريتو واش ديتلهم comme papier حتى الاخر خلاص
C:\Users\dell\Desktop\laststation\Audio\audio_001191.wav,donc voila عطاولي le modem و عطاولي معه هذ le boitier
C:\Users\dell\Desktop\laststation\Audio\audio_001192.wav,donc le boitier هذا واش فيه donc فيه un cable rg quarante cinq هذا اذا حبيتوا تبرونشيو
C:\Users\dell\Desktop\laststation\Audio\audio_001193.wav,un ordinateur directement في modem surtout اذا كان un ordinateur لي ماعندوش wifi
C:\Users\dell\Desktop\laststation\Audio\audio_001194.wav,عطاولي معاه le cable هذا telephonique هذا اذا حبيتو تبرونشيو telephone fix directement في modem
C:\Users\dell\Desktop\laststation\Audio\audio_001195.wav,et oui تقدرو تستعملوا un telephone fix مع هذا le modem
C:\Users\dell\Desktop\laststation\Audio\audio_001196.wav,و bien sur عطاوني les guide d'utilisation تاعو
C:\Users\dell\Desktop\laststation\Audio\audio_001197.wav,و عطاوني la puce bon la puce ماراهيش هنايا parce que راهي راكبة deja في le modem donc دورك نشوفو
C:\Users\dell\Desktop\laststation\Audio\audio_001198.wav,دوك كي تدي هذ le modem تلحق لدار واش دير
C:\Users\dell\Desktop\laststation\Audio\audio_001199.wav,اول حاجة تجبد هذ la puce تنحيها منا تركبها في modem كيفاش تركبها donc مور modem
C:\Users\dell\Desktop\laststation\Audio\audio_001200.wav,كاين هذ l'endroit وين كاين هذ la fleche donc تنحيو هذ le truc
C:\Users\dell\Desktop\laststation\Audio\audio_001201.wav,تاع l'ordinateur و كاين هذا تاع telephone donc هذا واش عندكم telephone ordinateur chargeur
C:\Users\dell\Desktop\laststation\Audio\audio_001202.wav,donc كي تبرونشيوه apres ماتشريوه مش راح يمشي directement
C:\Users\dell\Desktop\laststation\Audio\audio_001203.wav,donc بقات حمرا هكذا une demi journee من بعد مع العشية خلاص
C:\Users\dell\Desktop\laststation\Audio\audio_001204.wav,ولات خضرا و كونيكتا le reseau خضرا ولا زرڨا
C:\Users\dell\Desktop\laststation\Audio\audio_001205.wav,كيما راكم تشوفو انا هكذا ca veut dire راني مكونيكتي le reseau كي تكون حمرا ca veut dire ماراكمش كونيكتي le reseau 4g
C:\Users\dell\Desktop\laststation\Audio\audio_001206.wav,اذا طولت و ماكونيكتاش modem تاعكم le reseau و بقات هذي حمرا par example deux jour ولا trois jour لازم تروحو عندهم
C:\Users\dell\Desktop\laststation\Audio\audio_001207.wav,بلاك نساو ياكتيفيولكم la puce ولا حاجة كيما هكذا mais affaire تاع نص نهار ولا نهار maximum normalement
C:\Users\dell\Desktop\laststation\Audio\audio_001208.wav,maximum vingt quatre heure اذا فاتت vingt quatre heure ارجعوا عندهم ولا عيطولهم
C:\Users\dell\Desktop\laststation\Audio\audio_001209.wav,قوللهم ياكتيفيولكم la puce و في la fature راهو كاين un numero fix تقدرو تعيطو
C:\Users\dell\Desktop\laststation\Audio\audio_001210.wav,دوك نحكوا على les condition d'utilisation تاع هذ le modem et oui هذle modem عندو des condition d'utilisation
C:\Users\dell\Desktop\laststation\Audio\audio_001211.wav,فيه un engagement تاع طناش شهر الي لازم تعرفوه واش معنتها engagement تاع طناش شهر
C:\Users\dell\Desktop\laststation\Audio\audio_001212.wav,algerie telecom تقوللكم بالي هذ le modem العام الاول ماهوش تاعكم تاعهم
C:\Users\dell\Desktop\laststation\Audio\audio_001213.wav,راهو ملك algerie telecom و لوكان ماتريسبيكتيوش les condition تاعهم
C:\Users\dell\Desktop\laststation\Audio\audio_001214.wav,راح يدومونديولكم انكم ترجعولهم le modem d'accord و بلاك يرمبورسيولكم الراهم
C:\Users\dell\Desktop\laststation\Audio\audio_001215.wav,وقتاش يصرا هذا le cas تاع يدمونديو انكم ترجعولهم le modem
C:\Users\dell\Desktop\laststation\Audio\audio_001216.wav,لازملكم العام الاول au moins deux rechargement واحد في six mois الاولين و واحد في six mois الثانيين هذ العام الاول
C:\Users\dell\Desktop\laststation\Audio\audio_001217.wav,كي يفوت العام الاول le modem يولي c'est bon تاعكم donc ماهوش تاع algerie telecom راهو تاعكم
C:\Users\dell\Desktop\laststation\Audio\audio_001218.wav,بصح la condition تاع rechargement تاع chaque six mois لازم تبقاو تريسبيكتيوها
C:\Users\dell\Desktop\laststation\Audio\audio_001219.wav,chaque six mois تروشارجيو au moins خطرة واش يصرا لوكان ماتروشارجيوش
C:\Users\dell\Desktop\laststation\Audio\audio_001220.wav,d'accord و اذا صرالكم هذ le cas في deuixeme mois
C:\Users\dell\Desktop\laststation\Audio\audio_001221.wav,و مارشارجيتوش و حبست la puce لازم تروحو لعندهم soit يعاودوا ياكتيفيولكم la puce تاعكم soit
C:\Users\dell\Desktop\laststation\Audio\audio_001222.wav,قبل مانحكوا على كيفاش نكونيكتيو wifi تاع هذ le modem وين راه mot de passe تاعو و كذا etcetera
C:\Users\dell\Desktop\laststation\Audio\audio_001223.wav,حبيت نحكيلكم على les offre تاع 4g تاع algerie telecom donc
C:\Users\dell\Desktop\laststation\Audio\audio_001224.wav,كي تروحو le site تاع algerie telecom تروحو internet من بعد تروحو
C:\Users\dell\Desktop\laststation\Audio\audio_001225.wav,تروحو tarif donc هنا تلقاو كامل les offre
C:\Users\dell\Desktop\laststation\Audio\audio_001226.wav,quinze giga بخمسين الف chaque quinze jour valable quinze jour كاينة تاع quarante giga بمية الف valable شهر
C:\Users\dell\Desktop\laststation\Audio\audio_001227.wav,و كاينة تاع cent cinquante giga بمية و خمسين الف valable شهر ثاني
C:\Users\dell\Desktop\laststation\Audio\audio_001228.wav,كاينة تاع trois cent giga بميتين و خمسين الف valable deux mois كاينة تاع quatre cent giga
C:\Users\dell\Desktop\laststation\Audio\audio_001229.wav,تخيروا l'offre الي تساعدكم هذ le modem كي تشريوه la premier fois
C:\Users\dell\Desktop\laststation\Audio\audio_001230.wav,راه فيه هذ فيه cent cinquante giga الي هي valable pour un mois
C:\Users\dell\Desktop\laststation\Audio\audio_001231.wav,عندكم cent cinquante giga تقدرو تستعملوها pendant un mois و الى فات un mois و مستعملتوهاش ولا بقى منها شوية c'est bon
C:\Users\dell\Desktop\laststation\Audio\audio_001232.wav,وفيها mille dinar vers le reseau moblie
C:\Users\dell\Desktop\laststation\Audio\audio_001233.wav,تاع quatre cent cinquante giga فيها deux mille dinar ميتين الف تاع les appel
C:\Users\dell\Desktop\laststation\Audio\audio_001234.wav,les reseau mobile donc هذا c'est un avantage الي عندو apparail fix ماذبيه يبروفيتي من هذ les avantage
C:\Users\dell\Desktop\laststation\Audio\audio_001235.wav,و اذا حبيتوا تشوفو كامل les offre الي كاينين تقدرو توكنسولتيو هذ la page في le site تاع algerie telecom و تشوفو كامل les offre الي عندهم
C:\Users\dell\Desktop\laststation\Audio\audio_001236.wav,و كيما راكم تشوفو تحت modem راح تلقاو les information تاع le modem
C:\Users\dell\Desktop\laststation\Audio\audio_001237.wav,راح تلڨاو الاسم تاع wifi تاعو كيفاش راح تلڨاو le mot de passe
C:\Users\dell\Desktop\laststation\Audio\audio_001238.wav,و راح تلڨاو l'adresse ip تاع le modem c'est a dire باش تدخلو la configuration تاعو و راح تلڨاو le mot de passe
C:\Users\dell\Desktop\laststation\Audio\audio_001239.wav,تاع la configuration تاع modem الي هو هنايا admin انا راني بدلتو
C:\Users\dell\Desktop\laststation\Audio\audio_001240.wav,voila donc هنا الي تقدرو تلڨاو le mot de passe تاعكم
C:\Users\dell\Desktop\laststation\Audio\audio_001241.wav,تكونيكتيو من micro تاعكم modem بل wifi ولا بل cable donc
C:\Users\dell\Desktop\laststation\Audio\audio_001242.wav,اذا تحبوا تكونيكتيو la configuration تاعو ديرو l'adresse ip في navigateur
C:\Users\dell\Desktop\laststation\Audio\audio_001243.wav,الي هي بالنسبة ليا انا هي cent quatre vingt douze cent soixante huit huit un
C:\Users\dell\Desktop\laststation\Audio\audio_001244.wav,4g تاع algerie telecom و راكم عندكم un apparail الي راه مكونيكتي
C:\Users\dell\Desktop\laststation\Audio\audio_001245.wav,على هذ les chiffre هذو راح يديكم la page هذي الي توريلكم la consommation تاعكم تاع la 4g
C:\Users\dell\Desktop\laststation\Audio\audio_001246.wav,donc من البارح لليوم كونسوميت six giga من هذ
C:\Users\dell\Desktop\laststation\Audio\audio_001247.wav,كون ترجعوا la page d'acceuill و تكليكيو على les appareil هنايا
C:\Users\dell\Desktop\laststation\Audio\audio_001248.wav,تقدرو تبدلو les information تاع wifi تاعكم par example تبدلو الاسم تاع wifi ولا تبدلو mot de passe
C:\Users\dell\Desktop\laststation\Audio\audio_001249.wav,و اذا بدلتوهم ديرو enregistrer باش يتوريجيستراو les changement تاعكم
C:\Users\dell\Desktop\laststation\Audio\audio_001250.wav,اذا حبيتو ديزاكتيفيو le wifi و تكونيكتيو غير بل cable اكليكيو هنا يتديزاكتيفا
C:\Users\dell\Desktop\laststation\Audio\audio_001251.wav,عندكم les parametre de securiter عندكم filtre
C:\Users\dell\Desktop\laststation\Audio\audio_001252.wav,بي l'adresse mac etcetera عندكم mise a jour اذا حبيتوا ديرولو mise a jour modem تاعكم انا actuellement modem تاعي راهو a jour
C:\Users\dell\Desktop\laststation\Audio\audio_001253.wav,ما نحتاجش نديرو mise a jour و عندكم بزاف les option الي حب يديكوفري
C:\Users\dell\Desktop\laststation\Audio\audio_001254.wav,عندكم les information تاع le modem تاعكم هنايا information sur l'appareil
C:\Users\dell\Desktop\laststation\Audio\audio_001255.wav,تقدرو تروديماريو modem تاعكم منا من la configuration تقدرو تديرو restauration
C:\Users\dell\Desktop\laststation\Audio\audio_001256.wav,و bien sur تقدرو تبدلو le mot de passe تقدرو باش تبدلو mot de passe لازم تسيزيو mot de passe actuelle
C:\Users\dell\Desktop\laststation\Audio\audio_001257.wav,تسيزيو mot de passe الجديد و تكونفيرميوه donc انا هكذا درت جيت هنايا كتبت هنا admin
C:\Users\dell\Desktop\laststation\Audio\audio_001258.wav,donc voila درتلكم un petit tour مش راح ندخل في les detail كامل
C:\Users\dell\Desktop\laststation\Audio\audio_001259.wav,هذ video بغيت نختمها بحاجة الي هي ندير une comparaison مابين
C:\Users\dell\Desktop\laststation\Audio\audio_001260.wav,دوك نشوفوها par rapport modem هذا دوك نروح le site هذا
C:\Users\dell\Desktop\laststation\Audio\audio_001261.wav,الي هو اسمو fast تاع twitter خدمتو twitter
C:\Users\dell\Desktop\laststation\Audio\audio_001262.wav,bon قليلة هي normalment تطلع تفوت تفوت
C:\Users\dell\Desktop\laststation\Audio\audio_001263.wav,تقدر تلحق حتى cinquante mega على حساب le moment الي
C:\Users\dell\Desktop\laststation\Audio\audio_001264.wav,اليوم راني مع العشية donc راكم تشوفو شوية ضعيفة
C:\Users\dell\Desktop\laststation\Audio\audio_001265.wav,و هذا وين راني غلطت قلتلكم بلي site هذا راه developper par twitter هو
C:\Users\dell\Desktop\laststation\Audio\audio_001266.wav,نلقاو telecommande bluetooth الي راكم متعودين تشوفوها و المهم كامل في هذي العلبة هو twinbox هذو كامل من عند dlink معالج
C:\Users\dell\Desktop\laststation\Audio\audio_001267.wav,logique فيها ثنين giga ram و ثنين و ثلاثين giga memoire و باش تعرف كلش عليها تبع هذا video حتى الاخر
C:\Users\dell\Desktop\laststation\Audio\audio_001268.wav,من هنا المنفذ الي تدخل فيه la puce تاع djezzy او تبرونشيه direct مع modem
C:\Users\dell\Desktop\laststation\Audio\audio_001269.wav,هذا الي يفسرلكم واش يجمع algerie telecom مع djezzy في box واحدة بسم الله نشغلوها
C:\Users\dell\Desktop\laststation\Audio\audio_001270.wav,تشوفو مدعومة رسميا من عند google المهم كامل تدعم quatre k على هذي جربتها في moniteur professionelle
C:\Users\dell\Desktop\laststation\Audio\audio_001271.wav,كيما تشوفو تمشي على version douze تاع android tv pour هذ modele twinbox
C:\Users\dell\Desktop\laststation\Audio\audio_001272.wav,modele quatre k و دوك نتاكدو بلي تمشي هذ resolution و l'installation تاعها سهلة خلاص تبرونشي chargeur في la prise و تبرونشي cable
C:\Users\dell\Desktop\laststation\Audio\audio_001273.wav,hdmi مع television ديالك bon هذا هو home تاع la twinbox
C:\Users\dell\Desktop\laststation\Audio\audio_001274.wav,تشوفو فيها بزاف les application حنا ندخلو direct في المفيد هذي la twinbox هي tvbox كيما راكم تشوفو هذي حاجة باينة مفروغ منها و كيما اي
C:\Users\dell\Desktop\laststation\Audio\audio_001275.wav,tvbox راهو موجود في marcher حاليا تقدر تكونيكتيه مع wifi الي راهو في داركم يعني احكم wifi دير mot de passe ابدا تكونيكي في la tvbox
C:\Users\dell\Desktop\laststation\Audio\audio_001276.wav,تفرج mais هذا tvbox فيه حاجات جديد اول حاجة يخدم modem 4g تاع djezzy معنتها ديرلو la puce djezzy تبدا تكونيكتي 4g
C:\Users\dell\Desktop\laststation\Audio\audio_001277.wav,و من غير هذي تقدر تربطو directement مع modem تعكم تاع داركم عن طريق cable
C:\Users\dell\Desktop\laststation\Audio\audio_001278.wav,يخدم modem لانو راح يمدلك شبكة مزدوجة تاع wifi عن طريق هذوك les antenne هكذا يرجع يخدم modem 4g او routeur
C:\Users\dell\Desktop\laststation\Audio\audio_001279.wav,نستناو شوية حتى ياكيفي معنا هذا العرض نديرو دوكا mot de passe l'application و نتكي على suivant
C:\Users\dell\Desktop\laststation\Audio\audio_001280.wav,هكذا felicitation اكتيفينا العرض تاع quatre k على deux ecran يعني تقدر تشريها انت وصاحبك
C:\Users\dell\Desktop\laststation\Audio\audio_001281.wav,meme تقدر تتفرج فيها les film كيما تشوفو نروحو لتطبيقات ندخلو google play تقدر installer بزاف les application
C:\Users\dell\Desktop\laststation\Audio\audio_001282.wav,عندك netfilx prime video و مع هذيا كاين des application من تطوير فريق فينك الجزايري كيما تشوفو دوخرا
C:\Users\dell\Desktop\laststation\Audio\audio_001283.wav,الجزاير و djezzy و فيها بزاف les cour en ligne هكذا يقدر وليدك ولا بنتك يتبع les cour تاعو direct من هذي la tvbox يعني ماهيش
C:\Users\dell\Desktop\laststation\Audio\audio_001284.wav,غير بي commande vocal دير la recherche تاعك بلى ماتستعمل clavier باستخدام هذي la telecommande و فيها هذا bouton تاع hi google كيما تشوفو
C:\Users\dell\Desktop\laststation\Audio\audio_001285.wav,على la tvbox راهي تمشى quatre k بسم الله مشاءالله و كان هذا هو كل شي على la twinbox الي راهي دايرة ضجة كبيرة
C:\Users\dell\Desktop\laststation\Audio\audio_001286.wav,رايكم فيها في التعليقات تحت هذا video سلام عليكم و دمتم في رعاية الله
C:\Users\dell\Desktop\laststation\Audio\audio_001287.wav,connexion راها مقطوعة في حداش نيوم عندي
C:\Users\dell\Desktop\laststation\Audio\audio_001288.wav,اليوم هبلتو connexion تمشي دقيقتين و تروح ساعة ريڨلو جدها
C:\Users\dell\Desktop\laststation\Audio\audio_001289.wav,راهي كاينة مشكلة في internet فالدزاير كامل و علابلكمش ريڨلولنا ياك رانا نخلصو
C:\Users\dell\Desktop\laststation\Audio\audio_001290.wav,حتى تخدمو internet ثقيلة و تنقطع بزاف و ثقيلة راكم دخلو دراهم عودوا ديرو تجديد من وقت عبدالقادر مزالوا
C:\Users\dell\Desktop\laststation\Audio\audio_001291.wav,علاه هكذا لواحد دخل internet باه يخدم بيها رانا في عشر ايام مازال مطلقتوهاش والله بزاف
C:\Users\dell\Desktop\laststation\Audio\audio_001292.wav,fibre راح يوصلنا في deux mille quatre vingt حتى نموتو
C:\Users\dell\Desktop\laststation\Audio\audio_001293.wav,ياودي عندي شهر ملي ركبولي modem و راني مخلص و مازال مطلقتوليش internet
C:\Users\dell\Desktop\laststation\Audio\audio_001294.wav,نتوما ربي غير حنا لي معندناش wifi ولا حتى نتوما ملبارح مكانش connexion وين المشكل
C:\Users\dell\Desktop\laststation\Audio\audio_001295.wav,ربي يهديكم و خلاص شهرين و حنا حابسين modem راكب ماقيمتونا ماجاء حتى واحد خدم ولا حتى هدر معانا
C:\Users\dell\Desktop\laststation\Audio\audio_001296.wav,ليش internet مازالت مقطوعة عندنا نتوم لم تفتحوها
C:\Users\dell\Desktop\laststation\Audio\audio_001297.wav,علاه internet راهي مقطوعة مع العلم راني مخلص
C:\Users\dell\Desktop\laststation\Audio\audio_001298.wav,رانا مخلصين fibre و نستناو باش يركبو المقاول محبش يجي ساكنة عين الملح حي راس العين و القدس
C:\Users\dell\Desktop\laststation\Audio\audio_001299.wav,لكن التغطية الجيل الرابع منعدمة رغم عدة شكاوى
C:\Users\dell\Desktop\laststation\Audio\audio_001300.wav,الجلفة عندنا عام ملي خلصنا و مازال modem مكانش كيفاش الحل
C:\Users\dell\Desktop\laststation\Audio\audio_001301.wav,لا تجد عندنا شبكة الجيل الرابع اتصلات الجزاير مقطوعة منذ ثمانية ايام
C:\Users\dell\Desktop\laststation\Audio\audio_001302.wav,تخلصهم و تدي modem يجيو يركبولك بعد شهرين
C:\Users\dell\Desktop\laststation\Audio\audio_001303.wav,ريڨلولنا مشكل internet لي راهي مكوبية من الجمعة لا خبر عيينا شكينا جرينا النافع ربي
C:\Users\dell\Desktop\laststation\Audio\audio_001304.wav,internet من الصباح مكاش و حنا مسلكين
C:\Users\dell\Desktop\laststation\Audio\audio_001305.wav,يالخرا internet مكانش منذ عشرة تاع صباح حابين نكفرو عليكم ولا كيفاه
C:\Users\dell\Desktop\laststation\Audio\audio_001306.wav,واش من اتصالات عندنا واحد سنة ملي جبنا modem و مكانش بوطو تاع البواطة كل مانشتكوا تقولولنا رانا جايين حداش ديسمبر
C:\Users\dell\Desktop\laststation\Audio\audio_001307.wav,زيدولنا امكانية خفض السعر في فضاء الزبون
C:\Users\dell\Desktop\laststation\Audio\audio_001308.wav,ياو connexion في حالة يومين هادو ريڨلو رواحكم و قولونا واش راه صاري
C:\Users\dell\Desktop\laststation\Audio\audio_001309.wav,رانا في يومين بلا internet malgre connexion خالصة و fix كيف كيف
C:\Users\dell\Desktop\laststation\Audio\audio_001310.wav,واش كاين عندي تقريب ربعة ايام internet ضعيف متذبذب كل عشر دقايق تروح الاشارة و تولى نقدر غير نتفرج youtube
C:\Users\dell\Desktop\laststation\Audio\audio_001311.wav,راه في علمكم بالي internet هذ ثلاثة ايام راها كارثة ولا لالا
C:\Users\dell\Desktop\laststation\Audio\audio_001312.wav,لماذا لا تردون في الخاص لقد طرحت انشغالي و لكن لا حياة لمن تنادي للاسف
C:\Users\dell\Desktop\laststation\Audio\audio_001313.wav,عند رفع من سرعة تدفق internet بالالياف لا تلزمو الزبون
C:\Users\dell\Desktop\laststation\Audio\audio_001314.wav,ياو سيبولنا connexion برك والله حرام ياسر والله
C:\Users\dell\Desktop\laststation\Audio\audio_001315.wav,ردو بريفي اني مخلص و connexion مكانش
C:\Users\dell\Desktop\laststation\Audio\audio_001316.wav,الخيط مقطوع في سيمانة رانا بلا connexion في بشار حي الف و خمسمية
C:\Users\dell\Desktop\laststation\Audio\audio_001317.wav,انا راه خالص ليا الشهر الاول و حاب نفليكسي هل استفيد من العرض هذا
C:\Users\dell\Desktop\laststation\Audio\audio_001318.wav,نفس المشكل رانا في خمسطاش نيوم نستناك في internet واش حكاية douze
C:\Users\dell\Desktop\laststation\Audio\audio_001319.wav,ديرو لمة كيما هذي باش غدوا تحبسوا connexion
C:\Users\dell\Desktop\laststation\Audio\audio_001320.wav,عندهم مدة ملي مدولنا modem مازال مجاوش مونطاولنا علاه هكذا رانا من ديسمبر ملي خلصنا واش هذ المنكر
C:\Users\dell\Desktop\laststation\Audio\audio_001321.wav,connexion تاعكم على العام ماتخليناش ندخلو لحتى site
C:\Users\dell\Desktop\laststation\Audio\audio_001322.wav,رانا في ربعة شهر بلا internet رغم شكاوي متكررة والله مابغاو يخدموهنا
C:\Users\dell\Desktop\laststation\Audio\audio_001323.wav,المشكل رانا في عامين ملي درت طلب و هوما يقولولنا مكانش modem
C:\Users\dell\Desktop\laststation\Audio\audio_001324.wav,ياودي عيتونا كل يوم طوال اليل تتقطع خسارة ميتين الف كل شهر برك
C:\Users\dell\Desktop\laststation\Audio\audio_001325.wav,اساتذة شحال يخلصو فشهر واش هوا ملف مطلوب
C:\Users\dell\Desktop\laststation\Audio\audio_001326.wav,هذي سمانة internet راهي كارثة عندنا fibre و راهي ثقيلة بزاف
C:\Users\dell\Desktop\laststation\Audio\audio_001327.wav,مكان والوا لواحد راه كره حياتو من connexion نتاعكم ثقيلة رهج
C:\Users\dell\Desktop\laststation\Audio\audio_001328.wav,ديرو تطبيق بلا internet نخلصو بيه الفواتير
C:\Users\dell\Desktop\laststation\Audio\audio_001329.wav,اخطيك روح جرب ادفع اشتراك internet trois cent dinar يخرجلك رقم الزبون فالفاتورة
C:\Users\dell\Desktop\laststation\Audio\audio_001330.wav,كيفاه حبيتو تسمعو هدرة شابة من الزبون و هو مخلص
C:\Users\dell\Desktop\laststation\Audio\audio_001331.wav,حنا رانا اقرب الى العاصمة لا توجد internet
C:\Users\dell\Desktop\laststation\Audio\audio_001332.wav,نسقسيكم fibre عادي الي بلا اشتراك زيادة السرعة كم mega
C:\Users\dell\Desktop\laststation\Audio\audio_001333.wav,عندنا شبكة internet معطلة من البارح فلما لم تنظروا في المشكلة
C:\Users\dell\Desktop\laststation\Audio\audio_001334.wav,دفعت dossier تاع fibre و مدولي المدام شهر للان مجاوش ركبولنا
C:\Users\dell\Desktop\laststation\Audio\audio_001335.wav,طلقو connexion والله بزاف يومين ملي خلصتها و مكان والوا
C:\Users\dell\Desktop\laststation\Audio\audio_001336.wav,راكم هلكتونا ping طالع packet loss عندها قريب خمسطاش نيوم مانقدرو نديرو والوا
C:\Users\dell\Desktop\laststation\Audio\audio_001337.wav,لا اعرف لماذا لا تتركون سرعة التنزيل مثلها مثل سرعة التحميل مثل باقي الشركات المحترمة في العالم
C:\Users\dell\Desktop\laststation\Audio\audio_001338.wav,انا كل منروح نسقسي يقولولي قريب توصل توالكم راني في ثلاثة سنين
C:\Users\dell\Desktop\laststation\Audio\audio_001339.wav,راني كثرت عليكم كل مرة شكوى وقتاش تطلقو internet راني دخلت للشهر الثالث و راكم ديرو هاك زكارة فينا
C:\Users\dell\Desktop\laststation\Audio\audio_001340.wav,معندناش connexion في يومين دوك زعما الياف بصرية و منعرف
C:\Users\dell\Desktop\laststation\Audio\audio_001341.wav,واش من فايدة تقدم طلب و من بعد modem مكانش تبقى تستنى عندنا قريب عشرين يوم ملي خلصنا و مازال مكان والوا
C:\Users\dell\Desktop\laststation\Audio\audio_001342.wav,انا عندي عطب ولاية الجلفة في قطع خيط مقطوع لم يتم اصلاحه منذ اسبوع
C:\Users\dell\Desktop\laststation\Audio\audio_001343.wav,شهرين و حنا في نفس المشكلة و مكانش حل نهائيا مسلكين وكلش كاين و connexion ماش مطلوقة
C:\Users\dell\Desktop\laststation\Audio\audio_001344.wav,اي وقتاش توصلولنا الالياف البصرية قالو مبروك البكالوريا
C:\Users\dell\Desktop\laststation\Audio\audio_001345.wav,صراحة افضل عرض لكن يجب تحديد سعر افضل من هذا
C:\Users\dell\Desktop\laststation\Audio\audio_001346.wav,للاسف اتصلت بالرقم طناش اكثر من عشر مرات بدون رد
C:\Users\dell\Desktop\laststation\Audio\audio_001347.wav,وسوال ثاني شريتها اول مرة و فليكسيتلها برا direct
C:\Users\dell\Desktop\laststation\Audio\audio_001348.wav,راحت في ڨاع الولايات ريڨلو جد connexion تعكم
C:\Users\dell\Desktop\laststation\Audio\audio_001349.wav,وشبيها connexion راهي ثقيلة ليامات اعطولنا تفسير
C:\Users\dell\Desktop\laststation\Audio\audio_001350.wav,واش من تدفق و modem قريب شهر و هو على نفس الحالة internet منعدمة تماما
C:\Users\dell\Desktop\laststation\Audio\audio_001351.wav,انقطاع internet عندي ولا حياة لمن تنادي مع ضعف تدفق internet المصلحة التقنية اين هي اولاد لحلال
C:\Users\dell\Desktop\laststation\Audio\audio_001352.wav,عندنا ثلاثة ايام و internet فيها مشكل كبير حاجة ماتمشي
C:\Users\dell\Desktop\laststation\Audio\audio_001353.wav,انقطاع شبكات internet لثالث يوم و لى غاية هذه اللحظة
C:\Users\dell\Desktop\laststation\Audio\audio_001354.wav,التدفق عندي zero mega byte ارجو الرد بسرعة
C:\Users\dell\Desktop\laststation\Audio\audio_001355.wav,رجعولنا connexion راهي من الوحدة تاع العشية مقطوعة واش هذ الجياحة
C:\Users\dell\Desktop\laststation\Audio\audio_001356.wav,نتوما واش تسناو يسبونا connexion اكتر من شهر و مكان والوا
C:\Users\dell\Desktop\laststation\Audio\audio_001357.wav,طلعت غير لينار اما connexion راهي ربعة شهر و ماطلقتوهاش
C:\Users\dell\Desktop\laststation\Audio\audio_001358.wav,راكم تتقاعدو بينا ولا كيفاش في بوفاريك بعض الاحياء قريب ثمانية شهر مكانش internet
C:\Users\dell\Desktop\laststation\Audio\audio_001359.wav,وينتا يوصل لڨديل في وهران و شعال تاع cent mega
C:\Users\dell\Desktop\laststation\Audio\audio_001360.wav,بالتوفيق للمترشحين لكن ما ذنب الشعب كي تتوقف internet عل الاقل عوضونا من ثمانية مكانش حتى ستة تقريبا اسبوع لازم تعوضوها
C:\Users\dell\Desktop\laststation\Audio\audio_001361.wav,رانا نعيطولكم ردو علينا راه internet مقطوعة عندي
C:\Users\dell\Desktop\laststation\Audio\audio_001362.wav,مستغانم مزغران الشهر الي فات ركبتولنا بميتين و عشرين الف لا promotion لا شهر باطل
C:\Users\dell\Desktop\laststation\Audio\audio_001363.wav,اشتراك مية و عشرين mega منذ اكثر من عام و نص و تلحقني اكثر شي خمسمية او ستمية mega و في المتوسط ثلاثمية mega
C:\Users\dell\Desktop\laststation\Audio\audio_001364.wav,اي ريڨلو internet بهدلتونا قدام لجناس نسلك ميتين و تسعين الف كل شهر باه تجيني internet ثقيلة على البوفكران
C:\Users\dell\Desktop\laststation\Audio\audio_001365.wav,connexion تقيلة و راني نتصل بالرقم طناش و ماراهمش يردوا
C:\Users\dell\Desktop\laststation\Audio\audio_001366.wav,سڨمو سرعة تدفق راه عندي شهر ملي شريتو jamais فاتت سرعة نصف mega
C:\Users\dell\Desktop\laststation\Audio\audio_001367.wav,سلام عليكم est ce que لي عندو اشتراك cent mega fibre و يجب يطلع التدفق من ثلاثين mega او فوق يستفاد من modem الجديد او لا و شكرا
C:\Users\dell\Desktop\laststation\Audio\audio_001368.wav,شكون هو الاخر راهم يقطعولو internet ايام البكالوريا من الثامنة صباحا الى السابعة مساء من يوم الاحد راها يوميا هكذا
C:\Users\dell\Desktop\laststation\Audio\audio_001369.wav,اعدلولنا تقطع internet المستمر في خروب قسنطينة كلما يروح التيار الكهربايي تروح internet و مترجعش علاه يعني المعاناة هذي
C:\Users\dell\Desktop\laststation\Audio\audio_001370.wav,رانا راسلناكم في الخاص عندي مشكل في الخط انتاعي راني في غرداية في انتظار الرد و شكرا لكم
C:\Users\dell\Desktop\laststation\Audio\audio_001371.wav,منذ عشرة ايام تذبذب كبير و ضعف في fibre في بلدية البسباس ولاية اولاد جلال ضعيف
C:\Users\dell\Desktop\laststation\Audio\audio_001372.wav,ثلاثة ايام تم توصيل الخيط و لحد الان مكانش connexion
C:\Users\dell\Desktop\laststation\Audio\audio_001373.wav,cable عندو شهر مقطوع مكاش الي شاف فيه
C:\Users\dell\Desktop\laststation\Audio\audio_001374.wav,شوفولنا internet متذبذبة في باتنة من الصباح الى حد الوقت هذا
C:\Users\dell\Desktop\laststation\Audio\audio_001375.wav,لو يتم تخفيض السعر ستكون المبيعات افضل
C:\Users\dell\Desktop\laststation\Audio\audio_001376.wav,ام المونسات الغاليات راهي علينا كامل و بدون اي توضيح او بيان من عندهم شركة متواضعة و ضعيفة جدا كمعاملة او كخدمة
C:\Users\dell\Desktop\laststation\Audio\audio_001377.wav,السلام عليكم متوقف منذ ثلاثة ايام في دوار اولاد سيدي اعمر بلدية
C:\Users\dell\Desktop\laststation\Audio\audio_001378.wav,وعلاه راكم تقطعولنا connexion فنهار و ترجعوها فليل ساعة مكانش خلاص ساعة modem متصل و connexion مكانش وقتاه تريڨلوها رانا نعانو منها بزاف
C:\Users\dell\Desktop\laststation\Audio\audio_001379.wav,متزيدوش تقطعولنا connexion في 4g برك مارانا نحوسو على ولوا
C:\Users\dell\Desktop\laststation\Audio\audio_001380.wav,الانترت ناقصة خلاص fibre في ولاية خنشلة من ثلاث ايام
C:\Users\dell\Desktop\laststation\Audio\audio_001381.wav,انا درت تعبئة بالبطاقة الذهبية و لم اجد bonus
C:\Users\dell\Desktop\laststation\Audio\audio_001382.wav,انا عندي شهر ملي خلصة و اعطاوني modem و لحد الساعة مجاوش لربط
C:\Users\dell\Desktop\laststation\Audio\audio_001383.wav,بعد التجارب لي درتوها السرعة صارت بطيئة مشترك ثلاثتين mega تطلع عندي سبعة mega
C:\Users\dell\Desktop\laststation\Audio\audio_001384.wav,انا اني نخلص باطل و عيت نشتكي لكن لا حياة لمن تنادي يهديكم ربي
C:\Users\dell\Desktop\laststation\Audio\audio_001385.wav,هذا هوا بدل حياتك بي fibre facebook مراهش ڨاع يفتح ريڨلو connexion هبلتونا
C:\Users\dell\Desktop\laststation\Audio\audio_001386.wav,نخلص طول jamais مدتيولنا زوج ايام bonus ونخلص ببطاقة الذهبية bonus هذا مكانش
C:\Users\dell\Desktop\laststation\Audio\audio_001387.wav,يعني الكهلنة لازم كاينة لازم تتصل بالثابت الي الدول المتقدمة تخلصت منو باه يكون مجاني
C:\Users\dell\Desktop\laststation\Audio\audio_001388.wav,للاسف عروض ليست بالمقنعة مثلا عرض مية الف ينتهي بلمح البصر و عرض مية و خمسين سعره مرتفع
C:\Users\dell\Desktop\laststation\Audio\audio_001389.wav,الهاتف لا يستقبل ولا استطيع اجراء مكالمات مع انه بقيت سبعة دقائق هدية و فاتورة واحد غير مسدودة اين المشكل
C:\Users\dell\Desktop\laststation\Audio\audio_001390.wav,هل مكرر wifi متوفر في مصالحكم للبيع و كم السعر
C:\Users\dell\Desktop\laststation\Audio\audio_001391.wav,مشكل تاع التدفق راهو كارثي باتم المعني قدمت الف شكوي و لكن مكان حتي تغيير
C:\Users\dell\Desktop\laststation\Audio\audio_001392.wav,شوفو الخاص بعثتلكم الشكاوي و اتصلت و مكاين والوا كل المعلومات راهي عندكم ارفعولي من سرعة الرفع للنت راهي من لزدتو تدفق و هي كارثية
C:\Users\dell\Desktop\laststation\Audio\audio_001393.wav,ياو رجعو connexion رانا نخلصو بدراهمنا اومبعد تقطعو connexion
C:\Users\dell\Desktop\laststation\Audio\audio_001394.wav,احمد سيد المرابط يا اخي كل مانزيدوا رفع تدفق internet مراحش يزودلك السعر تبقى بنفس السعر الي كنت تخلص بيه
C:\Users\dell\Desktop\laststation\Audio\audio_001395.wav,انا فعلت weekend مية و عشرين mega post توصلني تسعين برك
C:\Users\dell\Desktop\laststation\Audio\audio_001396.wav,عندي خمسطاش نيوم ملي خلصت و ركبولي و مازال ماطلقوش
C:\Users\dell\Desktop\laststation\Audio\audio_001397.wav,نقص فالتغطية التدفق ضعيف جدا سرعة لا تتجاوز مية kilo byte
C:\Users\dell\Desktop\laststation\Audio\audio_001398.wav,خويا في غليزان مكانش connexion تحسب رنا عهد فرنسا مكانش ڨاع connexion شوفلنا حل
C:\Users\dell\Desktop\laststation\Audio\audio_001399.wav,اخاف ربي راه connexion 4g راها مكانش راه عندنا سمانة و حنا نعانو
C:\Users\dell\Desktop\laststation\Audio\audio_001400.wav,المشكل حاجة بسيطة خلاص ماشي صعيبة ولا
C:\Users\dell\Desktop\laststation\Audio\audio_001401.wav,عندي يومين connexion ضعيفة بزاف تمشي بنسبة ربعين بلمية
C:\Users\dell\Desktop\laststation\Audio\audio_001402.wav,السلام عليكم حنا وصلو للحومة حبسو و كملو حومة الي مورانا و حنا خلاونا هاك
C:\Users\dell\Desktop\laststation\Audio\audio_001403.wav,لقد طرحت عليكم مشكلتي في الخاص لكن لا يوجد رد
C:\Users\dell\Desktop\laststation\Audio\audio_001404.wav,اي راحت connexion اغبياء على الاقل كي تروح خبرونا قبل
C:\Users\dell\Desktop\laststation\Audio\audio_001405.wav,خاصنا modem wifi ستة غالي بزاف ديرولنا فيه عرض كيما درتوه في رمضان
C:\Users\dell\Desktop\laststation\Audio\audio_001406.wav,اين هيا هذ internet الي تتحدثون عنها منذ سنين
C:\Users\dell\Desktop\laststation\Audio\audio_001407.wav,دخلولنا la fibre للدار بالسبت و دورك مازال مكانش connexion
C:\Users\dell\Desktop\laststation\Audio\audio_001408.wav,عندي فايت شهر ملي خلصت و مدولي modem و مازال مجاوش يبرونشولي
C:\Users\dell\Desktop\laststation\Audio\audio_001409.wav,عندي مشكل في wifi مكانش رهو من ربعة تاع لعشية حتا دوك راهي طناش مازال مطلقتوهش كفاه دوك معكم
C:\Users\dell\Desktop\laststation\Audio\audio_001410.wav,نفس الشيء تقريبا عام ملي ركبو في الخارج و كل مانروحو ليهم يقلونا modem مكانش
C:\Users\dell\Desktop\laststation\Audio\audio_001411.wav,تم ارسالها للمرة العشرين من فضلكم ارجو ايجاد حل سريع
C:\Users\dell\Desktop\laststation\Audio\audio_001412.wav,تقطعت l'internet من ثلاثة تاع صباح حتى لدوك ماجاتش
C:\Users\dell\Desktop\laststation\Audio\audio_001413.wav,عندنا خمسة شهر ملي خلصنا مزالوا ممدولناش modem
C:\Users\dell\Desktop\laststation\Audio\audio_001414.wav,عندي كثر من شهر درت demande la fibre و مخلص كلشي و عطاوني modem و مازال مجاوش يركبولي
C:\Users\dell\Desktop\laststation\Audio\audio_001415.wav,عندي شهر و انا بلا internet اطلقوليnumero fix راهو مبلوكي
C:\Users\dell\Desktop\laststation\Audio\audio_001416.wav,انقطاع كارثي في internet اخدمو خدمتكم و ريڨلونا المشكل راه ثلاث ايام راحت باطل كون غير تعوضوها معليش
C:\Users\dell\Desktop\laststation\Audio\audio_001417.wav,لا استطيع التسجيل يقول لي رقم الزبون خاطىء و انا متاكد انه صحيح موضح في الفاتورة
C:\Users\dell\Desktop\laststation\Audio\audio_001418.wav,اتصلت على رقم mille cinq cent و قالولي الرقم خاطئ
C:\Users\dell\Desktop\laststation\Audio\audio_001419.wav,راني مسلك حق ثلاثمية mega راه توصل غير عشرين mega
C:\Users\dell\Desktop\laststation\Audio\audio_001420.wav,راهي هالكتنا نخلص خدمات و نتلقى خدمات اخرى عن ضعف internet تتحدث خدمة الجيل الرابع التدفق كارثة
C:\Users\dell\Desktop\laststation\Audio\audio_001421.wav,امس عمرت البطاقة الذهبية internet و هاتف ماعطاوني والوا
C:\Users\dell\Desktop\laststation\Audio\audio_001422.wav,مكانش les modem fibre رانا في عام و نص نستناو والوا
C:\Users\dell\Desktop\laststation\Audio\audio_001423.wav,المشكل خلصناه و ركبوه راه في ثلاث ايام مازال مامشاش
C:\Users\dell\Desktop\laststation\Audio\audio_001424.wav,عشرين mega واش واصلني منها الا عشرة mega
C:\Users\dell\Desktop\laststation\Audio\audio_001425.wav,غرداية مية mega ناقصا بزاف و تذبذب في التدفق نرجعوها عشرين mega احسن
C:\Users\dell\Desktop\laststation\Audio\audio_001426.wav,حتي يوصل la fibre و ساهل تشوف اعلانات تقول الجزاير كامل رهي بي fibre
C:\Users\dell\Desktop\laststation\Audio\audio_001427.wav,عندها تقريب اسبوع هي ضعيفة واش من يوم عالمي
C:\Users\dell\Desktop\laststation\Audio\audio_001428.wav,درنا العرض انتاع خمسمية dinar و مازال مستفدناش منو حتى هذي اللحظة عندي ستة شهر نستنا في modem
C:\Users\dell\Desktop\laststation\Audio\audio_001429.wav,عدم وجود internet رغم عدة شكاوى عبر مصالحكم
C:\Users\dell\Desktop\laststation\Audio\audio_001430.wav,عندها خمسة ايام connexion مكانش ناس تقدم لقدام حنا نولو للور
C:\Users\dell\Desktop\laststation\Audio\audio_001431.wav,ستة اشهر مكانش connexion كلش راكب متصلحو لوالوا
C:\Users\dell\Desktop\laststation\Audio\audio_001432.wav,كيف يمكنني ان اطلب تخفيض السرعة من ثلاثمية mega الى ستين
C:\Users\dell\Desktop\laststation\Audio\audio_001433.wav,واش بيها connexion راحت تقريب نص ساعة شاعلة علامة صفراء طفيت و عاودت والوا
C:\Users\dell\Desktop\laststation\Audio\audio_001434.wav,عندي مشكل internet ماتمشيش خلاص عندي زوج سوايع فليل و بعد مكانش رحت عند اتصالات مادارولي والوا
C:\Users\dell\Desktop\laststation\Audio\audio_001435.wav,عندي ربعة ايام بدون internet fibre قالولي كاين مشكل في la ligne
C:\Users\dell\Desktop\laststation\Audio\audio_001436.wav,حسنو الجودة و سرعولنا في fibre اذا حبيتو ماتقربوش غير ماتقربوش لينا
C:\Users\dell\Desktop\laststation\Audio\audio_001437.wav,و التدفق مخليكش بذيك الاريحية لي راكم تقولولنا عليها
C:\Users\dell\Desktop\laststation\Audio\audio_001438.wav,بعد تسديد الفواتير بالدفع الالكتروني لم يتم فتح الخط
C:\Users\dell\Desktop\laststation\Audio\audio_001439.wav,راه عندي قريب شهرين ملي جبت modem و دفعت تكاليف التركيب الى حد الان مركبوليش عن وكالة باب الوادي اتحدث
C:\Users\dell\Desktop\laststation\Audio\audio_001440.wav,خلصنا و جبنا modem و مازال مجايش المقاول باه يركب
C:\Users\dell\Desktop\laststation\Audio\audio_001441.wav,رانا نفليكسي بدراهمنا اعطونا سبب وعلاش connexion مكانش في 4g راه عندها سمانة
C:\Users\dell\Desktop\laststation\Audio\audio_001442.wav,من فضلكم يااتصالات الجزاير اعطاوني رقم الهاتف الثابت الجديد و لا حياة لمن تنادي
C:\Users\dell\Desktop\laststation\Audio\audio_001443.wav,تاعش الخدمة انا خلصت و شريت modem غير باه يديرولي الربط ثلاثة اسابيع مكان والوا
C:\Users\dell\Desktop\laststation\Audio\audio_001444.wav,ماهيش فارية معاكم لوكان تقطعو internet راني بدراهمي مانيش نطلب فيكم
C:\Users\dell\Desktop\laststation\Audio\audio_001445.wav,الكوابل معلقة بدون internet مافهمت اذا عاملينها لزينة ولا واش
C:\Users\dell\Desktop\laststation\Audio\audio_001446.wav,و لي عندو ثلاثين mega من الاول كيفاش
C:\Users\dell\Desktop\laststation\Audio\audio_001447.wav,كفاه نرفع تدفق تاعي لمية و عشرين mega برك واش المطلوب
C:\Users\dell\Desktop\laststation\Audio\audio_001448.wav,اين انتم يااتصالات الجزاير راسلتكم في الخاص ولا جديد ابصط شيئ عدم تكلمت الشوارع بشبكة اتصلت بالرقم طناش ماترفدوش
C:\Users\dell\Desktop\laststation\Audio\audio_001449.wav,بالتوفيق انشاء الله و اللهم سدد الخطى و ثبت الاقدام
C:\Users\dell\Desktop\laststation\Audio\audio_001450.wav,عماد بدة انا راني في ثمانية اشهر خلصت و نستنا و كي تروح ليهم يقولك modem مكانش
C:\Users\dell\Desktop\laststation\Audio\audio_001451.wav,انا اعطوني غير حقي عشرين بدون انقطاع بزاف عليا
C:\Users\dell\Desktop\laststation\Audio\audio_001452.wav,بعثلكم في الخاص رقم الهاتف و اسم و لقب و طلبتم مني ندير video قصير درت و مجاوبتونيش هاطلقونا connexion
C:\Users\dell\Desktop\laststation\Audio\audio_001453.wav,رجاء الرد في الخاص رانا بلا connexion في سمانة
C:\Users\dell\Desktop\laststation\Audio\audio_001454.wav,شكرا لكم على سرعة الاصلاح اخر مرة لعقوبة لي fibre
C:\Users\dell\Desktop\laststation\Audio\audio_001455.wav,اتصالات الجزاير لا اتصالات و لا خدمات ومستوى zero zero zero و الشيء الوحيد البارعين فيه قطع internet
C:\Users\dell\Desktop\laststation\Audio\audio_001456.wav,عشرين mega تلحقني لعشرة الخدمة من السيئ للاسوء
C:\Users\dell\Desktop\laststation\Audio\audio_001457.wav,شكون عندو فكرة كيفاه نهبط تدفق internet من عشرين الى عشرة من فضلكم
C:\Users\dell\Desktop\laststation\Audio\audio_001458.wav,رانا في خمسطاش نيوم خلصنا و جبنا modem و مازال مركبولناش
C:\Users\dell\Desktop\laststation\Audio\audio_001459.wav,علاش تتمسخرو كيما قالو الهدرة ساهلة mais الخدمة مكانش
C:\Users\dell\Desktop\laststation\Audio\audio_001460.wav,عندكم برك نهار الي توصلولنا la fibre يحبسو العروض هذا اذا وصلتونا fibre
C:\Users\dell\Desktop\laststation\Audio\audio_001461.wav,انت اقطعلي internet ديرلي تعويض ميش تاخذونا و تقللهم الله ينجحكم
C:\Users\dell\Desktop\laststation\Audio\audio_001462.wav,المشكلة انني تقدمت بملف طلب ربط بي internet من حوالي شهر ولا شي يذكر لحد الان
C:\Users\dell\Desktop\laststation\Audio\audio_001463.wav,قمت بارسال كافة معلوماتي في الخاص و لم يرد احد
C:\Users\dell\Desktop\laststation\Audio\audio_001464.wav,بصح غالي على الاقل لو عملتو واحد للناس لي عندهم internet بدون مدخل sim يكون بسعر اقل
C:\Users\dell\Desktop\laststation\Audio\audio_001465.wav,العفرون مكانش فيها fibre نهار ديروه مدولنا هذو العروض
C:\Users\dell\Desktop\laststation\Audio\audio_001466.wav,علابالي كاين انقطاع في internet و الهاتف الثابت غير منذ قرابة ثنين و سبعين ساعة الى حد الان بجاية
C:\Users\dell\Desktop\laststation\Audio\audio_001467.wav,انا تبانلي راهي مثقلينها من عندهم علاجال الامتحان توقع كلش من الشركة هذي
C:\Users\dell\Desktop\laststation\Audio\audio_001468.wav,ياو اطلقونا internet خلصنا كلش دورك قريب عشرة ايام و حنا نستناو مكان والوا
C:\Users\dell\Desktop\laststation\Audio\audio_001469.wav,ريڨلونا connexion برك راها يوم مش normal ڨاع كارثة تاع صح
C:\Users\dell\Desktop\laststation\Audio\audio_001470.wav,و wifi علاه مقطوع حتى لوقت هذا ياسبحان لله
C:\Users\dell\Desktop\laststation\Audio\audio_001471.wav,عندي فايتة اسبوع بدون internet والله مجاوش يخذموه لا حول و لا قوة الا بالله
C:\Users\dell\Desktop\laststation\Audio\audio_001472.wav,المسيلة راهي مقطوعة internet عندها من نصف رمضان
C:\Users\dell\Desktop\laststation\Audio\audio_001473.wav,ريڨلولنا مشكل تاع internet رانا كرهنا ثلاث ايام fibre مكانش
C:\Users\dell\Desktop\laststation\Audio\audio_001474.wav,اسامة connexion تاعي كانت تمشي عادي من خمسة ايام امس تقطعت مفهمتش وين راه مشكل
C:\Users\dell\Desktop\laststation\Audio\audio_001475.wav,انا خلصت باش يخدمولي fibre بصح لحد الان مكان والوا خلصت عندي شهرين
C:\Users\dell\Desktop\laststation\Audio\audio_001476.wav,كل الفواتير و التعبيات ادفعها عبر الدفع الالكتروني و لم يسبق لي الاستفادة من دقيقة مجانية
C:\Users\dell\Desktop\laststation\Audio\audio_001477.wav,ميتين الف dinar لشهر مايعادل ستمية dinar لثلاثي اكثر بكثير من فاتورة الكهرباء و الغاز التي تعتبر اكثر اهمية
C:\Users\dell\Desktop\laststation\Audio\audio_001478.wav,مشترك عشرين mega تلحقنا عشرة عامين و انا نشكي مازال ماحبوش يخفضو التدفق راكم تاكلو في حق الناس
C:\Users\dell\Desktop\laststation\Audio\audio_001479.wav,رانا في يومين بلا connexion رحت ليهم يومين و مازال نفس المشكل
C:\Users\dell\Desktop\laststation\Audio\audio_001480.wav,ماسبب تردي الخدمة هذه الايام الهاتف الارضي مقطوع و internet متوقفة
C:\Users\dell\Desktop\laststation\Audio\audio_001481.wav,عندي اسبوع ملي خلصت عطاوني modem رانا نستناو التوصيل مازال ماجاو بيرتوتة الجزاير حي الشعايبية
C:\Users\dell\Desktop\laststation\Audio\audio_001482.wav,من لبارح على تلاثة تاع عشية نقطعت internet حتى الوقت الحالي مازال مجاتش
C:\Users\dell\Desktop\laststation\Audio\audio_001483.wav,خفضولنا الاسعار هذي الاسعار في متناول بلايلي
C:\Users\dell\Desktop\laststation\Audio\audio_001484.wav,وراه modem جاو دارو installation modem مكاتش
C:\Users\dell\Desktop\laststation\Audio\audio_001485.wav,راني رسلت معلوماتي في للخاص شوفولي علاه تقطعت نت
C:\Users\dell\Desktop\laststation\Audio\audio_001486.wav,واش راه صاري سمانة بلا internet و طناش مكانش الي يرفد
C:\Users\dell\Desktop\laststation\Audio\audio_001487.wav,يجب مراجعة الاسعار ليستمتع جميع الزماين خمسين mega بميتين و عشرين مليحة
C:\Users\dell\Desktop\laststation\Audio\audio_001488.wav,افشل شركة في تاريخ الجزاير نخلصوكم بدراهمنا و تتكبروا علينا
C:\Users\dell\Desktop\laststation\Audio\audio_001489.wav,خدمة ضعيفة و مستوى تدفق ضعيف ارجو ان تحسنو من التدفق للافضل
C:\Users\dell\Desktop\laststation\Audio\audio_001490.wav,التدفق ضعيف جدا شارجيتها من قبل والله كيف كيف هي و تاع مية الف
C:\Users\dell\Desktop\laststation\Audio\audio_001491.wav,سلام عليكم حنا مركب كلش عندنا و لكن internet مكانش تقريب شهر حاليا
C:\Users\dell\Desktop\laststation\Audio\audio_001492.wav,من الصباح connexion مكانش في سحاولة رانا مخلصين يهديكم ربي
C:\Users\dell\Desktop\laststation\Audio\audio_001493.wav,كيفاه هوا راهو قالك المشكل تاعو نتا تقولو الرجاء مشاركتنا انشغالكم ياخويا رد direct و خلاص
C:\Users\dell\Desktop\laststation\Audio\audio_001494.wav,لازم تنقصو سرعة internet حبيت نرجعها deux mille onze
C:\Users\dell\Desktop\laststation\Audio\audio_001495.wav,مكان والوا عندنا قريب عام بلا internet و خدمتكم خاطئ
C:\Users\dell\Desktop\laststation\Audio\audio_001496.wav,في ولاية معسكر جيتوا ركبتوا modem و خلصناكم في ثمانية ايام درنا شحال من طلب والوا نريكلاميو والوا
C:\Users\dell\Desktop\laststation\Audio\audio_001497.wav,خلطي السيرفرات اطلقونا connexion برك هذا هو الفال
C:\Users\dell\Desktop\laststation\Audio\audio_001498.wav,ديرو مزايا للدفع الالكتروني باه تشجعوا الزباين يسلكو بهذ الطريقة
C:\Users\dell\Desktop\laststation\Audio\audio_001499.wav,السلام عليكم منذ شهر رمضان و انا معنديش internet في la fibre
C:\Users\dell\Desktop\laststation\Audio\audio_001500.wav,اصلحونا internet لي راهي مكانش من يومين و من بعد ساهل
C:\Users\dell\Desktop\laststation\Audio\audio_001501.wav,قمت بتسديد فاتورة الهاتف لكن لم استفد من يوم اضافي internet
C:\Users\dell\Desktop\laststation\Audio\audio_001502.wav,عندي ثلاثين mega راي تلحقني غير سبعة mega تقولي مية الف
C:\Users\dell\Desktop\laststation\Audio\audio_001503.wav,wifi البارح كان normal و اليوم مكانش مافهمتش علاش
C:\Users\dell\Desktop\laststation\Audio\audio_001504.wav,مشترك من deux mille neuf الى يوم هذا مازال موصلتش عندنا
C:\Users\dell\Desktop\laststation\Audio\audio_001505.wav,عندي سرعة ستين شحال يخصمو مني ايام كي نطلعها
C:\Users\dell\Desktop\laststation\Audio\audio_001506.wav,حسنو من تدفق internet و ساهل الحال
C:\Users\dell\Desktop\laststation\Audio\audio_001507.wav,عندنا شهر و internet مقطوعة مالحل ارجو الرد
C:\Users\dell\Desktop\laststation\Audio\audio_001508.wav,اتصالات الجزاير تلتزم بتحسين جودة الخدمات و تقريبها من المواطن
C:\Users\dell\Desktop\laststation\Audio\audio_001509.wav,سڨمو connexion في ولاد فايت راهي قريب عشر ايام مكانش
C:\Users\dell\Desktop\laststation\Audio\audio_001510.wav,ياليلى يهديك ربي راني ثلاثمية mega
C:\Users\dell\Desktop\laststation\Audio\audio_001511.wav,ماهو اقل سعر اشتراك فالشهر و كم فيه
C:\Users\dell\Desktop\laststation\Audio\audio_001512.wav,متى تلحقني الالياف البصرية اريد اجابة مباشرة
C:\Users\dell\Desktop\laststation\Audio\audio_001513.wav,internet ضعيفة بزاف نرجو منكم تحسين الخدمة و زيادة التدفق
C:\Users\dell\Desktop\laststation\Audio\audio_001514.wav,علاه ماعلابالهمش وين راه كاين fibre و مكاش و وين محتاجين fibre و وين لالا
C:\Users\dell\Desktop\laststation\Audio\audio_001515.wav,مزية راني محبسها افشل شريكة مكانش منافس يديروا رايهم فشعب
C:\Users\dell\Desktop\laststation\Audio\audio_001516.wav,ياو جاوبونا مقدرتش نخرج رقم الزبون معنديش الفاتورة و كي بعتولي رابط مقدرتش ندخل
C:\Users\dell\Desktop\laststation\Audio\audio_001517.wav,اخي بعتلكم شكوى في الخاص ولا يوجد اي رد
C:\Users\dell\Desktop\laststation\Audio\audio_001518.wav,شريت واحد و من بعد رميتو ميصلحش zero zero zero
C:\Users\dell\Desktop\laststation\Audio\audio_001519.wav,اريد تفسير لماذا هناك تماطل كبير في ربط internet مع العلم انا طالب internet دافع اكثر من خمسة شهر
C:\Users\dell\Desktop\laststation\Audio\audio_001520.wav,internet العادية فقط مقطوعة حي الاخوة بوحجة سكيكدة يقولونا قريب قريب رانا غير نستناو و لا جديد
C:\Users\dell\Desktop\laststation\Audio\audio_001521.wav,مظنيتش مع السخانة هذي رانا نعومو برك
C:\Users\dell\Desktop\laststation\Audio\audio_001522.wav,ياو جاوبونا internet في حالة و انتم في حالة
C:\Users\dell\Desktop\laststation\Audio\audio_001523.wav,نقصو ربعمية dinar و خلو اصحاب ثلاثين mega و ستين mega يطلعو debit لمية و عشرين mega
C:\Users\dell\Desktop\laststation\Audio\audio_001524.wav,حنا في الجلفة قالو مكانش modem و انتم تقولو كاين كيفاه نعرفو خبر رسمي
C:\Users\dell\Desktop\laststation\Audio\audio_001525.wav,متقطعوش internet برك و مكلاه تقولي ماراناش نقطعو
C:\Users\dell\Desktop\laststation\Audio\audio_001526.wav,بعثت ليكم و راسلتكم قداه من خطرة مكان والوا ديرو ليا حل
C:\Users\dell\Desktop\laststation\Audio\audio_001527.wav,ملي ركبوها لحد الان مازال مطلقوش internet
C:\Users\dell\Desktop\laststation\Audio\audio_001528.wav,الله يهديكم راني من اكتوبر ماركبتوليش حتى internet العادي
C:\Users\dell\Desktop\laststation\Audio\audio_001529.wav,اشتراك ستين mega تلحقني ستة و عشرين mega عييت مانريكلامي والوا
C:\Users\dell\Desktop\laststation\Audio\audio_001530.wav,نتمنا تنحيو خاصية دفع الهاتف و نحن لا نستعمله
C:\Users\dell\Desktop\laststation\Audio\audio_001531.wav,internet من صباح مكانش نشعل و نطفي هبلتونا بدراهمنا و زيد تتقلشو علينا خدامتكم zero
C:\Users\dell\Desktop\laststation\Audio\audio_001532.wav,زيدو فالابراج عندنا خلاص رجعت كل شبكات النقال خير منها و كامل مايصلحوش الا واحد شوية و غالي
C:\Users\dell\Desktop\laststation\Audio\audio_001533.wav,internet من البارح مكانش هنا عندنا على الاقل دير بيان
C:\Users\dell\Desktop\laststation\Audio\audio_001534.wav,ماشفنها ماشفنا السرعة رانا في شهر و connexion مكانش
C:\Users\dell\Desktop\laststation\Audio\audio_001535.wav,عروض و modem باطل واحنا قريب ستة شهر نستناو تمدولنا modem رغم انكم دخلتو لخيوط للديار بصح modem مكانش
C:\Users\dell\Desktop\laststation\Audio\audio_001536.wav,دخلت اشتراك جديد و خلصت مية الف و لكن طلقولي فقط ثلاثين mega
C:\Users\dell\Desktop\laststation\Audio\audio_001537.wav,كم يبلغ سعر الاشتراك للهاتف الثابث في la fibre
C:\Users\dell\Desktop\laststation\Audio\audio_001538.wav,عندكم مشكل في internet اين انتم ماهذا الشيء
C:\Users\dell\Desktop\laststation\Audio\audio_001539.wav,نقصولنا في الاسعار deux cent quarante mille في الشهر غالي بزاف
C:\Users\dell\Desktop\laststation\Audio\audio_001540.wav,قسم بالله الى رانا ناعنو معاكم connexion رهج عندكم
C:\Users\dell\Desktop\laststation\Audio\audio_001541.wav,les tax بزاف خالصة الكهرباء من بعد شفت الرصيد لقيت خصم ثلاثين الف
C:\Users\dell\Desktop\laststation\Audio\audio_001542.wav,ريڨلو connexion راهي كي ودني رانا في deux mille vingt cinq التخلف
C:\Users\dell\Desktop\laststation\Audio\audio_001543.wav,قدمت كل المعلومات الخاصة بلحسابي في الخاص و لكن مع الاسف لم تساعدوني
C:\Users\dell\Desktop\laststation\Audio\audio_001544.wav,يا اخوتي صدقوني عييت من هدي الحالة كل يوم نعيطلكم و نبعثلكم على جال internet و الخط الثابت
C:\Users\dell\Desktop\laststation\Audio\audio_001545.wav,هناك احتكار في الاسعار و التلاعب في توزيع سرعات internet مثل الذي يدفع خمسطاش mega و ستين mega بنفس السعر
C:\Users\dell\Desktop\laststation\Audio\audio_001546.wav,عندنا ستة ايام فجباحية بلا wifi و مكاش حتى تدخل من عندكم
C:\Users\dell\Desktop\laststation\Audio\audio_001547.wav,يا اميرة ياو cable راهم سرقوه و عندنا عشر ايام مخلصين بلا internet يامخلوقة
C:\Users\dell\Desktop\laststation\Audio\audio_001548.wav,التطبيق لي راكم تهدرو عليه راهو حابس
C:\Users\dell\Desktop\laststation\Audio\audio_001549.wav,عندي استفسار في مايخص رفع سرعة internet
C:\Users\dell\Desktop\laststation\Audio\audio_001550.wav,انا رحت ليهم قالولي يطلقوها مع السبعة ويحبسوها مع الطناش
C:\Users\dell\Desktop\laststation\Audio\audio_001551.wav,رانا في ثلاث ايام internet كارثة لا بيان لا تفسير كلي مكان ولوا
C:\Users\dell\Desktop\laststation\Audio\audio_001552.wav,واش بيها connexion البارح و اليوم تتقطع و كاين تذبذب
C:\Users\dell\Desktop\laststation\Audio\audio_001553.wav,و ماذا عن اصحاب modem fibre القديم اريد تغييره بنسخة جديدة ولا يوجد عروض تخفيض لسعره من رمضان الى حد الان
C:\Users\dell\Desktop\laststation\Audio\audio_001554.wav,رانا نخيرو في دراهمنا في باطل لا internet لا طب
C:\Users\dell\Desktop\laststation\Audio\audio_001555.wav,اكتيفولي الرقم رجاءا راني بعثتلكم كل المعلومات في الخاص
C:\Users\dell\Desktop\laststation\Audio\audio_001556.wav,السلام عليكم نقصو من الاشتراكات idoom fibre الياف بصرية راهي غالية ميتين الف لشهر ليست في متناول المواطن البسيط و شكرا
C:\Users\dell\Desktop\laststation\Audio\audio_001557.wav,رسلتلكم فالخاص و قفولنا الخط حتا تديرولنا حل تعبنا من البلاغات و ارسال الرسائل بدون جدوى و كالاتكم لا تخدمنا بادنى شي
C:\Users\dell\Desktop\laststation\Audio\audio_001558.wav,ديرولنا الكوراج لينا راح نجوزو سمانة بلا connexion هما مراهمش لاتيين بيكم
C:\Users\dell\Desktop\laststation\Audio\audio_001559.wav,واش قصة internet ضعيفة تقول راني في deux mille cinq
C:\Users\dell\Desktop\laststation\Audio\audio_001560.wav,سيد الرايس internet راه مقطوع عليا في خمسة شهر
C:\Users\dell\Desktop\laststation\Audio\audio_001561.wav,كون ماتقطعوش internet غدا نديرلكم اشهار مجاني من عندي
C:\Users\dell\Desktop\laststation\Audio\audio_001562.wav,هذي لوكان تخلوها بنفس سعر الاشتراك الاصلي مش تنقصو عشر ايام منو
C:\Users\dell\Desktop\laststation\Audio\audio_001563.wav,modem راكب و internet مكانش اني في شهرين نستنا
C:\Users\dell\Desktop\laststation\Audio\audio_001564.wav,حنا من ديسمبر معندناش internet ربي يهديكم
C:\Users\dell\Desktop\laststation\Audio\audio_001565.wav,خلصنا و جبنا modem بالسبت بصح حد الان مجاوش يركبوه
C:\Users\dell\Desktop\laststation\Audio\audio_001566.wav,التدفق عندي شبه ميت هذي المرة الرابعة و هي تحصل معي هذي الحالة اتمنى الرد بسرعة
C:\Users\dell\Desktop\laststation\Audio\audio_001567.wav,هل الاشتراك محسوب من نهار لي دفعت فيه الملف في الوكالة او عند بداية تشغيل الخط
C:\Users\dell\Desktop\laststation\Audio\audio_001568.wav,ديرولنا la fibre يرحم والديكم غير حنا في بجاية مكانش
C:\Users\dell\Desktop\laststation\Audio\audio_001569.wav,حنا في بلدية السبت دايرة عزابة ولاية سكيكدة لا internet ثابت لا fibre و حتى reseau مكانش و ضعيف اذا حضر
C:\Users\dell\Desktop\laststation\Audio\audio_001570.wav,من محزن مازلنا توالا في بلدان internet تنقطع و لم تخبرو الناس لماذا و كيف مزالت internet تنقطع في ليل و ترجع نص اليوم عندها ثلاث ايام ماسبب
C:\Users\dell\Desktop\laststation\Audio\audio_001571.wav,يعطيكم الصحة على المجهودات صراحة خدمة فالقمة meme المشاكل تتحل بسرعة ربي يقدركم
C:\Users\dell\Desktop\laststation\Audio\audio_001572.wav,حياتنا اصبحت صعبة و لمدة ستة اشهر و نحن محرمون من خدمات internet ياسادة
C:\Users\dell\Desktop\laststation\Audio\audio_001573.wav,راني في يومين بلا connexion يهديكم ربي اخدموهالنا ياو
C:\Users\dell\Desktop\laststation\Audio\audio_001574.wav,عندي internet عندها اكثر من ثمانية ساعات موقفة و راني مخلصتها
C:\Users\dell\Desktop\laststation\Audio\audio_001575.wav,و الشبكة مكانش احي احي تضحكو علينا و على رواحكم
C:\Users\dell\Desktop\laststation\Audio\audio_001576.wav,تقريبا غادي ينحو عرض تاع quinze mega يبقا ثلاثين و تطلع خاصة لي يكون عندو قبل اشتراك قديم
C:\Users\dell\Desktop\laststation\Audio\audio_001577.wav,تسمى دزاير كامل راحتلكم connexion و نتوما تقولولنا اتهنى
C:\Users\dell\Desktop\laststation\Audio\audio_001578.wav,رجعولنا internet يهديكم ربي من صباح و internet مكاش
C:\Users\dell\Desktop\laststation\Audio\audio_001579.wav,في عوض ما نخلصو ميتين الف و نولو نخلصو مية الف
C:\Users\dell\Desktop\laststation\Audio\audio_001580.wav,internet يومين مكانش و حنا نخدمو بيها والله غير منكر
C:\Users\dell\Desktop\laststation\Audio\audio_001581.wav,عندنا مشكل انقطاع internet منذ مدة لم يتم حله و قد راسلتكم في الخاص
C:\Users\dell\Desktop\laststation\Audio\audio_001582.wav,انا ليوم سبعة ايام مازال ماطلقوش connexion نحتاجها في اختبارات
C:\Users\dell\Desktop\laststation\Audio\audio_001583.wav,وقتاش تجو تخدمولنا internet في اولاد يعيش رانا رحنا شتكينا عندنا عشرين يوم والوا نخلصو و connexion مقطوعة عيتونا
C:\Users\dell\Desktop\laststation\Audio\audio_001584.wav,حنا مزالنا مكاش connexion في ربعة شهر و خمسطاش نيوم
C:\Users\dell\Desktop\laststation\Audio\audio_001585.wav,انا راني نعاني من انقطاع internet كرهت حياتي معها
C:\Users\dell\Desktop\laststation\Audio\audio_001586.wav,اطلقولنا connexion الرب العالي رانا عيينا نحلو فيكم
C:\Users\dell\Desktop\laststation\Audio\audio_001587.wav,اطلقولنا la connexion راني خلصتكم باش تطلقوهالي مجيتش توستلكم
C:\Users\dell\Desktop\laststation\Audio\audio_001588.wav,انا نفس شي معنديش internet من البارح مكانش
C:\Users\dell\Desktop\laststation\Audio\audio_001589.wav,من فضلكم علجونا انقطعات internet راهي بكثرة الي متي نقعدو صابرين
C:\Users\dell\Desktop\laststation\Audio\audio_001590.wav,ماعليش ديرولنا تعليق بالصورة نورولكم سرعة internet
C:\Users\dell\Desktop\laststation\Audio\audio_001591.wav,internet ماراهيش stable عندي تروح و تجي كل خمسة دقايق
C:\Users\dell\Desktop\laststation\Audio\audio_001592.wav,ارواحو شوفو فينا راهي connexion ربعة شهر و نص مكانش شكيت مية مرة
C:\Users\dell\Desktop\laststation\Audio\audio_001593.wav,في سكيكدة مكانش fibre خلاص نص بلديات سكيكدة مافيهمش fibre خلاص
C:\Users\dell\Desktop\laststation\Audio\audio_001594.wav,حتا تسڨمو reseau internet من بعد ساهل راها كارثة اتصالات الجزاير
C:\Users\dell\Desktop\laststation\Audio\audio_001595.wav,كي تلحقنا امبعد ساهل قريب عامين و انا نروح و يقولولي نتوما مازال
C:\Users\dell\Desktop\laststation\Audio\audio_001596.wav,وشبيها connexion سمانة هذي ماتوصلش عندي حتى ستة mega
C:\Users\dell\Desktop\laststation\Audio\audio_001597.wav,شحال نخلص في كل شهر من فضلك
C:\Users\dell\Desktop\laststation\Audio\audio_001598.wav,كم سعر العرض الشهري لعرض ثلاثين mega
C:\Users\dell\Desktop\laststation\Audio\audio_001599.wav,يرجى تخفيض الاسعار لان السعر الابتدايي ثلاثين mega ليس في متناول الجميع رجعوه لسعر quinze mega كيما كان
C:\Users\dell\Desktop\laststation\Audio\audio_001600.wav,لماذا يتم رفع سرعة التدفق و التسعيرة internet من طرفكم بدون طلب من الزبون مع العلم انني اسبوع و انا احاول التواصل مع خدمة الزبائن و لكن دون رد
C:\Users\dell\Desktop\laststation\Audio\audio_001601.wav,fibre ماوصلش تبدا الاشغال و تحبس و الان الاشغال حابسة كامل كل عام اصبر العام جديد
C:\Users\dell\Desktop\laststation\Audio\audio_001602.wav,مانعرف خو راهم يتمسخرو بينا و خلاص ناس عندهم و ناس ماعندهمش
C:\Users\dell\Desktop\laststation\Audio\audio_001603.wav,واشبيها يامات هذو internet في حالة تروح و تجي واش هو الحل
C:\Users\dell\Desktop\laststation\Audio\audio_001604.wav,وعلاه ماتقولوش بلي لازم فوق ثلاثين mega اعلان احتيالي
C:\Users\dell\Desktop\laststation\Audio\audio_001605.wav,راني من يوم السبت ملي ركبتوه مازال لليوم مكانش internet
C:\Users\dell\Desktop\laststation\Audio\audio_001606.wav,عندي اكثر من الف giga و لكن التدفق لا علاقة
C:\Users\dell\Desktop\laststation\Audio\audio_001607.wav,انا في ربعة ايام درت تبليغ عن عطب و مكانش رد ياخي فهمونا لكان مايخدموش في سوق اهراس قولوا حتى ارقام نتتاعكم طناش
C:\Users\dell\Desktop\laststation\Audio\audio_001608.wav,و رقم zero vingt et un douze douze مايخدموش
C:\Users\dell\Desktop\laststation\Audio\audio_001609.wav,يوجد مشكل في هذ internet تنقطع بدون سبب و مصالح اتصالات الجزاير غير موهلين لتسيير هذه المشاكل للاسف
C:\Users\dell\Desktop\laststation\Audio\audio_001610.wav,بالتوفيق و النجاح انشاءالله اعانكم الله و سدد خطاكم لما فيه خير البلاد و عباد
C:\Users\dell\Desktop\laststation\Audio\audio_001611.wav,كيفاه حنا خلصنا ميتين الف dinar دوك ولات مية الف dinar
C:\Users\dell\Desktop\laststation\Audio\audio_001612.wav,راني قريب نلحق الشمس اطلقونا internet رانا في سبعة شهور
C:\Users\dell\Desktop\laststation\Audio\audio_001613.wav,السلام عليكم اتمنى منكم التكفل بالانشغالي عبر رسائل الخاصة بالصفحة و شكرا لكم
C:\Users\dell\Desktop\laststation\Audio\audio_001614.wav,ياخي عندنا reseau قريب خمسطاش نيوم مكانش شاعل لون احمر في modem رحنا شكينا محبوش يخدموه
C:\Users\dell\Desktop\laststation\Audio\audio_001615.wav,في وسط مدينة الشلف لحد الساعة مكانش كامل fibre
C:\Users\dell\Desktop\laststation\Audio\audio_001616.wav,علاه راهي مقطوعة مع علم راني مخلص connexion
C:\Users\dell\Desktop\laststation\Audio\audio_001617.wav,وقتاه يوصلولنا fibre دائرة سبدو ولاية تلمسان و خلونا من لغة الخشب
C:\Users\dell\Desktop\laststation\Audio\audio_001618.wav,علاه ماراكمش تردو internet راهي تتقطع هذي من مدة
C:\Users\dell\Desktop\laststation\Audio\audio_001619.wav,ريڨلونا cable راه مقطوع في 20 يوم مازال مادارولوش حل
C:\Users\dell\Desktop\laststation\Audio\audio_001620.wav,تسما مراكش سامعين دزاير ڤاع راهي فهاد probleme اليوم
C:\Users\dell\Desktop\laststation\Audio\audio_001621.wav,راني نبعت message متردوش علبالي الضغط كبير بصح يرجى الرد
C:\Users\dell\Desktop\laststation\Audio\audio_001622.wav,ديما نسلك بدفع الكتروني و ماستفدنا من شىء
C:\Users\dell\Desktop\laststation\Audio\audio_001623.wav,لالا merci خمسمية dinar تزيدها خمسمية dinar و نخلص بيها الشهر لبعدو
C:\Users\dell\Desktop\laststation\Audio\audio_001624.wav,يركبوه و مكانش connexion يقولك راهي تمشي وهي ماتمشيش
C:\Users\dell\Desktop\laststation\Audio\audio_001625.wav,internet راها مكاش اخر ثلاثة ايام ناس كل تعاني
C:\Users\dell\Desktop\laststation\Audio\audio_001626.wav,عندي قريب عشرين يوم ملي عطاولي modem و fibre مكانش
C:\Users\dell\Desktop\laststation\Audio\audio_001627.wav,مخلص اعطوه internet هذا واش طلبين منكم
C:\Users\dell\Desktop\laststation\Audio\audio_001628.wav,عندي عام و انا داير طلب مكان والوا تروح لوكالة تاعكم يقولونا مكانش les modem تحير في هذي الموسسة
C:\Users\dell\Desktop\laststation\Audio\audio_001629.wav,خدمات كارثية رديئة سيية جدا و مرهقة و متعبة
C:\Users\dell\Desktop\laststation\Audio\audio_001630.wav,شبعتونا تمسخير مناطق فيهم fibre و مناطق مكانش ياو راني ساكن فوسط la ville و مكاش
C:\Users\dell\Desktop\laststation\Audio\audio_001631.wav,بلدية سيدي اعمر ولاية سعيدة غير موجودة في الاستمارة
C:\Users\dell\Desktop\laststation\Audio\audio_001632.wav,من فظلكم لديا تقطعات كثيرة على مستوى الثابت و internet قمت بارسال انشغالي على الخاص
C:\Users\dell\Desktop\laststation\Audio\audio_001633.wav,دوكا انا من العلمة واش لازمني في dossier الي ندفعو للاشتراك في هذا العرض
C:\Users\dell\Desktop\laststation\Audio\audio_001634.wav,عندي خمسطاش نيوم ملي خلصت عطاوني modem وين مانروحلهم يتمسخرو بيا
C:\Users\dell\Desktop\laststation\Audio\audio_001635.wav,ساجدة سيرين معاناة كيفاه شهر كامل معندكش internet
C:\Users\dell\Desktop\laststation\Audio\audio_001636.wav,عندك ماتنسى و الرقم تاع زوج ملاين مشترك مجرد رقم لعدد المشتركين لكن الي عندو خدمة النت راه بالالاف فقط
C:\Users\dell\Desktop\laststation\Audio\audio_001637.wav,internet راهي ما تصلحش من يوم الاربعاء ما قدرتش نفتح العاب en ligne
C:\Users\dell\Desktop\laststation\Audio\audio_001638.wav,لازم الدفع الالكتروني باش تستفيد من الايام من ثلاثة الى ثمانية و ربعين
C:\Users\dell\Desktop\laststation\Audio\audio_001639.wav,رانا في ثلاثة شهر ملي ركبولنا modem جديد و مازال مطلقولناش internet
C:\Users\dell\Desktop\laststation\Audio\audio_001640.wav,عندي شهر و modem في الدار و مازال مجاوش ركبوه
C:\Users\dell\Desktop\laststation\Audio\audio_001641.wav,عندي عشرة ايام و انا بلى connexion Algerie Telecom اتصالات الجزاير
C:\Users\dell\Desktop\laststation\Audio\audio_001642.wav,internet ناقصة خلاص fibre في ولاية خنشلة من ثلاثة ايام
C:\Users\dell\Desktop\laststation\Audio\audio_001643.wav,modem غير متوفر في الوكلات عندنا مدة و حنا نسناو
C:\Users\dell\Desktop\laststation\Audio\audio_001644.wav,معليش دخلونا fibre برك و نسلو تاع un giga ماشي trente mega
C:\Users\dell\Desktop\laststation\Audio\audio_001645.wav,حالة internet منذ يومين او ثلاثة كارثية في مدينة العلمة
C:\Users\dell\Desktop\laststation\Audio\audio_001646.wav,بشحال يدخل modem fibre للدار بلخيوط تاعو بلباطة بكلش شحال
C:\Users\dell\Desktop\laststation\Audio\audio_001647.wav,لقد طرحت عليكم مشكلتي في الخاص لكن لا يوجد رد
C:\Users\dell\Desktop\laststation\Audio\audio_001648.wav,fibre بعيد علينا زوج كيلو متر و عندنا عوام هكا
C:\Users\dell\Desktop\laststation\Audio\audio_001649.wav,La theorie c'est bien mais la pratique est meilleure le plus important est davoir un service satisfaisant pas de la parlotte merci
C:\Users\dell\Desktop\laststation\Audio\audio_001650.wav,اصبر يلحقو fibre لعندنا هذا اذا لحقوه امبعد ساهل
C:\Users\dell\Desktop\laststation\Audio\audio_001651.wav,عندنا الالياف البصرية بصح wifi adsl واش هذ la fibre
C:\Users\dell\Desktop\laststation\Audio\audio_001652.wav,دخلت اشتراك جديد و خلصت الف dinar ولكن طلقولي فقط ثلاثين mega
C:\Users\dell\Desktop\laststation\Audio\audio_001653.wav,رمز التفعيل my idoom لا يصلني عبر البريد الالكترني
C:\Users\dell\Desktop\laststation\Audio\audio_001654.wav,متى يتم تصليح كوابل internet بمختلف احياء دايرة الذرعان ولاية الطارف
C:\Users\dell\Desktop\laststation\Audio\audio_001655.wav,Un grand chantier le partenariat est tres important pour notre pays felicitation
C:\Users\dell\Desktop\laststation\Audio\audio_001656.wav,ولاية باتنة بلدية سريانة مكان حتى حاجة تدل بانه مشروع تاع fibre
C:\Users\dell\Desktop\laststation\Audio\audio_001657.wav,علاش تتمسخرو كيما قالو الهدرة ساهلة mais الخدمة مكاش
C:\Users\dell\Desktop\laststation\Audio\audio_001658.wav,سجلت في فضاء الزبون او ملحقنيش code في email
C:\Users\dell\Desktop\laststation\Audio\audio_001659.wav,مشكل راهو مرض connexion عندنا adsl تيارت mobilis افضل منها
C:\Users\dell\Desktop\laststation\Audio\audio_001660.wav,تحيا fibre بصح ياخاوتي لي معندوش راه مراطي
C:\Users\dell\Desktop\laststation\Audio\audio_001661.wav,ولي خلص internet يوم امس هل يستفيد من حجم internet
C:\Users\dell\Desktop\laststation\Audio\audio_001662.wav,اريد تفعيل فضاء الزبون معلومات بعثتهم فى خاص و شكرا
C:\Users\dell\Desktop\laststation\Audio\audio_001663.wav,مانعرف خو راهم يتمسخرو بينا و خلاص ناس عندهم و ناس ماعندهمش
C:\Users\dell\Desktop\laststation\Audio\audio_001664.wav,رانا حي كامل بدون internet اكثر من شهر ديرولنا حل
C:\Users\dell\Desktop\laststation\Audio\audio_001665.wav,ياو لوكان جيبولنا لي modem ثلاثة شهور ملي دارولنا installation و modem مكاش
C:\Users\dell\Desktop\laststation\Audio\audio_001666.wav,هل يوجد تخفيض في تسعيرة 4g مع موسسات متعاقدة
C:\Users\dell\Desktop\laststation\Audio\audio_001667.wav,عندي اربعة ايام بدون internet fibre قالولي كاين مشكل في la ligne
C:\Users\dell\Desktop\laststation\Audio\audio_001668.wav,عندي internet عندها اكثر من ثمانية ساعات متوقفة و راني مخلصتها
C:\Users\dell\Desktop\laststation\Audio\audio_001669.wav,هل تباع بطاقة sim بدون modem الرد من فضلكم
C:\Users\dell\Desktop\laststation\Audio\audio_001670.wav,انا درت عرض و شهر مجاوش ركبولنا و ماعطاونيش modem
C:\Users\dell\Desktop\laststation\Audio\audio_001671.wav,عندي سنة و نصف و انا انتظر في modem لكن لاحياة لمن تنادي
C:\Users\dell\Desktop\laststation\Audio\audio_001672.wav,طلبناها منذ نوفمبر deux mille vingt quatre و لاحياة لمن تنادي اين modem nokia
C:\Users\dell\Desktop\laststation\Audio\audio_001673.wav,عرض ترويجي تركبو la ligne و modem بصح علاه متتلقوهاش لواحد يخدم بيها و يستعملها كيدير
C:\Users\dell\Desktop\laststation\Audio\audio_001674.wav,شرحولنا وين راه المشكل الايام هذي connexion تعبانة خلاص خاصتا fibre
C:\Users\dell\Desktop\laststation\Audio\audio_001675.wav,يا ايمان يهديك ربي راها internet مقطوعة منذ ثلاثة جوان
C:\Users\dell\Desktop\laststation\Audio\audio_001676.wav,مكاش حاجة باطل تخلصها فالفاتورة من بعد بركاو ماتخرطو
C:\Users\dell\Desktop\laststation\Audio\audio_001677.wav,نهار تكون كاينة la fibre فتيقزيرت وين نسكن و من بعد ساهل
C:\Users\dell\Desktop\laststation\Audio\audio_001678.wav,internet مكانش و انت تقولي تطبيق قدمنا شكي و مكان والوا
C:\Users\dell\Desktop\laststation\Audio\audio_001679.wav,عندكم مشكل في internet اين نتوما من هذا الشيء
C:\Users\dell\Desktop\laststation\Audio\audio_001680.wav,رجعولنا internet يهديكم ربي من صباح و internet مكانش
C:\Users\dell\Desktop\laststation\Audio\audio_001681.wav,التبهدايل و خلاص افشل شركة على مستوى العالم
C:\Users\dell\Desktop\laststation\Audio\audio_001682.wav,في سكيكدة مكاش fibre خلاص نص بلديات سكيكدة مافيهمش fibre خلاص
C:\Users\dell\Desktop\laststation\Audio\audio_001683.wav,وراه modem رانا في عام بلاش فالفيسبوك كاين و الواقع الريح
C:\Users\dell\Desktop\laststation\Audio\audio_001684.wav,internet وضعها كارثي منذ ايام من فضلكم اين السبب
C:\Users\dell\Desktop\laststation\Audio\audio_001685.wav,fibre لم يتم تفعيلها الى حد الساعة في شارع بوريدح الصديق
C:\Users\dell\Desktop\laststation\Audio\audio_001686.wav,كي تمشي fibre اصلا من بعد نهدرو على البوست
C:\Users\dell\Desktop\laststation\Audio\audio_001687.wav,غرداية مية mega نقصا بزاف و تذبذب في التدفق و نرجعوها vingt mega احسن
C:\Users\dell\Desktop\laststation\Audio\audio_001688.wav,حسنو الجودة و سرعولنا في fibre و اذا حبيتو ماتقربوش غير ماتقربوش لينا
C:\Users\dell\Desktop\laststation\Audio\audio_001689.wav,ريڨلونا connexion cent vingt mega fibre مكاش connexion واش هذا
C:\Users\dell\Desktop\laststation\Audio\audio_001690.wav,شكرا لكم كانت فسحة لطرح انشغالات المستهلك كل الاحترام و التقدير لكم
C:\Users\dell\Desktop\laststation\Audio\audio_001691.wav,امركم عجيب ارواحو بدلولنا cable حنا بي adsl و عروضكم بي fibre
C:\Users\dell\Desktop\laststation\Audio\audio_001692.wav,اخطيك روح جرب ادفع اشتراك internet ثلاثين الف dinar يخرجلك رقم الزبون فالفاتورة
C:\Users\dell\Desktop\laststation\Audio\audio_001693.wav,Vous ne voulez pas nous installer la fibre dans notre residence
C:\Users\dell\Desktop\laststation\Audio\audio_001694.wav,رانا نخسرو في دراهمنا في باطل لا internet
C:\Users\dell\Desktop\laststation\Audio\audio_001695.wav,حنا في اكثر من شهر modem كاين و المشية يجيب ربي
C:\Users\dell\Desktop\laststation\Audio\audio_001696.wav,سلام عليكم عندي استفسار ركبنا modem fibre البارحة متي موعد اطلاق internet فيه
C:\Users\dell\Desktop\laststation\Audio\audio_001697.wav,هل هذه الخدمة متوفرة في دايرة الاخضرية ولاية البويرة
C:\Users\dell\Desktop\laststation\Audio\audio_001698.wav,عندي اكثر من الف giga و لكن التدفق لا علاقة
C:\Users\dell\Desktop\laststation\Audio\audio_001699.wav,ريڨلونا مشكل تاع internet رانا كرهنا ثلاثة ايام fibre مكاش
C:\Users\dell\Desktop\laststation\Audio\audio_001700.wav,internet من البارح مكانش و الاسبوع هذا كل عشية تروح
C:\Users\dell\Desktop\laststation\Audio\audio_001701.wav,شكرا لكم على سرعة الاصلاح اخر مرة العقوبة fibre
C:\Users\dell\Desktop\laststation\Audio\audio_001702.wav,نحن بصدد ادخال internet fibre للحي هل نستطيع شراء واحد
C:\Users\dell\Desktop\laststation\Audio\audio_001703.wav,اشهار خرطي اصلا الخدمة الي تحكيوا عليها مكانش
C:\Users\dell\Desktop\laststation\Audio\audio_001704.wav,فلكسيت امس في modem مكاش internet فلاشات orange اين خلل
C:\Users\dell\Desktop\laststation\Audio\audio_001705.wav,internet ضعيفة بزاف نرجو منكم تحسين الخدمة و زيادة التدفق
C:\Users\dell\Desktop\laststation\Audio\audio_001706.wav,رمز التحقيق تاع gmail ميلحقش في my idoom مالاشكال
C:\Users\dell\Desktop\laststation\Audio\audio_001707.wav,لحد الان عندنا adsl الذي يعتمد على الشبكة النحاسية
C:\Users\dell\Desktop\laststation\Audio\audio_001708.wav,idoom 4g راه ملبارح حابس فهمونا واش بيه
C:\Users\dell\Desktop\laststation\Audio\audio_001709.wav,راك تهدر مع repondeur معلمينه هدرة شابة تبرد الزبون
C:\Users\dell\Desktop\laststation\Audio\audio_001710.wav,عندكم برك نهار الي توصلولنا fibre يحبسو العروض هذا اذا وصلتولنا fibre
C:\Users\dell\Desktop\laststation\Audio\audio_001711.wav,نستناو في وكالة مافية و اهمال عين مليلة تسعة شهر مركبوناش modem
C:\Users\dell\Desktop\laststation\Audio\audio_001712.wav,ركبو modem fibre عندي خمسة و عشرون يوم و انا انتظر مازال واش السبب
C:\Users\dell\Desktop\laststation\Audio\audio_001713.wav,خاوتي حاب نشري modem اتصالات الجزاير هل تمشي في ريف ولا لالا و شكرا جزيلا
C:\Users\dell\Desktop\laststation\Audio\audio_001714.wav,العفرون مكاش فيها fibre نهار ديروه مدولنا هذو العروض
C:\Users\dell\Desktop\laststation\Audio\audio_001715.wav,لحقونا fibre من بعد كلش ساهل والله تعبنا مع adsl
C:\Users\dell\Desktop\laststation\Audio\audio_001716.wav,ياخويا يرحم والديك internet راني نحتجها اني ستنيت لكرهت
C:\Users\dell\Desktop\laststation\Audio\audio_001717.wav,واش يلزم باش ندخل fibre قصدي اوراق واش نديلهم
C:\Users\dell\Desktop\laststation\Audio\audio_001718.wav,كيف اعرف حرارة الهاتف من modem و ليس لدي هاتف ثابت
C:\Users\dell\Desktop\laststation\Audio\audio_001719.wav,عندنا ثلاثة شهر نستناو في la mise en service
C:\Users\dell\Desktop\laststation\Audio\audio_001720.wav,ياو وفرلي modem nokia و من بعد ساهل يالفاشلين عام و نص و مازال ماجبتوهم
C:\Users\dell\Desktop\laststation\Audio\audio_001721.wav,كيفاش نقدر نعرف انو المكان وين نسكن فيه تغطية مليحة 4g ولا والوا
C:\Users\dell\Desktop\laststation\Audio\audio_001722.wav,ديمة نسلك و مستفدت حتى حاجة من internet الي تحكو عليها
C:\Users\dell\Desktop\laststation\Audio\audio_001723.wav,جيبولنا modem برك عندي عام ملي طلبتو لدورك مكان والوا
C:\Users\dell\Desktop\laststation\Audio\audio_001724.wav,في ولاية جيجل هذا شهر و مكان والوا عطولي modem
C:\Users\dell\Desktop\laststation\Audio\audio_001725.wav,نتمنى عودة عروض فصل الصيف كاملا على idoom 4g رغم ضعف التدفق
C:\Users\dell\Desktop\laststation\Audio\audio_001726.wav,خويا نتوما تاني معندكمش connexion في wifi 4g ولا غير انا
C:\Users\dell\Desktop\laststation\Audio\audio_001727.wav,نحن لم يصلنا fibre رغم تقدم بلديتنا
C:\Users\dell\Desktop\laststation\Audio\audio_001728.wav,idoom market السعر غالي جدا و لا يشجع زيد تكاليف الاشتراك
C:\Users\dell\Desktop\laststation\Audio\audio_001729.wav,الف مبروك للولاية مولودها الجديد و بالتوفيق للزملاء على مستوى الوكالة الجديدة
C:\Users\dell\Desktop\laststation\Audio\audio_001730.wav,وراها fibre لي راكم تروجولها مازالنا في القديم
C:\Users\dell\Desktop\laststation\Audio\audio_001731.wav,شهرين ملي بداو مشروع fibre و مازال ماكملوش حتى نصفو ثقال تعيو
C:\Users\dell\Desktop\laststation\Audio\audio_001732.wav,عندي فايت شهر ملي خلصت و مدولي modem و مازال مجاوش يبرونشولي
C:\Users\dell\Desktop\laststation\Audio\audio_001733.wav,في منطقتنا internet مقطوعة منذ اكثر من شهر cable نحاسي
C:\Users\dell\Desktop\laststation\Audio\audio_001734.wav,internet راها مكاش اخر ثلاثة ايام الناس كل تعاني
C:\Users\dell\Desktop\laststation\Audio\audio_001735.wav,سلام عندي adsl راهي ناقصة connexion تقلية بزاف
C:\Users\dell\Desktop\laststation\Audio\audio_001736.wav,هناك نقص في الاشارة ضواحي البرية وهران منذ يومين idoom 4g
C:\Users\dell\Desktop\laststation\Audio\audio_001737.wav,سيد رائيس internet راه مقطوع عليا في خمسة شهر
C:\Users\dell\Desktop\laststation\Audio\audio_001738.wav,internet adsl كارثة بكل المقاييس بمدينة زلفانة ولاية غرداية
C:\Users\dell\Desktop\laststation\Audio\audio_001739.wav,ركبولي modem fibre عندو تسعة ايام و لحد الان internet لا توجد
C:\Users\dell\Desktop\laststation\Audio\audio_001740.wav,شكرا و الف شكر على مجهودتكم لخدمة المواطن
C:\Users\dell\Desktop\laststation\Audio\audio_001741.wav,نتمنى ان تعمم المبادرة على جميع الموسسات الخدماتية الوطنية للرقي لخدمات المستهلك عير الاستماع المباشر لانشغالاته
C:\Users\dell\Desktop\laststation\Audio\audio_001742.wav,عندي قريب عشرين يوم ملي عطاولي modem و fibre مكاش
C:\Users\dell\Desktop\laststation\Audio\audio_001743.wav,يقولك المشكل راهو فيك او توجه الي اقرب مركز
C:\Users\dell\Desktop\laststation\Audio\audio_001744.wav,هل الحي الجديد في دبدابة من اهتماماتكم بايصال هاته الخدمة الجديدة ام لا
C:\Users\dell\Desktop\laststation\Audio\audio_001745.wav,لخيط مكاه و تقولنا دخلو fibre عموها برك و ساهلة
C:\Users\dell\Desktop\laststation\Audio\audio_001746.wav,سلام خاوتي نسكن في ريف هل modem اتصالات الجزاير تمشي يعني في ريف و شكرا
C:\Users\dell\Desktop\laststation\Audio\audio_001747.wav,ستة ايام و اشارة idoom 4g متقطعة شبه منعدمة
C:\Users\dell\Desktop\laststation\Audio\audio_001748.wav,خصنا طريقة باه نجيبو رقم الزبون بلا منروحو للوكالة
C:\Users\dell\Desktop\laststation\Audio\audio_001749.wav,واش ندي معايا للوكالة التجارية لكي يتم تحويل adsl الى fibre و شكرا
C:\Users\dell\Desktop\laststation\Audio\audio_001750.wav,اريد modem 4g ماذا يلزمني و ماهي عروضه و هل استطيع طلبه عن بعد
C:\Users\dell\Desktop\laststation\Audio\audio_001751.wav,هل هذا يعني اننا سوف نحصل على شهر او شهرين internet مجانا
C:\Users\dell\Desktop\laststation\Audio\audio_001752.wav,modem idoom 4g internet منقطعة فيه تماما منذ اسبوع نرجو التدخل
C:\Users\dell\Desktop\laststation\Audio\audio_001753.wav,internet ماراهيش stable عندي تروح و تجي كل خمسة دقايق
C:\Users\dell\Desktop\laststation\Audio\audio_001754.wav,مشكل في internet fibre هذا اليومين نرجو اصلاح مشكل
C:\Users\dell\Desktop\laststation\Audio\audio_001755.wav,علاه نحيتو خصم الاشتراك تاع الجيش و درتو شرط لازم تكون الدار تاعو ماشي كاري هديك الدار
C:\Users\dell\Desktop\laststation\Audio\audio_001756.wav,ريڨلو ping راهو عندكم مشكل في internet هذ اليامات adsl
C:\Users\dell\Desktop\laststation\Audio\audio_001757.wav,ريڨلو الموقع باش يطلع كل البلديات هكذا تعرفو الي معندهمش fibre
C:\Users\dell\Desktop\laststation\Audio\audio_001758.wav,و بالتوفيق في قطع internet على اثنان و اربعون مليون انسان
C:\Users\dell\Desktop\laststation\Audio\audio_001759.wav,نقص فالتغطية التدفق ضعيف جدا سرعة لا تتجاوز مية kilo byte
C:\Users\dell\Desktop\laststation\Audio\audio_001760.wav,حتان تسڨمو reseau internet من بعد ساهل راها كارثة اتصالات الجزاير
C:\Users\dell\Desktop\laststation\Audio\audio_001761.wav,هيا مليحة مية و خمسين بمية و خمسين بصح التدفق ثقيل بزاف
C:\Users\dell\Desktop\laststation\Audio\audio_001762.wav,ديرو التغطية تاع fibre لكل المناطق من بعد ديرو العروض
C:\Users\dell\Desktop\laststation\Audio\audio_001763.wav,كيفاه نعرف رقم الهاتف الجديد مشكل انو مابعثوليش رقم
C:\Users\dell\Desktop\laststation\Audio\audio_001764.wav,انا مدخلها و مركب modem عندي شحال و انا نستنا تطلقوها وقتاه تطلقوها
C:\Users\dell\Desktop\laststation\Audio\audio_001765.wav,هاتف ثابث و internet لا تعمل بڨالمة منذ امس مساء
C:\Users\dell\Desktop\laststation\Audio\audio_001766.wav,عندي اكثر من شهرين ملي هزيت modem fibre مازال مركبوه لا طلقوه
C:\Users\dell\Desktop\laststation\Audio\audio_001767.wav,متى يتم اطلاق internet الجديدة في حي سو مزيان العلمة
C:\Users\dell\Desktop\laststation\Audio\audio_001768.wav,مكاش فرق في ـping مقارنة بـي fibre العادية عندي عرض مية و عشرين mega
C:\Users\dell\Desktop\laststation\Audio\audio_001769.wav,كيفاش نعرف شحال راني نخلص و تاريخ الي نسدد الفاتورة مع العلم انني جديد في fibre
C:\Users\dell\Desktop\laststation\Audio\audio_001770.wav,في بلديتنا توقفت انشغال و لا وجود لمشاريع fibre للاسف
C:\Users\dell\Desktop\laststation\Audio\audio_001771.wav,بلدية بن مهيدي ولاية الطارف لا fibre و لا هم يخزنون
C:\Users\dell\Desktop\laststation\Audio\audio_001772.wav,عندي modem جديد حاب نخلص internet كيفاش نخلصها وين نلقا الارقام تاع modem
C:\Users\dell\Desktop\laststation\Audio\audio_001773.wav,مركز فروخة بلدية الصومعة ولاية البليدة internet مقطوع منذ ستة شهر
C:\Users\dell\Desktop\laststation\Audio\audio_001774.wav,خمسة شهر و modem معلق المهم الصبر و يقولولك في اقرب الاجال و رانا صابرين
C:\Users\dell\Desktop\laststation\Audio\audio_001775.wav,Comment faire pour changer le numero de telephone relie avec la connexion
C:\Users\dell\Desktop\laststation\Audio\audio_001776.wav,في وسط مدينة الشلف لحد الساعة مكاش كامل fibre
C:\Users\dell\Desktop\laststation\Audio\audio_001777.wav,العروض غير هوما و باش جيبولنا modem ربي يجيب
C:\Users\dell\Desktop\laststation\Audio\audio_001778.wav,عن اي modem تتحدث لدينا خمسة شهر و نحن ننتظر modem nokia
C:\Users\dell\Desktop\laststation\Audio\audio_001779.wav,عيد اضحى مبارك و سعيد و كل عام و انتم بالف خير
C:\Users\dell\Desktop\laststation\Audio\audio_001780.wav,ربعة شهر ملي ركب modem و internet مكاش الى متى
C:\Users\dell\Desktop\laststation\Audio\audio_001781.wav,لجميع مشتركين idoom 4g قاطعوها خطرش راهم يطلعو مشتركين علي ظهوركم
C:\Users\dell\Desktop\laststation\Audio\audio_001782.wav,تم تسليم modem منذ جانفي الى الان لم يتم تزويدنا بي internet
C:\Users\dell\Desktop\laststation\Audio\audio_001783.wav,كانت adsl لاباس بيها ركبولنا la fibre خمسة شهر مكاش connexion
C:\Users\dell\Desktop\laststation\Audio\audio_001784.wav,ديرولنا برك fibre و من بعد نشتاركو ماعندنا وين نروحو غير عندكم
C:\Users\dell\Desktop\laststation\Audio\audio_001785.wav,مركز فروخة بلدية الصومعة ولاية البليدة internet مقطوع منذ ستة شهر
C:\Users\dell\Desktop\laststation\Audio\audio_001786.wav,fibre عندو عام و هو حابس في اخر بلدية قدامنا
C:\Users\dell\Desktop\laststation\Audio\audio_001787.wav,صحاب adsl نطلبوا منكم التفاتة ولو صغيرة من فضلكم
C:\Users\dell\Desktop\laststation\Audio\audio_001788.wav,صحيح و لكن مشكلنا الفضول و حب الاطلاع و هنا يتم الاصتياد بنجاح
C:\Users\dell\Desktop\laststation\Audio\audio_001789.wav,كل تعليقات اجابية شكرا علي خدمتكم الرائعة حقا نتوما الافضل في عالم
C:\Users\dell\Desktop\laststation\Audio\audio_001790.wav,رجعولنا connexion تاع 4g راهي مكاش كامل رانا في ربعة ايام
C:\Users\dell\Desktop\laststation\Audio\audio_001791.wav,عندي fibre modem wifi cinq كيفاه نقدر نستفاد من wifi six
C:\Users\dell\Desktop\laststation\Audio\audio_001792.wav,رجعولنا connexion راهي من الوحدة تاع العشية مقطوعة واش هذ الجياحة
C:\Users\dell\Desktop\laststation\Audio\audio_001793.wav,بالتوفيق ان شاء الله و اللهم سدد الخطى و ثبت الاقدام
C:\Users\dell\Desktop\laststation\Audio\audio_001794.wav,خدمة الجيل الرابع معدومة في حي ذراع زمام بقورصو بومرداس
C:\Users\dell\Desktop\laststation\Audio\audio_001795.wav,الف مبروك لابني عبد الوهاب شكرا لعايلتي المهنية فخورة بانتمايي لاتصالات الجزاير
C:\Users\dell\Desktop\laststation\Audio\audio_001796.wav,شوفونا مشكل fibre راه مقطوع كامل سكنات عدل اولاد صابر
C:\Users\dell\Desktop\laststation\Audio\audio_001797.wav,حتي يوصل fibre و ساهل تشوف اعلانات تقول الجزاير كامل راهي بي fibre
C:\Users\dell\Desktop\laststation\Audio\audio_001798.wav,وين راهم les modem عندنا قرن و حنا نستنا في هذا modem تاع fibre و مكاش
C:\Users\dell\Desktop\laststation\Audio\audio_001799.wav,عندنا ثلاثة ايام و internet فيها مشكل كبير حاجة ماتمشي
C:\Users\dell\Desktop\laststation\Audio\audio_001800.wav,كيفاه هذا fibre ناس عندهم و ناس لا نفس الدايرة
C:\Users\dell\Desktop\laststation\Audio\audio_001801.wav,نحن سكان حي ستمية مسكن عدل مسرغين بدون internet منذ ثمانية شهر
C:\Users\dell\Desktop\laststation\Audio\audio_001802.wav,عن تفعيل فضاء الزبون بعد التسجيل و هذا لاكثر من اسبوع
C:\Users\dell\Desktop\laststation\Audio\audio_001803.wav,لازم الدفع الالكتروني باش تستفيد من الايام من ثلاثة الى ثمانية و اربعون
C:\Users\dell\Desktop\laststation\Audio\audio_001804.wav,مشكل كبير تاع internet هذو ثلاثة ايام و نتوما باين مكانش
C:\Users\dell\Desktop\laststation\Audio\audio_001805.wav,انتظرو ستة شهر لمعرفة ان عنوان خاطئ في modem واو انجاز مذهل
C:\Users\dell\Desktop\laststation\Audio\audio_001806.wav,دخلونا fibre للدار بالسبت و لدروك مازال مكاش connexion
C:\Users\dell\Desktop\laststation\Audio\audio_001807.wav,fibre بسكرة في حالة Algerie Telecom اتصالات الجزاير
C:\Users\dell\Desktop\laststation\Audio\audio_001808.wav,وين راهي la fibre باش نديروها وفروها من بعد ساهل
C:\Users\dell\Desktop\laststation\Audio\audio_001809.wav,ديرولنا la fibre يرحم والديكم غير حنا في بجاية مكاش
C:\Users\dell\Desktop\laststation\Audio\audio_001810.wav,بومرداس من افشل الولايات من ناحية التحول من adsl الى fibre
C:\Users\dell\Desktop\laststation\Audio\audio_001811.wav,حي عدل الف و مية و تسعين مسكن اولاد فايت انقطاع internet fibre يوم كامل
C:\Users\dell\Desktop\laststation\Audio\audio_001812.wav,وقتاه يوصلنا fibre دايرة سبدو ولاية تلمسان و خلونا من لغة الخشب
C:\Users\dell\Desktop\laststation\Audio\audio_001813.wav,زيدولنا في سرعة idoom 4g علاه منقصينها بلعاني علاه عليكم
C:\Users\dell\Desktop\laststation\Audio\audio_001814.wav,راه عندي modem راني نستنا وقتاش تجو تركبوه درارية الجزاير العاصمة
C:\Users\dell\Desktop\laststation\Audio\audio_001815.wav,شركة فاشلة تقطع internet منذ سبعة سنوات بسبب bac فاشلين
C:\Users\dell\Desktop\laststation\Audio\audio_001816.wav,نتمنى الكثير من النجاح للشركة الكبيرة اتصالات الجزاير دائما اقرب
C:\Users\dell\Desktop\laststation\Audio\audio_001817.wav,كفاش نشتركو و نتوما ولاية باتنة حي بارك فراج ملحقھاس fibre
C:\Users\dell\Desktop\laststation\Audio\audio_001818.wav,اول التحديات عدم قطع internet فترة الامتحانات و تعويض المستهلكين امر واجب
C:\Users\dell\Desktop\laststation\Audio\audio_001819.wav,هذي لوكان تخلوها بنفس سعر الاشتراك الاصلي مش تنقصو عشرة ايام منو
C:\Users\dell\Desktop\laststation\Audio\audio_001820.wav,يعطيكم الصحة على المجهودات صراحة خدمة فالقمة meme المشاكل تتحل بسرعة ربي يقدركم
C:\Users\dell\Desktop\laststation\Audio\audio_001821.wav,من الاحسن يكون ايضا يدعم 5g صايي مابقاش على 4g
C:\Users\dell\Desktop\laststation\Audio\audio_001822.wav,ولي معندوش باش يدير اهلية خط كيفاه الحل حاب ندير اشتراك جديد في الالياف
C:\Users\dell\Desktop\laststation\Audio\audio_001823.wav,المهم مزغيطان حي نجمة بجيجل تديرولو fibre ولا لا
C:\Users\dell\Desktop\laststation\Audio\audio_001824.wav,عطولنا modem و مبانش خبرهم في شهر يجو للجيران و يروحو حنا مازال
C:\Users\dell\Desktop\laststation\Audio\audio_001825.wav,سوال فقط هل يتم ربط داخل المنازل ام شراء modem اولا
C:\Users\dell\Desktop\laststation\Audio\audio_001826.wav,نحن بدون internet في السكنات الجديدة منذ حوالي ثمانية شهر
C:\Users\dell\Desktop\laststation\Audio\audio_001827.wav,جيبونا les modem رانا نضلو نهدرو عندنا كثر من عام
C:\Users\dell\Desktop\laststation\Audio\audio_001828.wav,خلصنا و جبنا modem بالسبت بصح حد الان مجاوش يركبوه
C:\Users\dell\Desktop\laststation\Audio\audio_001829.wav,نحن ننتظر منكم عروض adsl لعدم توفر تغطية 4g بمنطقتنا
C:\Users\dell\Desktop\laststation\Audio\audio_001830.wav,اين اجد رقم الزبون و مالفرق بين رقم الزبون و رقم الاشتراك
C:\Users\dell\Desktop\laststation\Audio\audio_001831.wav,عندي اكثر من اسبوع مين ركبت modem و internet مازال مكاش خدمات صفر
C:\Users\dell\Desktop\laststation\Audio\audio_001832.wav,كيفاه اسبوع واحد متبقي و الناس مازال ماوصلهاش fibre اصلا
C:\Users\dell\Desktop\laststation\Audio\audio_001833.wav,مشكل عدم استقرار ضوء adsl و يبقى يوم و يطفى لساعات
C:\Users\dell\Desktop\laststation\Audio\audio_001834.wav,اذا امكن زيدولنا زر توقيف الهاتف و الغاء الاشتراك و شكرا
C:\Users\dell\Desktop\laststation\Audio\audio_001835.wav,ماسبب تردي الخدمة هذه الايام الهاتف الارضي مقطوع و internet متوقفة
C:\Users\dell\Desktop\laststation\Audio\audio_001836.wav,بتوفيق و المزيد من نجاحات و العمل ربي يعاونكم انشاءالله
C:\Users\dell\Desktop\laststation\Audio\audio_001837.wav,هل من اخبار حول modem nokia ثمانية شهر في الانتظار تعبنا
C:\Users\dell\Desktop\laststation\Audio\audio_001838.wav,لقد شاركتكم كل المعلومات لكن لا جديد يذكر للاسف
C:\Users\dell\Desktop\laststation\Audio\audio_001839.wav,internet منقطعة منذ اربعة ايام تواصل معكم في الخاص بدون رد
C:\Users\dell\Desktop\laststation\Audio\audio_001840.wav,كي تشري modem جديد شحال يقعد باش يولي يمشي
C:\Users\dell\Desktop\laststation\Audio\audio_001841.wav,يودي عندي شهر ملي ركبولي modem و راني مخلص و مازال مطلقوليش internet
C:\Users\dell\Desktop\laststation\Audio\audio_001842.wav,كارثة بالمعني الحقيقي تاخير في توصيل خط internet بستة شهر
C:\Users\dell\Desktop\laststation\Audio\audio_001843.wav,اكبر مجمع سكني في حي ڨالمة حي الاخوات سعدان مافيهش la fibre
C:\Users\dell\Desktop\laststation\Audio\audio_001844.wav,المشكلة انهم يلمو في الدراهم و الملفات برك و يخلوك تعاني و تجري
C:\Users\dell\Desktop\laststation\Audio\audio_001845.wav,خدمة التوقيف الموقت internet من المستحسن تزيدوها فالتطبيق او فضاء الزبون
C:\Users\dell\Desktop\laststation\Audio\audio_001846.wav,نريد رقم الزبون لكي نسجل في التطبيق و نسدد الفواتير online
C:\Users\dell\Desktop\laststation\Audio\audio_001847.wav,عطل في ثابت في ولاية ڨالمة لمدة شهرين لم يستطيع حلوا للاسف
C:\Users\dell\Desktop\laststation\Audio\audio_001848.wav,بصح علاش متخرجليش الايقونة هذي لا في التطبيق لا في فضاء الزبون
C:\Users\dell\Desktop\laststation\Audio\audio_001849.wav,يعطيكم الصحة Algerie Telecom اتصالات الجزاير
C:\Users\dell\Desktop\laststation\Audio\audio_001850.wav,مدولي modem تاع fibre عندو ثلاثة شهر الجيران ركبولهم وانا مركبوليش و المقاول راح
C:\Users\dell\Desktop\laststation\Audio\audio_001851.wav,idoom market لقد تم استلام الطلبية شكرا جزيلا لكم
C:\Users\dell\Desktop\laststation\Audio\audio_001852.wav,السلام عليكم اتمنى منكم التكفل بالانشغالي عبر رسائل الخاصة بالصفحة و شكرا لكم
C:\Users\dell\Desktop\laststation\Audio\audio_001853.wav,دفعت dossier تاع fibre و مدولي modem شهر للان مجاوش ركبولنا
C:\Users\dell\Desktop\laststation\Audio\audio_001854.wav,بعد تسديد الفواتير بالدفع الالكتروني لم يتم فتح الخط
C:\Users\dell\Desktop\laststation\Audio\audio_001855.wav,من فضلكم الغاء فرض تسديد اشتراك الهاتف الثابت مع internet
C:\Users\dell\Desktop\laststation\Audio\audio_001856.wav,ديما نسلك بدفع الكتروني و ماستفدنا من شىء
C:\Users\dell\Desktop\laststation\Audio\audio_001857.wav,انا راني نعاني من انقطاع internet كرهت حياتي معها
C:\Users\dell\Desktop\laststation\Audio\audio_001858.wav,internet واشبيها راحت راهي في ربعة ساعات واش هذا تمسخير
C:\Users\dell\Desktop\laststation\Audio\audio_001859.wav,الو سلام راني نحكي مع support internet راهي مقطوعة من البارح و مارجعتش
C:\Users\dell\Desktop\laststation\Audio\audio_001860.wav,خويا connexion عندي ضعيفة بزاف debit هابط و مانقدرش نخدم
C:\Users\dell\Desktop\laststation\Audio\audio_001861.wav,سلام حبيت نسقسي على facture تاعي جاية غالية بزاف هذ الشهر
C:\Users\dell\Desktop\laststation\Audio\audio_001862.wav,من فضلكم عندي modem fibre مايخدمش الضوء الاحمر شاعل
C:\Users\dell\Desktop\laststation\Audio\audio_001863.wav,internet تتقطع و ترجع كل شوية خاصة في الليل واش كاين مشكل reseau
C:\Users\dell\Desktop\laststation\Audio\audio_001864.wav,الو عندي probleme de connexion مانقدرش ندخل حتى Google
C:\Users\dell\Desktop\laststation\Audio\audio_001865.wav,خويا السرعة تاعي vingt mega normalement بصح راهي تجي غير deux mega
C:\Users\dell\Desktop\laststation\Audio\audio_001866.wav,راني نحاول ندخل espace client و مايقبلش mot de passe
C:\Users\dell\Desktop\laststation\Audio\audio_001867.wav,سلام حبيت نبدل offre تاعي من adsl الى fibre كيفاش ندير
C:\Users\dell\Desktop\laststation\Audio\audio_001868.wav,internet عندي راهي lente بزاف خاصة كي يكون streaming
C:\Users\dell\Desktop\laststation\Audio\audio_001869.wav,الو عندي facture فيها erreur حاسبينلي حاجة ماستعملتهاش
C:\Users\dell\Desktop\laststation\Audio\audio_001870.wav,connexion راهي instable مرة تخدم و مرة لا
C:\Users\dell\Desktop\laststation\Audio\audio_001871.wav,راني نحاول نعمل recharge و مايقبلش paiement
C:\Users\dell\Desktop\laststation\Audio\audio_001872.wav,خويا عندي modem جديد بصح ماكونيكتاش بي reseau
C:\Users\dell\Desktop\laststation\Audio\audio_001873.wav,سلام internet عندي coupure totale من الصباح
C:\Users\dell\Desktop\laststation\Audio\audio_001874.wav,debit تاعي هابط بزاف telechargement ماشي يمشي
C:\Users\dell\Desktop\laststation\Audio\audio_001875.wav,الو عندي probleme technique في fibre لازم technicien يجي
C:\Users\dell\Desktop\laststation\Audio\audio_001876.wav,internet تتقطع كي نكون في reunion هذا مشكل كبير
C:\Users\dell\Desktop\laststation\Audio\audio_001877.wav,راني ندفع abonnement كل شهر بصح service ماشي مليح
C:\Users\dell\Desktop\laststation\Audio\audio_001878.wav,سلام حبيت نلغي abonnement تاعي ماشي راضي بالخدمة
C:\Users\dell\Desktop\laststation\Audio\audio_001879.wav,عندي connexion ضعيفة بزاف حتى WhatsApp مايخدمش
C:\Users\dell\Desktop\laststation\Audio\audio_001880.wav,الو ligne تاعي مافيهاش tonalite
C:\Users\dell\Desktop\laststation\Audio\audio_001881.wav,internet عندي marche pas اليوم كامل
C:\Users\dell\Desktop\laststation\Audio\audio_001882.wav,خويا signal wifi ضعيف رغم modem قريب
C:\Users\dell\Desktop\laststation\Audio\audio_001883.wav,سلام facture تاعي فيها زيادة مش مفهومة
C:\Users\dell\Desktop\laststation\Audio\audio_001884.wav,عندي مشكلة transaction avec paiement en ligne ماتكملش
C:\Users\dell\Desktop\laststation\Audio\audio_001885.wav,internet عندي lente بزاف كي يكون peak time
C:\Users\dell\Desktop\laststation\Audio\audio_001886.wav,الو حبيت نسقسي على installation fibre في الحي
C:\Users\dell\Desktop\laststation\Audio\audio_001887.wav,connexion تاعي instable بزاف خاصة في gaming
C:\Users\dell\Desktop\laststation\Audio\audio_001888.wav,راني نحاول ندخل compte و مايقبلش login
C:\Users\dell\Desktop\laststation\Audio\audio_001889.wav,سلام عندي probleme reseau في quartier كامل
C:\Users\dell\Desktop\laststation\Audio\audio_001890.wav,internet عندي coupe كل عشرة دقايق
C:\Users\dell\Desktop\laststation\Audio\audio_001891.wav,debit تاعي ماشي ثابت يطلع و يهبط
C:\Users\dell\Desktop\laststation\Audio\audio_001892.wav,الو حبيت نعرف quota تاعي شحال بقى
C:\Users\dell\Desktop\laststation\Audio\audio_001893.wav,modem تاعي restart وحدو كل شوية
C:\Users\dell\Desktop\laststation\Audio\audio_001894.wav,internet عندي marche pas كي يكون plusieurs appareil
C:\Users\dell\Desktop\laststation\Audio\audio_001895.wav,عندي ligne telephonique مقطوعة
C:\Users\dell\Desktop\laststation\Audio\audio_001896.wav,سلام facture تاعي فيها frais اضافية
C:\Users\dell\Desktop\laststation\Audio\audio_001897.wav,connexion wifi ضعيفة في الدار كامل
C:\Users\dell\Desktop\laststation\Audio\audio_001898.wav,الو عندي probleme dns مايفتح حتى site
C:\Users\dell\Desktop\laststation\Audio\audio_001899.wav,internet عندي lente بزاف في upload
C:\Users\dell\Desktop\laststation\Audio\audio_001900.wav,خويا عندي fibre بصح performance ضعيفة
C:\Users\dell\Desktop\laststation\Audio\audio_001901.wav,راني نحاول نخدم remote بصح connexion ماتعاونش
C:\Users\dell\Desktop\laststation\Audio\audio_001902.wav,سلام حبيت نغير offre internet تاعي
C:\Users\dell\Desktop\laststation\Audio\audio_001903.wav,debit تاعي ناقص بزاف مقارنة بالي خلصتو
C:\Users\dell\Desktop\laststation\Audio\audio_001904.wav,internet عندي marche pas بعد mise a jour
C:\Users\dell\Desktop\laststation\Audio\audio_001905.wav,modem مايعطيش signal internet
C:\Users\dell\Desktop\laststation\Audio\audio_001906.wav,الو عندي probleme technique urgent
C:\Users\dell\Desktop\laststation\Audio\audio_001907.wav,connexion تاعي ضعيفة بزاف و مانقدرش نخدم
